HiveID,InsptDate,Brood,Bees,Queen,Food,Stressors,Space,Healthy,ApiaryID,City,State,Avg_prcp,Avg_wind,Avg_tmax,Avg_tmin,Avg_tavg,Avg_snow,Num_frost_days
1,2016-06-15,1.0,1.0,1.0,1.0,0.0,1.0,No,1,Durham,NC,0.0,4.825714285714285,86.85714285714286,61.285714285714285,75.14285714285714,0.0,0.0
1,2016-07-22,1.0,1.0,1.0,1.0,0.0,1.0,No,1,Durham,NC,0.5085714285714286,5.401428571428572,91.0,70.71428571428571,80.28571428571429,0.0,0.0
1,2016-08-01,1.0,1.0,1.0,1.0,1.0,1.0,Yes,1,Durham,NC,0.04142857142857143,6.07,95.28571428571429,74.71428571428571,84.14285714285714,0.0,0.0
1,2016-08-08,1.0,1.0,1.0,1.0,1.0,1.0,Yes,1,Durham,NC,0.27285714285714285,5.911428571428572,89.14285714285714,72.71428571428571,79.28571428571429,0.0,0.0
1,2016-08-15,1.0,1.0,1.0,1.0,0.0,1.0,No,1,Durham,NC,0.07714285714285715,6.2628571428571425,92.57142857142857,75.0,82.57142857142857,0.0,0.0
1,2016-08-22,1.0,1.0,1.0,1.0,1.0,1.0,Yes,1,Durham,NC,0.054285714285714284,5.241428571428571,93.85714285714286,74.57142857142857,83.0,0.0,0.0
1,2016-08-29,1.0,1.0,1.0,1.0,1.0,1.0,Yes,1,Durham,NC,0.025714285714285714,4.345714285714286,91.71428571428571,68.42857142857143,79.28571428571429,0.0,0.0
1,2016-09-08,1.0,1.0,1.0,0.0,0.0,1.0,No,1,Durham,NC,0.2257142857142857,5.5928571428571425,86.0,63.714285714285715,74.0,0.0,0.0
1,2016-09-16,1.0,1.0,1.0,1.0,1.0,1.0,Yes,1,Durham,NC,0.0,6.167142857142857,91.0,68.85714285714286,79.42857142857143,0.0,0.0
1,2016-09-27,1.0,1.0,1.0,1.0,0.0,1.0,No,1,Durham,NC,0.10857142857142857,6.1657142857142855,80.0,68.14285714285714,73.14285714285714,0.0,0.0
1,2016-10-04,1.0,1.0,1.0,0.0,0.0,1.0,No,1,Durham,NC,0.13,4.632857142857143,81.42857142857143,65.57142857142857,72.14285714285714,0.0,0.0
1,2016-10-11,1.0,1.0,1.0,0.0,0.0,1.0,No,1,Durham,NC,0.9942857142857143,9.620000000000001,72.14285714285714,58.0,65.28571428571429,0.0,0.0
1,2016-10-24,1.0,1.0,1.0,1.0,0.0,1.0,No,1,Durham,NC,0.0,5.945714285714286,78.85714285714286,54.0,66.14285714285714,0.0,0.0
1,2017-03-07,0.0,0.0,0.0,0.0,0.0,0.0,No,1,Durham,NC,0.13857142857142857,7.795714285714285,63.42857142857143,38.285714285714285,51.57142857142857,0.0,3.0
2,2016-07-28,1.0,1.0,1.0,0.0,0.0,1.0,No,1,Durham,NC,0.018571428571428572,5.782857142857142,94.42857142857143,73.85714285714286,83.28571428571429,0.0,0.0
2,2016-08-01,1.0,0.0,1.0,0.0,0.0,0.0,No,1,Durham,NC,0.04142857142857143,6.07,95.28571428571429,74.71428571428571,84.14285714285714,0.0,0.0
2,2016-08-08,1.0,1.0,1.0,0.0,0.0,0.0,No,1,Durham,NC,0.27285714285714285,5.911428571428572,89.14285714285714,72.71428571428571,79.28571428571429,0.0,0.0
3,2017-02-08,1.0,1.0,1.0,1.0,0.0,0.0,No,1,Durham,NC,0.009999999999999998,5.369999999999999,61.285714285714285,35.142857142857146,47.285714285714285,0.0,3.0
4,2016-03-18,1.0,1.0,1.0,1.0,0.0,1.0,No,1,Durham,NC,0.3942857142857143,5.465714285714285,79.42857142857143,56.857142857142854,67.71428571428571,0.0,0.0
4,2016-03-24,1.0,1.0,1.0,1.0,1.0,1.0,Yes,1,Durham,NC,0.017142857142857144,6.998571428571429,64.57142857142857,42.0,54.0,0.0,0.0
4,2016-06-15,0.0,1.0,0.0,1.0,0.0,1.0,No,1,Durham,NC,0.0,4.825714285714285,86.85714285714286,61.285714285714285,75.14285714285714,0.0,0.0
4,2016-07-28,1.0,1.0,1.0,1.0,0.0,1.0,No,1,Durham,NC,0.018571428571428572,5.782857142857142,94.42857142857143,73.85714285714286,83.28571428571429,0.0,0.0
4,2016-08-02,1.0,1.0,1.0,1.0,0.0,1.0,No,1,Durham,NC,0.047142857142857146,5.655714285714287,94.57142857142857,74.14285714285714,83.14285714285714,0.0,0.0
4,2016-08-05,0.0,0.0,1.0,1.0,0.0,1.0,No,1,Durham,NC,0.21428571428571427,6.007142857142858,91.42857142857143,72.71428571428571,80.71428571428571,0.0,0.0
4,2016-08-09,0.0,0.0,1.0,1.0,0.0,1.0,No,1,Durham,NC,0.3442857142857143,6.038571428571429,88.85714285714286,72.71428571428571,79.28571428571429,0.0,0.0
4,2016-08-16,1.0,0.0,1.0,1.0,0.0,1.0,No,1,Durham,NC,0.0,6.167142857142857,93.57142857142857,75.28571428571429,83.42857142857143,0.0,0.0
4,2016-08-23,1.0,1.0,1.0,1.0,0.0,0.0,No,1,Durham,NC,0.054285714285714284,4.7942857142857145,92.57142857142857,73.42857142857143,82.0,0.0,0.0
4,2016-08-29,0.0,0.0,0.0,0.0,0.0,1.0,No,1,Durham,NC,0.025714285714285714,4.345714285714286,91.71428571428571,68.42857142857143,79.28571428571429,0.0,0.0
4,2016-09-06,0.0,0.0,0.0,0.0,0.0,1.0,No,1,Durham,NC,0.2257142857142857,5.561428571428571,86.28571428571429,65.14285714285714,74.85714285714286,0.0,0.0
4,2016-09-14,1.0,0.0,0.0,1.0,0.0,0.0,No,1,Durham,NC,0.0,6.102857142857142,92.28571428571429,69.28571428571429,80.14285714285714,0.0,0.0
4,2016-09-27,0.0,0.0,0.0,1.0,0.0,0.0,No,1,Durham,NC,0.10857142857142857,6.1657142857142855,80.0,68.14285714285714,73.14285714285714,0.0,0.0
4,2016-10-04,0.0,1.0,0.0,0.0,0.0,1.0,No,1,Durham,NC,0.13,4.632857142857143,81.42857142857143,65.57142857142857,72.14285714285714,0.0,0.0
4,2016-10-11,1.0,1.0,1.0,0.0,0.0,0.0,No,1,Durham,NC,0.9942857142857143,9.620000000000001,72.14285714285714,58.0,65.28571428571429,0.0,0.0
4,2016-10-24,1.0,1.0,1.0,1.0,0.0,1.0,No,1,Durham,NC,0.0,5.945714285714286,78.85714285714286,54.0,66.14285714285714,0.0,0.0
4,2017-03-07,1.0,1.0,0.0,1.0,1.0,0.0,No,1,Durham,NC,0.13857142857142857,7.795714285714285,63.42857142857143,38.285714285714285,51.57142857142857,0.0,3.0
4,2017-03-24,1.0,1.0,1.0,1.0,1.0,0.0,No,1,Durham,NC,0.10428571428571429,6.424285714285715,63.857142857142854,36.142857142857146,50.57142857142857,0.0,3.0
4,2017-03-29,1.0,1.0,1.0,1.0,0.0,1.0,No,1,Durham,NC,0.017142857142857144,8.532857142857143,71.85714285714286,47.142857142857146,59.857142857142854,0.0,1.0
4,2017-04-04,1.0,1.0,1.0,1.0,1.0,0.0,No,1,Durham,NC,0.12571428571428572,7.638571428571429,74.14285714285714,53.714285714285715,63.285714285714285,0.0,0.0
4,2017-04-10,1.0,1.0,1.0,1.0,1.0,1.0,Yes,1,Durham,NC,0.1157142857142857,9.074285714285715,72.71428571428571,47.285714285714285,60.0,0.0,0.0
4,2017-04-21,1.0,1.0,1.0,1.0,1.0,1.0,Yes,1,Durham,NC,0.011428571428571429,7.957142857142856,80.28571428571429,58.285714285714285,68.28571428571429,0.0,0.0
4,2017-04-28,1.0,1.0,1.0,1.0,1.0,1.0,Yes,1,Durham,NC,1.1071428571428572,8.754285714285713,75.0,57.285714285714285,65.14285714285714,0.0,0.0
4,2017-05-02,1.0,0.5,1.0,1.0,0.0,1.0,No,1,Durham,NC,0.35428571428571426,9.745714285714286,83.0,65.0,72.85714285714286,0.0,0.0
4,2017-05-08,0.0,0.0,1.0,0.0,0.0,0.0,No,1,Durham,NC,0.29714285714285715,10.801428571428573,76.42857142857143,56.0,66.71428571428571,0.0,0.0
4,2017-05-10,0.0,0.0,1.0,1.0,0.0,0.0,No,1,Durham,NC,0.2571428571428572,7.861428571428571,72.57142857142857,50.0,62.0,0.0,0.0
4,2017-05-16,1.0,1.0,1.0,1.0,0.0,0.0,No,1,Durham,NC,0.17714285714285713,4.921428571428572,74.85714285714286,53.714285714285715,63.714285714285715,0.0,0.0
4,2017-05-25,1.0,1.0,1.0,1.0,0.0,0.0,No,1,Durham,NC,0.18285714285714286,7.477142857142857,80.85714285714286,65.85714285714286,72.71428571428571,0.0,0.0
4,2017-06-06,1.0,0.0,1.0,1.0,0.0,1.0,No,1,Durham,NC,0.28285714285714286,4.188571428571429,85.85714285714286,63.42857142857143,74.42857142857143,0.0,0.0
4,2017-06-12,1.0,0.0,1.0,1.0,0.0,1.0,No,1,Durham,NC,0.22,6.2628571428571425,82.85714285714286,60.857142857142854,71.42857142857143,0.0,0.0
4,2017-06-23,1.0,1.0,1.0,1.0,0.0,1.0,No,1,Durham,NC,0.527142857142857,7.094285714285713,87.0,70.0,76.85714285714286,0.0,0.0
4,2017-06-26,1.0,1.0,1.0,1.0,0.0,1.0,No,1,Durham,NC,0.21571428571428572,8.02142857142857,87.0,69.28571428571429,77.57142857142857,0.0,0.0
4,2017-07-03,1.0,1.0,1.0,1.0,1.0,1.0,Yes,1,Durham,NC,0.0071428571428571435,5.655714285714287,86.71428571428571,64.14285714285714,75.28571428571429,0.0,0.0
4,2017-07-11,1.0,1.0,1.0,1.0,1.0,1.0,Yes,1,Durham,NC,0.1942857142857143,5.05,91.14285714285714,70.28571428571429,79.71428571428571,0.0,0.0
4,2017-07-25,1.0,1.0,1.0,1.0,1.0,1.0,Yes,1,Durham,NC,0.08,6.2942857142857145,96.57142857142857,71.57142857142857,82.71428571428571,0.0,0.0
4,2017-08-07,1.0,1.0,1.0,1.0,0.0,1.0,No,1,Durham,NC,0.0,5.114285714285714,90.57142857142857,64.71428571428571,78.0,0.0,0.0
4,2017-08-18,1.0,1.0,1.0,1.0,1.0,0.0,No,1,Durham,NC,0.41857142857142854,4.505714285714285,89.57142857142857,73.85714285714286,80.28571428571429,0.0,0.0
4,2017-08-24,1.0,1.0,1.0,1.0,1.0,1.0,Yes,1,Durham,NC,0.07285714285714286,5.049999999999999,94.71428571428571,73.28571428571429,83.14285714285714,0.0,0.0
4,2017-08-30,1.0,1.0,1.0,1.0,0.0,1.0,No,1,Durham,NC,0.06571428571428571,7.732857142857142,82.42857142857143,67.14285714285714,74.28571428571429,0.0,0.0
4,2017-09-05,1.0,1.0,1.0,1.0,0.0,1.0,No,1,Durham,NC,0.1842857142857143,5.624285714285714,81.85714285714286,62.57142857142857,70.57142857142857,0.0,0.0
4,2017-09-13,1.0,1.0,1.0,1.0,1.0,1.0,Yes,1,Durham,NC,0.16571428571428573,7.19,75.42857142857143,55.714285714285715,64.71428571428571,0.0,0.0
4,2017-09-19,1.0,1.0,1.0,1.0,0.0,1.0,No,1,Durham,NC,0.09,5.911428571428572,83.42857142857143,63.0,72.14285714285714,0.0,0.0
4,2017-09-25,1.0,1.0,1.0,1.0,1.0,1.0,Yes,1,Durham,NC,0.0,4.09,87.14285714285714,63.0,73.71428571428571,0.0,0.0
4,2017-10-03,1.0,1.0,1.0,1.0,1.0,1.0,Yes,1,Durham,NC,0.0,6.04,80.85714285714286,58.42857142857143,69.28571428571429,0.0,0.0
4,2017-10-10,1.0,1.0,1.0,1.0,0.0,0.0,No,1,Durham,NC,0.037142857142857144,5.848571428571428,84.57142857142857,59.42857142857143,70.28571428571429,0.0,0.0
4,2017-10-12,1.0,1.0,1.0,1.0,0.0,1.0,No,1,Durham,NC,0.19714285714285715,6.742857142857143,87.42857142857143,66.28571428571429,74.85714285714286,0.0,0.0
4,2017-10-17,1.0,1.0,1.0,1.0,0.0,1.0,No,1,Durham,NC,0.19571428571428573,7.03,79.57142857142857,64.42857142857143,71.0,0.0,0.0
4,2017-10-24,0.0,1.0,1.0,1.0,0.0,1.0,No,1,Durham,NC,0.16,3.8328571428571427,74.14285714285714,46.285714285714285,58.857142857142854,0.0,0.0
4,2017-11-03,0.0,1.0,1.0,1.0,1.0,1.0,No,1,Durham,NC,0.22,4.761428571428572,70.57142857142857,43.142857142857146,56.285714285714285,0.0,0.0
5,2016-08-01,1.0,1.0,1.0,1.0,0.0,1.0,No,1,Durham,NC,0.04142857142857143,6.07,95.28571428571429,74.71428571428571,84.14285714285714,0.0,0.0
5,2016-08-08,1.0,1.0,1.0,0.0,0.0,1.0,No,1,Durham,NC,0.27285714285714285,5.911428571428572,89.14285714285714,72.71428571428571,79.28571428571429,0.0,0.0
5,2016-08-15,1.0,1.0,0.0,1.0,0.0,1.0,No,1,Durham,NC,0.07714285714285715,6.2628571428571425,92.57142857142857,75.0,82.57142857142857,0.0,0.0
5,2016-08-22,1.0,1.0,0.0,0.0,0.0,1.0,No,1,Durham,NC,0.054285714285714284,5.241428571428571,93.85714285714286,74.57142857142857,83.0,0.0,0.0
5,2016-08-29,1.0,1.0,0.0,1.0,1.0,1.0,No,1,Durham,NC,0.025714285714285714,4.345714285714286,91.71428571428571,68.42857142857143,79.28571428571429,0.0,0.0
5,2016-09-08,1.0,1.0,0.0,0.0,1.0,1.0,No,1,Durham,NC,0.2257142857142857,5.5928571428571425,86.0,63.714285714285715,74.0,0.0,0.0
5,2016-09-16,1.0,1.0,0.0,1.0,1.0,1.0,No,1,Durham,NC,0.0,6.167142857142857,91.0,68.85714285714286,79.42857142857143,0.0,0.0
5,2016-09-27,1.0,1.0,0.0,1.0,0.0,1.0,No,1,Durham,NC,0.10857142857142857,6.1657142857142855,80.0,68.14285714285714,73.14285714285714,0.0,0.0
5,2016-10-04,1.0,1.0,0.0,1.0,0.0,1.0,No,1,Durham,NC,0.13,4.632857142857143,81.42857142857143,65.57142857142857,72.14285714285714,0.0,0.0
5,2016-10-11,1.0,1.0,1.0,1.0,0.0,1.0,No,1,Durham,NC,0.9942857142857143,9.620000000000001,72.14285714285714,58.0,65.28571428571429,0.0,0.0
5,2016-10-24,1.0,1.0,1.0,1.0,0.0,1.0,No,1,Durham,NC,0.0,5.945714285714286,78.85714285714286,54.0,66.14285714285714,0.0,0.0
5,2017-03-07,0.0,1.0,0.0,1.0,0.0,1.0,No,1,Durham,NC,0.13857142857142857,7.795714285714285,63.42857142857143,38.285714285714285,51.57142857142857,0.0,3.0
5,2017-03-24,0.0,1.0,0.5,1.0,0.0,0.0,No,1,Durham,NC,0.10428571428571429,6.424285714285715,63.857142857142854,36.142857142857146,50.57142857142857,0.0,3.0
5,2017-03-29,0.0,0.0,1.0,1.0,0.0,0.0,No,1,Durham,NC,0.017142857142857144,8.532857142857143,71.85714285714286,47.142857142857146,59.857142857142854,0.0,1.0
5,2017-04-04,0.0,0.0,1.0,1.0,0.0,1.0,No,1,Durham,NC,0.12571428571428572,7.638571428571429,74.14285714285714,53.714285714285715,63.285714285714285,0.0,0.0
5,2017-04-10,1.0,1.0,1.0,1.0,0.0,0.0,No,1,Durham,NC,0.1157142857142857,9.074285714285715,72.71428571428571,47.285714285714285,60.0,0.0,0.0
5,2017-04-21,1.0,1.0,1.0,1.0,0.0,0.0,No,1,Durham,NC,0.011428571428571429,7.957142857142856,80.28571428571429,58.285714285714285,68.28571428571429,0.0,0.0
5,2017-04-28,0.0,1.0,0.0,1.0,0.0,1.0,No,1,Durham,NC,1.1071428571428572,8.754285714285713,75.0,57.285714285714285,65.14285714285714,0.0,0.0
5,2017-05-02,1.0,1.0,1.0,1.0,0.0,0.0,No,1,Durham,NC,0.35428571428571426,9.745714285714286,83.0,65.0,72.85714285714286,0.0,0.0
5,2017-05-08,1.0,0.0,1.0,1.0,0.0,1.0,No,1,Durham,NC,0.29714285714285715,10.801428571428573,76.42857142857143,56.0,66.71428571428571,0.0,0.0
5,2017-05-16,0.0,0.0,0.5,1.0,0.0,0.0,No,1,Durham,NC,0.17714285714285713,4.921428571428572,74.85714285714286,53.714285714285715,63.714285714285715,0.0,0.0
6,2017-05-25,0.0,0.0,0.0,0.0,0.0,0.0,No,1,Durham,NC,0.18285714285714286,7.477142857142857,80.85714285714286,65.85714285714286,72.71428571428571,0.0,0.0
7,2016-03-08,1.0,1.0,1.0,1.0,0.0,1.0,No,1,Durham,NC,0.03571428571428571,6.3914285714285715,60.0,34.57142857142857,47.285714285714285,0.0,1.0
7,2016-03-18,0.0,1.0,1.0,1.0,1.0,1.0,No,1,Durham,NC,0.3942857142857143,5.465714285714285,79.42857142857143,56.857142857142854,67.71428571428571,0.0,0.0
7,2016-03-24,0.0,1.0,1.0,1.0,0.0,1.0,No,1,Durham,NC,0.017142857142857144,6.998571428571429,64.57142857142857,42.0,54.0,0.0,0.0
7,2016-04-25,0.0,1.0,0.0,1.0,0.0,0.0,No,1,Durham,NC,0.1457142857142857,5.911428571428572,78.71428571428571,54.0,65.71428571428571,0.0,0.0
7,2016-04-27,0.0,1.0,0.0,1.0,1.0,1.0,No,1,Durham,NC,0.1457142857142857,8.15,77.71428571428571,56.42857142857143,66.42857142857143,0.0,0.0
7,2016-06-15,1.0,1.0,1.0,1.0,0.0,1.0,No,1,Durham,NC,0.0,4.825714285714285,86.85714285714286,61.285714285714285,75.14285714285714,0.0,0.0
7,2016-07-22,1.0,1.0,1.0,1.0,0.0,1.0,No,1,Durham,NC,0.5085714285714286,5.401428571428572,91.0,70.71428571428571,80.28571428571429,0.0,0.0
7,2016-07-28,1.0,1.0,0.0,0.0,0.0,1.0,No,1,Durham,NC,0.018571428571428572,5.782857142857142,94.42857142857143,73.85714285714286,83.28571428571429,0.0,0.0
7,2016-08-01,1.0,1.0,1.0,1.0,0.0,1.0,No,1,Durham,NC,0.04142857142857143,6.07,95.28571428571429,74.71428571428571,84.14285714285714,0.0,0.0
7,2016-08-08,1.0,1.0,1.0,1.0,0.0,1.0,No,1,Durham,NC,0.27285714285714285,5.911428571428572,89.14285714285714,72.71428571428571,79.28571428571429,0.0,0.0
7,2016-08-15,1.0,0.0,1.0,1.0,1.0,1.0,No,1,Durham,NC,0.07714285714285715,6.2628571428571425,92.57142857142857,75.0,82.57142857142857,0.0,0.0
7,2016-08-22,1.0,1.0,1.0,0.0,1.0,1.0,No,1,Durham,NC,0.054285714285714284,5.241428571428571,93.85714285714286,74.57142857142857,83.0,0.0,0.0
7,2016-08-29,1.0,1.0,1.0,0.0,1.0,1.0,No,1,Durham,NC,0.025714285714285714,4.345714285714286,91.71428571428571,68.42857142857143,79.28571428571429,0.0,0.0
7,2016-09-08,1.0,1.0,1.0,1.0,1.0,1.0,Yes,1,Durham,NC,0.2257142857142857,5.5928571428571425,86.0,63.714285714285715,74.0,0.0,0.0
7,2016-09-16,1.0,1.0,1.0,1.0,1.0,1.0,Yes,1,Durham,NC,0.0,6.167142857142857,91.0,68.85714285714286,79.42857142857143,0.0,0.0
7,2016-09-27,1.0,1.0,1.0,1.0,0.0,1.0,No,1,Durham,NC,0.10857142857142857,6.1657142857142855,80.0,68.14285714285714,73.14285714285714,0.0,0.0
7,2016-10-04,1.0,1.0,1.0,0.0,0.0,1.0,No,1,Durham,NC,0.13,4.632857142857143,81.42857142857143,65.57142857142857,72.14285714285714,0.0,0.0
7,2016-10-11,1.0,1.0,1.0,1.0,0.0,0.0,No,1,Durham,NC,0.9942857142857143,9.620000000000001,72.14285714285714,58.0,65.28571428571429,0.0,0.0
7,2016-10-24,1.0,1.0,1.0,1.0,0.0,1.0,No,1,Durham,NC,0.0,5.945714285714286,78.85714285714286,54.0,66.14285714285714,0.0,0.0
7,2017-03-07,0.0,0.0,0.0,1.0,0.0,1.0,No,1,Durham,NC,0.13857142857142857,7.795714285714285,63.42857142857143,38.285714285714285,51.57142857142857,0.0,3.0
7,2017-03-24,0.0,0.5,0.0,1.0,0.0,1.0,No,1,Durham,NC,0.10428571428571429,6.424285714285715,63.857142857142854,36.142857142857146,50.57142857142857,0.0,3.0
7,2017-03-29,0.0,0.0,1.0,1.0,0.0,1.0,No,1,Durham,NC,0.017142857142857144,8.532857142857143,71.85714285714286,47.142857142857146,59.857142857142854,0.0,1.0
7,2017-04-04,1.0,1.0,1.0,1.0,1.0,1.0,Yes,1,Durham,NC,0.12571428571428572,7.638571428571429,74.14285714285714,53.714285714285715,63.285714285714285,0.0,0.0
7,2017-04-10,1.0,1.0,1.0,1.0,1.0,0.0,No,1,Durham,NC,0.1157142857142857,9.074285714285715,72.71428571428571,47.285714285714285,60.0,0.0,0.0
7,2017-04-11,0.0,0.0,1.0,1.0,0.0,0.0,No,1,Durham,NC,0.05857142857142857,9.138571428571428,73.0,47.142857142857146,60.42857142857143,0.0,0.0
7,2017-04-21,1.0,1.0,1.0,1.0,0.0,1.0,No,1,Durham,NC,0.011428571428571429,7.957142857142856,80.28571428571429,58.285714285714285,68.28571428571429,0.0,0.0
7,2017-04-28,1.0,1.0,1.0,1.0,0.0,1.0,No,1,Durham,NC,1.1071428571428572,8.754285714285713,75.0,57.285714285714285,65.14285714285714,0.0,0.0
7,2017-05-02,1.0,1.0,1.0,1.0,0.0,0.0,No,1,Durham,NC,0.35428571428571426,9.745714285714286,83.0,65.0,72.85714285714286,0.0,0.0
7,2017-05-08,1.0,0.0,1.0,1.0,0.0,0.0,No,1,Durham,NC,0.29714285714285715,10.801428571428573,76.42857142857143,56.0,66.71428571428571,0.0,0.0
7,2017-05-16,0.0,0.0,1.0,1.0,0.0,0.0,No,1,Durham,NC,0.17714285714285713,4.921428571428572,74.85714285714286,53.714285714285715,63.714285714285715,0.0,0.0
7,2017-06-06,0.0,0.0,0.0,0.0,0.0,0.0,No,1,Durham,NC,0.28285714285714286,4.188571428571429,85.85714285714286,63.42857142857143,74.42857142857143,0.0,0.0
7,2017-06-21,0.0,0.0,0.0,0.0,0.0,0.0,No,1,Durham,NC,0.4985714285714285,6.297142857142857,89.14285714285714,69.85714285714286,78.0,0.0,0.0
8,2017-03-29,0.0,0.0,0.0,1.0,1.0,1.0,No,1,Durham,NC,0.017142857142857144,8.532857142857143,71.85714285714286,47.142857142857146,59.857142857142854,0.0,1.0
8,2017-04-04,0.0,0.0,1.0,1.0,1.0,1.0,No,1,Durham,NC,0.12571428571428572,7.638571428571429,74.14285714285714,53.714285714285715,63.285714285714285,0.0,0.0
8,2017-04-10,0.0,0.0,1.0,1.0,0.0,1.0,No,1,Durham,NC,0.1157142857142857,9.074285714285715,72.71428571428571,47.285714285714285,60.0,0.0,0.0
8,2017-04-21,1.0,1.0,1.0,1.0,1.0,0.0,No,1,Durham,NC,0.011428571428571429,7.957142857142856,80.28571428571429,58.285714285714285,68.28571428571429,0.0,0.0
8,2017-04-28,1.0,1.0,1.0,1.0,1.0,0.0,No,1,Durham,NC,1.1071428571428572,8.754285714285713,75.0,57.285714285714285,65.14285714285714,0.0,0.0
8,2017-05-02,1.0,1.0,1.0,1.0,1.0,0.0,No,1,Durham,NC,0.35428571428571426,9.745714285714286,83.0,65.0,72.85714285714286,0.0,0.0
8,2017-05-08,1.0,1.0,1.0,1.0,1.0,1.0,Yes,1,Durham,NC,0.29714285714285715,10.801428571428573,76.42857142857143,56.0,66.71428571428571,0.0,0.0
8,2017-05-16,1.0,1.0,1.0,1.0,0.0,0.0,No,1,Durham,NC,0.17714285714285713,4.921428571428572,74.85714285714286,53.714285714285715,63.714285714285715,0.0,0.0
8,2017-05-25,1.0,1.0,1.0,1.0,1.0,1.0,Yes,1,Durham,NC,0.18285714285714286,7.477142857142857,80.85714285714286,65.85714285714286,72.71428571428571,0.0,0.0
8,2017-06-06,1.0,1.0,1.0,0.0,0.0,1.0,No,1,Durham,NC,0.28285714285714286,4.188571428571429,85.85714285714286,63.42857142857143,74.42857142857143,0.0,0.0
8,2017-06-12,1.0,1.0,1.0,0.0,0.0,0.0,No,1,Durham,NC,0.22,6.2628571428571425,82.85714285714286,60.857142857142854,71.42857142857143,0.0,0.0
8,2017-06-21,0.0,0.0,1.0,1.0,0.0,0.0,No,1,Durham,NC,0.4985714285714285,6.297142857142857,89.14285714285714,69.85714285714286,78.0,0.0,0.0
8,2017-06-26,1.0,1.0,1.0,1.0,0.0,1.0,No,1,Durham,NC,0.21571428571428572,8.02142857142857,87.0,69.28571428571429,77.57142857142857,0.0,0.0
8,2017-07-03,1.0,1.0,1.0,1.0,0.0,1.0,No,1,Durham,NC,0.0071428571428571435,5.655714285714287,86.71428571428571,64.14285714285714,75.28571428571429,0.0,0.0
8,2017-07-11,1.0,1.0,1.0,1.0,0.0,1.0,No,1,Durham,NC,0.1942857142857143,5.05,91.14285714285714,70.28571428571429,79.71428571428571,0.0,0.0
8,2017-07-25,1.0,1.0,1.0,1.0,0.0,1.0,No,1,Durham,NC,0.08,6.2942857142857145,96.57142857142857,71.57142857142857,82.71428571428571,0.0,0.0
8,2017-08-07,1.0,1.0,1.0,0.0,0.0,0.5,No,1,Durham,NC,0.0,5.114285714285714,90.57142857142857,64.71428571428571,78.0,0.0,0.0
8,2017-08-18,1.0,1.0,1.0,1.0,0.0,1.0,No,1,Durham,NC,0.41857142857142854,4.505714285714285,89.57142857142857,73.85714285714286,80.28571428571429,0.0,0.0
8,2017-08-24,1.0,1.0,1.0,1.0,0.0,0.5,No,1,Durham,NC,0.07285714285714286,5.049999999999999,94.71428571428571,73.28571428571429,83.14285714285714,0.0,0.0
8,2017-08-30,0.0,1.0,1.0,0.0,0.0,1.0,No,1,Durham,NC,0.06571428571428571,7.732857142857142,82.42857142857143,67.14285714285714,74.28571428571429,0.0,0.0
8,2017-09-05,1.0,1.0,1.0,0.0,0.0,1.0,No,1,Durham,NC,0.1842857142857143,5.624285714285714,81.85714285714286,62.57142857142857,70.57142857142857,0.0,0.0
8,2017-09-13,0.0,0.0,0.0,1.0,0.0,0.0,No,1,Durham,NC,0.16571428571428573,7.19,75.42857142857143,55.714285714285715,64.71428571428571,0.0,0.0
9,2016-04-27,0.0,1.0,1.0,1.0,0.0,1.0,No,1,Durham,NC,0.1457142857142857,8.15,77.71428571428571,56.42857142857143,66.42857142857143,0.0,0.0
9,2016-07-27,1.0,1.0,0.0,1.0,0.0,0.0,No,1,Durham,NC,0.018571428571428572,6.198571428571428,93.57142857142857,73.0,82.85714285714286,0.0,0.0
9,2016-08-01,1.0,1.0,1.0,1.0,0.0,0.0,No,1,Durham,NC,0.04142857142857143,6.07,95.28571428571429,74.71428571428571,84.14285714285714,0.0,0.0
9,2016-08-08,0.0,1.0,0.0,1.0,0.0,1.0,No,1,Durham,NC,0.27285714285714285,5.911428571428572,89.14285714285714,72.71428571428571,79.28571428571429,0.0,0.0
9,2016-08-15,1.0,1.0,0.0,0.0,0.0,1.0,No,1,Durham,NC,0.07714285714285715,6.2628571428571425,92.57142857142857,75.0,82.57142857142857,0.0,0.0
9,2016-08-22,1.0,1.0,0.0,1.0,1.0,1.0,No,1,Durham,NC,0.054285714285714284,5.241428571428571,93.85714285714286,74.57142857142857,83.0,0.0,0.0
9,2016-08-29,1.0,1.0,0.0,0.0,1.0,1.0,No,1,Durham,NC,0.025714285714285714,4.345714285714286,91.71428571428571,68.42857142857143,79.28571428571429,0.0,0.0
9,2016-09-08,1.0,1.0,1.0,0.0,1.0,1.0,No,1,Durham,NC,0.2257142857142857,5.5928571428571425,86.0,63.714285714285715,74.0,0.0,0.0
9,2016-09-16,1.0,1.0,0.0,0.0,1.0,1.0,No,1,Durham,NC,0.0,6.167142857142857,91.0,68.85714285714286,79.42857142857143,0.0,0.0
9,2016-09-27,1.0,1.0,0.0,1.0,1.0,1.0,No,1,Durham,NC,0.10857142857142857,6.1657142857142855,80.0,68.14285714285714,73.14285714285714,0.0,0.0
9,2016-10-04,1.0,1.0,0.0,1.0,1.0,1.0,No,1,Durham,NC,0.13,4.632857142857143,81.42857142857143,65.57142857142857,72.14285714285714,0.0,0.0
9,2016-10-11,1.0,1.0,0.0,1.0,0.0,1.0,No,1,Durham,NC,0.9942857142857143,9.620000000000001,72.14285714285714,58.0,65.28571428571429,0.0,0.0
9,2016-10-24,1.0,1.0,0.0,1.0,0.0,1.0,No,1,Durham,NC,0.0,5.945714285714286,78.85714285714286,54.0,66.14285714285714,0.0,0.0
9,2017-03-07,0.0,0.0,0.0,1.0,0.0,0.0,No,1,Durham,NC,0.13857142857142857,7.795714285714285,63.42857142857143,38.285714285714285,51.57142857142857,0.0,3.0
9,2017-03-24,0.0,0.0,0.0,1.0,0.0,0.0,No,1,Durham,NC,0.10428571428571429,6.424285714285715,63.857142857142854,36.142857142857146,50.57142857142857,0.0,3.0
9,2017-03-29,0.0,0.0,0.0,1.0,0.0,0.0,No,1,Durham,NC,0.017142857142857144,8.532857142857143,71.85714285714286,47.142857142857146,59.857142857142854,0.0,1.0
9,2017-07-11,1.0,1.0,1.0,1.0,1.0,1.0,Yes,1,Durham,NC,0.1942857142857143,5.05,91.14285714285714,70.28571428571429,79.71428571428571,0.0,0.0
10,2016-06-15,1.0,1.0,1.0,0.0,1.0,1.0,No,1,Durham,NC,0.0,4.825714285714285,86.85714285714286,61.285714285714285,75.14285714285714,0.0,0.0
10,2016-07-28,1.0,1.0,1.0,1.0,1.0,1.0,Yes,1,Durham,NC,0.018571428571428572,5.782857142857142,94.42857142857143,73.85714285714286,83.28571428571429,0.0,0.0
10,2016-08-01,1.0,1.0,1.0,1.0,1.0,0.0,No,1,Durham,NC,0.04142857142857143,6.07,95.28571428571429,74.71428571428571,84.14285714285714,0.0,0.0
10,2016-08-08,1.0,1.0,1.0,1.0,0.0,1.0,No,1,Durham,NC,0.27285714285714285,5.911428571428572,89.14285714285714,72.71428571428571,79.28571428571429,0.0,0.0
10,2016-08-16,1.0,1.0,1.0,1.0,1.0,1.0,Yes,1,Durham,NC,0.0,6.167142857142857,93.57142857142857,75.28571428571429,83.42857142857143,0.0,0.0
10,2016-08-22,1.0,1.0,1.0,1.0,0.0,1.0,No,1,Durham,NC,0.054285714285714284,5.241428571428571,93.85714285714286,74.57142857142857,83.0,0.0,0.0
10,2016-08-29,1.0,1.0,1.0,1.0,1.0,1.0,Yes,1,Durham,NC,0.025714285714285714,4.345714285714286,91.71428571428571,68.42857142857143,79.28571428571429,0.0,0.0
10,2016-09-08,1.0,1.0,1.0,0.0,0.0,1.0,No,1,Durham,NC,0.2257142857142857,5.5928571428571425,86.0,63.714285714285715,74.0,0.0,0.0
10,2016-09-16,1.0,1.0,1.0,1.0,0.5,1.0,No,1,Durham,NC,0.0,6.167142857142857,91.0,68.85714285714286,79.42857142857143,0.0,0.0
10,2016-09-27,0.0,1.0,1.0,1.0,1.0,0.0,No,1,Durham,NC,0.10857142857142857,6.1657142857142855,80.0,68.14285714285714,73.14285714285714,0.0,0.0
10,2016-10-04,1.0,1.0,1.0,0.0,0.0,1.0,No,1,Durham,NC,0.13,4.632857142857143,81.42857142857143,65.57142857142857,72.14285714285714,0.0,0.0
10,2016-10-11,1.0,1.0,1.0,0.0,1.0,0.0,No,1,Durham,NC,0.9942857142857143,9.620000000000001,72.14285714285714,58.0,65.28571428571429,0.0,0.0
10,2016-10-24,1.0,1.0,1.0,1.0,0.0,1.0,No,1,Durham,NC,0.0,5.945714285714286,78.85714285714286,54.0,66.14285714285714,0.0,0.0
10,2017-03-07,1.0,1.0,0.0,1.0,0.0,0.0,No,1,Durham,NC,0.13857142857142857,7.795714285714285,63.42857142857143,38.285714285714285,51.57142857142857,0.0,3.0
10,2017-03-24,0.0,0.5,0.0,1.0,0.0,0.0,No,1,Durham,NC,0.10428571428571429,6.424285714285715,63.857142857142854,36.142857142857146,50.57142857142857,0.0,3.0
10,2017-03-29,0.0,1.0,0.0,1.0,0.0,1.0,No,1,Durham,NC,0.017142857142857144,8.532857142857143,71.85714285714286,47.142857142857146,59.857142857142854,0.0,1.0
10,2017-04-04,0.0,1.0,1.0,1.0,1.0,1.0,No,1,Durham,NC,0.12571428571428572,7.638571428571429,74.14285714285714,53.714285714285715,63.285714285714285,0.0,0.0
10,2017-04-10,1.0,1.0,1.0,1.0,0.0,1.0,No,1,Durham,NC,0.1157142857142857,9.074285714285715,72.71428571428571,47.285714285714285,60.0,0.0,0.0
10,2017-04-11,1.0,1.0,1.0,1.0,0.0,0.0,No,1,Durham,NC,0.05857142857142857,9.138571428571428,73.0,47.142857142857146,60.42857142857143,0.0,0.0
10,2017-04-21,1.0,1.0,1.0,1.0,1.0,0.0,No,1,Durham,NC,0.011428571428571429,7.957142857142856,80.28571428571429,58.285714285714285,68.28571428571429,0.0,0.0
10,2017-04-28,1.0,1.0,1.0,1.0,1.0,0.0,No,1,Durham,NC,1.1071428571428572,8.754285714285713,75.0,57.285714285714285,65.14285714285714,0.0,0.0
10,2017-05-02,1.0,1.0,1.0,1.0,0.0,1.0,No,1,Durham,NC,0.35428571428571426,9.745714285714286,83.0,65.0,72.85714285714286,0.0,0.0
10,2017-05-08,1.0,1.0,1.0,1.0,0.0,1.0,No,1,Durham,NC,0.29714285714285715,10.801428571428573,76.42857142857143,56.0,66.71428571428571,0.0,0.0
10,2017-05-16,1.0,1.0,1.0,1.0,0.0,0.0,No,1,Durham,NC,0.17714285714285713,4.921428571428572,74.85714285714286,53.714285714285715,63.714285714285715,0.0,0.0
10,2017-05-25,1.0,1.0,0.0,1.0,0.0,1.0,No,1,Durham,NC,0.18285714285714286,7.477142857142857,80.85714285714286,65.85714285714286,72.71428571428571,0.0,0.0
10,2017-06-06,1.0,0.0,0.0,0.0,0.0,1.0,No,1,Durham,NC,0.28285714285714286,4.188571428571429,85.85714285714286,63.42857142857143,74.42857142857143,0.0,0.0
10,2017-06-12,1.0,1.0,1.0,1.0,0.0,1.0,No,1,Durham,NC,0.22,6.2628571428571425,82.85714285714286,60.857142857142854,71.42857142857143,0.0,0.0
10,2017-06-21,1.0,1.0,1.0,1.0,0.0,1.0,No,1,Durham,NC,0.4985714285714285,6.297142857142857,89.14285714285714,69.85714285714286,78.0,0.0,0.0
10,2017-06-26,1.0,1.0,1.0,1.0,1.0,1.0,Yes,1,Durham,NC,0.21571428571428572,8.02142857142857,87.0,69.28571428571429,77.57142857142857,0.0,0.0
10,2017-07-03,1.0,1.0,1.0,1.0,0.0,1.0,No,1,Durham,NC,0.0071428571428571435,5.655714285714287,86.71428571428571,64.14285714285714,75.28571428571429,0.0,0.0
10,2017-07-11,1.0,1.0,1.0,1.0,0.0,1.0,No,1,Durham,NC,0.1942857142857143,5.05,91.14285714285714,70.28571428571429,79.71428571428571,0.0,0.0
10,2017-07-25,0.0,1.0,0.0,1.0,0.0,0.0,No,1,Durham,NC,0.08,6.2942857142857145,96.57142857142857,71.57142857142857,82.71428571428571,0.0,0.0
10,2017-08-07,1.0,1.0,1.0,1.0,0.0,1.0,No,1,Durham,NC,0.0,5.114285714285714,90.57142857142857,64.71428571428571,78.0,0.0,0.0
10,2017-08-18,1.0,1.0,1.0,1.0,0.0,1.0,No,1,Durham,NC,0.41857142857142854,4.505714285714285,89.57142857142857,73.85714285714286,80.28571428571429,0.0,0.0
10,2017-08-24,1.0,1.0,1.0,1.0,0.0,1.0,No,1,Durham,NC,0.07285714285714286,5.049999999999999,94.71428571428571,73.28571428571429,83.14285714285714,0.0,0.0
10,2017-08-30,1.0,1.0,1.0,1.0,0.0,1.0,No,1,Durham,NC,0.06571428571428571,7.732857142857142,82.42857142857143,67.14285714285714,74.28571428571429,0.0,0.0
10,2017-09-05,0.0,1.0,0.0,1.0,1.0,1.0,No,1,Durham,NC,0.1842857142857143,5.624285714285714,81.85714285714286,62.57142857142857,70.57142857142857,0.0,0.0
10,2017-09-13,0.0,1.0,0.0,1.0,1.0,1.0,No,1,Durham,NC,0.16571428571428573,7.19,75.42857142857143,55.714285714285715,64.71428571428571,0.0,0.0
10,2017-09-19,0.0,1.0,0.0,1.0,0.0,1.0,No,1,Durham,NC,0.09,5.911428571428572,83.42857142857143,63.0,72.14285714285714,0.0,0.0
10,2017-09-25,0.0,1.0,1.0,1.0,0.0,1.0,No,1,Durham,NC,0.0,4.09,87.14285714285714,63.0,73.71428571428571,0.0,0.0
10,2017-10-03,1.0,1.0,1.0,1.0,1.0,1.0,Yes,1,Durham,NC,0.0,6.04,80.85714285714286,58.42857142857143,69.28571428571429,0.0,0.0
10,2017-10-10,1.0,1.0,1.0,1.0,0.0,0.0,No,1,Durham,NC,0.037142857142857144,5.848571428571428,84.57142857142857,59.42857142857143,70.28571428571429,0.0,0.0
10,2017-10-17,1.0,1.0,1.0,1.0,0.0,1.0,No,1,Durham,NC,0.19571428571428573,7.03,79.57142857142857,64.42857142857143,71.0,0.0,0.0
10,2017-10-24,1.0,1.0,1.0,1.0,0.0,0.0,No,1,Durham,NC,0.16,3.8328571428571427,74.14285714285714,46.285714285714285,58.857142857142854,0.0,0.0
10,2017-11-03,1.0,1.0,1.0,1.0,0.0,1.0,No,1,Durham,NC,0.22,4.761428571428572,70.57142857142857,43.142857142857146,56.285714285714285,0.0,0.0
11,2017-04-04,0.0,0.0,1.0,1.0,1.0,1.0,No,1,Durham,NC,0.12571428571428572,7.638571428571429,74.14285714285714,53.714285714285715,63.285714285714285,0.0,0.0
11,2017-04-10,0.0,0.0,1.0,1.0,1.0,1.0,No,1,Durham,NC,0.1157142857142857,9.074285714285715,72.71428571428571,47.285714285714285,60.0,0.0,0.0
11,2017-04-21,0.0,0.0,0.0,1.0,0.0,1.0,No,1,Durham,NC,0.011428571428571429,7.957142857142856,80.28571428571429,58.285714285714285,68.28571428571429,0.0,0.0
11,2017-04-28,0.0,1.0,0.0,1.0,0.0,1.0,No,1,Durham,NC,1.1071428571428572,8.754285714285713,75.0,57.285714285714285,65.14285714285714,0.0,0.0
11,2017-05-02,0.0,0.0,0.0,1.0,0.0,1.0,No,1,Durham,NC,0.35428571428571426,9.745714285714286,83.0,65.0,72.85714285714286,0.0,0.0
11,2017-05-08,0.0,0.5,0.0,1.0,0.0,1.0,No,1,Durham,NC,0.29714285714285715,10.801428571428573,76.42857142857143,56.0,66.71428571428571,0.0,0.0
11,2017-05-16,0.0,1.0,0.0,0.0,0.0,1.0,No,1,Durham,NC,0.17714285714285713,4.921428571428572,74.85714285714286,53.714285714285715,63.714285714285715,0.0,0.0
11,2017-05-25,0.0,1.0,1.0,1.0,0.0,1.0,No,1,Durham,NC,0.18285714285714286,7.477142857142857,80.85714285714286,65.85714285714286,72.71428571428571,0.0,0.0
11,2017-06-06,1.0,0.0,1.0,1.0,0.0,1.0,No,1,Durham,NC,0.28285714285714286,4.188571428571429,85.85714285714286,63.42857142857143,74.42857142857143,0.0,0.0
11,2017-06-12,1.0,1.0,1.0,0.0,0.0,1.0,No,1,Durham,NC,0.22,6.2628571428571425,82.85714285714286,60.857142857142854,71.42857142857143,0.0,0.0
11,2017-06-21,1.0,1.0,1.0,1.0,1.0,0.0,No,1,Durham,NC,0.4985714285714285,6.297142857142857,89.14285714285714,69.85714285714286,78.0,0.0,0.0
11,2017-06-26,1.0,1.0,1.0,1.0,1.0,1.0,Yes,1,Durham,NC,0.21571428571428572,8.02142857142857,87.0,69.28571428571429,77.57142857142857,0.0,0.0
11,2017-07-03,1.0,1.0,1.0,1.0,1.0,1.0,Yes,1,Durham,NC,0.0071428571428571435,5.655714285714287,86.71428571428571,64.14285714285714,75.28571428571429,0.0,0.0
11,2017-07-11,1.0,1.0,1.0,1.0,1.0,0.0,No,1,Durham,NC,0.1942857142857143,5.05,91.14285714285714,70.28571428571429,79.71428571428571,0.0,0.0
11,2017-07-25,1.0,1.0,1.0,1.0,0.0,0.0,No,1,Durham,NC,0.08,6.2942857142857145,96.57142857142857,71.57142857142857,82.71428571428571,0.0,0.0
11,2017-08-07,1.0,1.0,1.0,1.0,0.0,1.0,No,1,Durham,NC,0.0,5.114285714285714,90.57142857142857,64.71428571428571,78.0,0.0,0.0
11,2017-08-18,1.0,1.0,1.0,1.0,0.0,1.0,No,1,Durham,NC,0.41857142857142854,4.505714285714285,89.57142857142857,73.85714285714286,80.28571428571429,0.0,0.0
11,2017-08-24,1.0,1.0,1.0,1.0,1.0,1.0,Yes,1,Durham,NC,0.07285714285714286,5.049999999999999,94.71428571428571,73.28571428571429,83.14285714285714,0.0,0.0
11,2017-08-30,1.0,1.0,1.0,1.0,0.0,1.0,No,1,Durham,NC,0.06571428571428571,7.732857142857142,82.42857142857143,67.14285714285714,74.28571428571429,0.0,0.0
11,2017-09-05,1.0,1.0,1.0,1.0,1.0,1.0,Yes,1,Durham,NC,0.1842857142857143,5.624285714285714,81.85714285714286,62.57142857142857,70.57142857142857,0.0,0.0
11,2017-09-13,1.0,1.0,1.0,1.0,0.0,1.0,No,1,Durham,NC,0.16571428571428573,7.19,75.42857142857143,55.714285714285715,64.71428571428571,0.0,0.0
11,2017-09-19,1.0,1.0,1.0,0.0,0.0,1.0,No,1,Durham,NC,0.09,5.911428571428572,83.42857142857143,63.0,72.14285714285714,0.0,0.0
11,2017-09-25,1.0,1.0,1.0,1.0,0.0,1.0,No,1,Durham,NC,0.0,4.09,87.14285714285714,63.0,73.71428571428571,0.0,0.0
11,2017-10-03,1.0,1.0,1.0,0.0,1.0,1.0,No,1,Durham,NC,0.0,6.04,80.85714285714286,58.42857142857143,69.28571428571429,0.0,0.0
11,2017-10-10,1.0,1.0,1.0,1.0,0.0,1.0,No,1,Durham,NC,0.037142857142857144,5.848571428571428,84.57142857142857,59.42857142857143,70.28571428571429,0.0,0.0
11,2017-10-17,1.0,1.0,1.0,1.0,0.0,1.0,No,1,Durham,NC,0.19571428571428573,7.03,79.57142857142857,64.42857142857143,71.0,0.0,0.0
11,2017-10-24,1.0,1.0,1.0,1.0,0.0,1.0,No,1,Durham,NC,0.16,3.8328571428571427,74.14285714285714,46.285714285714285,58.857142857142854,0.0,0.0
11,2017-11-03,0.0,1.0,1.0,0.0,0.0,1.0,No,1,Durham,NC,0.22,4.761428571428572,70.57142857142857,43.142857142857146,56.285714285714285,0.0,0.0
12,2017-04-04,0.0,0.0,1.0,1.0,1.0,1.0,No,1,Durham,NC,0.12571428571428572,7.638571428571429,74.14285714285714,53.714285714285715,63.285714285714285,0.0,0.0
12,2017-04-10,0.0,0.0,1.0,1.0,0.0,1.0,No,1,Durham,NC,0.1157142857142857,9.074285714285715,72.71428571428571,47.285714285714285,60.0,0.0,0.0
12,2017-04-21,1.0,1.0,1.0,1.0,1.0,0.0,No,1,Durham,NC,0.011428571428571429,7.957142857142856,80.28571428571429,58.285714285714285,68.28571428571429,0.0,0.0
12,2017-04-26,1.0,1.0,1.0,1.0,1.0,1.0,Yes,1,Durham,NC,1.1071428571428572,7.828571428571428,73.71428571428571,56.285714285714285,63.857142857142854,0.0,0.0
12,2017-05-02,1.0,1.0,1.0,1.0,1.0,0.0,No,1,Durham,NC,0.35428571428571426,9.745714285714286,83.0,65.0,72.85714285714286,0.0,0.0
12,2017-05-08,1.0,1.0,1.0,1.0,0.0,1.0,No,1,Durham,NC,0.29714285714285715,10.801428571428573,76.42857142857143,56.0,66.71428571428571,0.0,0.0
12,2017-05-16,1.0,1.0,1.0,1.0,0.0,1.0,No,1,Durham,NC,0.17714285714285713,4.921428571428572,74.85714285714286,53.714285714285715,63.714285714285715,0.0,0.0
12,2017-05-25,1.0,1.0,1.0,1.0,0.0,1.0,No,1,Durham,NC,0.18285714285714286,7.477142857142857,80.85714285714286,65.85714285714286,72.71428571428571,0.0,0.0
12,2017-06-06,1.0,1.0,1.0,1.0,0.0,1.0,No,1,Durham,NC,0.28285714285714286,4.188571428571429,85.85714285714286,63.42857142857143,74.42857142857143,0.0,0.0
12,2017-06-12,1.0,1.0,1.0,1.0,1.0,1.0,Yes,1,Durham,NC,0.22,6.2628571428571425,82.85714285714286,60.857142857142854,71.42857142857143,0.0,0.0
12,2017-06-21,1.0,1.0,1.0,1.0,1.0,1.0,Yes,1,Durham,NC,0.4985714285714285,6.297142857142857,89.14285714285714,69.85714285714286,78.0,0.0,0.0
12,2017-06-26,1.0,1.0,1.0,1.0,0.0,1.0,No,1,Durham,NC,0.21571428571428572,8.02142857142857,87.0,69.28571428571429,77.57142857142857,0.0,0.0
12,2017-07-03,1.0,1.0,1.0,1.0,1.0,1.0,Yes,1,Durham,NC,0.0071428571428571435,5.655714285714287,86.71428571428571,64.14285714285714,75.28571428571429,0.0,0.0
12,2017-07-25,1.0,1.0,1.0,1.0,1.0,1.0,Yes,1,Durham,NC,0.08,6.2942857142857145,96.57142857142857,71.57142857142857,82.71428571428571,0.0,0.0
12,2017-08-07,1.0,1.0,1.0,1.0,0.0,1.0,No,1,Durham,NC,0.0,5.114285714285714,90.57142857142857,64.71428571428571,78.0,0.0,0.0
12,2017-08-18,1.0,1.0,1.0,1.0,0.0,1.0,No,1,Durham,NC,0.41857142857142854,4.505714285714285,89.57142857142857,73.85714285714286,80.28571428571429,0.0,0.0
12,2017-08-24,1.0,1.0,1.0,1.0,0.0,1.0,No,1,Durham,NC,0.07285714285714286,5.049999999999999,94.71428571428571,73.28571428571429,83.14285714285714,0.0,0.0
12,2017-08-30,1.0,1.0,1.0,1.0,0.0,1.0,No,1,Durham,NC,0.06571428571428571,7.732857142857142,82.42857142857143,67.14285714285714,74.28571428571429,0.0,0.0
12,2017-09-05,1.0,1.0,1.0,1.0,0.0,1.0,No,1,Durham,NC,0.1842857142857143,5.624285714285714,81.85714285714286,62.57142857142857,70.57142857142857,0.0,0.0
12,2017-09-13,1.0,1.0,1.0,1.0,0.0,1.0,No,1,Durham,NC,0.16571428571428573,7.19,75.42857142857143,55.714285714285715,64.71428571428571,0.0,0.0
12,2017-09-19,1.0,1.0,1.0,1.0,0.0,1.0,No,1,Durham,NC,0.09,5.911428571428572,83.42857142857143,63.0,72.14285714285714,0.0,0.0
12,2017-09-25,1.0,1.0,1.0,0.0,0.0,1.0,No,1,Durham,NC,0.0,4.09,87.14285714285714,63.0,73.71428571428571,0.0,0.0
12,2017-10-03,0.0,1.0,1.0,1.0,1.0,1.0,No,1,Durham,NC,0.0,6.04,80.85714285714286,58.42857142857143,69.28571428571429,0.0,0.0
12,2017-10-10,1.0,1.0,1.0,1.0,0.0,1.0,No,1,Durham,NC,0.037142857142857144,5.848571428571428,84.57142857142857,59.42857142857143,70.28571428571429,0.0,0.0
12,2017-10-17,1.0,1.0,1.0,1.0,0.0,1.0,No,1,Durham,NC,0.19571428571428573,7.03,79.57142857142857,64.42857142857143,71.0,0.0,0.0
12,2017-10-24,1.0,1.0,1.0,1.0,0.0,1.0,No,1,Durham,NC,0.16,3.8328571428571427,74.14285714285714,46.285714285714285,58.857142857142854,0.0,0.0
12,2017-11-03,1.0,1.0,1.0,1.0,0.0,0.0,No,1,Durham,NC,0.22,4.761428571428572,70.57142857142857,43.142857142857146,56.285714285714285,0.0,0.0
13,2017-08-24,1.0,1.0,1.0,1.0,1.0,1.0,Yes,1,Durham,NC,0.07285714285714286,5.049999999999999,94.71428571428571,73.28571428571429,83.14285714285714,0.0,0.0
13,2017-08-30,1.0,1.0,1.0,1.0,0.0,1.0,No,1,Durham,NC,0.06571428571428571,7.732857142857142,82.42857142857143,67.14285714285714,74.28571428571429,0.0,0.0
13,2017-09-05,1.0,1.0,1.0,1.0,0.0,1.0,No,1,Durham,NC,0.1842857142857143,5.624285714285714,81.85714285714286,62.57142857142857,70.57142857142857,0.0,0.0
13,2017-09-13,1.0,1.0,1.0,1.0,0.0,1.0,No,1,Durham,NC,0.16571428571428573,7.19,75.42857142857143,55.714285714285715,64.71428571428571,0.0,0.0
13,2017-09-25,1.0,1.0,1.0,0.0,0.0,1.0,No,1,Durham,NC,0.0,4.09,87.14285714285714,63.0,73.71428571428571,0.0,0.0
13,2017-10-03,1.0,1.0,1.0,0.0,0.0,1.0,No,1,Durham,NC,0.0,6.04,80.85714285714286,58.42857142857143,69.28571428571429,0.0,0.0
13,2017-10-10,1.0,1.0,1.0,1.0,0.0,1.0,No,1,Durham,NC,0.037142857142857144,5.848571428571428,84.57142857142857,59.42857142857143,70.28571428571429,0.0,0.0
13,2017-10-17,1.0,1.0,1.0,0.0,0.0,0.0,No,1,Durham,NC,0.19571428571428573,7.03,79.57142857142857,64.42857142857143,71.0,0.0,0.0
13,2017-10-24,1.0,1.0,1.0,0.0,0.0,0.0,No,1,Durham,NC,0.16,3.8328571428571427,74.14285714285714,46.285714285714285,58.857142857142854,0.0,0.0
13,2017-11-03,0.0,1.0,1.0,0.0,0.0,0.0,No,1,Durham,NC,0.22,4.761428571428572,70.57142857142857,43.142857142857146,56.285714285714285,0.0,0.0
14,2017-09-21,0.0,0.0,0.0,0.0,0.0,0.0,No,1,Durham,NC,0.0,4.5371428571428565,85.28571428571429,63.285714285714285,73.28571428571429,0.0,0.0
15,2017-09-21,1.0,1.0,1.0,1.0,1.0,0.0,No,1,Durham,NC,0.0,4.5371428571428565,85.28571428571429,63.285714285714285,73.28571428571429,0.0,0.0
16,2017-09-21,1.0,0.0,1.0,0.0,0.0,0.0,No,1,Durham,NC,0.0,4.5371428571428565,85.28571428571429,63.285714285714285,73.28571428571429,0.0,0.0
17,2017-09-21,0.0,0.0,0.0,0.0,0.0,0.0,No,1,Durham,NC,0.0,4.5371428571428565,85.28571428571429,63.285714285714285,73.28571428571429,0.0,0.0
18,2017-09-21,1.0,1.0,1.0,0.0,0.0,0.0,No,1,Durham,NC,0.0,4.5371428571428565,85.28571428571429,63.285714285714285,73.28571428571429,0.0,0.0
19,2017-09-21,1.0,1.0,1.0,0.0,1.0,1.0,No,1,Durham,NC,0.0,4.5371428571428565,85.28571428571429,63.285714285714285,73.28571428571429,0.0,0.0
20,2017-09-21,1.0,1.0,1.0,1.0,0.0,1.0,No,1,Durham,NC,0.0,4.5371428571428565,85.28571428571429,63.285714285714285,73.28571428571429,0.0,0.0
21,2017-09-21,1.0,1.0,1.0,1.0,1.0,1.0,Yes,1,Durham,NC,0.0,4.5371428571428565,85.28571428571429,63.285714285714285,73.28571428571429,0.0,0.0
22,2017-09-21,1.0,1.0,1.0,1.0,1.0,0.0,No,1,Durham,NC,0.0,4.5371428571428565,85.28571428571429,63.285714285714285,73.28571428571429,0.0,0.0
23,2017-09-21,1.0,1.0,1.0,0.0,0.0,1.0,No,1,Durham,NC,0.0,4.5371428571428565,85.28571428571429,63.285714285714285,73.28571428571429,0.0,0.0
24,2017-09-21,1.0,1.0,1.0,0.0,0.0,0.0,No,1,Durham,NC,0.0,4.5371428571428565,85.28571428571429,63.285714285714285,73.28571428571429,0.0,0.0
25,2017-09-21,1.0,1.0,1.0,1.0,0.0,1.0,No,1,Durham,NC,0.0,4.5371428571428565,85.28571428571429,63.285714285714285,73.28571428571429,0.0,0.0
26,2017-03-29,0.0,0.0,0.0,1.0,0.0,1.0,No,1,Durham,NC,0.017142857142857144,8.532857142857143,71.85714285714286,47.142857142857146,59.857142857142854,0.0,1.0
27,2018-04-06,0.0,1.0,0.0,1.0,0.0,0.0,No,2,Durham,NC,0.004285714285714286,8.79,72.0,44.285714285714285,60.0,0.0,0.0
27,2018-04-12,0.0,1.0,0.0,1.0,0.0,0.0,No,2,Durham,NC,0.14142857142857143,6.2628571428571425,61.285714285714285,37.285714285714285,49.285714285714285,0.0,0.0
27,2018-04-18,0.0,0.0,0.0,1.0,0.0,0.0,No,2,Durham,NC,0.47285714285714286,12.017142857142858,72.28571428571429,46.857142857142854,60.0,0.0,0.0
27,2018-04-27,0.0,0.0,0.0,1.0,0.0,1.0,No,2,Durham,NC,0.14857142857142858,6.2299999999999995,68.14285714285714,45.285714285714285,57.285714285714285,0.0,0.0
27,2018-05-02,0.0,0.0,1.0,1.0,0.0,1.0,No,2,Durham,NC,0.027142857142857142,4.602857142857142,73.57142857142857,46.857142857142854,60.857142857142854,0.0,0.0
27,2018-05-09,1.0,1.0,1.0,1.0,0.0,1.0,No,2,Durham,NC,0.022857142857142857,8.821428571428571,81.85714285714286,57.57142857142857,69.14285714285714,0.0,0.0
27,2018-05-22,1.0,1.0,1.0,1.0,1.0,0.0,No,2,Durham,NC,0.43,7.445714285714287,82.71428571428571,69.0,74.28571428571429,0.0,0.0
27,2018-05-31,1.0,1.0,1.0,1.0,1.0,1.0,Yes,2,Durham,NC,0.24571428571428572,6.71,83.85714285714286,68.71428571428571,75.0,0.0,0.0
27,2018-06-06,1.0,1.0,1.0,1.0,1.0,1.0,Yes,2,Durham,NC,0.08142857142857142,5.24,86.71428571428571,67.28571428571429,75.71428571428571,0.0,0.0
27,2018-06-15,1.0,1.0,1.0,1.0,1.0,0.0,No,2,Durham,NC,0.07428571428571429,5.301428571428572,85.71428571428571,66.28571428571429,75.71428571428571,0.0,0.0
27,2018-06-21,1.0,1.0,1.0,1.0,1.0,0.0,No,2,Durham,NC,0.0,5.015714285714286,92.0,70.57142857142857,81.28571428571429,0.0,0.0
27,2018-06-27,1.0,1.0,1.0,1.0,0.0,1.0,No,2,Durham,NC,0.16142857142857142,5.942857142857143,90.14285714285714,71.57142857142857,80.85714285714286,0.0,0.0
27,2018-07-03,1.0,1.0,1.0,1.0,0.0,0.0,No,2,Durham,NC,0.17714285714285713,4.792857142857144,89.42857142857143,69.71428571428571,79.71428571428571,0.0,0.0
27,2018-07-10,1.0,1.0,1.0,1.0,0.0,0.0,No,2,Durham,NC,0.1457142857142857,5.944285714285714,89.14285714285714,68.0,77.57142857142857,0.0,0.0
27,2018-07-17,1.0,1.0,1.0,1.0,1.0,1.0,Yes,2,Durham,NC,0.008571428571428572,5.6571428571428575,91.57142857142857,67.57142857142857,79.14285714285714,0.0,0.0
27,2018-07-26,1.0,1.0,1.0,1.0,1.0,0.0,No,2,Durham,NC,0.20142857142857146,6.614285714285715,87.0,68.42857142857143,76.71428571428571,0.0,0.0
27,2018-08-01,1.0,1.0,1.0,1.0,1.0,0.0,No,2,Durham,NC,0.3028571428571429,4.855714285714285,88.71428571428571,70.85714285714286,78.0,0.0,0.0
27,2018-08-07,1.0,1.0,1.0,1.0,1.0,1.0,Yes,2,Durham,NC,0.2385714285714286,5.465714285714286,88.14285714285714,71.71428571428571,77.71428571428571,0.0,0.0
27,2018-08-14,1.0,1.0,1.0,1.0,0.0,1.0,No,2,Durham,NC,0.22571428571428573,4.409999999999999,90.42857142857143,69.57142857142857,78.57142857142857,0.0,0.0
27,2018-08-21,1.0,1.0,1.0,1.0,1.0,1.0,Yes,2,Durham,NC,0.4714285714285714,5.464285714285714,88.85714285714286,69.0,77.85714285714286,0.0,0.0
27,2018-08-30,1.0,1.0,1.0,1.0,0.0,0.0,No,2,Durham,NC,0.0,4.664285714285714,87.71428571428571,63.714285714285715,75.42857142857143,0.0,0.0
27,2018-09-05,1.0,1.0,1.0,1.0,0.0,1.0,No,2,Durham,NC,0.06714285714285714,4.122857142857144,92.42857142857143,70.71428571428571,79.57142857142857,0.0,0.0
27,2018-09-19,1.0,1.0,1.0,1.0,0.0,1.0,No,2,Durham,NC,0.9971428571428572,12.30142857142857,82.0,72.57142857142857,76.28571428571429,0.0,0.0
27,2018-09-25,0.0,1.0,0.0,1.0,1.0,1.0,No,2,Durham,NC,0.0,4.792857142857143,83.0,66.85714285714286,74.71428571428571,0.0,0.0
27,2018-10-03,0.0,0.0,0.0,1.0,1.0,0.0,No,2,Durham,NC,0.049999999999999996,3.9628571428571435,81.85714285714286,63.42857142857143,72.0,0.0,0.0
27,2018-10-09,0.0,1.0,0.0,1.0,1.0,1.0,No,2,Durham,NC,0.0,3.672857142857143,86.0,66.0,74.42857142857143,0.0,0.0
27,2018-10-15,0.0,1.0,0.0,1.0,1.0,1.0,No,2,Durham,NC,0.39571428571428574,5.977142857142858,75.85714285714286,59.42857142857143,67.85714285714286,0.0,0.0
27,2018-10-23,1.0,0.0,1.0,1.0,1.0,0.0,No,2,Durham,NC,0.03142857142857143,4.791428571428571,66.28571428571429,46.285714285714285,57.714285714285715,0.0,0.0
27,2018-10-31,1.0,1.0,1.0,1.0,0.0,1.0,No,2,Durham,NC,0.22714285714285715,5.175714285714285,59.57142857142857,39.857142857142854,49.857142857142854,0.0,0.0
28,2018-04-10,0.0,0.0,0.0,0.0,0.0,0.0,No,2,Durham,NC,0.14142857142857143,7.797142857142857,65.28571428571429,39.57142857142857,53.142857142857146,0.0,0.0
28,2018-04-18,0.0,0.0,0.0,1.0,0.0,0.0,No,2,Durham,NC,0.47285714285714286,12.017142857142858,72.28571428571429,46.857142857142854,60.0,0.0,0.0
28,2018-04-27,0.0,0.0,1.0,0.0,0.0,1.0,No,2,Durham,NC,0.14857142857142858,6.2299999999999995,68.14285714285714,45.285714285714285,57.285714285714285,0.0,0.0
28,2018-05-02,1.0,1.0,1.0,1.0,1.0,1.0,Yes,2,Durham,NC,0.027142857142857142,4.602857142857142,73.57142857142857,46.857142857142854,60.857142857142854,0.0,0.0
28,2018-05-09,1.0,1.0,1.0,1.0,0.0,1.0,No,2,Durham,NC,0.022857142857142857,8.821428571428571,81.85714285714286,57.57142857142857,69.14285714285714,0.0,0.0
28,2018-05-22,1.0,1.0,1.0,1.0,1.0,1.0,Yes,2,Durham,NC,0.43,7.445714285714287,82.71428571428571,69.0,74.28571428571429,0.0,0.0
28,2018-05-31,1.0,1.0,1.0,1.0,1.0,1.0,Yes,2,Durham,NC,0.24571428571428572,6.71,83.85714285714286,68.71428571428571,75.0,0.0,0.0
28,2018-06-07,1.0,1.0,1.0,1.0,1.0,1.0,Yes,2,Durham,NC,0.04428571428571428,5.175714285714285,86.71428571428571,65.57142857142857,75.14285714285714,0.0,0.0
28,2018-06-15,1.0,1.0,1.0,1.0,1.0,0.0,No,2,Durham,NC,0.07428571428571429,5.301428571428572,85.71428571428571,66.28571428571429,75.71428571428571,0.0,0.0
28,2018-06-21,1.0,1.0,1.0,1.0,0.0,0.0,No,2,Durham,NC,0.0,5.015714285714286,92.0,70.57142857142857,81.28571428571429,0.0,0.0
28,2018-06-27,0.0,1.0,0.0,1.0,0.0,1.0,No,2,Durham,NC,0.16142857142857142,5.942857142857143,90.14285714285714,71.57142857142857,80.85714285714286,0.0,0.0
28,2018-07-03,1.0,1.0,0.0,1.0,1.0,1.0,No,2,Durham,NC,0.17714285714285713,4.792857142857144,89.42857142857143,69.71428571428571,79.71428571428571,0.0,0.0
28,2018-07-12,1.0,1.0,1.0,1.0,0.0,0.0,No,2,Durham,NC,0.15285714285714286,5.144285714285714,89.0,65.0,76.0,0.0,0.0
28,2018-07-18,1.0,1.0,1.0,1.0,0.0,1.0,No,2,Durham,NC,0.022857142857142857,6.5200000000000005,92.57142857142857,69.42857142857143,80.14285714285714,0.0,0.0
28,2018-07-26,1.0,1.0,1.0,1.0,1.0,1.0,Yes,2,Durham,NC,0.20142857142857146,6.614285714285715,87.0,68.42857142857143,76.71428571428571,0.0,0.0
28,2018-08-01,1.0,1.0,1.0,1.0,0.0,1.0,No,2,Durham,NC,0.3028571428571429,4.855714285714285,88.71428571428571,70.85714285714286,78.0,0.0,0.0
28,2018-08-08,1.0,1.0,1.0,1.0,1.0,1.0,Yes,2,Durham,NC,0.23571428571428574,5.6571428571428575,89.0,71.42857142857143,78.14285714285714,0.0,0.0
28,2018-08-14,1.0,1.0,1.0,1.0,0.0,1.0,No,2,Durham,NC,0.22571428571428573,4.409999999999999,90.42857142857143,69.57142857142857,78.57142857142857,0.0,0.0
29,2018-04-12,0.0,1.0,0.0,1.0,1.0,1.0,No,2,Durham,NC,0.14142857142857143,6.2628571428571425,61.285714285714285,37.285714285714285,49.285714285714285,0.0,0.0
29,2018-04-18,0.0,1.0,1.0,1.0,1.0,1.0,No,2,Durham,NC,0.47285714285714286,12.017142857142858,72.28571428571429,46.857142857142854,60.0,0.0,0.0
29,2018-04-27,0.0,1.0,0.0,1.0,0.0,1.0,No,2,Durham,NC,0.14857142857142858,6.2299999999999995,68.14285714285714,45.285714285714285,57.285714285714285,0.0,0.0
29,2018-05-02,0.0,1.0,1.0,1.0,1.0,1.0,No,2,Durham,NC,0.027142857142857142,4.602857142857142,73.57142857142857,46.857142857142854,60.857142857142854,0.0,0.0
29,2018-05-09,1.0,1.0,1.0,1.0,1.0,1.0,Yes,2,Durham,NC,0.022857142857142857,8.821428571428571,81.85714285714286,57.57142857142857,69.14285714285714,0.0,0.0
29,2018-05-24,0.0,1.0,1.0,1.0,0.0,1.0,No,2,Durham,NC,0.3257142857142856,7.062857142857142,82.57142857142857,68.85714285714286,73.85714285714286,0.0,0.0
29,2018-05-31,1.0,1.0,1.0,1.0,1.0,1.0,Yes,2,Durham,NC,0.24571428571428572,6.71,83.85714285714286,68.71428571428571,75.0,0.0,0.0
29,2018-06-07,1.0,1.0,1.0,1.0,1.0,1.0,Yes,2,Durham,NC,0.04428571428571428,5.175714285714285,86.71428571428571,65.57142857142857,75.14285714285714,0.0,0.0
29,2018-06-15,1.0,1.0,1.0,1.0,0.0,0.0,No,2,Durham,NC,0.07428571428571429,5.301428571428572,85.71428571428571,66.28571428571429,75.71428571428571,0.0,0.0
29,2018-06-21,1.0,1.0,1.0,1.0,0.0,1.0,No,2,Durham,NC,0.0,5.015714285714286,92.0,70.57142857142857,81.28571428571429,0.0,0.0
29,2018-06-27,1.0,1.0,1.0,1.0,0.0,1.0,No,2,Durham,NC,0.16142857142857142,5.942857142857143,90.14285714285714,71.57142857142857,80.85714285714286,0.0,0.0
29,2018-07-03,1.0,1.0,1.0,1.0,1.0,1.0,Yes,2,Durham,NC,0.17714285714285713,4.792857142857144,89.42857142857143,69.71428571428571,79.71428571428571,0.0,0.0
29,2018-07-12,1.0,1.0,1.0,1.0,0.0,1.0,No,2,Durham,NC,0.15285714285714286,5.144285714285714,89.0,65.0,76.0,0.0,0.0
29,2018-07-18,1.0,1.0,1.0,1.0,0.0,1.0,No,2,Durham,NC,0.022857142857142857,6.5200000000000005,92.57142857142857,69.42857142857143,80.14285714285714,0.0,0.0
29,2018-07-26,1.0,1.0,1.0,1.0,0.0,1.0,No,2,Durham,NC,0.20142857142857146,6.614285714285715,87.0,68.42857142857143,76.71428571428571,0.0,0.0
29,2018-08-01,1.0,1.0,1.0,1.0,0.0,1.0,No,2,Durham,NC,0.3028571428571429,4.855714285714285,88.71428571428571,70.85714285714286,78.0,0.0,0.0
29,2018-08-08,1.0,1.0,1.0,1.0,1.0,1.0,Yes,2,Durham,NC,0.23571428571428574,5.6571428571428575,89.0,71.42857142857143,78.14285714285714,0.0,0.0
29,2018-08-15,1.0,1.0,1.0,1.0,0.0,1.0,No,2,Durham,NC,0.21428571428571427,3.8028571428571434,89.42857142857143,68.71428571428571,77.57142857142857,0.0,0.0
29,2018-08-23,1.0,1.0,1.0,1.0,0.0,1.0,No,2,Durham,NC,0.45714285714285713,7.094285714285713,88.71428571428571,70.14285714285714,78.42857142857143,0.0,0.0
29,2018-08-30,1.0,1.0,1.0,1.0,0.0,0.0,No,2,Durham,NC,0.0,4.664285714285714,87.71428571428571,63.714285714285715,75.42857142857143,0.0,0.0
29,2018-09-05,1.0,1.0,1.0,1.0,0.0,1.0,No,2,Durham,NC,0.06714285714285714,4.122857142857144,92.42857142857143,70.71428571428571,79.57142857142857,0.0,0.0
29,2018-09-19,1.0,1.0,1.0,1.0,0.0,1.0,No,2,Durham,NC,0.9971428571428572,12.30142857142857,82.0,72.57142857142857,76.28571428571429,0.0,0.0
29,2018-09-26,1.0,1.0,1.0,1.0,0.0,1.0,No,2,Durham,NC,0.0,4.282857142857143,83.0,66.57142857142857,74.14285714285714,0.0,0.0
29,2018-10-03,1.0,1.0,1.0,1.0,0.0,1.0,No,2,Durham,NC,0.049999999999999996,3.9628571428571435,81.85714285714286,63.42857142857143,72.0,0.0,0.0
29,2018-10-09,1.0,1.0,1.0,1.0,0.0,1.0,No,2,Durham,NC,0.0,3.672857142857143,86.0,66.0,74.42857142857143,0.0,0.0
29,2018-10-15,1.0,1.0,1.0,1.0,0.0,1.0,No,2,Durham,NC,0.39571428571428574,5.977142857142858,75.85714285714286,59.42857142857143,67.85714285714286,0.0,0.0
29,2018-10-23,0.0,0.0,1.0,1.0,0.0,0.0,No,2,Durham,NC,0.03142857142857143,4.791428571428571,66.28571428571429,46.285714285714285,57.714285714285715,0.0,0.0
30,2018-07-03,0.0,1.0,1.0,1.0,1.0,1.0,No,2,Durham,NC,0.17714285714285713,4.792857142857144,89.42857142857143,69.71428571428571,79.71428571428571,0.0,0.0
30,2018-07-10,1.0,1.0,1.0,1.0,1.0,1.0,Yes,2,Durham,NC,0.1457142857142857,5.944285714285714,89.14285714285714,68.0,77.57142857142857,0.0,0.0
31,2018-04-12,0.0,0.0,0.0,1.0,0.0,1.0,No,2,Durham,NC,0.14142857142857143,6.2628571428571425,61.285714285714285,37.285714285714285,49.285714285714285,0.0,0.0
31,2018-04-18,0.0,1.0,1.0,1.0,1.0,0.0,No,2,Durham,NC,0.47285714285714286,12.017142857142858,72.28571428571429,46.857142857142854,60.0,0.0,0.0
31,2018-04-27,0.0,0.0,1.0,1.0,1.0,0.0,No,2,Durham,NC,0.14857142857142858,6.2299999999999995,68.14285714285714,45.285714285714285,57.285714285714285,0.0,0.0
31,2018-05-02,1.0,1.0,1.0,1.0,1.0,1.0,Yes,2,Durham,NC,0.027142857142857142,4.602857142857142,73.57142857142857,46.857142857142854,60.857142857142854,0.0,0.0
31,2018-05-09,1.0,1.0,1.0,1.0,1.0,1.0,Yes,2,Durham,NC,0.022857142857142857,8.821428571428571,81.85714285714286,57.57142857142857,69.14285714285714,0.0,0.0
31,2018-05-24,1.0,1.0,1.0,1.0,0.0,0.0,No,2,Durham,NC,0.3257142857142856,7.062857142857142,82.57142857142857,68.85714285714286,73.85714285714286,0.0,0.0
31,2018-05-31,1.0,1.0,1.0,1.0,1.0,0.0,No,2,Durham,NC,0.24571428571428572,6.71,83.85714285714286,68.71428571428571,75.0,0.0,0.0
31,2018-06-07,1.0,1.0,1.0,1.0,0.0,0.0,No,2,Durham,NC,0.04428571428571428,5.175714285714285,86.71428571428571,65.57142857142857,75.14285714285714,0.0,0.0
31,2018-06-15,1.0,1.0,1.0,1.0,0.0,0.0,No,2,Durham,NC,0.07428571428571429,5.301428571428572,85.71428571428571,66.28571428571429,75.71428571428571,0.0,0.0
31,2018-06-21,1.0,1.0,1.0,1.0,1.0,0.0,No,2,Durham,NC,0.0,5.015714285714286,92.0,70.57142857142857,81.28571428571429,0.0,0.0
31,2018-06-27,1.0,1.0,1.0,1.0,0.0,1.0,No,2,Durham,NC,0.16142857142857142,5.942857142857143,90.14285714285714,71.57142857142857,80.85714285714286,0.0,0.0
31,2018-07-03,1.0,1.0,1.0,1.0,1.0,1.0,Yes,2,Durham,NC,0.17714285714285713,4.792857142857144,89.42857142857143,69.71428571428571,79.71428571428571,0.0,0.0
31,2018-07-12,1.0,1.0,1.0,1.0,1.0,1.0,Yes,2,Durham,NC,0.15285714285714286,5.144285714285714,89.0,65.0,76.0,0.0,0.0
31,2018-07-18,1.0,1.0,1.0,1.0,0.0,1.0,No,2,Durham,NC,0.022857142857142857,6.5200000000000005,92.57142857142857,69.42857142857143,80.14285714285714,0.0,0.0
31,2018-07-26,1.0,1.0,1.0,1.0,0.0,1.0,No,2,Durham,NC,0.20142857142857146,6.614285714285715,87.0,68.42857142857143,76.71428571428571,0.0,0.0
31,2018-08-01,1.0,1.0,1.0,1.0,0.0,1.0,No,2,Durham,NC,0.3028571428571429,4.855714285714285,88.71428571428571,70.85714285714286,78.0,0.0,0.0
31,2018-08-08,1.0,1.0,1.0,1.0,1.0,1.0,Yes,2,Durham,NC,0.23571428571428574,5.6571428571428575,89.0,71.42857142857143,78.14285714285714,0.0,0.0
31,2018-08-15,1.0,1.0,1.0,0.0,0.0,1.0,No,2,Durham,NC,0.21428571428571427,3.8028571428571434,89.42857142857143,68.71428571428571,77.57142857142857,0.0,0.0
31,2018-08-23,1.0,1.0,1.0,1.0,0.0,1.0,No,2,Durham,NC,0.45714285714285713,7.094285714285713,88.71428571428571,70.14285714285714,78.42857142857143,0.0,0.0
31,2018-08-30,1.0,1.0,1.0,1.0,0.0,1.0,No,2,Durham,NC,0.0,4.664285714285714,87.71428571428571,63.714285714285715,75.42857142857143,0.0,0.0
31,2018-09-05,1.0,1.0,1.0,1.0,0.0,1.0,No,2,Durham,NC,0.06714285714285714,4.122857142857144,92.42857142857143,70.71428571428571,79.57142857142857,0.0,0.0
31,2018-09-19,1.0,1.0,1.0,1.0,0.0,1.0,No,2,Durham,NC,0.9971428571428572,12.30142857142857,82.0,72.57142857142857,76.28571428571429,0.0,0.0
31,2018-09-26,1.0,1.0,1.0,1.0,0.0,1.0,No,2,Durham,NC,0.0,4.282857142857143,83.0,66.57142857142857,74.14285714285714,0.0,0.0
31,2018-10-03,1.0,1.0,1.0,1.0,0.0,1.0,No,2,Durham,NC,0.049999999999999996,3.9628571428571435,81.85714285714286,63.42857142857143,72.0,0.0,0.0
31,2018-10-09,1.0,1.0,1.0,1.0,0.0,1.0,No,2,Durham,NC,0.0,3.672857142857143,86.0,66.0,74.42857142857143,0.0,0.0
31,2018-10-15,1.0,1.0,1.0,1.0,0.0,0.0,No,2,Durham,NC,0.39571428571428574,5.977142857142858,75.85714285714286,59.42857142857143,67.85714285714286,0.0,0.0
31,2018-10-23,0.0,1.0,1.0,1.0,0.0,0.0,No,2,Durham,NC,0.03142857142857143,4.791428571428571,66.28571428571429,46.285714285714285,57.714285714285715,0.0,0.0
32,2018-04-10,0.0,1.0,0.0,0.0,1.0,1.0,No,2,Durham,NC,0.14142857142857143,7.797142857142857,65.28571428571429,39.57142857142857,53.142857142857146,0.0,0.0
32,2018-04-18,0.0,1.0,0.0,1.0,1.0,1.0,No,2,Durham,NC,0.47285714285714286,12.017142857142858,72.28571428571429,46.857142857142854,60.0,0.0,0.0
32,2018-04-27,0.0,1.0,1.0,1.0,0.0,1.0,No,2,Durham,NC,0.14857142857142858,6.2299999999999995,68.14285714285714,45.285714285714285,57.285714285714285,0.0,0.0
32,2018-05-02,0.0,1.0,1.0,1.0,1.0,1.0,No,2,Durham,NC,0.027142857142857142,4.602857142857142,73.57142857142857,46.857142857142854,60.857142857142854,0.0,0.0
32,2018-05-09,0.0,1.0,1.0,1.0,0.0,1.0,No,2,Durham,NC,0.022857142857142857,8.821428571428571,81.85714285714286,57.57142857142857,69.14285714285714,0.0,0.0
32,2018-05-24,1.0,1.0,1.0,1.0,1.0,0.0,No,2,Durham,NC,0.3257142857142856,7.062857142857142,82.57142857142857,68.85714285714286,73.85714285714286,0.0,0.0
32,2018-05-31,1.0,1.0,1.0,1.0,1.0,0.0,No,2,Durham,NC,0.24571428571428572,6.71,83.85714285714286,68.71428571428571,75.0,0.0,0.0
32,2018-06-07,1.0,1.0,1.0,1.0,1.0,0.0,No,2,Durham,NC,0.04428571428571428,5.175714285714285,86.71428571428571,65.57142857142857,75.14285714285714,0.0,0.0
32,2018-06-15,1.0,1.0,1.0,1.0,0.0,0.0,No,2,Durham,NC,0.07428571428571429,5.301428571428572,85.71428571428571,66.28571428571429,75.71428571428571,0.0,0.0
32,2018-06-21,1.0,1.0,1.0,1.0,1.0,0.0,No,2,Durham,NC,0.0,5.015714285714286,92.0,70.57142857142857,81.28571428571429,0.0,0.0
32,2018-06-27,1.0,1.0,1.0,1.0,0.0,1.0,No,2,Durham,NC,0.16142857142857142,5.942857142857143,90.14285714285714,71.57142857142857,80.85714285714286,0.0,0.0
32,2018-07-03,1.0,1.0,1.0,1.0,1.0,1.0,Yes,2,Durham,NC,0.17714285714285713,4.792857142857144,89.42857142857143,69.71428571428571,79.71428571428571,0.0,0.0
32,2018-07-12,1.0,1.0,1.0,1.0,1.0,1.0,Yes,2,Durham,NC,0.15285714285714286,5.144285714285714,89.0,65.0,76.0,0.0,0.0
32,2018-07-18,1.0,1.0,1.0,1.0,0.0,1.0,No,2,Durham,NC,0.022857142857142857,6.5200000000000005,92.57142857142857,69.42857142857143,80.14285714285714,0.0,0.0
32,2018-07-26,1.0,1.0,1.0,1.0,0.0,1.0,No,2,Durham,NC,0.20142857142857146,6.614285714285715,87.0,68.42857142857143,76.71428571428571,0.0,0.0
32,2018-08-01,1.0,1.0,1.0,1.0,1.0,1.0,Yes,2,Durham,NC,0.3028571428571429,4.855714285714285,88.71428571428571,70.85714285714286,78.0,0.0,0.0
32,2018-08-09,1.0,1.0,1.0,1.0,0.0,1.0,No,2,Durham,NC,0.2985714285714286,5.274285714285715,89.57142857142857,70.85714285714286,78.42857142857143,0.0,0.0
32,2018-08-15,1.0,1.0,1.0,0.0,0.0,1.0,No,2,Durham,NC,0.21428571428571427,3.8028571428571434,89.42857142857143,68.71428571428571,77.57142857142857,0.0,0.0
32,2018-08-23,1.0,1.0,1.0,1.0,0.0,1.0,No,2,Durham,NC,0.45714285714285713,7.094285714285713,88.71428571428571,70.14285714285714,78.42857142857143,0.0,0.0
32,2018-08-30,1.0,1.0,1.0,1.0,0.0,1.0,No,2,Durham,NC,0.0,4.664285714285714,87.71428571428571,63.714285714285715,75.42857142857143,0.0,0.0
32,2018-09-05,1.0,1.0,1.0,1.0,0.0,1.0,No,2,Durham,NC,0.06714285714285714,4.122857142857144,92.42857142857143,70.71428571428571,79.57142857142857,0.0,0.0
32,2018-09-19,1.0,1.0,1.0,1.0,0.0,1.0,No,2,Durham,NC,0.9971428571428572,12.30142857142857,82.0,72.57142857142857,76.28571428571429,0.0,0.0
32,2018-09-26,1.0,1.0,1.0,1.0,0.0,1.0,No,2,Durham,NC,0.0,4.282857142857143,83.0,66.57142857142857,74.14285714285714,0.0,0.0
32,2018-10-03,1.0,1.0,1.0,1.0,0.0,1.0,No,2,Durham,NC,0.049999999999999996,3.9628571428571435,81.85714285714286,63.42857142857143,72.0,0.0,0.0
32,2018-10-09,1.0,1.0,1.0,1.0,0.0,1.0,No,2,Durham,NC,0.0,3.672857142857143,86.0,66.0,74.42857142857143,0.0,0.0
32,2018-10-15,1.0,1.0,1.0,1.0,0.0,1.0,No,2,Durham,NC,0.39571428571428574,5.977142857142858,75.85714285714286,59.42857142857143,67.85714285714286,0.0,0.0
32,2018-10-23,1.0,1.0,1.0,1.0,0.0,1.0,No,2,Durham,NC,0.03142857142857143,4.791428571428571,66.28571428571429,46.285714285714285,57.714285714285715,0.0,0.0
33,2018-04-27,0.0,0.0,1.0,1.0,1.0,0.0,No,2,Durham,NC,0.14857142857142858,6.2299999999999995,68.14285714285714,45.285714285714285,57.285714285714285,0.0,0.0
33,2018-07-03,0.0,0.0,0.0,0.0,0.0,0.0,No,2,Durham,NC,0.17714285714285713,4.792857142857144,89.42857142857143,69.71428571428571,79.71428571428571,0.0,0.0
33,2018-07-10,0.0,0.0,0.0,0.0,0.0,0.0,No,2,Durham,NC,0.1457142857142857,5.944285714285714,89.14285714285714,68.0,77.57142857142857,0.0,0.0
33,2018-07-18,0.0,0.0,0.0,0.0,0.0,0.0,No,2,Durham,NC,0.022857142857142857,6.5200000000000005,92.57142857142857,69.42857142857143,80.14285714285714,0.0,0.0
33,2018-07-26,0.0,0.0,0.0,1.0,0.0,0.0,No,2,Durham,NC,0.20142857142857146,6.614285714285715,87.0,68.42857142857143,76.71428571428571,0.0,0.0
33,2018-08-01,0.0,1.0,0.0,1.0,1.0,1.0,No,2,Durham,NC,0.3028571428571429,4.855714285714285,88.71428571428571,70.85714285714286,78.0,0.0,0.0
33,2018-08-08,0.0,1.0,0.0,1.0,1.0,1.0,No,2,Durham,NC,0.23571428571428574,5.6571428571428575,89.0,71.42857142857143,78.14285714285714,0.0,0.0
33,2018-08-14,0.0,1.0,1.0,1.0,0.0,1.0,No,2,Durham,NC,0.22571428571428573,4.409999999999999,90.42857142857143,69.57142857142857,78.57142857142857,0.0,0.0
33,2018-08-23,1.0,1.0,1.0,1.0,1.0,1.0,Yes,2,Durham,NC,0.45714285714285713,7.094285714285713,88.71428571428571,70.14285714285714,78.42857142857143,0.0,0.0
33,2018-08-30,1.0,1.0,1.0,1.0,0.0,0.0,No,2,Durham,NC,0.0,4.664285714285714,87.71428571428571,63.714285714285715,75.42857142857143,0.0,0.0
33,2018-09-05,1.0,1.0,1.0,1.0,0.0,1.0,No,2,Durham,NC,0.06714285714285714,4.122857142857144,92.42857142857143,70.71428571428571,79.57142857142857,0.0,0.0
33,2018-09-19,1.0,1.0,1.0,1.0,0.0,1.0,No,2,Durham,NC,0.9971428571428572,12.30142857142857,82.0,72.57142857142857,76.28571428571429,0.0,0.0
33,2018-09-26,1.0,1.0,1.0,1.0,0.0,1.0,No,2,Durham,NC,0.0,4.282857142857143,83.0,66.57142857142857,74.14285714285714,0.0,0.0
33,2018-10-03,1.0,1.0,1.0,1.0,0.0,1.0,No,2,Durham,NC,0.049999999999999996,3.9628571428571435,81.85714285714286,63.42857142857143,72.0,0.0,0.0
33,2018-10-09,1.0,1.0,1.0,1.0,0.0,1.0,No,2,Durham,NC,0.0,3.672857142857143,86.0,66.0,74.42857142857143,0.0,0.0
33,2018-10-15,1.0,1.0,1.0,1.0,0.0,1.0,No,2,Durham,NC,0.39571428571428574,5.977142857142858,75.85714285714286,59.42857142857143,67.85714285714286,0.0,0.0
33,2018-10-23,0.0,1.0,1.0,1.0,1.0,1.0,No,2,Durham,NC,0.03142857142857143,4.791428571428571,66.28571428571429,46.285714285714285,57.714285714285715,0.0,0.0
33,2018-10-31,1.0,1.0,1.0,1.0,0.0,1.0,No,2,Durham,NC,0.22714285714285715,5.175714285714285,59.57142857142857,39.857142857142854,49.857142857142854,0.0,0.0
34,2018-04-27,0.0,0.0,1.0,0.0,0.0,0.0,No,2,Durham,NC,0.14857142857142858,6.2299999999999995,68.14285714285714,45.285714285714285,57.285714285714285,0.0,0.0
34,2018-06-15,0.0,1.0,0.0,0.0,0.0,0.0,No,2,Durham,NC,0.07428571428571429,5.301428571428572,85.71428571428571,66.28571428571429,75.71428571428571,0.0,0.0
34,2018-06-21,0.0,1.0,1.0,1.0,1.0,1.0,No,2,Durham,NC,0.0,5.015714285714286,92.0,70.57142857142857,81.28571428571429,0.0,0.0
34,2018-06-27,0.0,1.0,0.0,1.0,0.0,1.0,No,2,Durham,NC,0.16142857142857142,5.942857142857143,90.14285714285714,71.57142857142857,80.85714285714286,0.0,0.0
34,2018-07-03,0.0,1.0,1.0,1.0,0.0,1.0,No,2,Durham,NC,0.17714285714285713,4.792857142857144,89.42857142857143,69.71428571428571,79.71428571428571,0.0,0.0
34,2018-07-10,1.0,1.0,1.0,1.0,1.0,1.0,Yes,2,Durham,NC,0.1457142857142857,5.944285714285714,89.14285714285714,68.0,77.57142857142857,0.0,0.0
35,2018-04-12,0.0,1.0,0.0,1.0,1.0,1.0,No,2,Durham,NC,0.14142857142857143,6.2628571428571425,61.285714285714285,37.285714285714285,49.285714285714285,0.0,0.0
35,2018-04-18,0.0,1.0,1.0,1.0,1.0,1.0,No,2,Durham,NC,0.47285714285714286,12.017142857142858,72.28571428571429,46.857142857142854,60.0,0.0,0.0
35,2018-04-27,0.0,1.0,1.0,1.0,0.0,1.0,No,2,Durham,NC,0.14857142857142858,6.2299999999999995,68.14285714285714,45.285714285714285,57.285714285714285,0.0,0.0
35,2018-05-02,1.0,1.0,1.0,1.0,1.0,1.0,Yes,2,Durham,NC,0.027142857142857142,4.602857142857142,73.57142857142857,46.857142857142854,60.857142857142854,0.0,0.0
35,2018-05-09,1.0,1.0,1.0,1.0,1.0,1.0,Yes,2,Durham,NC,0.022857142857142857,8.821428571428571,81.85714285714286,57.57142857142857,69.14285714285714,0.0,0.0
35,2018-05-24,1.0,1.0,1.0,1.0,0.0,0.0,No,2,Durham,NC,0.3257142857142856,7.062857142857142,82.57142857142857,68.85714285714286,73.85714285714286,0.0,0.0
35,2018-05-31,1.0,1.0,1.0,1.0,1.0,1.0,Yes,2,Durham,NC,0.24571428571428572,6.71,83.85714285714286,68.71428571428571,75.0,0.0,0.0
35,2018-06-07,1.0,1.0,1.0,1.0,1.0,0.0,No,2,Durham,NC,0.04428571428571428,5.175714285714285,86.71428571428571,65.57142857142857,75.14285714285714,0.0,0.0
35,2018-06-15,0.0,1.0,0.0,1.0,0.0,0.0,No,2,Durham,NC,0.07428571428571429,5.301428571428572,85.71428571428571,66.28571428571429,75.71428571428571,0.0,0.0
35,2018-06-21,0.0,1.0,0.0,1.0,0.0,1.0,No,2,Durham,NC,0.0,5.015714285714286,92.0,70.57142857142857,81.28571428571429,0.0,0.0
35,2018-06-27,0.0,1.0,0.0,1.0,0.0,1.0,No,2,Durham,NC,0.16142857142857142,5.942857142857143,90.14285714285714,71.57142857142857,80.85714285714286,0.0,0.0
35,2018-07-03,0.0,1.0,1.0,1.0,0.0,1.0,No,2,Durham,NC,0.17714285714285713,4.792857142857144,89.42857142857143,69.71428571428571,79.71428571428571,0.0,0.0
35,2018-07-12,1.0,1.0,1.0,1.0,0.0,0.0,No,2,Durham,NC,0.15285714285714286,5.144285714285714,89.0,65.0,76.0,0.0,0.0
35,2018-07-18,1.0,1.0,1.0,1.0,0.0,0.0,No,2,Durham,NC,0.022857142857142857,6.5200000000000005,92.57142857142857,69.42857142857143,80.14285714285714,0.0,0.0
35,2018-07-26,1.0,1.0,1.0,1.0,0.0,1.0,No,2,Durham,NC,0.20142857142857146,6.614285714285715,87.0,68.42857142857143,76.71428571428571,0.0,0.0
35,2018-08-01,1.0,1.0,1.0,1.0,0.0,1.0,No,2,Durham,NC,0.3028571428571429,4.855714285714285,88.71428571428571,70.85714285714286,78.0,0.0,0.0
35,2018-08-08,1.0,1.0,1.0,1.0,1.0,1.0,Yes,2,Durham,NC,0.23571428571428574,5.6571428571428575,89.0,71.42857142857143,78.14285714285714,0.0,0.0
35,2018-08-15,1.0,1.0,1.0,0.0,0.0,1.0,No,2,Durham,NC,0.21428571428571427,3.8028571428571434,89.42857142857143,68.71428571428571,77.57142857142857,0.0,0.0
36,2018-04-10,1.0,1.0,1.0,1.0,1.0,1.0,Yes,2,Durham,NC,0.14142857142857143,7.797142857142857,65.28571428571429,39.57142857142857,53.142857142857146,0.0,0.0
36,2018-04-18,0.0,1.0,0.0,1.0,1.0,0.0,No,2,Durham,NC,0.47285714285714286,12.017142857142858,72.28571428571429,46.857142857142854,60.0,0.0,0.0
36,2018-04-27,1.0,1.0,1.0,1.0,1.0,0.0,No,2,Durham,NC,0.14857142857142858,6.2299999999999995,68.14285714285714,45.285714285714285,57.285714285714285,0.0,0.0
36,2018-05-02,1.0,1.0,0.0,1.0,1.0,0.0,No,2,Durham,NC,0.027142857142857142,4.602857142857142,73.57142857142857,46.857142857142854,60.857142857142854,0.0,0.0
36,2018-05-09,1.0,1.0,0.0,1.0,1.0,0.0,No,2,Durham,NC,0.022857142857142857,8.821428571428571,81.85714285714286,57.57142857142857,69.14285714285714,0.0,0.0
36,2018-05-22,1.0,1.0,0.0,1.0,1.0,1.0,No,2,Durham,NC,0.43,7.445714285714287,82.71428571428571,69.0,74.28571428571429,0.0,0.0
36,2018-06-01,1.0,1.0,0.0,1.0,1.0,1.0,No,2,Durham,NC,0.24571428571428572,6.742857142857141,84.42857142857143,69.14285714285714,75.0,0.0,0.0
36,2018-06-07,1.0,1.0,0.0,1.0,1.0,1.0,No,2,Durham,NC,0.04428571428571428,5.175714285714285,86.71428571428571,65.57142857142857,75.14285714285714,0.0,0.0
36,2018-06-15,1.0,1.0,0.0,1.0,0.0,0.0,No,2,Durham,NC,0.07428571428571429,5.301428571428572,85.71428571428571,66.28571428571429,75.71428571428571,0.0,0.0
36,2018-06-21,1.0,1.0,0.0,1.0,1.0,1.0,No,2,Durham,NC,0.0,5.015714285714286,92.0,70.57142857142857,81.28571428571429,0.0,0.0
36,2018-06-27,1.0,1.0,0.0,1.0,0.0,1.0,No,2,Durham,NC,0.16142857142857142,5.942857142857143,90.14285714285714,71.57142857142857,80.85714285714286,0.0,0.0
36,2018-07-03,1.0,1.0,0.0,1.0,1.0,1.0,No,2,Durham,NC,0.17714285714285713,4.792857142857144,89.42857142857143,69.71428571428571,79.71428571428571,0.0,0.0
36,2018-07-10,1.0,1.0,0.0,1.0,0.0,0.0,No,2,Durham,NC,0.1457142857142857,5.944285714285714,89.14285714285714,68.0,77.57142857142857,0.0,0.0
37,2018-06-15,1.0,1.0,1.0,1.0,0.0,0.0,No,2,Durham,NC,0.07428571428571429,5.301428571428572,85.71428571428571,66.28571428571429,75.71428571428571,0.0,0.0
37,2018-06-21,1.0,1.0,0.0,1.0,1.0,1.0,No,2,Durham,NC,0.0,5.015714285714286,92.0,70.57142857142857,81.28571428571429,0.0,0.0
37,2018-06-27,1.0,1.0,0.0,1.0,1.0,1.0,No,2,Durham,NC,0.16142857142857142,5.942857142857143,90.14285714285714,71.57142857142857,80.85714285714286,0.0,0.0
37,2018-07-03,1.0,1.0,0.0,1.0,0.0,1.0,No,2,Durham,NC,0.17714285714285713,4.792857142857144,89.42857142857143,69.71428571428571,79.71428571428571,0.0,0.0
37,2018-07-10,1.0,1.0,0.0,1.0,0.0,1.0,No,2,Durham,NC,0.1457142857142857,5.944285714285714,89.14285714285714,68.0,77.57142857142857,0.0,0.0
39,2018-07-24,1.0,0.0,1.0,1.0,0.0,1.0,No,2,Durham,NC,0.17714285714285719,7.19,89.71428571428571,69.0,77.71428571428571,0.0,0.0
40,2016-04-19,0.0,0.0,0.0,0.0,0.0,1.0,No,3,Clayton,NC,0.12142857142857143,6.710000000000001,69.57142857142857,41.714285714285715,56.57142857142857,0.0,0.0
40,2016-04-22,0.0,0.0,1.0,1.0,1.0,1.0,No,3,Clayton,NC,0.0,6.200000000000001,76.71428571428571,45.285714285714285,61.142857142857146,0.0,0.0
40,2016-04-26,0.0,0.0,1.0,1.0,1.0,1.0,No,3,Clayton,NC,0.1457142857142857,7.062857142857142,78.28571428571429,55.57142857142857,66.28571428571429,0.0,0.0
40,2016-04-29,1.0,1.0,1.0,1.0,1.0,1.0,Yes,3,Clayton,NC,0.2542857142857143,7.445714285714287,80.0,59.0,68.28571428571429,0.0,0.0
40,2016-05-03,1.0,1.0,1.0,1.0,1.0,1.0,Yes,3,Clayton,NC,0.14714285714285716,7.892857142857143,80.42857142857143,61.42857142857143,69.14285714285714,0.0,0.0
40,2016-05-10,1.0,1.0,1.0,1.0,1.0,1.0,Yes,3,Clayton,NC,0.27428571428571435,4.217142857142857,74.14285714285714,55.0,63.857142857142854,0.0,0.0
40,2016-05-13,1.0,1.0,1.0,1.0,1.0,1.0,Yes,3,Clayton,NC,0.1942857142857143,4.632857142857143,79.0,58.57142857142857,67.85714285714286,0.0,0.0
40,2016-05-18,1.0,1.0,1.0,1.0,1.0,1.0,Yes,3,Clayton,NC,0.11857142857142858,4.408571428571428,76.14285714285714,55.0,66.0,0.0,0.0
40,2016-05-25,1.0,1.0,1.0,1.0,1.0,1.0,Yes,3,Clayton,NC,0.10142857142857142,4.504285714285714,70.71428571428571,55.142857142857146,62.57142857142857,0.0,0.0
40,2016-06-01,1.0,1.0,1.0,1.0,1.0,1.0,Yes,3,Clayton,NC,0.35000000000000003,5.24,85.14285714285714,64.42857142857143,74.42857142857143,0.0,0.0
40,2016-06-08,1.0,1.0,1.0,1.0,1.0,1.0,Yes,3,Clayton,NC,0.20857142857142857,5.687142857142858,88.0,69.14285714285714,77.42857142857143,0.0,0.0
40,2016-06-15,1.0,1.0,1.0,1.0,1.0,1.0,Yes,3,Clayton,NC,0.0,4.825714285714285,86.85714285714286,61.285714285714285,75.14285714285714,0.0,0.0
40,2016-06-23,1.0,1.0,1.0,1.0,1.0,1.0,Yes,3,Clayton,NC,0.03142857142857143,6.5514285714285725,87.42857142857143,64.28571428571429,76.0,0.0,0.0
40,2016-06-30,1.0,1.0,1.0,1.0,1.0,1.0,Yes,3,Clayton,NC,0.5542857142857144,4.6657142857142855,86.57142857142857,68.0,76.85714285714286,0.0,0.0
40,2016-07-12,1.0,1.0,1.0,1.0,1.0,1.0,Yes,3,Clayton,NC,0.10428571428571429,5.305714285714286,91.71428571428571,71.28571428571429,80.14285714285714,0.0,0.0
40,2016-07-21,1.0,1.0,1.0,1.0,1.0,1.0,Yes,3,Clayton,NC,0.5085714285714286,5.305714285714286,91.71428571428571,71.14285714285714,80.85714285714286,0.0,0.0
40,2016-07-26,1.0,1.0,1.0,1.0,1.0,1.0,Yes,3,Clayton,NC,0.0,5.751428571428572,93.0,72.85714285714286,82.57142857142857,0.0,0.0
40,2016-08-09,1.0,1.0,1.0,1.0,1.0,1.0,Yes,3,Clayton,NC,0.3442857142857143,6.038571428571429,88.85714285714286,72.71428571428571,79.28571428571429,0.0,0.0
40,2016-08-24,1.0,1.0,1.0,1.0,1.0,1.0,Yes,3,Clayton,NC,0.054285714285714284,4.345714285714285,91.71428571428571,72.0,80.71428571428571,0.0,0.0
40,2016-08-31,1.0,1.0,1.0,1.0,0.0,0.0,No,3,Clayton,NC,0.025714285714285714,4.792857142857143,92.57142857142857,69.0,80.0,0.0,0.0
40,2016-09-08,1.0,1.0,1.0,1.0,0.0,1.0,No,3,Clayton,NC,0.2257142857142857,5.5928571428571425,86.0,63.714285714285715,74.0,0.0,0.0
40,2016-09-13,1.0,1.0,1.0,1.0,0.0,1.0,No,3,Clayton,NC,0.0,6.102857142857144,92.28571428571429,68.85714285714286,79.85714285714286,0.0,0.0
40,2016-09-19,1.0,1.0,1.0,1.0,1.0,1.0,Yes,3,Clayton,NC,0.008571428571428572,5.432857142857142,88.85714285714286,67.14285714285714,77.0,0.0,0.0
40,2016-10-03,1.0,1.0,1.0,1.0,0.0,1.0,No,3,Clayton,NC,0.13285714285714287,4.984285714285713,81.0,66.0,72.28571428571429,0.0,0.0
40,2016-10-10,1.0,1.0,1.0,1.0,0.0,1.0,No,3,Clayton,NC,0.9942857142857143,9.299999999999999,73.71428571428571,60.42857142857143,67.0,0.0,0.0
40,2016-10-17,1.0,1.0,1.0,1.0,0.0,1.0,No,3,Clayton,NC,0.0,3.1,72.57142857142857,48.57142857142857,59.285714285714285,0.0,0.0
40,2016-10-24,1.0,1.0,1.0,1.0,0.0,1.0,No,3,Clayton,NC,0.0,5.945714285714286,78.85714285714286,54.0,66.14285714285714,0.0,0.0
41,2016-04-19,0.0,0.0,0.0,0.0,0.0,1.0,No,3,Clayton,NC,0.12142857142857143,6.710000000000001,69.57142857142857,41.714285714285715,56.57142857142857,0.0,0.0
41,2016-04-22,0.0,0.0,1.0,1.0,1.0,1.0,No,3,Clayton,NC,0.0,6.200000000000001,76.71428571428571,45.285714285714285,61.142857142857146,0.0,0.0
41,2016-04-26,0.0,0.0,1.0,1.0,1.0,1.0,No,3,Clayton,NC,0.1457142857142857,7.062857142857142,78.28571428571429,55.57142857142857,66.28571428571429,0.0,0.0
41,2016-04-29,0.0,0.0,1.0,1.0,1.0,1.0,No,3,Clayton,NC,0.2542857142857143,7.445714285714287,80.0,59.0,68.28571428571429,0.0,0.0
41,2016-05-03,1.0,0.0,1.0,1.0,1.0,1.0,No,3,Clayton,NC,0.14714285714285716,7.892857142857143,80.42857142857143,61.42857142857143,69.14285714285714,0.0,0.0
41,2016-05-10,1.0,1.0,1.0,1.0,0.0,1.0,No,3,Clayton,NC,0.27428571428571435,4.217142857142857,74.14285714285714,55.0,63.857142857142854,0.0,0.0
41,2016-05-13,1.0,1.0,1.0,1.0,1.0,1.0,Yes,3,Clayton,NC,0.1942857142857143,4.632857142857143,79.0,58.57142857142857,67.85714285714286,0.0,0.0
41,2016-05-18,1.0,1.0,1.0,1.0,1.0,1.0,Yes,3,Clayton,NC,0.11857142857142858,4.408571428571428,76.14285714285714,55.0,66.0,0.0,0.0
41,2016-05-25,1.0,1.0,1.0,1.0,1.0,1.0,Yes,3,Clayton,NC,0.10142857142857142,4.504285714285714,70.71428571428571,55.142857142857146,62.57142857142857,0.0,0.0
41,2016-06-01,1.0,1.0,1.0,1.0,1.0,1.0,Yes,3,Clayton,NC,0.35000000000000003,5.24,85.14285714285714,64.42857142857143,74.42857142857143,0.0,0.0
41,2016-06-08,1.0,1.0,1.0,1.0,1.0,1.0,Yes,3,Clayton,NC,0.20857142857142857,5.687142857142858,88.0,69.14285714285714,77.42857142857143,0.0,0.0
41,2016-06-15,1.0,1.0,1.0,1.0,1.0,1.0,Yes,3,Clayton,NC,0.0,4.825714285714285,86.85714285714286,61.285714285714285,75.14285714285714,0.0,0.0
41,2016-06-23,1.0,1.0,1.0,1.0,1.0,1.0,Yes,3,Clayton,NC,0.03142857142857143,6.5514285714285725,87.42857142857143,64.28571428571429,76.0,0.0,0.0
41,2016-06-30,1.0,1.0,1.0,1.0,1.0,1.0,Yes,3,Clayton,NC,0.5542857142857144,4.6657142857142855,86.57142857142857,68.0,76.85714285714286,0.0,0.0
41,2016-07-12,1.0,1.0,1.0,1.0,1.0,1.0,Yes,3,Clayton,NC,0.10428571428571429,5.305714285714286,91.71428571428571,71.28571428571429,80.14285714285714,0.0,0.0
41,2016-07-26,1.0,1.0,1.0,1.0,1.0,1.0,Yes,3,Clayton,NC,0.0,5.751428571428572,93.0,72.85714285714286,82.57142857142857,0.0,0.0
41,2016-08-09,1.0,1.0,1.0,1.0,1.0,1.0,Yes,3,Clayton,NC,0.3442857142857143,6.038571428571429,88.85714285714286,72.71428571428571,79.28571428571429,0.0,0.0
41,2016-08-24,1.0,1.0,1.0,1.0,1.0,1.0,Yes,3,Clayton,NC,0.054285714285714284,4.345714285714285,91.71428571428571,72.0,80.71428571428571,0.0,0.0
41,2016-08-31,0.0,1.0,1.0,1.0,0.0,0.0,No,3,Clayton,NC,0.025714285714285714,4.792857142857143,92.57142857142857,69.0,80.0,0.0,0.0
41,2016-09-08,1.0,1.0,1.0,1.0,0.0,1.0,No,3,Clayton,NC,0.2257142857142857,5.5928571428571425,86.0,63.714285714285715,74.0,0.0,0.0
41,2016-09-13,1.0,1.0,1.0,1.0,0.0,1.0,No,3,Clayton,NC,0.0,6.102857142857144,92.28571428571429,68.85714285714286,79.85714285714286,0.0,0.0
41,2016-09-19,1.0,1.0,1.0,1.0,0.0,1.0,No,3,Clayton,NC,0.008571428571428572,5.432857142857142,88.85714285714286,67.14285714285714,77.0,0.0,0.0
41,2016-10-03,1.0,1.0,1.0,1.0,0.0,1.0,No,3,Clayton,NC,0.13285714285714287,4.984285714285713,81.0,66.0,72.28571428571429,0.0,0.0
41,2016-10-10,1.0,1.0,0.0,1.0,0.0,1.0,No,3,Clayton,NC,0.9942857142857143,9.299999999999999,73.71428571428571,60.42857142857143,67.0,0.0,0.0
41,2016-10-17,1.0,1.0,1.0,1.0,0.0,1.0,No,3,Clayton,NC,0.0,3.1,72.57142857142857,48.57142857142857,59.285714285714285,0.0,0.0
41,2016-10-24,1.0,1.0,0.0,1.0,0.0,1.0,No,3,Clayton,NC,0.0,5.945714285714286,78.85714285714286,54.0,66.14285714285714,0.0,0.0
42,2016-04-19,0.0,0.0,0.0,0.0,0.0,1.0,No,3,Clayton,NC,0.12142857142857143,6.710000000000001,69.57142857142857,41.714285714285715,56.57142857142857,0.0,0.0
42,2016-04-22,0.0,0.0,0.0,1.0,1.0,1.0,No,3,Clayton,NC,0.0,6.200000000000001,76.71428571428571,45.285714285714285,61.142857142857146,0.0,0.0
42,2016-04-26,0.0,0.0,0.0,1.0,1.0,1.0,No,3,Clayton,NC,0.1457142857142857,7.062857142857142,78.28571428571429,55.57142857142857,66.28571428571429,0.0,0.0
42,2016-05-03,0.0,0.0,0.0,1.0,1.0,1.0,No,3,Clayton,NC,0.14714285714285716,7.892857142857143,80.42857142857143,61.42857142857143,69.14285714285714,0.0,0.0
42,2016-05-10,0.0,0.0,0.0,1.0,0.0,1.0,No,3,Clayton,NC,0.27428571428571435,4.217142857142857,74.14285714285714,55.0,63.857142857142854,0.0,0.0
43,2017-10-23,1.0,1.0,0.0,1.0,0.0,1.0,No,4,Durham,NC,0.03571428571428571,3.13,73.14285714285714,44.857142857142854,58.57142857142857,0.0,0.0
44,2018-07-12,1.0,1.0,1.0,1.0,1.0,1.0,Yes,4,Durham,NC,0.15285714285714286,5.144285714285714,89.0,65.0,76.0,0.0,0.0
44,2018-08-02,1.0,1.0,0.0,0.0,1.0,1.0,No,4,Durham,NC,0.2671428571428571,5.622857142857143,89.85714285714286,71.42857142857143,78.28571428571429,0.0,0.0
44,2018-08-08,0.0,1.0,0.0,1.0,1.0,0.0,No,4,Durham,NC,0.23571428571428574,5.6571428571428575,89.0,71.42857142857143,78.14285714285714,0.0,0.0
44,2018-08-23,1.0,1.0,1.0,1.0,1.0,0.0,No,4,Durham,NC,0.45714285714285713,7.094285714285713,88.71428571428571,70.14285714285714,78.42857142857143,0.0,0.0
44,2018-09-05,1.0,1.0,1.0,1.0,1.0,1.0,Yes,4,Durham,NC,0.06714285714285714,4.122857142857144,92.42857142857143,70.71428571428571,79.57142857142857,0.0,0.0
44,2018-09-18,1.0,1.0,1.0,1.0,1.0,0.0,No,4,Durham,NC,0.9971428571428572,11.727142857142857,82.42857142857143,72.14285714285714,76.0,0.0,0.0
44,2018-09-27,1.0,1.0,1.0,1.0,0.0,1.0,No,4,Durham,NC,0.017142857142857144,4.7942857142857145,82.85714285714286,66.71428571428571,74.0,0.0,0.0
44,2018-10-08,1.0,1.0,1.0,1.0,1.0,1.0,Yes,4,Durham,NC,0.0,3.0657142857142854,85.57142857142857,64.71428571428571,73.57142857142857,0.0,0.0
44,2018-10-30,1.0,1.0,1.0,1.0,1.0,1.0,Yes,4,Durham,NC,0.22714285714285715,5.687142857142858,59.714285714285715,40.857142857142854,50.285714285714285,0.0,0.0
44,2018-11-07,1.0,1.0,1.0,1.0,1.0,0.0,No,4,Durham,NC,0.14285714285714285,7.861428571428571,68.42857142857143,49.142857142857146,59.142857142857146,0.0,0.0
44,2018-12-03,1.0,1.0,0.0,1.0,1.0,1.0,No,4,Durham,NC,0.049999999999999996,7.315714285714286,57.857142857142854,38.857142857142854,47.285714285714285,0.0,3.0
45,2018-07-12,1.0,1.0,1.0,1.0,1.0,0.0,No,4,Durham,NC,0.15285714285714286,5.144285714285714,89.0,65.0,76.0,0.0,0.0
45,2018-07-31,0.0,1.0,0.0,0.0,0.0,1.0,No,4,Durham,NC,0.2714285714285714,5.142857142857143,88.57142857142857,70.57142857142857,77.85714285714286,0.0,0.0
45,2018-09-05,1.0,1.0,1.0,1.0,1.0,1.0,Yes,4,Durham,NC,0.06714285714285714,4.122857142857144,92.42857142857143,70.71428571428571,79.57142857142857,0.0,0.0
45,2018-09-11,1.0,1.0,1.0,1.0,1.0,1.0,Yes,4,Durham,NC,0.0642857142857143,3.642857142857143,89.42857142857143,70.0,78.42857142857143,0.0,0.0
45,2018-09-19,1.0,1.0,1.0,1.0,1.0,1.0,Yes,4,Durham,NC,0.9971428571428572,12.30142857142857,82.0,72.57142857142857,76.28571428571429,0.0,0.0
45,2018-09-27,0.0,1.0,1.0,1.0,0.0,1.0,No,4,Durham,NC,0.017142857142857144,4.7942857142857145,82.85714285714286,66.71428571428571,74.0,0.0,0.0
45,2018-10-08,1.0,1.0,1.0,1.0,0.0,1.0,No,4,Durham,NC,0.0,3.0657142857142854,85.57142857142857,64.71428571428571,73.57142857142857,0.0,0.0
45,2018-10-30,1.0,1.0,1.0,1.0,1.0,1.0,Yes,4,Durham,NC,0.22714285714285715,5.687142857142858,59.714285714285715,40.857142857142854,50.285714285714285,0.0,0.0
45,2018-11-07,1.0,1.0,1.0,1.0,1.0,0.0,No,4,Durham,NC,0.14285714285714285,7.861428571428571,68.42857142857143,49.142857142857146,59.142857142857146,0.0,0.0
45,2018-12-03,1.0,1.0,0.0,1.0,1.0,1.0,No,4,Durham,NC,0.049999999999999996,7.315714285714286,57.857142857142854,38.857142857142854,47.285714285714285,0.0,3.0
46,2018-03-16,1.0,1.0,1.0,0.0,1.0,1.0,No,4,Durham,NC,0.16142857142857145,7.158571428571429,50.285714285714285,31.0,40.57142857142857,0.19999999999999998,4.0
46,2018-03-29,1.0,1.0,1.0,0.0,1.0,1.0,No,4,Durham,NC,0.1742857142857143,7.094285714285713,55.857142857142854,32.57142857142857,43.0,0.028571428571428574,2.0
46,2018-04-02,0.0,1.0,0.0,1.0,1.0,1.0,No,4,Durham,NC,0.005714285714285714,9.557142857142859,66.85714285714286,42.42857142857143,54.714285714285715,0.0,0.0
46,2018-04-05,0.0,1.0,0.0,1.0,1.0,1.0,No,4,Durham,NC,0.004285714285714286,10.260000000000002,74.71428571428571,47.42857142857143,62.42857142857143,0.0,0.0
46,2018-04-10,0.0,1.0,0.0,1.0,1.0,1.0,No,4,Durham,NC,0.14142857142857143,7.797142857142857,65.28571428571429,39.57142857142857,53.142857142857146,0.0,0.0
46,2018-04-13,1.0,1.0,1.0,1.0,1.0,1.0,Yes,4,Durham,NC,0.14142857142857143,7.732857142857142,63.285714285714285,38.714285714285715,50.57142857142857,0.0,0.0
46,2018-04-18,0.0,0.0,0.0,1.0,1.0,1.0,No,4,Durham,NC,0.47285714285714286,12.017142857142858,72.28571428571429,46.857142857142854,60.0,0.0,0.0
46,2018-04-26,0.0,0.0,0.0,1.0,1.0,0.0,No,4,Durham,NC,0.12285714285714286,7.315714285714285,68.28571428571429,44.857142857142854,58.57142857142857,0.0,0.0
47,2018-03-16,1.0,1.0,1.0,0.0,1.0,1.0,No,4,Durham,NC,0.16142857142857145,7.158571428571429,50.285714285714285,31.0,40.57142857142857,0.19999999999999998,4.0
47,2018-03-29,1.0,1.0,1.0,0.0,0.0,1.0,No,4,Durham,NC,0.1742857142857143,7.094285714285713,55.857142857142854,32.57142857142857,43.0,0.028571428571428574,2.0
47,2018-04-05,1.0,1.0,1.0,1.0,1.0,1.0,Yes,4,Durham,NC,0.004285714285714286,10.260000000000002,74.71428571428571,47.42857142857143,62.42857142857143,0.0,0.0
47,2018-04-10,1.0,1.0,1.0,1.0,1.0,1.0,Yes,4,Durham,NC,0.14142857142857143,7.797142857142857,65.28571428571429,39.57142857142857,53.142857142857146,0.0,0.0
47,2018-04-18,1.0,1.0,1.0,1.0,1.0,1.0,Yes,4,Durham,NC,0.47285714285714286,12.017142857142858,72.28571428571429,46.857142857142854,60.0,0.0,0.0
47,2018-04-26,1.0,1.0,1.0,1.0,1.0,1.0,Yes,4,Durham,NC,0.12285714285714286,7.315714285714285,68.28571428571429,44.857142857142854,58.57142857142857,0.0,0.0
47,2018-05-14,1.0,1.0,1.0,0.0,1.0,1.0,No,4,Durham,NC,0.025714285714285714,6.5200000000000005,84.42857142857143,58.42857142857143,71.0,0.0,0.0
47,2018-05-23,1.0,1.0,1.0,1.0,1.0,1.0,Yes,4,Durham,NC,0.4342857142857143,7.031428571428572,82.28571428571429,68.71428571428571,73.57142857142857,0.0,0.0
47,2018-06-11,1.0,1.0,1.0,0.0,1.0,1.0,No,4,Durham,NC,0.06142857142857144,4.3428571428571425,86.57142857142857,63.42857142857143,74.85714285714286,0.0,0.0
47,2018-06-28,1.0,1.0,0.0,0.0,1.0,1.0,No,4,Durham,NC,0.16142857142857142,5.815714285714286,89.0,70.42857142857143,79.42857142857143,0.0,0.0
47,2018-08-02,1.0,1.0,1.0,0.0,1.0,1.0,No,4,Durham,NC,0.2671428571428571,5.622857142857143,89.85714285714286,71.42857142857143,78.28571428571429,0.0,0.0
47,2018-08-08,1.0,1.0,1.0,0.0,1.0,1.0,No,4,Durham,NC,0.23571428571428574,5.6571428571428575,89.0,71.42857142857143,78.14285714285714,0.0,0.0
47,2018-08-23,1.0,1.0,1.0,0.0,1.0,1.0,No,4,Durham,NC,0.45714285714285713,7.094285714285713,88.71428571428571,70.14285714285714,78.42857142857143,0.0,0.0
47,2018-09-18,1.0,1.0,1.0,1.0,1.0,1.0,Yes,4,Durham,NC,0.9971428571428572,11.727142857142857,82.42857142857143,72.14285714285714,76.0,0.0,0.0
47,2018-09-26,1.0,1.0,1.0,1.0,1.0,1.0,Yes,4,Durham,NC,0.0,4.282857142857143,83.0,66.57142857142857,74.14285714285714,0.0,0.0
47,2018-10-08,1.0,1.0,1.0,0.0,1.0,1.0,No,4,Durham,NC,0.0,3.0657142857142854,85.57142857142857,64.71428571428571,73.57142857142857,0.0,0.0
47,2018-10-30,0.0,1.0,0.0,1.0,0.0,1.0,No,4,Durham,NC,0.22714285714285715,5.687142857142858,59.714285714285715,40.857142857142854,50.285714285714285,0.0,0.0
47,2018-11-06,1.0,1.0,1.0,1.0,1.0,1.0,Yes,4,Durham,NC,0.13857142857142857,6.967142857142858,67.14285714285714,46.0,56.857142857142854,0.0,0.0
47,2018-11-06,0.0,0.0,0.0,1.0,1.0,1.0,No,4,Durham,NC,0.13857142857142857,6.967142857142858,67.14285714285714,46.0,56.857142857142854,0.0,0.0
48,2018-03-16,0.0,1.0,0.0,1.0,1.0,1.0,No,4,Durham,NC,0.16142857142857145,7.158571428571429,50.285714285714285,31.0,40.57142857142857,0.19999999999999998,4.0
48,2018-04-02,0.0,1.0,0.0,1.0,1.0,1.0,No,4,Durham,NC,0.005714285714285714,9.557142857142859,66.85714285714286,42.42857142857143,54.714285714285715,0.0,0.0
48,2018-04-12,1.0,1.0,1.0,1.0,1.0,1.0,Yes,4,Durham,NC,0.14142857142857143,6.2628571428571425,61.285714285714285,37.285714285714285,49.285714285714285,0.0,0.0
48,2018-04-13,1.0,1.0,1.0,1.0,1.0,1.0,Yes,4,Durham,NC,0.14142857142857143,7.732857142857142,63.285714285714285,38.714285714285715,50.57142857142857,0.0,0.0
48,2018-04-26,1.0,1.0,1.0,1.0,1.0,1.0,Yes,4,Durham,NC,0.12285714285714286,7.315714285714285,68.28571428571429,44.857142857142854,58.57142857142857,0.0,0.0
48,2018-05-14,1.0,1.0,1.0,1.0,1.0,1.0,Yes,4,Durham,NC,0.025714285714285714,6.5200000000000005,84.42857142857143,58.42857142857143,71.0,0.0,0.0
48,2018-06-13,1.0,1.0,1.0,0.0,0.0,0.0,No,4,Durham,NC,0.10714285714285714,5.237142857142857,84.85714285714286,64.28571428571429,74.42857142857143,0.0,0.0
48,2018-06-28,0.0,1.0,1.0,0.0,1.0,1.0,No,4,Durham,NC,0.16142857142857142,5.815714285714286,89.0,70.42857142857143,79.42857142857143,0.0,0.0
48,2018-08-02,1.0,1.0,1.0,0.0,0.0,1.0,No,4,Durham,NC,0.2671428571428571,5.622857142857143,89.85714285714286,71.42857142857143,78.28571428571429,0.0,0.0
48,2018-08-08,1.0,1.0,1.0,0.0,1.0,1.0,No,4,Durham,NC,0.23571428571428574,5.6571428571428575,89.0,71.42857142857143,78.14285714285714,0.0,0.0
48,2018-08-23,1.0,1.0,1.0,0.0,1.0,0.0,No,4,Durham,NC,0.45714285714285713,7.094285714285713,88.71428571428571,70.14285714285714,78.42857142857143,0.0,0.0
48,2018-09-05,0.0,0.0,0.0,0.0,0.0,1.0,No,4,Durham,NC,0.06714285714285714,4.122857142857144,92.42857142857143,70.71428571428571,79.57142857142857,0.0,0.0
49,2018-03-16,0.0,1.0,0.0,1.0,1.0,1.0,No,4,Durham,NC,0.16142857142857145,7.158571428571429,50.285714285714285,31.0,40.57142857142857,0.19999999999999998,4.0
49,2018-03-29,0.0,0.0,0.0,0.0,0.0,1.0,No,4,Durham,NC,0.1742857142857143,7.094285714285713,55.857142857142854,32.57142857142857,43.0,0.028571428571428574,2.0
49,2018-04-02,0.0,1.0,0.0,1.0,1.0,1.0,No,4,Durham,NC,0.005714285714285714,9.557142857142859,66.85714285714286,42.42857142857143,54.714285714285715,0.0,0.0
49,2018-04-12,0.0,0.0,1.0,1.0,1.0,1.0,No,4,Durham,NC,0.14142857142857143,6.2628571428571425,61.285714285714285,37.285714285714285,49.285714285714285,0.0,0.0
49,2018-04-18,0.0,1.0,0.0,1.0,1.0,1.0,No,4,Durham,NC,0.47285714285714286,12.017142857142858,72.28571428571429,46.857142857142854,60.0,0.0,0.0
49,2018-04-23,0.0,0.0,0.0,1.0,1.0,1.0,No,4,Durham,NC,0.0,8.244285714285715,69.57142857142857,39.142857142857146,56.0,0.0,0.0
49,2018-04-25,0.0,0.0,0.0,1.0,0.0,0.0,No,4,Durham,NC,0.12285714285714286,8.147142857142857,70.28571428571429,43.57142857142857,58.0,0.0,0.0
49,2018-04-26,0.0,0.0,0.0,1.0,0.0,1.0,No,4,Durham,NC,0.12285714285714286,7.315714285714285,68.28571428571429,44.857142857142854,58.57142857142857,0.0,0.0
49,2018-05-03,1.0,1.0,1.0,1.0,1.0,1.0,Yes,4,Durham,NC,0.027142857142857142,5.498571428571429,76.0,47.142857142857146,61.714285714285715,0.0,0.0
49,2018-05-15,1.0,1.0,1.0,1.0,1.0,1.0,Yes,4,Durham,NC,0.025714285714285714,6.582857142857143,87.14285714285714,60.285714285714285,73.0,0.0,0.0
49,2018-05-23,1.0,1.0,1.0,1.0,1.0,1.0,Yes,4,Durham,NC,0.4342857142857143,7.031428571428572,82.28571428571429,68.71428571428571,73.57142857142857,0.0,0.0
49,2018-06-13,1.0,1.0,1.0,1.0,1.0,1.0,Yes,4,Durham,NC,0.10714285714285714,5.237142857142857,84.85714285714286,64.28571428571429,74.42857142857143,0.0,0.0
49,2018-06-28,0.0,1.0,0.0,1.0,1.0,0.0,No,4,Durham,NC,0.16142857142857142,5.815714285714286,89.0,70.42857142857143,79.42857142857143,0.0,0.0
49,2018-08-02,1.0,1.0,1.0,0.0,0.0,1.0,No,4,Durham,NC,0.2671428571428571,5.622857142857143,89.85714285714286,71.42857142857143,78.28571428571429,0.0,0.0
49,2018-08-08,1.0,1.0,1.0,1.0,1.0,1.0,Yes,4,Durham,NC,0.23571428571428574,5.6571428571428575,89.0,71.42857142857143,78.14285714285714,0.0,0.0
49,2018-08-23,1.0,1.0,1.0,1.0,1.0,1.0,Yes,4,Durham,NC,0.45714285714285713,7.094285714285713,88.71428571428571,70.14285714285714,78.42857142857143,0.0,0.0
49,2018-09-05,0.0,0.0,0.0,0.0,0.0,0.0,No,4,Durham,NC,0.06714285714285714,4.122857142857144,92.42857142857143,70.71428571428571,79.57142857142857,0.0,0.0
50,2017-08-30,1.0,1.0,1.0,1.0,1.0,1.0,Yes,4,Durham,NC,0.06571428571428571,7.732857142857142,82.42857142857143,67.14285714285714,74.28571428571429,0.0,0.0
50,2017-09-07,1.0,1.0,1.0,1.0,0.0,0.0,No,4,Durham,NC,0.23571428571428574,6.007142857142857,84.28571428571429,62.857142857142854,72.14285714285714,0.0,0.0
50,2017-09-12,1.0,1.0,1.0,0.0,0.0,1.0,No,4,Durham,NC,0.0842857142857143,6.805714285714286,77.0,55.857142857142854,66.0,0.0,0.0
50,2017-09-21,1.0,1.0,1.0,1.0,0.0,0.0,No,4,Durham,NC,0.0,4.5371428571428565,85.28571428571429,63.285714285714285,73.28571428571429,0.0,0.0
50,2017-10-02,1.0,1.0,1.0,1.0,0.0,1.0,No,4,Durham,NC,0.0,6.2957142857142845,81.85714285714286,60.714285714285715,71.0,0.0,0.0
50,2018-04-25,1.0,1.0,1.0,1.0,1.0,1.0,Yes,4,Durham,NC,0.12285714285714286,8.147142857142857,70.28571428571429,43.57142857142857,58.0,0.0,0.0
50,2018-05-14,0.0,1.0,0.0,1.0,1.0,1.0,No,4,Durham,NC,0.025714285714285714,6.5200000000000005,84.42857142857143,58.42857142857143,71.0,0.0,0.0
50,2018-05-23,1.0,1.0,1.0,1.0,1.0,1.0,Yes,4,Durham,NC,0.4342857142857143,7.031428571428572,82.28571428571429,68.71428571428571,73.57142857142857,0.0,0.0
50,2018-05-31,1.0,1.0,1.0,1.0,1.0,0.0,No,4,Durham,NC,0.24571428571428572,6.71,83.85714285714286,68.71428571428571,75.0,0.0,0.0
50,2018-06-04,1.0,1.0,1.0,1.0,1.0,1.0,Yes,4,Durham,NC,0.21000000000000002,5.527142857142858,85.42857142857143,69.71428571428571,76.0,0.0,0.0
50,2018-06-13,1.0,1.0,1.0,1.0,1.0,1.0,Yes,4,Durham,NC,0.10714285714285714,5.237142857142857,84.85714285714286,64.28571428571429,74.42857142857143,0.0,0.0
50,2018-06-26,1.0,1.0,1.0,1.0,1.0,1.0,Yes,4,Durham,NC,0.055714285714285716,5.751428571428571,93.28571428571429,72.57142857142857,82.42857142857143,0.0,0.0
50,2018-07-31,0.0,1.0,0.0,0.0,1.0,1.0,No,4,Durham,NC,0.2714285714285714,5.142857142857143,88.57142857142857,70.57142857142857,77.85714285714286,0.0,0.0
50,2018-08-06,1.0,1.0,1.0,1.0,1.0,1.0,Yes,4,Durham,NC,0.33428571428571424,5.688571428571428,87.28571428571429,71.71428571428571,77.14285714285714,0.0,0.0
50,2018-09-05,1.0,1.0,1.0,1.0,1.0,1.0,Yes,4,Durham,NC,0.06714285714285714,4.122857142857144,92.42857142857143,70.71428571428571,79.57142857142857,0.0,0.0
50,2018-09-19,1.0,1.0,1.0,1.0,1.0,1.0,Yes,4,Durham,NC,0.9971428571428572,12.30142857142857,82.0,72.57142857142857,76.28571428571429,0.0,0.0
50,2018-09-27,1.0,1.0,1.0,1.0,1.0,1.0,Yes,4,Durham,NC,0.017142857142857144,4.7942857142857145,82.85714285714286,66.71428571428571,74.0,0.0,0.0
50,2018-10-08,1.0,1.0,1.0,1.0,1.0,1.0,Yes,4,Durham,NC,0.0,3.0657142857142854,85.57142857142857,64.71428571428571,73.57142857142857,0.0,0.0
50,2018-10-30,1.0,1.0,1.0,1.0,1.0,1.0,Yes,4,Durham,NC,0.22714285714285715,5.687142857142858,59.714285714285715,40.857142857142854,50.285714285714285,0.0,0.0
50,2018-11-07,1.0,1.0,1.0,0.0,1.0,1.0,No,4,Durham,NC,0.14285714285714285,7.861428571428571,68.42857142857143,49.142857142857146,59.142857142857146,0.0,0.0
50,2018-12-03,1.0,1.0,0.0,1.0,1.0,1.0,No,4,Durham,NC,0.049999999999999996,7.315714285714286,57.857142857142854,38.857142857142854,47.285714285714285,0.0,3.0
51,2018-03-16,1.0,1.0,1.0,1.0,1.0,1.0,Yes,4,Durham,NC,0.16142857142857145,7.158571428571429,50.285714285714285,31.0,40.57142857142857,0.19999999999999998,4.0
51,2018-03-29,1.0,1.0,1.0,0.0,1.0,1.0,No,4,Durham,NC,0.1742857142857143,7.094285714285713,55.857142857142854,32.57142857142857,43.0,0.028571428571428574,2.0
51,2018-04-02,1.0,1.0,1.0,1.0,1.0,1.0,Yes,4,Durham,NC,0.005714285714285714,9.557142857142859,66.85714285714286,42.42857142857143,54.714285714285715,0.0,0.0
51,2018-04-12,0.0,1.0,0.0,1.0,1.0,1.0,No,4,Durham,NC,0.14142857142857143,6.2628571428571425,61.285714285714285,37.285714285714285,49.285714285714285,0.0,0.0
51,2018-04-18,0.0,0.0,0.0,1.0,1.0,1.0,No,4,Durham,NC,0.47285714285714286,12.017142857142858,72.28571428571429,46.857142857142854,60.0,0.0,0.0
51,2018-04-25,1.0,1.0,1.0,1.0,1.0,1.0,Yes,4,Durham,NC,0.12285714285714286,8.147142857142857,70.28571428571429,43.57142857142857,58.0,0.0,0.0
51,2018-04-26,1.0,1.0,0.0,1.0,1.0,1.0,No,4,Durham,NC,0.12285714285714286,7.315714285714285,68.28571428571429,44.857142857142854,58.57142857142857,0.0,0.0
51,2018-05-14,0.0,1.0,0.0,1.0,0.0,1.0,No,4,Durham,NC,0.025714285714285714,6.5200000000000005,84.42857142857143,58.42857142857143,71.0,0.0,0.0
51,2018-05-23,0.0,0.0,0.0,1.0,1.0,1.0,No,4,Durham,NC,0.4342857142857143,7.031428571428572,82.28571428571429,68.71428571428571,73.57142857142857,0.0,0.0
51,2018-05-31,0.0,1.0,0.0,1.0,1.0,0.0,No,4,Durham,NC,0.24571428571428572,6.71,83.85714285714286,68.71428571428571,75.0,0.0,0.0
51,2018-06-04,0.0,0.0,1.0,1.0,1.0,1.0,No,4,Durham,NC,0.21000000000000002,5.527142857142858,85.42857142857143,69.71428571428571,76.0,0.0,0.0
51,2018-06-11,1.0,1.0,1.0,1.0,1.0,1.0,Yes,4,Durham,NC,0.06142857142857144,4.3428571428571425,86.57142857142857,63.42857142857143,74.85714285714286,0.0,0.0
51,2018-06-21,1.0,1.0,1.0,1.0,0.0,0.0,No,4,Durham,NC,0.0,5.015714285714286,92.0,70.57142857142857,81.28571428571429,0.0,0.0
51,2018-06-28,1.0,1.0,1.0,1.0,0.0,1.0,No,4,Durham,NC,0.16142857142857142,5.815714285714286,89.0,70.42857142857143,79.42857142857143,0.0,0.0
51,2018-07-12,1.0,1.0,1.0,0.0,0.0,1.0,No,4,Durham,NC,0.15285714285714286,5.144285714285714,89.0,65.0,76.0,0.0,0.0
51,2018-08-02,0.0,0.0,0.0,0.0,0.0,0.0,No,4,Durham,NC,0.2671428571428571,5.622857142857143,89.85714285714286,71.42857142857143,78.28571428571429,0.0,0.0
51,2018-08-08,0.0,0.0,0.0,0.0,0.0,0.0,No,4,Durham,NC,0.23571428571428574,5.6571428571428575,89.0,71.42857142857143,78.14285714285714,0.0,0.0
52,2018-03-16,1.0,1.0,1.0,1.0,1.0,1.0,Yes,4,Durham,NC,0.16142857142857145,7.158571428571429,50.285714285714285,31.0,40.57142857142857,0.19999999999999998,4.0
52,2018-03-28,1.0,1.0,1.0,1.0,1.0,1.0,Yes,4,Durham,NC,0.18142857142857144,6.55,51.0,31.0,40.42857142857143,0.028571428571428574,2.0
52,2018-03-29,1.0,1.0,1.0,1.0,1.0,1.0,Yes,4,Durham,NC,0.1742857142857143,7.094285714285713,55.857142857142854,32.57142857142857,43.0,0.028571428571428574,2.0
52,2018-04-02,0.0,1.0,0.0,1.0,1.0,1.0,No,4,Durham,NC,0.005714285714285714,9.557142857142859,66.85714285714286,42.42857142857143,54.714285714285715,0.0,0.0
52,2018-04-12,0.0,1.0,0.0,1.0,1.0,1.0,No,4,Durham,NC,0.14142857142857143,6.2628571428571425,61.285714285714285,37.285714285714285,49.285714285714285,0.0,0.0
52,2018-04-18,0.0,1.0,0.0,1.0,0.0,1.0,No,4,Durham,NC,0.47285714285714286,12.017142857142858,72.28571428571429,46.857142857142854,60.0,0.0,0.0
52,2018-04-26,0.0,0.0,0.0,1.0,1.0,1.0,No,4,Durham,NC,0.12285714285714286,7.315714285714285,68.28571428571429,44.857142857142854,58.57142857142857,0.0,0.0
52,2018-05-03,0.0,0.0,0.0,1.0,1.0,1.0,No,4,Durham,NC,0.027142857142857142,5.498571428571429,76.0,47.142857142857146,61.714285714285715,0.0,0.0
52,2018-05-15,0.0,0.0,0.0,1.0,1.0,1.0,No,4,Durham,NC,0.025714285714285714,6.582857142857143,87.14285714285714,60.285714285714285,73.0,0.0,0.0
52,2018-05-23,0.0,0.0,0.0,0.0,0.0,0.0,No,4,Durham,NC,0.4342857142857143,7.031428571428572,82.28571428571429,68.71428571428571,73.57142857142857,0.0,0.0
52,2018-06-13,0.0,0.0,0.0,0.0,0.0,0.0,No,4,Durham,NC,0.10714285714285714,5.237142857142857,84.85714285714286,64.28571428571429,74.42857142857143,0.0,0.0
53,2018-04-02,1.0,1.0,1.0,1.0,1.0,1.0,Yes,4,Durham,NC,0.005714285714285714,9.557142857142859,66.85714285714286,42.42857142857143,54.714285714285715,0.0,0.0
53,2018-04-12,1.0,1.0,1.0,1.0,1.0,1.0,Yes,4,Durham,NC,0.14142857142857143,6.2628571428571425,61.285714285714285,37.285714285714285,49.285714285714285,0.0,0.0
53,2018-04-25,1.0,1.0,1.0,1.0,1.0,1.0,Yes,4,Durham,NC,0.12285714285714286,8.147142857142857,70.28571428571429,43.57142857142857,58.0,0.0,0.0
53,2018-04-26,1.0,1.0,1.0,1.0,1.0,1.0,Yes,4,Durham,NC,0.12285714285714286,7.315714285714285,68.28571428571429,44.857142857142854,58.57142857142857,0.0,0.0
53,2018-05-14,0.0,1.0,1.0,1.0,1.0,1.0,No,4,Durham,NC,0.025714285714285714,6.5200000000000005,84.42857142857143,58.42857142857143,71.0,0.0,0.0
53,2018-05-23,1.0,1.0,1.0,1.0,1.0,1.0,Yes,4,Durham,NC,0.4342857142857143,7.031428571428572,82.28571428571429,68.71428571428571,73.57142857142857,0.0,0.0
53,2018-05-31,1.0,1.0,1.0,1.0,1.0,0.0,No,4,Durham,NC,0.24571428571428572,6.71,83.85714285714286,68.71428571428571,75.0,0.0,0.0
53,2018-06-04,1.0,1.0,1.0,1.0,1.0,1.0,Yes,4,Durham,NC,0.21000000000000002,5.527142857142858,85.42857142857143,69.71428571428571,76.0,0.0,0.0
53,2018-06-06,1.0,1.0,1.0,1.0,1.0,1.0,Yes,4,Durham,NC,0.08142857142857142,5.24,86.71428571428571,67.28571428571429,75.71428571428571,0.0,0.0
53,2018-06-11,1.0,1.0,1.0,0.0,1.0,1.0,No,4,Durham,NC,0.06142857142857144,4.3428571428571425,86.57142857142857,63.42857142857143,74.85714285714286,0.0,0.0
53,2018-06-28,1.0,1.0,1.0,1.0,0.0,1.0,No,4,Durham,NC,0.16142857142857142,5.815714285714286,89.0,70.42857142857143,79.42857142857143,0.0,0.0
53,2018-08-06,0.0,1.0,1.0,0.0,1.0,1.0,No,4,Durham,NC,0.33428571428571424,5.688571428571428,87.28571428571429,71.71428571428571,77.14285714285714,0.0,0.0
53,2018-08-08,0.0,1.0,0.0,0.0,1.0,1.0,No,4,Durham,NC,0.23571428571428574,5.6571428571428575,89.0,71.42857142857143,78.14285714285714,0.0,0.0
53,2018-08-23,1.0,1.0,0.0,1.0,0.0,1.0,No,4,Durham,NC,0.45714285714285713,7.094285714285713,88.71428571428571,70.14285714285714,78.42857142857143,0.0,0.0
53,2018-09-18,1.0,1.0,1.0,1.0,0.0,1.0,No,4,Durham,NC,0.9971428571428572,11.727142857142857,82.42857142857143,72.14285714285714,76.0,0.0,0.0
53,2018-09-26,1.0,1.0,1.0,1.0,1.0,1.0,Yes,4,Durham,NC,0.0,4.282857142857143,83.0,66.57142857142857,74.14285714285714,0.0,0.0
53,2018-10-08,1.0,1.0,1.0,0.0,1.0,1.0,No,4,Durham,NC,0.0,3.0657142857142854,85.57142857142857,64.71428571428571,73.57142857142857,0.0,0.0
53,2018-11-06,1.0,0.0,1.0,1.0,1.0,1.0,No,4,Durham,NC,0.13857142857142857,6.967142857142858,67.14285714285714,46.0,56.857142857142854,0.0,0.0
53,2018-11-07,1.0,0.0,1.0,1.0,1.0,1.0,No,4,Durham,NC,0.14285714285714285,7.861428571428571,68.42857142857143,49.142857142857146,59.142857142857146,0.0,0.0
53,2018-12-03,1.0,1.0,0.0,1.0,1.0,1.0,No,4,Durham,NC,0.049999999999999996,7.315714285714286,57.857142857142854,38.857142857142854,47.285714285714285,0.0,3.0
54,2018-03-16,1.0,0.0,1.0,0.0,1.0,1.0,No,4,Durham,NC,0.16142857142857145,7.158571428571429,50.285714285714285,31.0,40.57142857142857,0.19999999999999998,4.0
54,2018-04-02,1.0,0.0,1.0,1.0,0.0,1.0,No,4,Durham,NC,0.005714285714285714,9.557142857142859,66.85714285714286,42.42857142857143,54.714285714285715,0.0,0.0
54,2018-04-05,1.0,1.0,1.0,1.0,1.0,1.0,Yes,4,Durham,NC,0.004285714285714286,10.260000000000002,74.71428571428571,47.42857142857143,62.42857142857143,0.0,0.0
54,2018-04-18,1.0,1.0,1.0,1.0,1.0,1.0,Yes,4,Durham,NC,0.47285714285714286,12.017142857142858,72.28571428571429,46.857142857142854,60.0,0.0,0.0
54,2018-04-26,1.0,1.0,1.0,1.0,1.0,1.0,Yes,4,Durham,NC,0.12285714285714286,7.315714285714285,68.28571428571429,44.857142857142854,58.57142857142857,0.0,0.0
54,2018-05-14,0.0,1.0,1.0,0.0,1.0,1.0,No,4,Durham,NC,0.025714285714285714,6.5200000000000005,84.42857142857143,58.42857142857143,71.0,0.0,0.0
54,2018-05-23,0.0,0.0,0.0,1.0,0.0,1.0,No,4,Durham,NC,0.4342857142857143,7.031428571428572,82.28571428571429,68.71428571428571,73.57142857142857,0.0,0.0
54,2018-05-31,0.0,0.0,0.0,1.0,1.0,1.0,No,4,Durham,NC,0.24571428571428572,6.71,83.85714285714286,68.71428571428571,75.0,0.0,0.0
54,2018-06-04,0.0,0.0,1.0,1.0,1.0,1.0,No,4,Durham,NC,0.21000000000000002,5.527142857142858,85.42857142857143,69.71428571428571,76.0,0.0,0.0
54,2018-06-11,1.0,1.0,1.0,0.0,1.0,1.0,No,4,Durham,NC,0.06142857142857144,4.3428571428571425,86.57142857142857,63.42857142857143,74.85714285714286,0.0,0.0
54,2018-06-12,1.0,1.0,1.0,1.0,1.0,1.0,Yes,4,Durham,NC,0.10571428571428572,4.79,86.57142857142857,63.42857142857143,75.14285714285714,0.0,0.0
54,2018-06-21,1.0,1.0,1.0,0.0,0.0,1.0,No,4,Durham,NC,0.0,5.015714285714286,92.0,70.57142857142857,81.28571428571429,0.0,0.0
54,2018-06-28,1.0,1.0,1.0,0.0,0.0,1.0,No,4,Durham,NC,0.16142857142857142,5.815714285714286,89.0,70.42857142857143,79.42857142857143,0.0,0.0
54,2018-07-12,0.0,1.0,1.0,0.0,0.0,1.0,No,4,Durham,NC,0.15285714285714286,5.144285714285714,89.0,65.0,76.0,0.0,0.0
54,2018-08-06,0.0,0.0,0.0,0.0,1.0,1.0,No,4,Durham,NC,0.33428571428571424,5.688571428571428,87.28571428571429,71.71428571428571,77.14285714285714,0.0,0.0
55,2018-03-16,1.0,0.0,1.0,0.0,1.0,1.0,No,4,Durham,NC,0.16142857142857145,7.158571428571429,50.285714285714285,31.0,40.57142857142857,0.19999999999999998,4.0
55,2018-04-02,1.0,0.0,1.0,1.0,0.0,1.0,No,4,Durham,NC,0.005714285714285714,9.557142857142859,66.85714285714286,42.42857142857143,54.714285714285715,0.0,0.0
55,2018-04-05,1.0,1.0,1.0,1.0,1.0,1.0,Yes,4,Durham,NC,0.004285714285714286,10.260000000000002,74.71428571428571,47.42857142857143,62.42857142857143,0.0,0.0
55,2018-04-12,1.0,1.0,1.0,1.0,1.0,1.0,Yes,4,Durham,NC,0.14142857142857143,6.2628571428571425,61.285714285714285,37.285714285714285,49.285714285714285,0.0,0.0
55,2018-04-18,1.0,1.0,1.0,1.0,1.0,1.0,Yes,4,Durham,NC,0.47285714285714286,12.017142857142858,72.28571428571429,46.857142857142854,60.0,0.0,0.0
55,2018-04-26,0.0,1.0,0.0,1.0,0.0,1.0,No,4,Durham,NC,0.12285714285714286,7.315714285714285,68.28571428571429,44.857142857142854,58.57142857142857,0.0,0.0
55,2018-05-03,0.0,1.0,0.0,1.0,1.0,1.0,No,4,Durham,NC,0.027142857142857142,5.498571428571429,76.0,47.142857142857146,61.714285714285715,0.0,0.0
55,2018-05-16,0.0,0.0,1.0,1.0,1.0,1.0,No,4,Durham,NC,0.02857142857142857,6.71,88.71428571428571,62.57142857142857,75.0,0.0,0.0
55,2018-05-23,1.0,1.0,0.0,1.0,0.0,1.0,No,4,Durham,NC,0.4342857142857143,7.031428571428572,82.28571428571429,68.71428571428571,73.57142857142857,0.0,0.0
55,2018-05-31,0.0,1.0,0.0,1.0,1.0,1.0,No,4,Durham,NC,0.24571428571428572,6.71,83.85714285714286,68.71428571428571,75.0,0.0,0.0
55,2018-06-04,0.0,0.0,1.0,1.0,1.0,1.0,No,4,Durham,NC,0.21000000000000002,5.527142857142858,85.42857142857143,69.71428571428571,76.0,0.0,0.0
55,2018-06-11,1.0,1.0,1.0,0.0,1.0,1.0,No,4,Durham,NC,0.06142857142857144,4.3428571428571425,86.57142857142857,63.42857142857143,74.85714285714286,0.0,0.0
55,2018-06-21,1.0,1.0,1.0,0.0,0.0,1.0,No,4,Durham,NC,0.0,5.015714285714286,92.0,70.57142857142857,81.28571428571429,0.0,0.0
55,2018-06-28,0.0,1.0,0.0,0.0,0.0,1.0,No,4,Durham,NC,0.16142857142857142,5.815714285714286,89.0,70.42857142857143,79.42857142857143,0.0,0.0
55,2018-07-12,0.0,0.0,0.0,0.0,0.0,0.0,No,4,Durham,NC,0.15285714285714286,5.144285714285714,89.0,65.0,76.0,0.0,0.0
56,2018-04-05,1.0,1.0,1.0,1.0,1.0,1.0,Yes,4,Durham,NC,0.004285714285714286,10.260000000000002,74.71428571428571,47.42857142857143,62.42857142857143,0.0,0.0
56,2018-04-12,1.0,1.0,1.0,1.0,1.0,1.0,Yes,4,Durham,NC,0.14142857142857143,6.2628571428571425,61.285714285714285,37.285714285714285,49.285714285714285,0.0,0.0
56,2018-04-26,0.0,1.0,1.0,1.0,1.0,1.0,No,4,Durham,NC,0.12285714285714286,7.315714285714285,68.28571428571429,44.857142857142854,58.57142857142857,0.0,0.0
56,2018-05-14,1.0,1.0,1.0,1.0,1.0,1.0,Yes,4,Durham,NC,0.025714285714285714,6.5200000000000005,84.42857142857143,58.42857142857143,71.0,0.0,0.0
56,2018-05-23,1.0,1.0,1.0,1.0,0.0,1.0,No,4,Durham,NC,0.4342857142857143,7.031428571428572,82.28571428571429,68.71428571428571,73.57142857142857,0.0,0.0
56,2018-06-13,1.0,1.0,1.0,1.0,1.0,0.0,No,4,Durham,NC,0.10714285714285714,5.237142857142857,84.85714285714286,64.28571428571429,74.42857142857143,0.0,0.0
56,2018-06-26,1.0,1.0,1.0,1.0,1.0,0.0,No,4,Durham,NC,0.055714285714285716,5.751428571428571,93.28571428571429,72.57142857142857,82.42857142857143,0.0,0.0
56,2018-08-02,1.0,1.0,1.0,0.0,1.0,1.0,No,4,Durham,NC,0.2671428571428571,5.622857142857143,89.85714285714286,71.42857142857143,78.28571428571429,0.0,0.0
56,2018-09-04,1.0,1.0,1.0,1.0,1.0,0.0,No,4,Durham,NC,0.06571428571428571,4.570000000000001,92.71428571428571,70.57142857142857,79.71428571428571,0.0,0.0
56,2018-09-19,0.0,1.0,0.0,1.0,1.0,1.0,No,4,Durham,NC,0.9971428571428572,12.30142857142857,82.0,72.57142857142857,76.28571428571429,0.0,0.0
56,2018-09-27,0.0,1.0,0.0,1.0,1.0,1.0,No,4,Durham,NC,0.017142857142857144,4.7942857142857145,82.85714285714286,66.71428571428571,74.0,0.0,0.0
56,2018-10-08,1.0,1.0,1.0,1.0,0.0,1.0,No,4,Durham,NC,0.0,3.0657142857142854,85.57142857142857,64.71428571428571,73.57142857142857,0.0,0.0
56,2018-10-15,1.0,1.0,1.0,1.0,0.0,1.0,No,4,Durham,NC,0.39571428571428574,5.977142857142858,75.85714285714286,59.42857142857143,67.85714285714286,0.0,0.0
56,2018-10-30,1.0,1.0,1.0,1.0,1.0,1.0,Yes,4,Durham,NC,0.22714285714285715,5.687142857142858,59.714285714285715,40.857142857142854,50.285714285714285,0.0,0.0
56,2018-11-07,1.0,1.0,1.0,1.0,1.0,0.0,No,4,Durham,NC,0.14285714285714285,7.861428571428571,68.42857142857143,49.142857142857146,59.142857142857146,0.0,0.0
56,2018-12-03,1.0,1.0,1.0,1.0,1.0,1.0,Yes,4,Durham,NC,0.049999999999999996,7.315714285714286,57.857142857142854,38.857142857142854,47.285714285714285,0.0,3.0
57,2018-04-04,1.0,1.0,1.0,1.0,1.0,1.0,Yes,4,Durham,NC,0.004285714285714286,9.812857142857142,74.57142857142857,46.714285714285715,60.42857142857143,0.0,0.0
57,2018-04-12,1.0,1.0,1.0,1.0,1.0,1.0,Yes,4,Durham,NC,0.14142857142857143,6.2628571428571425,61.285714285714285,37.285714285714285,49.285714285714285,0.0,0.0
57,2018-04-18,0.0,1.0,0.0,1.0,0.0,1.0,No,4,Durham,NC,0.47285714285714286,12.017142857142858,72.28571428571429,46.857142857142854,60.0,0.0,0.0
57,2018-04-23,0.0,1.0,0.0,1.0,1.0,1.0,No,4,Durham,NC,0.0,8.244285714285715,69.57142857142857,39.142857142857146,56.0,0.0,0.0
57,2018-04-26,0.0,1.0,1.0,1.0,1.0,1.0,No,4,Durham,NC,0.12285714285714286,7.315714285714285,68.28571428571429,44.857142857142854,58.57142857142857,0.0,0.0
57,2018-05-03,0.0,1.0,0.0,1.0,1.0,1.0,No,4,Durham,NC,0.027142857142857142,5.498571428571429,76.0,47.142857142857146,61.714285714285715,0.0,0.0
57,2018-05-16,0.0,0.0,0.0,1.0,1.0,1.0,No,4,Durham,NC,0.02857142857142857,6.71,88.71428571428571,62.57142857142857,75.0,0.0,0.0
57,2018-05-23,0.0,0.0,0.0,1.0,1.0,1.0,No,4,Durham,NC,0.4342857142857143,7.031428571428572,82.28571428571429,68.71428571428571,73.57142857142857,0.0,0.0
57,2018-05-31,0.0,0.0,0.0,0.0,0.0,0.0,No,4,Durham,NC,0.24571428571428572,6.71,83.85714285714286,68.71428571428571,75.0,0.0,0.0
58,2018-04-04,0.0,0.0,1.0,1.0,1.0,1.0,No,4,Durham,NC,0.004285714285714286,9.812857142857142,74.57142857142857,46.714285714285715,60.42857142857143,0.0,0.0
58,2018-04-12,1.0,1.0,0.0,1.0,1.0,1.0,No,4,Durham,NC,0.14142857142857143,6.2628571428571425,61.285714285714285,37.285714285714285,49.285714285714285,0.0,0.0
58,2018-04-18,1.0,1.0,1.0,1.0,1.0,1.0,Yes,4,Durham,NC,0.47285714285714286,12.017142857142858,72.28571428571429,46.857142857142854,60.0,0.0,0.0
58,2018-04-23,0.0,1.0,0.0,1.0,1.0,1.0,No,4,Durham,NC,0.0,8.244285714285715,69.57142857142857,39.142857142857146,56.0,0.0,0.0
58,2018-04-26,0.0,1.0,0.0,1.0,1.0,1.0,No,4,Durham,NC,0.12285714285714286,7.315714285714285,68.28571428571429,44.857142857142854,58.57142857142857,0.0,0.0
58,2018-05-03,0.0,0.0,0.0,1.0,1.0,1.0,No,4,Durham,NC,0.027142857142857142,5.498571428571429,76.0,47.142857142857146,61.714285714285715,0.0,0.0
58,2018-05-14,0.0,0.0,0.0,0.0,1.0,1.0,No,4,Durham,NC,0.025714285714285714,6.5200000000000005,84.42857142857143,58.42857142857143,71.0,0.0,0.0
58,2018-05-18,0.0,0.0,0.0,0.0,0.0,0.0,No,4,Durham,NC,0.21,6.71,88.14285714285714,66.57142857142857,76.71428571428571,0.0,0.0
58,2018-06-11,0.0,0.0,0.0,0.0,0.0,0.0,No,4,Durham,NC,0.06142857142857144,4.3428571428571425,86.57142857142857,63.42857142857143,74.85714285714286,0.0,0.0
59,2018-04-04,0.0,0.0,0.0,1.0,1.0,1.0,No,4,Durham,NC,0.004285714285714286,9.812857142857142,74.57142857142857,46.714285714285715,60.42857142857143,0.0,0.0
59,2018-04-12,0.0,0.0,0.0,1.0,1.0,1.0,No,4,Durham,NC,0.14142857142857143,6.2628571428571425,61.285714285714285,37.285714285714285,49.285714285714285,0.0,0.0
59,2018-04-18,0.0,0.0,0.0,1.0,0.0,1.0,No,4,Durham,NC,0.47285714285714286,12.017142857142858,72.28571428571429,46.857142857142854,60.0,0.0,0.0
59,2018-04-26,0.0,0.0,0.0,1.0,0.0,1.0,No,4,Durham,NC,0.12285714285714286,7.315714285714285,68.28571428571429,44.857142857142854,58.57142857142857,0.0,0.0
60,2018-04-04,1.0,1.0,1.0,1.0,1.0,1.0,Yes,4,Durham,NC,0.004285714285714286,9.812857142857142,74.57142857142857,46.714285714285715,60.42857142857143,0.0,0.0
60,2018-04-10,0.0,1.0,0.0,1.0,1.0,0.0,No,4,Durham,NC,0.14142857142857143,7.797142857142857,65.28571428571429,39.57142857142857,53.142857142857146,0.0,0.0
60,2018-04-19,0.0,1.0,0.0,1.0,1.0,1.0,No,4,Durham,NC,0.47285714285714286,12.624285714285715,75.14285714285714,47.42857142857143,61.142857142857146,0.0,0.0
60,2018-04-26,0.0,0.0,0.0,1.0,1.0,1.0,No,4,Durham,NC,0.12285714285714286,7.315714285714285,68.28571428571429,44.857142857142854,58.57142857142857,0.0,0.0
60,2018-05-03,0.0,0.0,0.0,1.0,0.0,1.0,No,4,Durham,NC,0.027142857142857142,5.498571428571429,76.0,47.142857142857146,61.714285714285715,0.0,0.0
60,2018-05-15,0.0,0.0,0.0,1.0,1.0,1.0,No,4,Durham,NC,0.025714285714285714,6.582857142857143,87.14285714285714,60.285714285714285,73.0,0.0,0.0
61,2018-04-12,0.0,0.0,0.0,1.0,1.0,1.0,No,4,Durham,NC,0.14142857142857143,6.2628571428571425,61.285714285714285,37.285714285714285,49.285714285714285,0.0,0.0
61,2018-04-19,0.0,0.0,0.0,1.0,1.0,1.0,No,4,Durham,NC,0.47285714285714286,12.624285714285715,75.14285714285714,47.42857142857143,61.142857142857146,0.0,0.0
61,2018-04-26,1.0,1.0,1.0,1.0,1.0,1.0,Yes,4,Durham,NC,0.12285714285714286,7.315714285714285,68.28571428571429,44.857142857142854,58.57142857142857,0.0,0.0
61,2018-05-14,1.0,1.0,1.0,1.0,1.0,1.0,Yes,4,Durham,NC,0.025714285714285714,6.5200000000000005,84.42857142857143,58.42857142857143,71.0,0.0,0.0
61,2018-05-31,1.0,1.0,1.0,1.0,1.0,0.0,No,4,Durham,NC,0.24571428571428572,6.71,83.85714285714286,68.71428571428571,75.0,0.0,0.0
61,2018-06-04,1.0,1.0,1.0,1.0,1.0,1.0,Yes,4,Durham,NC,0.21000000000000002,5.527142857142858,85.42857142857143,69.71428571428571,76.0,0.0,0.0
61,2018-06-11,1.0,1.0,1.0,1.0,1.0,1.0,Yes,4,Durham,NC,0.06142857142857144,4.3428571428571425,86.57142857142857,63.42857142857143,74.85714285714286,0.0,0.0
61,2018-06-26,1.0,1.0,1.0,1.0,1.0,1.0,Yes,4,Durham,NC,0.055714285714285716,5.751428571428571,93.28571428571429,72.57142857142857,82.42857142857143,0.0,0.0
61,2018-07-31,0.0,1.0,0.0,1.0,1.0,1.0,No,4,Durham,NC,0.2714285714285714,5.142857142857143,88.57142857142857,70.57142857142857,77.85714285714286,0.0,0.0
61,2018-08-06,1.0,1.0,1.0,1.0,1.0,1.0,Yes,4,Durham,NC,0.33428571428571424,5.688571428571428,87.28571428571429,71.71428571428571,77.14285714285714,0.0,0.0
61,2018-09-05,1.0,1.0,1.0,1.0,1.0,1.0,Yes,4,Durham,NC,0.06714285714285714,4.122857142857144,92.42857142857143,70.71428571428571,79.57142857142857,0.0,0.0
61,2018-09-19,1.0,1.0,1.0,1.0,1.0,1.0,Yes,4,Durham,NC,0.9971428571428572,12.30142857142857,82.0,72.57142857142857,76.28571428571429,0.0,0.0
61,2018-09-27,1.0,1.0,1.0,1.0,1.0,1.0,Yes,4,Durham,NC,0.017142857142857144,4.7942857142857145,82.85714285714286,66.71428571428571,74.0,0.0,0.0
61,2018-10-08,1.0,1.0,1.0,1.0,1.0,1.0,Yes,4,Durham,NC,0.0,3.0657142857142854,85.57142857142857,64.71428571428571,73.57142857142857,0.0,0.0
61,2018-10-30,1.0,1.0,1.0,1.0,1.0,1.0,Yes,4,Durham,NC,0.22714285714285715,5.687142857142858,59.714285714285715,40.857142857142854,50.285714285714285,0.0,0.0
61,2018-11-07,1.0,1.0,1.0,0.0,1.0,1.0,No,4,Durham,NC,0.14285714285714285,7.861428571428571,68.42857142857143,49.142857142857146,59.142857142857146,0.0,0.0
61,2018-12-03,1.0,1.0,0.0,1.0,1.0,1.0,No,4,Durham,NC,0.049999999999999996,7.315714285714286,57.857142857142854,38.857142857142854,47.285714285714285,0.0,3.0
62,2018-04-18,0.0,0.0,0.0,1.0,1.0,1.0,No,4,Durham,NC,0.47285714285714286,12.017142857142858,72.28571428571429,46.857142857142854,60.0,0.0,0.0
62,2018-04-19,0.0,0.0,0.0,1.0,1.0,1.0,No,4,Durham,NC,0.47285714285714286,12.624285714285715,75.14285714285714,47.42857142857143,61.142857142857146,0.0,0.0
62,2018-04-24,0.0,1.0,0.0,1.0,1.0,0.0,No,4,Durham,NC,0.0014285714285714286,7.732857142857143,69.85714285714286,40.714285714285715,56.285714285714285,0.0,0.0
63,2018-04-05,1.0,0.0,1.0,1.0,1.0,1.0,No,4,Durham,NC,0.004285714285714286,10.260000000000002,74.71428571428571,47.42857142857143,62.42857142857143,0.0,0.0
63,2018-04-12,1.0,0.0,1.0,1.0,1.0,1.0,No,4,Durham,NC,0.14142857142857143,6.2628571428571425,61.285714285714285,37.285714285714285,49.285714285714285,0.0,0.0
63,2018-04-19,1.0,0.0,1.0,1.0,1.0,1.0,No,4,Durham,NC,0.47285714285714286,12.624285714285715,75.14285714285714,47.42857142857143,61.142857142857146,0.0,0.0
63,2018-04-23,1.0,1.0,1.0,1.0,1.0,1.0,Yes,4,Durham,NC,0.0,8.244285714285715,69.57142857142857,39.142857142857146,56.0,0.0,0.0
63,2018-04-26,1.0,1.0,1.0,1.0,1.0,1.0,Yes,4,Durham,NC,0.12285714285714286,7.315714285714285,68.28571428571429,44.857142857142854,58.57142857142857,0.0,0.0
63,2018-05-14,0.0,1.0,0.0,1.0,0.0,1.0,No,4,Durham,NC,0.025714285714285714,6.5200000000000005,84.42857142857143,58.42857142857143,71.0,0.0,0.0
63,2018-05-23,0.0,0.0,1.0,1.0,1.0,1.0,No,4,Durham,NC,0.4342857142857143,7.031428571428572,82.28571428571429,68.71428571428571,73.57142857142857,0.0,0.0
63,2018-05-31,0.0,1.0,0.0,1.0,0.0,1.0,No,4,Durham,NC,0.24571428571428572,6.71,83.85714285714286,68.71428571428571,75.0,0.0,0.0
63,2018-06-04,0.0,0.0,1.0,1.0,1.0,1.0,No,4,Durham,NC,0.21000000000000002,5.527142857142858,85.42857142857143,69.71428571428571,76.0,0.0,0.0
63,2018-06-11,1.0,1.0,1.0,0.0,0.0,1.0,No,4,Durham,NC,0.06142857142857144,4.3428571428571425,86.57142857142857,63.42857142857143,74.85714285714286,0.0,0.0
63,2018-06-21,1.0,1.0,1.0,0.0,0.0,1.0,No,4,Durham,NC,0.0,5.015714285714286,92.0,70.57142857142857,81.28571428571429,0.0,0.0
63,2018-06-28,1.0,1.0,1.0,0.0,0.0,1.0,No,4,Durham,NC,0.16142857142857142,5.815714285714286,89.0,70.42857142857143,79.42857142857143,0.0,0.0
63,2018-07-12,0.0,0.0,0.0,0.0,0.0,0.0,No,4,Durham,NC,0.15285714285714286,5.144285714285714,89.0,65.0,76.0,0.0,0.0
64,2018-04-26,1.0,1.0,1.0,1.0,1.0,1.0,Yes,4,Durham,NC,0.12285714285714286,7.315714285714285,68.28571428571429,44.857142857142854,58.57142857142857,0.0,0.0
64,2018-05-03,1.0,1.0,1.0,1.0,1.0,1.0,Yes,4,Durham,NC,0.027142857142857142,5.498571428571429,76.0,47.142857142857146,61.714285714285715,0.0,0.0
64,2018-05-16,1.0,1.0,1.0,1.0,1.0,1.0,Yes,4,Durham,NC,0.02857142857142857,6.71,88.71428571428571,62.57142857142857,75.0,0.0,0.0
64,2018-05-23,0.0,1.0,0.0,1.0,1.0,1.0,No,4,Durham,NC,0.4342857142857143,7.031428571428572,82.28571428571429,68.71428571428571,73.57142857142857,0.0,0.0
64,2018-05-31,0.0,1.0,1.0,1.0,1.0,1.0,No,4,Durham,NC,0.24571428571428572,6.71,83.85714285714286,68.71428571428571,75.0,0.0,0.0
64,2018-06-04,0.0,1.0,0.0,1.0,1.0,1.0,No,4,Durham,NC,0.21000000000000002,5.527142857142858,85.42857142857143,69.71428571428571,76.0,0.0,0.0
64,2018-06-06,0.0,1.0,0.0,1.0,1.0,1.0,No,4,Durham,NC,0.08142857142857142,5.24,86.71428571428571,67.28571428571429,75.71428571428571,0.0,0.0
64,2018-06-11,1.0,1.0,1.0,1.0,1.0,1.0,Yes,4,Durham,NC,0.06142857142857144,4.3428571428571425,86.57142857142857,63.42857142857143,74.85714285714286,0.0,0.0
64,2018-06-21,1.0,1.0,1.0,1.0,0.0,0.0,No,4,Durham,NC,0.0,5.015714285714286,92.0,70.57142857142857,81.28571428571429,0.0,0.0
64,2018-06-28,1.0,1.0,1.0,1.0,1.0,1.0,Yes,4,Durham,NC,0.16142857142857142,5.815714285714286,89.0,70.42857142857143,79.42857142857143,0.0,0.0
64,2018-07-12,0.0,0.0,0.0,0.0,0.0,0.0,No,4,Durham,NC,0.15285714285714286,5.144285714285714,89.0,65.0,76.0,0.0,0.0
65,2018-06-06,1.0,1.0,1.0,1.0,1.0,1.0,Yes,4,Durham,NC,0.08142857142857142,5.24,86.71428571428571,67.28571428571429,75.71428571428571,0.0,0.0
65,2018-06-11,1.0,1.0,1.0,1.0,1.0,1.0,Yes,4,Durham,NC,0.06142857142857144,4.3428571428571425,86.57142857142857,63.42857142857143,74.85714285714286,0.0,0.0
65,2018-06-21,0.0,1.0,0.0,1.0,1.0,1.0,No,4,Durham,NC,0.0,5.015714285714286,92.0,70.57142857142857,81.28571428571429,0.0,0.0
65,2018-06-26,0.0,1.0,0.0,1.0,1.0,1.0,No,4,Durham,NC,0.055714285714285716,5.751428571428571,93.28571428571429,72.57142857142857,82.42857142857143,0.0,0.0
65,2018-07-12,0.0,1.0,0.0,0.0,1.0,1.0,No,4,Durham,NC,0.15285714285714286,5.144285714285714,89.0,65.0,76.0,0.0,0.0
65,2018-07-31,0.0,0.0,0.0,0.0,0.0,0.0,No,4,Durham,NC,0.2714285714285714,5.142857142857143,88.57142857142857,70.57142857142857,77.85714285714286,0.0,0.0
66,2018-06-11,1.0,1.0,1.0,1.0,1.0,1.0,Yes,4,Durham,NC,0.06142857142857144,4.3428571428571425,86.57142857142857,63.42857142857143,74.85714285714286,0.0,0.0
66,2018-06-21,1.0,1.0,1.0,0.0,1.0,0.0,No,4,Durham,NC,0.0,5.015714285714286,92.0,70.57142857142857,81.28571428571429,0.0,0.0
66,2018-06-28,1.0,1.0,1.0,1.0,1.0,1.0,Yes,4,Durham,NC,0.16142857142857142,5.815714285714286,89.0,70.42857142857143,79.42857142857143,0.0,0.0
66,2018-07-12,1.0,1.0,1.0,0.0,1.0,1.0,No,4,Durham,NC,0.15285714285714286,5.144285714285714,89.0,65.0,76.0,0.0,0.0
66,2018-08-02,1.0,1.0,1.0,0.0,0.0,1.0,No,4,Durham,NC,0.2671428571428571,5.622857142857143,89.85714285714286,71.42857142857143,78.28571428571429,0.0,0.0
66,2018-08-08,1.0,1.0,1.0,1.0,1.0,1.0,Yes,4,Durham,NC,0.23571428571428574,5.6571428571428575,89.0,71.42857142857143,78.14285714285714,0.0,0.0
66,2018-08-23,0.0,0.0,0.0,0.0,1.0,1.0,No,4,Durham,NC,0.45714285714285713,7.094285714285713,88.71428571428571,70.14285714285714,78.42857142857143,0.0,0.0
66,2018-09-18,1.0,1.0,1.0,1.0,1.0,1.0,Yes,4,Durham,NC,0.9971428571428572,11.727142857142857,82.42857142857143,72.14285714285714,76.0,0.0,0.0
66,2018-09-26,1.0,1.0,1.0,1.0,1.0,1.0,Yes,4,Durham,NC,0.0,4.282857142857143,83.0,66.57142857142857,74.14285714285714,0.0,0.0
66,2018-10-08,1.0,1.0,1.0,1.0,1.0,1.0,Yes,4,Durham,NC,0.0,3.0657142857142854,85.57142857142857,64.71428571428571,73.57142857142857,0.0,0.0
66,2018-10-30,0.0,1.0,0.0,1.0,0.0,1.0,No,4,Durham,NC,0.22714285714285715,5.687142857142858,59.714285714285715,40.857142857142854,50.285714285714285,0.0,0.0
66,2018-11-07,0.0,1.0,1.0,0.0,1.0,0.0,No,4,Durham,NC,0.14285714285714285,7.861428571428571,68.42857142857143,49.142857142857146,59.142857142857146,0.0,0.0
66,2018-12-03,1.0,1.0,0.0,1.0,1.0,1.0,No,4,Durham,NC,0.049999999999999996,7.315714285714286,57.857142857142854,38.857142857142854,47.285714285714285,0.0,3.0
67,2018-07-12,1.0,1.0,1.0,1.0,1.0,0.0,No,4,Durham,NC,0.15285714285714286,5.144285714285714,89.0,65.0,76.0,0.0,0.0
67,2018-07-31,1.0,1.0,1.0,1.0,1.0,1.0,Yes,4,Durham,NC,0.2714285714285714,5.142857142857143,88.57142857142857,70.57142857142857,77.85714285714286,0.0,0.0
67,2018-09-05,1.0,1.0,1.0,1.0,0.0,1.0,No,4,Durham,NC,0.06714285714285714,4.122857142857144,92.42857142857143,70.71428571428571,79.57142857142857,0.0,0.0
67,2018-09-19,1.0,1.0,1.0,1.0,1.0,1.0,Yes,4,Durham,NC,0.9971428571428572,12.30142857142857,82.0,72.57142857142857,76.28571428571429,0.0,0.0
67,2018-09-27,1.0,1.0,1.0,1.0,1.0,1.0,Yes,4,Durham,NC,0.017142857142857144,4.7942857142857145,82.85714285714286,66.71428571428571,74.0,0.0,0.0
67,2018-10-08,1.0,1.0,1.0,1.0,1.0,1.0,Yes,4,Durham,NC,0.0,3.0657142857142854,85.57142857142857,64.71428571428571,73.57142857142857,0.0,0.0
67,2018-10-30,1.0,1.0,1.0,1.0,1.0,0.0,No,4,Durham,NC,0.22714285714285715,5.687142857142858,59.714285714285715,40.857142857142854,50.285714285714285,0.0,0.0
67,2018-11-07,1.0,1.0,1.0,1.0,1.0,0.0,No,4,Durham,NC,0.14285714285714285,7.861428571428571,68.42857142857143,49.142857142857146,59.142857142857146,0.0,0.0
67,2018-12-03,1.0,1.0,1.0,1.0,1.0,1.0,Yes,4,Durham,NC,0.049999999999999996,7.315714285714286,57.857142857142854,38.857142857142854,47.285714285714285,0.0,3.0
68,2018-08-27,0.0,1.0,0.0,1.0,1.0,1.0,No,4,Durham,NC,0.12571428571428572,5.111428571428571,85.0,63.285714285714285,74.0,0.0,0.0
68,2018-08-29,0.0,1.0,0.0,1.0,1.0,1.0,No,4,Durham,NC,0.0014285714285714286,4.5685714285714285,86.85714285714286,63.42857142857143,75.0,0.0,0.0
68,2018-09-04,0.0,1.0,0.0,1.0,0.0,1.0,No,4,Durham,NC,0.06571428571428571,4.570000000000001,92.71428571428571,70.57142857142857,79.71428571428571,0.0,0.0
68,2018-09-12,0.0,1.0,0.0,1.0,1.0,1.0,No,4,Durham,NC,0.06285714285714286,3.642857142857143,88.85714285714286,69.42857142857143,77.85714285714286,0.0,0.0
68,2018-09-18,0.0,1.0,0.0,1.0,0.0,1.0,No,4,Durham,NC,0.9971428571428572,11.727142857142857,82.42857142857143,72.14285714285714,76.0,0.0,0.0
68,2018-09-19,1.0,1.0,0.0,1.0,0.0,1.0,No,4,Durham,NC,0.9971428571428572,12.30142857142857,82.0,72.57142857142857,76.28571428571429,0.0,0.0
68,2018-09-26,0.0,1.0,0.0,1.0,1.0,1.0,No,4,Durham,NC,0.0,4.282857142857143,83.0,66.57142857142857,74.14285714285714,0.0,0.0
68,2018-10-01,0.0,0.0,0.0,1.0,1.0,1.0,No,4,Durham,NC,0.049999999999999996,4.444285714285714,81.0,65.14285714285714,72.14285714285714,0.0,0.0
68,2018-10-08,0.0,0.0,0.0,1.0,1.0,1.0,No,4,Durham,NC,0.0,3.0657142857142854,85.57142857142857,64.71428571428571,73.57142857142857,0.0,0.0
68,2018-10-11,0.0,0.0,0.0,1.0,1.0,1.0,No,4,Durham,NC,0.02428571428571429,4.761428571428572,84.85714285714286,67.57142857142857,75.0,0.0,0.0
68,2018-10-15,0.0,0.0,0.0,1.0,1.0,1.0,No,4,Durham,NC,0.39571428571428574,5.977142857142858,75.85714285714286,59.42857142857143,67.85714285714286,0.0,0.0
68,2018-10-18,0.0,0.0,0.0,1.0,1.0,1.0,No,4,Durham,NC,0.37285714285714283,5.081428571428572,73.0,55.285714285714285,64.85714285714286,0.0,0.0
69,2018-09-04,1.0,1.0,1.0,1.0,1.0,1.0,Yes,4,Durham,NC,0.06571428571428571,4.570000000000001,92.71428571428571,70.57142857142857,79.71428571428571,0.0,0.0
69,2018-09-18,1.0,1.0,1.0,1.0,1.0,1.0,Yes,4,Durham,NC,0.9971428571428572,11.727142857142857,82.42857142857143,72.14285714285714,76.0,0.0,0.0
69,2018-09-26,1.0,1.0,1.0,0.0,1.0,1.0,No,4,Durham,NC,0.0,4.282857142857143,83.0,66.57142857142857,74.14285714285714,0.0,0.0
69,2018-10-08,1.0,1.0,1.0,0.0,1.0,1.0,No,4,Durham,NC,0.0,3.0657142857142854,85.57142857142857,64.71428571428571,73.57142857142857,0.0,0.0
69,2018-11-06,1.0,0.0,1.0,1.0,1.0,1.0,No,4,Durham,NC,0.13857142857142857,6.967142857142858,67.14285714285714,46.0,56.857142857142854,0.0,0.0
69,2018-11-07,1.0,1.0,1.0,1.0,1.0,1.0,Yes,4,Durham,NC,0.14285714285714285,7.861428571428571,68.42857142857143,49.142857142857146,59.142857142857146,0.0,0.0
69,2018-12-03,1.0,1.0,1.0,1.0,1.0,1.0,Yes,4,Durham,NC,0.049999999999999996,7.315714285714286,57.857142857142854,38.857142857142854,47.285714285714285,0.0,3.0
70,2016-04-21,0.0,1.0,1.0,1.0,0.0,1.0,No,4,Durham,NC,0.0,6.071428571428571,74.57142857142857,43.142857142857146,59.285714285714285,0.0,0.0
70,2016-04-28,0.0,0.0,0.0,1.0,0.0,1.0,No,4,Durham,NC,0.22,7.925714285714286,79.42857142857143,57.42857142857143,67.42857142857143,0.0,0.0
70,2016-05-02,1.0,1.0,0.0,1.0,1.0,1.0,No,4,Durham,NC,0.13428571428571429,8.18142857142857,79.57142857142857,59.57142857142857,68.28571428571429,0.0,0.0
70,2016-05-09,1.0,1.0,1.0,1.0,1.0,1.0,Yes,4,Durham,NC,0.27,5.271428571428572,75.0,56.142857142857146,64.0,0.0,0.0
70,2016-05-24,1.0,1.0,1.0,1.0,1.0,1.0,Yes,4,Durham,NC,0.13999999999999999,4.537142857142857,68.71428571428571,56.142857142857146,62.42857142857143,0.0,0.0
70,2016-06-15,0.0,0.0,0.0,1.0,0.0,1.0,No,4,Durham,NC,0.0,4.825714285714285,86.85714285714286,61.285714285714285,75.14285714285714,0.0,0.0
70,2016-06-27,0.0,0.0,0.0,0.0,0.0,0.0,No,4,Durham,NC,0.2628571428571429,5.622857142857142,88.57142857142857,66.57142857142857,77.57142857142857,0.0,0.0
70,2016-08-11,0.0,0.0,0.0,0.0,0.0,1.0,No,4,Durham,NC,0.30428571428571427,5.782857142857142,89.42857142857143,73.0,79.85714285714286,0.0,0.0
70,2016-08-15,1.0,0.0,1.0,1.0,0.0,1.0,No,4,Durham,NC,0.07714285714285715,6.2628571428571425,92.57142857142857,75.0,82.57142857142857,0.0,0.0
70,2016-08-16,1.0,1.0,1.0,1.0,1.0,1.0,Yes,4,Durham,NC,0.0,6.167142857142857,93.57142857142857,75.28571428571429,83.42857142857143,0.0,0.0
70,2016-08-24,1.0,1.0,1.0,1.0,1.0,1.0,Yes,4,Durham,NC,0.054285714285714284,4.345714285714285,91.71428571428571,72.0,80.71428571428571,0.0,0.0
70,2016-08-30,1.0,1.0,1.0,1.0,1.0,1.0,Yes,4,Durham,NC,0.025714285714285714,4.728571428571428,92.14285714285714,68.71428571428571,79.57142857142857,0.0,0.0
70,2016-10-12,1.0,1.0,1.0,0.0,1.0,1.0,No,4,Durham,NC,0.9942857142857143,8.885714285714284,71.0,55.285714285714285,63.285714285714285,0.0,0.0
70,2016-10-26,1.0,1.0,1.0,1.0,1.0,1.0,Yes,4,Durham,NC,0.0,5.368571428571429,75.71428571428571,50.285714285714285,63.142857142857146,0.0,0.0
70,2017-02-23,1.0,1.0,1.0,1.0,1.0,1.0,Yes,4,Durham,NC,0.0,5.305714285714286,67.71428571428571,40.57142857142857,53.714285714285715,0.0,0.0
70,2017-03-21,1.0,1.0,1.0,1.0,1.0,1.0,Yes,4,Durham,NC,0.11142857142857143,7.221428571428571,55.57142857142857,30.142857142857142,42.0,0.0,5.0
70,2017-04-17,0.0,0.0,0.0,1.0,1.0,1.0,No,4,Durham,NC,0.0,8.435714285714285,81.57142857142857,55.42857142857143,68.71428571428571,0.0,0.0
71,2016-04-21,1.0,1.0,1.0,1.0,1.0,1.0,Yes,4,Durham,NC,0.0,6.071428571428571,74.57142857142857,43.142857142857146,59.285714285714285,0.0,0.0
71,2016-04-28,1.0,1.0,1.0,1.0,1.0,1.0,Yes,4,Durham,NC,0.22,7.925714285714286,79.42857142857143,57.42857142857143,67.42857142857143,0.0,0.0
71,2016-05-24,1.0,1.0,1.0,1.0,1.0,1.0,Yes,4,Durham,NC,0.13999999999999999,4.537142857142857,68.71428571428571,56.142857142857146,62.42857142857143,0.0,0.0
71,2016-06-15,1.0,1.0,1.0,1.0,1.0,1.0,Yes,4,Durham,NC,0.0,4.825714285714285,86.85714285714286,61.285714285714285,75.14285714285714,0.0,0.0
71,2016-07-27,1.0,1.0,1.0,1.0,1.0,1.0,Yes,4,Durham,NC,0.018571428571428572,6.198571428571428,93.57142857142857,73.0,82.85714285714286,0.0,0.0
71,2016-08-02,1.0,1.0,1.0,1.0,1.0,1.0,Yes,4,Durham,NC,0.047142857142857146,5.655714285714287,94.57142857142857,74.14285714285714,83.14285714285714,0.0,0.0
71,2016-08-17,1.0,1.0,1.0,1.0,0.0,1.0,No,4,Durham,NC,0.0,6.4557142857142855,94.14285714285714,75.28571428571429,84.14285714285714,0.0,0.0
71,2016-08-30,1.0,1.0,1.0,1.0,1.0,1.0,Yes,4,Durham,NC,0.025714285714285714,4.728571428571428,92.14285714285714,68.71428571428571,79.57142857142857,0.0,0.0
71,2016-09-27,1.0,1.0,1.0,1.0,0.0,1.0,No,4,Durham,NC,0.10857142857142857,6.1657142857142855,80.0,68.14285714285714,73.14285714285714,0.0,0.0
71,2016-10-12,1.0,1.0,1.0,1.0,1.0,1.0,Yes,4,Durham,NC,0.9942857142857143,8.885714285714284,71.0,55.285714285714285,63.285714285714285,0.0,0.0
71,2016-10-26,1.0,1.0,1.0,1.0,1.0,1.0,Yes,4,Durham,NC,0.0,5.368571428571429,75.71428571428571,50.285714285714285,63.142857142857146,0.0,0.0
71,2017-02-23,0.0,0.0,0.0,0.0,0.0,0.0,No,4,Durham,NC,0.0,5.305714285714286,67.71428571428571,40.57142857142857,53.714285714285715,0.0,0.0
71,2017-03-20,0.0,1.0,0.0,1.0,1.0,1.0,No,4,Durham,NC,0.19142857142857145,7.892857142857143,52.142857142857146,29.571428571428573,40.42857142857143,0.0,5.0
72,2016-03-29,1.0,1.0,1.0,1.0,1.0,1.0,Yes,4,Durham,NC,0.12999999999999998,9.105714285714287,70.85714285714286,51.57142857142857,61.0,0.0,0.0
72,2016-04-28,1.0,1.0,1.0,1.0,1.0,1.0,Yes,4,Durham,NC,0.22,7.925714285714286,79.42857142857143,57.42857142857143,67.42857142857143,0.0,0.0
72,2016-05-09,0.0,1.0,0.0,1.0,1.0,1.0,No,4,Durham,NC,0.27,5.271428571428572,75.0,56.142857142857146,64.0,0.0,0.0
72,2016-05-24,1.0,1.0,1.0,1.0,1.0,1.0,Yes,4,Durham,NC,0.13999999999999999,4.537142857142857,68.71428571428571,56.142857142857146,62.42857142857143,0.0,0.0
72,2016-06-16,1.0,1.0,1.0,1.0,1.0,1.0,Yes,4,Durham,NC,0.0642857142857143,4.634285714285714,88.28571428571429,63.0,76.14285714285714,0.0,0.0
72,2016-08-17,1.0,1.0,1.0,1.0,1.0,1.0,Yes,4,Durham,NC,0.0,6.4557142857142855,94.14285714285714,75.28571428571429,84.14285714285714,0.0,0.0
72,2016-08-30,1.0,1.0,1.0,1.0,1.0,1.0,Yes,4,Durham,NC,0.025714285714285714,4.728571428571428,92.14285714285714,68.71428571428571,79.57142857142857,0.0,0.0
72,2016-10-12,1.0,1.0,1.0,1.0,1.0,1.0,Yes,4,Durham,NC,0.9942857142857143,8.885714285714284,71.0,55.285714285714285,63.285714285714285,0.0,0.0
72,2016-10-26,1.0,1.0,1.0,1.0,1.0,1.0,Yes,4,Durham,NC,0.0,5.368571428571429,75.71428571428571,50.285714285714285,63.142857142857146,0.0,0.0
72,2017-02-23,0.0,1.0,1.0,1.0,1.0,1.0,No,4,Durham,NC,0.0,5.305714285714286,67.71428571428571,40.57142857142857,53.714285714285715,0.0,0.0
72,2017-03-21,1.0,1.0,1.0,1.0,1.0,0.0,No,4,Durham,NC,0.11142857142857143,7.221428571428571,55.57142857142857,30.142857142857142,42.0,0.0,5.0
72,2017-04-17,1.0,1.0,1.0,1.0,1.0,1.0,Yes,4,Durham,NC,0.0,8.435714285714285,81.57142857142857,55.42857142857143,68.71428571428571,0.0,0.0
73,2016-03-29,1.0,1.0,1.0,1.0,1.0,1.0,Yes,4,Durham,NC,0.12999999999999998,9.105714285714287,70.85714285714286,51.57142857142857,61.0,0.0,0.0
73,2016-04-28,1.0,1.0,1.0,1.0,1.0,1.0,Yes,4,Durham,NC,0.22,7.925714285714286,79.42857142857143,57.42857142857143,67.42857142857143,0.0,0.0
73,2016-05-09,0.0,1.0,1.0,1.0,1.0,1.0,No,4,Durham,NC,0.27,5.271428571428572,75.0,56.142857142857146,64.0,0.0,0.0
73,2016-05-24,0.0,1.0,0.0,1.0,0.0,1.0,No,4,Durham,NC,0.13999999999999999,4.537142857142857,68.71428571428571,56.142857142857146,62.42857142857143,0.0,0.0
73,2016-06-08,0.0,1.0,0.0,1.0,0.0,1.0,No,4,Durham,NC,0.20857142857142857,5.687142857142858,88.0,69.14285714285714,77.42857142857143,0.0,0.0
73,2016-06-15,0.0,1.0,1.0,1.0,1.0,1.0,No,4,Durham,NC,0.0,4.825714285714285,86.85714285714286,61.285714285714285,75.14285714285714,0.0,0.0
73,2016-06-27,1.0,1.0,1.0,1.0,1.0,1.0,Yes,4,Durham,NC,0.2628571428571429,5.622857142857142,88.57142857142857,66.57142857142857,77.57142857142857,0.0,0.0
73,2016-07-01,1.0,1.0,1.0,1.0,1.0,1.0,Yes,4,Durham,NC,0.3242857142857143,4.314285714285714,86.14285714285714,68.28571428571429,76.0,0.0,0.0
73,2016-07-19,1.0,1.0,1.0,0.0,1.0,1.0,No,4,Durham,NC,0.5614285714285715,4.825714285714286,92.14285714285714,70.85714285714286,80.42857142857143,0.0,0.0
73,2016-08-02,1.0,1.0,1.0,1.0,1.0,1.0,Yes,4,Durham,NC,0.047142857142857146,5.655714285714287,94.57142857142857,74.14285714285714,83.14285714285714,0.0,0.0
73,2016-08-30,1.0,1.0,1.0,1.0,1.0,1.0,Yes,4,Durham,NC,0.025714285714285714,4.728571428571428,92.14285714285714,68.71428571428571,79.57142857142857,0.0,0.0
73,2016-10-12,1.0,1.0,1.0,1.0,1.0,1.0,Yes,4,Durham,NC,0.9942857142857143,8.885714285714284,71.0,55.285714285714285,63.285714285714285,0.0,0.0
73,2016-10-26,1.0,1.0,1.0,1.0,1.0,1.0,Yes,4,Durham,NC,0.0,5.368571428571429,75.71428571428571,50.285714285714285,63.142857142857146,0.0,0.0
73,2017-02-22,0.0,0.0,0.0,1.0,0.0,1.0,No,4,Durham,NC,0.04857142857142858,5.53,65.71428571428571,38.857142857142854,52.714285714285715,0.0,0.0
73,2017-04-17,0.0,0.0,0.0,1.0,1.0,1.0,No,4,Durham,NC,0.0,8.435714285714285,81.57142857142857,55.42857142857143,68.71428571428571,0.0,0.0
74,2016-03-29,1.0,1.0,1.0,1.0,1.0,1.0,Yes,4,Durham,NC,0.12999999999999998,9.105714285714287,70.85714285714286,51.57142857142857,61.0,0.0,0.0
74,2016-04-28,1.0,1.0,1.0,1.0,1.0,1.0,Yes,4,Durham,NC,0.22,7.925714285714286,79.42857142857143,57.42857142857143,67.42857142857143,0.0,0.0
74,2016-05-09,0.0,1.0,0.0,1.0,0.0,1.0,No,4,Durham,NC,0.27,5.271428571428572,75.0,56.142857142857146,64.0,0.0,0.0
74,2016-05-24,0.0,1.0,1.0,1.0,1.0,1.0,No,4,Durham,NC,0.13999999999999999,4.537142857142857,68.71428571428571,56.142857142857146,62.42857142857143,0.0,0.0
74,2016-06-16,0.0,1.0,0.0,1.0,0.0,1.0,No,4,Durham,NC,0.0642857142857143,4.634285714285714,88.28571428571429,63.0,76.14285714285714,0.0,0.0
74,2016-06-27,1.0,1.0,1.0,1.0,1.0,1.0,Yes,4,Durham,NC,0.2628571428571429,5.622857142857142,88.57142857142857,66.57142857142857,77.57142857142857,0.0,0.0
74,2016-07-19,1.0,1.0,1.0,0.0,1.0,1.0,No,4,Durham,NC,0.5614285714285715,4.825714285714286,92.14285714285714,70.85714285714286,80.42857142857143,0.0,0.0
74,2016-07-27,0.0,1.0,0.0,0.0,0.0,1.0,No,4,Durham,NC,0.018571428571428572,6.198571428571428,93.57142857142857,73.0,82.85714285714286,0.0,0.0
74,2016-08-02,1.0,1.0,1.0,1.0,1.0,1.0,Yes,4,Durham,NC,0.047142857142857146,5.655714285714287,94.57142857142857,74.14285714285714,83.14285714285714,0.0,0.0
74,2016-08-11,1.0,1.0,1.0,1.0,0.0,1.0,No,4,Durham,NC,0.30428571428571427,5.782857142857142,89.42857142857143,73.0,79.85714285714286,0.0,0.0
74,2017-04-12,1.0,1.0,0.0,1.0,1.0,1.0,No,4,Durham,NC,0.05857142857142857,8.787142857142857,73.0,46.0,60.42857142857143,0.0,0.0
74,2017-04-14,0.0,1.0,0.0,1.0,1.0,1.0,No,4,Durham,NC,0.0,7.381428571428572,75.14285714285714,47.0,61.714285714285715,0.0,0.0
75,2016-03-09,1.0,1.0,1.0,1.0,1.0,1.0,Yes,4,Durham,NC,0.03571428571428571,6.104285714285715,60.57142857142857,35.857142857142854,47.857142857142854,0.0,1.0
75,2016-03-29,1.0,1.0,1.0,1.0,1.0,1.0,Yes,4,Durham,NC,0.12999999999999998,9.105714285714287,70.85714285714286,51.57142857142857,61.0,0.0,0.0
75,2016-04-27,1.0,1.0,1.0,1.0,1.0,1.0,Yes,4,Durham,NC,0.1457142857142857,8.15,77.71428571428571,56.42857142857143,66.42857142857143,0.0,0.0
75,2016-05-10,1.0,1.0,1.0,1.0,1.0,1.0,Yes,4,Durham,NC,0.27428571428571435,4.217142857142857,74.14285714285714,55.0,63.857142857142854,0.0,0.0
75,2016-05-24,1.0,1.0,1.0,1.0,1.0,1.0,Yes,4,Durham,NC,0.13999999999999999,4.537142857142857,68.71428571428571,56.142857142857146,62.42857142857143,0.0,0.0
75,2016-06-15,1.0,1.0,1.0,1.0,1.0,1.0,Yes,4,Durham,NC,0.0,4.825714285714285,86.85714285714286,61.285714285714285,75.14285714285714,0.0,0.0
75,2016-07-19,1.0,1.0,1.0,1.0,1.0,1.0,Yes,4,Durham,NC,0.5614285714285715,4.825714285714286,92.14285714285714,70.85714285714286,80.42857142857143,0.0,0.0
75,2016-08-16,1.0,1.0,1.0,1.0,1.0,1.0,Yes,4,Durham,NC,0.0,6.167142857142857,93.57142857142857,75.28571428571429,83.42857142857143,0.0,0.0
75,2016-08-24,1.0,1.0,1.0,1.0,1.0,1.0,Yes,4,Durham,NC,0.054285714285714284,4.345714285714285,91.71428571428571,72.0,80.71428571428571,0.0,0.0
75,2016-10-13,1.0,1.0,1.0,1.0,1.0,1.0,Yes,4,Durham,NC,0.9942857142857143,7.64,71.14285714285714,53.57142857142857,62.142857142857146,0.0,0.0
75,2016-10-26,1.0,1.0,1.0,1.0,1.0,1.0,Yes,4,Durham,NC,0.0,5.368571428571429,75.71428571428571,50.285714285714285,63.142857142857146,0.0,0.0
75,2017-02-22,0.0,0.0,0.0,0.0,0.0,1.0,No,4,Durham,NC,0.04857142857142858,5.53,65.71428571428571,38.857142857142854,52.714285714285715,0.0,0.0
75,2017-03-20,1.0,1.0,0.0,1.0,1.0,1.0,No,4,Durham,NC,0.19142857142857145,7.892857142857143,52.142857142857146,29.571428571428573,40.42857142857143,0.0,5.0
75,2017-03-27,1.0,1.0,0.0,0.0,1.0,1.0,No,4,Durham,NC,0.028571428571428574,7.478571428571429,70.28571428571429,41.57142857142857,56.142857142857146,0.0,2.0
75,2017-04-17,1.0,1.0,0.0,1.0,1.0,1.0,No,4,Durham,NC,0.0,8.435714285714285,81.57142857142857,55.42857142857143,68.71428571428571,0.0,0.0
76,2016-03-29,1.0,1.0,1.0,1.0,1.0,1.0,Yes,4,Durham,NC,0.12999999999999998,9.105714285714287,70.85714285714286,51.57142857142857,61.0,0.0,0.0
76,2016-04-27,1.0,1.0,1.0,1.0,1.0,1.0,Yes,4,Durham,NC,0.1457142857142857,8.15,77.71428571428571,56.42857142857143,66.42857142857143,0.0,0.0
76,2016-06-16,1.0,1.0,1.0,1.0,1.0,1.0,Yes,4,Durham,NC,0.0642857142857143,4.634285714285714,88.28571428571429,63.0,76.14285714285714,0.0,0.0
76,2016-08-16,0.0,0.0,0.0,1.0,0.0,0.0,No,4,Durham,NC,0.0,6.167142857142857,93.57142857142857,75.28571428571429,83.42857142857143,0.0,0.0
76,2016-08-24,0.0,0.0,0.0,0.0,0.0,1.0,No,4,Durham,NC,0.054285714285714284,4.345714285714285,91.71428571428571,72.0,80.71428571428571,0.0,0.0
76,2017-04-04,1.0,1.0,1.0,1.0,1.0,1.0,Yes,4,Durham,NC,0.12571428571428572,7.638571428571429,74.14285714285714,53.714285714285715,63.285714285714285,0.0,0.0
76,2017-04-17,1.0,1.0,1.0,1.0,1.0,1.0,Yes,4,Durham,NC,0.0,8.435714285714285,81.57142857142857,55.42857142857143,68.71428571428571,0.0,0.0
77,2016-03-20,1.0,1.0,1.0,1.0,1.0,1.0,Yes,4,Durham,NC,0.3985714285714286,4.890000000000001,75.71428571428571,52.42857142857143,64.57142857142857,0.0,0.0
77,2016-04-27,1.0,1.0,1.0,1.0,1.0,1.0,Yes,4,Durham,NC,0.1457142857142857,8.15,77.71428571428571,56.42857142857143,66.42857142857143,0.0,0.0
77,2016-05-10,1.0,1.0,1.0,1.0,0.0,0.0,No,4,Durham,NC,0.27428571428571435,4.217142857142857,74.14285714285714,55.0,63.857142857142854,0.0,0.0
77,2016-05-24,1.0,1.0,1.0,1.0,1.0,1.0,Yes,4,Durham,NC,0.13999999999999999,4.537142857142857,68.71428571428571,56.142857142857146,62.42857142857143,0.0,0.0
77,2016-06-08,1.0,1.0,1.0,1.0,1.0,1.0,Yes,4,Durham,NC,0.20857142857142857,5.687142857142858,88.0,69.14285714285714,77.42857142857143,0.0,0.0
77,2016-06-16,1.0,1.0,0.0,1.0,0.0,0.0,No,4,Durham,NC,0.0642857142857143,4.634285714285714,88.28571428571429,63.0,76.14285714285714,0.0,0.0
77,2016-06-27,1.0,1.0,1.0,1.0,1.0,1.0,Yes,4,Durham,NC,0.2628571428571429,5.622857142857142,88.57142857142857,66.57142857142857,77.57142857142857,0.0,0.0
77,2016-08-16,1.0,1.0,1.0,1.0,1.0,1.0,Yes,4,Durham,NC,0.0,6.167142857142857,93.57142857142857,75.28571428571429,83.42857142857143,0.0,0.0
77,2016-08-24,1.0,1.0,1.0,1.0,1.0,1.0,Yes,4,Durham,NC,0.054285714285714284,4.345714285714285,91.71428571428571,72.0,80.71428571428571,0.0,0.0
77,2016-10-13,0.0,0.0,0.0,0.0,1.0,1.0,No,4,Durham,NC,0.9942857142857143,7.64,71.14285714285714,53.57142857142857,62.142857142857146,0.0,0.0
77,2016-10-26,0.0,0.0,1.0,0.0,1.0,1.0,No,4,Durham,NC,0.0,5.368571428571429,75.71428571428571,50.285714285714285,63.142857142857146,0.0,0.0
77,2016-10-26,1.0,0.0,1.0,0.0,1.0,1.0,No,4,Durham,NC,0.0,5.368571428571429,75.71428571428571,50.285714285714285,63.142857142857146,0.0,0.0
77,2016-12-07,0.0,0.0,0.0,0.0,0.0,0.0,No,4,Durham,NC,0.1942857142857143,5.975714285714285,58.857142857142854,43.285714285714285,51.857142857142854,0.0,0.0
77,2017-03-21,0.0,0.0,1.0,1.0,1.0,1.0,No,4,Durham,NC,0.11142857142857143,7.221428571428571,55.57142857142857,30.142857142857142,42.0,0.0,5.0
77,2017-03-27,0.0,0.0,1.0,0.0,1.0,1.0,No,4,Durham,NC,0.028571428571428574,7.478571428571429,70.28571428571429,41.57142857142857,56.142857142857146,0.0,2.0
77,2017-04-17,1.0,1.0,1.0,1.0,1.0,1.0,Yes,4,Durham,NC,0.0,8.435714285714285,81.57142857142857,55.42857142857143,68.71428571428571,0.0,0.0
78,2016-03-31,1.0,1.0,1.0,1.0,1.0,1.0,Yes,4,Durham,NC,0.12999999999999998,7.412857142857143,69.85714285714286,52.57142857142857,61.42857142857143,0.0,0.0
78,2016-04-29,1.0,1.0,1.0,1.0,1.0,1.0,Yes,4,Durham,NC,0.2542857142857143,7.445714285714287,80.0,59.0,68.28571428571429,0.0,0.0
78,2016-05-10,1.0,1.0,1.0,1.0,1.0,1.0,Yes,4,Durham,NC,0.27428571428571435,4.217142857142857,74.14285714285714,55.0,63.857142857142854,0.0,0.0
78,2016-05-24,1.0,1.0,1.0,1.0,1.0,1.0,Yes,4,Durham,NC,0.13999999999999999,4.537142857142857,68.71428571428571,56.142857142857146,62.42857142857143,0.0,0.0
78,2016-06-08,0.0,1.0,0.0,1.0,0.0,1.0,No,4,Durham,NC,0.20857142857142857,5.687142857142858,88.0,69.14285714285714,77.42857142857143,0.0,0.0
78,2016-06-16,0.0,1.0,0.0,1.0,0.0,1.0,No,4,Durham,NC,0.0642857142857143,4.634285714285714,88.28571428571429,63.0,76.14285714285714,0.0,0.0
78,2016-06-27,0.0,1.0,0.0,1.0,0.0,1.0,No,4,Durham,NC,0.2628571428571429,5.622857142857142,88.57142857142857,66.57142857142857,77.57142857142857,0.0,0.0
78,2016-08-16,0.0,0.0,0.0,0.0,0.0,0.0,No,4,Durham,NC,0.0,6.167142857142857,93.57142857142857,75.28571428571429,83.42857142857143,0.0,0.0
78,2017-04-11,1.0,1.0,1.0,1.0,1.0,1.0,Yes,4,Durham,NC,0.05857142857142857,9.138571428571428,73.0,47.142857142857146,60.42857142857143,0.0,0.0
79,2016-03-31,1.0,1.0,1.0,1.0,1.0,1.0,Yes,4,Durham,NC,0.12999999999999998,7.412857142857143,69.85714285714286,52.57142857142857,61.42857142857143,0.0,0.0
79,2016-04-28,1.0,1.0,1.0,1.0,1.0,1.0,Yes,4,Durham,NC,0.22,7.925714285714286,79.42857142857143,57.42857142857143,67.42857142857143,0.0,0.0
79,2016-06-16,1.0,1.0,1.0,1.0,1.0,1.0,Yes,4,Durham,NC,0.0642857142857143,4.634285714285714,88.28571428571429,63.0,76.14285714285714,0.0,0.0
79,2017-03-27,1.0,1.0,1.0,1.0,0.0,1.0,No,4,Durham,NC,0.028571428571428574,7.478571428571429,70.28571428571429,41.57142857142857,56.142857142857146,0.0,2.0
80,2016-03-01,1.0,1.0,1.0,1.0,1.0,1.0,Yes,4,Durham,NC,0.09285714285714286,8.882857142857144,59.42857142857143,37.142857142857146,48.0,0.0,3.0
80,2016-03-13,0.0,1.0,0.0,1.0,1.0,0.0,No,4,Durham,NC,0.005714285714285714,8.374285714285714,74.14285714285714,49.857142857142854,60.857142857142854,0.0,0.0
80,2016-03-24,1.0,1.0,1.0,1.0,1.0,1.0,Yes,4,Durham,NC,0.017142857142857144,6.998571428571429,64.57142857142857,42.0,54.0,0.0,0.0
80,2016-03-24,1.0,1.0,0.0,1.0,1.0,1.0,No,4,Durham,NC,0.017142857142857144,6.998571428571429,64.57142857142857,42.0,54.0,0.0,0.0
80,2016-04-11,0.0,1.0,0.0,1.0,0.0,1.0,No,4,Durham,NC,0.012857142857142857,8.947142857142858,63.57142857142857,39.0,52.0,0.0,2.0
80,2016-04-21,0.0,1.0,1.0,1.0,1.0,1.0,No,4,Durham,NC,0.0,6.071428571428571,74.57142857142857,43.142857142857146,59.285714285714285,0.0,0.0
80,2016-04-28,1.0,1.0,1.0,1.0,1.0,1.0,Yes,4,Durham,NC,0.22,7.925714285714286,79.42857142857143,57.42857142857143,67.42857142857143,0.0,0.0
80,2016-05-10,1.0,1.0,1.0,1.0,1.0,1.0,Yes,4,Durham,NC,0.27428571428571435,4.217142857142857,74.14285714285714,55.0,63.857142857142854,0.0,0.0
80,2016-06-08,1.0,1.0,1.0,1.0,1.0,1.0,Yes,4,Durham,NC,0.20857142857142857,5.687142857142858,88.0,69.14285714285714,77.42857142857143,0.0,0.0
80,2016-06-16,1.0,1.0,1.0,1.0,1.0,1.0,Yes,4,Durham,NC,0.0642857142857143,4.634285714285714,88.28571428571429,63.0,76.14285714285714,0.0,0.0
80,2016-07-01,1.0,1.0,1.0,1.0,1.0,1.0,Yes,4,Durham,NC,0.3242857142857143,4.314285714285714,86.14285714285714,68.28571428571429,76.0,0.0,0.0
80,2016-07-27,0.0,1.0,0.0,1.0,0.0,0.0,No,4,Durham,NC,0.018571428571428572,6.198571428571428,93.57142857142857,73.0,82.85714285714286,0.0,0.0
80,2016-08-02,1.0,1.0,1.0,1.0,0.0,1.0,No,4,Durham,NC,0.047142857142857146,5.655714285714287,94.57142857142857,74.14285714285714,83.14285714285714,0.0,0.0
80,2016-08-16,1.0,1.0,1.0,0.0,1.0,1.0,No,4,Durham,NC,0.0,6.167142857142857,93.57142857142857,75.28571428571429,83.42857142857143,0.0,0.0
80,2016-08-24,1.0,1.0,1.0,1.0,1.0,1.0,Yes,4,Durham,NC,0.054285714285714284,4.345714285714285,91.71428571428571,72.0,80.71428571428571,0.0,0.0
80,2016-10-26,1.0,1.0,1.0,1.0,1.0,1.0,Yes,4,Durham,NC,0.0,5.368571428571429,75.71428571428571,50.285714285714285,63.142857142857146,0.0,0.0
80,2017-02-23,1.0,1.0,0.0,1.0,0.0,1.0,No,4,Durham,NC,0.0,5.305714285714286,67.71428571428571,40.57142857142857,53.714285714285715,0.0,0.0
80,2017-03-27,1.0,1.0,1.0,1.0,1.0,1.0,Yes,4,Durham,NC,0.028571428571428574,7.478571428571429,70.28571428571429,41.57142857142857,56.142857142857146,0.0,2.0
81,2016-03-31,1.0,1.0,1.0,1.0,1.0,1.0,Yes,4,Durham,NC,0.12999999999999998,7.412857142857143,69.85714285714286,52.57142857142857,61.42857142857143,0.0,0.0
81,2016-04-28,1.0,1.0,1.0,1.0,1.0,1.0,Yes,4,Durham,NC,0.22,7.925714285714286,79.42857142857143,57.42857142857143,67.42857142857143,0.0,0.0
81,2016-05-10,1.0,1.0,1.0,1.0,1.0,1.0,Yes,4,Durham,NC,0.27428571428571435,4.217142857142857,74.14285714285714,55.0,63.857142857142854,0.0,0.0
81,2016-06-16,1.0,1.0,1.0,1.0,1.0,1.0,Yes,4,Durham,NC,0.0642857142857143,4.634285714285714,88.28571428571429,63.0,76.14285714285714,0.0,0.0
81,2016-08-16,1.0,1.0,1.0,1.0,1.0,1.0,Yes,4,Durham,NC,0.0,6.167142857142857,93.57142857142857,75.28571428571429,83.42857142857143,0.0,0.0
81,2016-08-24,1.0,1.0,1.0,1.0,1.0,1.0,Yes,4,Durham,NC,0.054285714285714284,4.345714285714285,91.71428571428571,72.0,80.71428571428571,0.0,0.0
82,2016-03-31,1.0,0.0,0.0,1.0,1.0,1.0,No,4,Durham,NC,0.12999999999999998,7.412857142857143,69.85714285714286,52.57142857142857,61.42857142857143,0.0,0.0
82,2016-04-11,1.0,0.0,1.0,1.0,1.0,1.0,No,4,Durham,NC,0.012857142857142857,8.947142857142858,63.57142857142857,39.0,52.0,0.0,2.0
82,2016-04-28,1.0,1.0,1.0,1.0,1.0,1.0,Yes,4,Durham,NC,0.22,7.925714285714286,79.42857142857143,57.42857142857143,67.42857142857143,0.0,0.0
82,2016-05-10,1.0,1.0,1.0,1.0,1.0,1.0,Yes,4,Durham,NC,0.27428571428571435,4.217142857142857,74.14285714285714,55.0,63.857142857142854,0.0,0.0
82,2016-06-16,1.0,1.0,1.0,1.0,1.0,1.0,Yes,4,Durham,NC,0.0642857142857143,4.634285714285714,88.28571428571429,63.0,76.14285714285714,0.0,0.0
82,2016-08-16,1.0,1.0,1.0,1.0,1.0,1.0,Yes,4,Durham,NC,0.0,6.167142857142857,93.57142857142857,75.28571428571429,83.42857142857143,0.0,0.0
82,2016-08-24,1.0,1.0,1.0,1.0,1.0,1.0,Yes,4,Durham,NC,0.054285714285714284,4.345714285714285,91.71428571428571,72.0,80.71428571428571,0.0,0.0
82,2016-10-13,1.0,1.0,1.0,1.0,1.0,1.0,Yes,4,Durham,NC,0.9942857142857143,7.64,71.14285714285714,53.57142857142857,62.142857142857146,0.0,0.0
82,2016-10-26,1.0,1.0,1.0,1.0,1.0,1.0,Yes,4,Durham,NC,0.0,5.368571428571429,75.71428571428571,50.285714285714285,63.142857142857146,0.0,0.0
82,2017-02-23,0.0,1.0,1.0,1.0,1.0,1.0,No,4,Durham,NC,0.0,5.305714285714286,67.71428571428571,40.57142857142857,53.714285714285715,0.0,0.0
83,2016-03-08,0.0,0.0,0.0,0.0,0.0,0.0,No,4,Durham,NC,0.03571428571428571,6.3914285714285715,60.0,34.57142857142857,47.285714285714285,0.0,1.0
83,2016-04-21,0.0,1.0,0.0,0.0,0.0,1.0,No,4,Durham,NC,0.0,6.071428571428571,74.57142857142857,43.142857142857146,59.285714285714285,0.0,0.0
83,2016-04-27,1.0,1.0,1.0,1.0,1.0,1.0,Yes,4,Durham,NC,0.1457142857142857,8.15,77.71428571428571,56.42857142857143,66.42857142857143,0.0,0.0
83,2016-05-09,0.0,1.0,0.0,1.0,0.0,1.0,No,4,Durham,NC,0.27,5.271428571428572,75.0,56.142857142857146,64.0,0.0,0.0
83,2016-05-25,0.0,1.0,0.0,1.0,0.0,1.0,No,4,Durham,NC,0.10142857142857142,4.504285714285714,70.71428571428571,55.142857142857146,62.57142857142857,0.0,0.0
83,2016-06-16,1.0,1.0,1.0,1.0,1.0,1.0,Yes,4,Durham,NC,0.0642857142857143,4.634285714285714,88.28571428571429,63.0,76.14285714285714,0.0,0.0
83,2016-08-24,1.0,1.0,1.0,1.0,0.0,0.0,No,4,Durham,NC,0.054285714285714284,4.345714285714285,91.71428571428571,72.0,80.71428571428571,0.0,0.0
83,2016-09-01,0.0,1.0,0.0,1.0,1.0,1.0,No,4,Durham,NC,0.025714285714285714,4.825714285714286,93.71428571428571,70.0,80.85714285714286,0.0,0.0
83,2016-10-13,0.0,0.0,0.0,1.0,1.0,1.0,No,4,Durham,NC,0.9942857142857143,7.64,71.14285714285714,53.57142857142857,62.142857142857146,0.0,0.0
83,2016-10-26,0.0,0.0,0.0,1.0,1.0,1.0,No,4,Durham,NC,0.0,5.368571428571429,75.71428571428571,50.285714285714285,63.142857142857146,0.0,0.0
84,2016-03-08,1.0,1.0,1.0,1.0,1.0,1.0,Yes,4,Durham,NC,0.03571428571428571,6.3914285714285715,60.0,34.57142857142857,47.285714285714285,0.0,1.0
84,2016-03-31,1.0,1.0,1.0,1.0,1.0,1.0,Yes,4,Durham,NC,0.12999999999999998,7.412857142857143,69.85714285714286,52.57142857142857,61.42857142857143,0.0,0.0
84,2016-04-11,1.0,1.0,1.0,1.0,1.0,1.0,Yes,4,Durham,NC,0.012857142857142857,8.947142857142858,63.57142857142857,39.0,52.0,0.0,2.0
84,2016-04-27,1.0,1.0,1.0,1.0,1.0,1.0,Yes,4,Durham,NC,0.1457142857142857,8.15,77.71428571428571,56.42857142857143,66.42857142857143,0.0,0.0
84,2016-06-16,1.0,1.0,1.0,1.0,1.0,1.0,Yes,4,Durham,NC,0.0642857142857143,4.634285714285714,88.28571428571429,63.0,76.14285714285714,0.0,0.0
84,2016-07-27,1.0,1.0,1.0,0.0,0.0,1.0,No,4,Durham,NC,0.018571428571428572,6.198571428571428,93.57142857142857,73.0,82.85714285714286,0.0,0.0
84,2016-08-02,1.0,1.0,1.0,1.0,0.0,1.0,No,4,Durham,NC,0.047142857142857146,5.655714285714287,94.57142857142857,74.14285714285714,83.14285714285714,0.0,0.0
84,2016-08-24,1.0,1.0,1.0,1.0,1.0,1.0,Yes,4,Durham,NC,0.054285714285714284,4.345714285714285,91.71428571428571,72.0,80.71428571428571,0.0,0.0
84,2016-09-01,1.0,1.0,1.0,1.0,1.0,1.0,Yes,4,Durham,NC,0.025714285714285714,4.825714285714286,93.71428571428571,70.0,80.85714285714286,0.0,0.0
84,2016-10-13,1.0,1.0,1.0,1.0,1.0,1.0,Yes,4,Durham,NC,0.9942857142857143,7.64,71.14285714285714,53.57142857142857,62.142857142857146,0.0,0.0
84,2016-10-27,1.0,1.0,1.0,1.0,1.0,1.0,Yes,4,Durham,NC,0.0,5.208571428571429,72.85714285714286,47.0,60.285714285714285,0.0,0.0
84,2017-02-23,1.0,1.0,1.0,1.0,1.0,1.0,Yes,4,Durham,NC,0.0,5.305714285714286,67.71428571428571,40.57142857142857,53.714285714285715,0.0,0.0
84,2017-04-04,1.0,1.0,1.0,1.0,1.0,1.0,Yes,4,Durham,NC,0.12571428571428572,7.638571428571429,74.14285714285714,53.714285714285715,63.285714285714285,0.0,0.0
85,2016-03-08,1.0,1.0,1.0,1.0,1.0,1.0,Yes,4,Durham,NC,0.03571428571428571,6.3914285714285715,60.0,34.57142857142857,47.285714285714285,0.0,1.0
85,2016-03-08,1.0,1.0,0.0,1.0,0.0,1.0,No,4,Durham,NC,0.03571428571428571,6.3914285714285715,60.0,34.57142857142857,47.285714285714285,0.0,1.0
85,2016-03-13,0.0,0.0,0.0,1.0,1.0,1.0,No,4,Durham,NC,0.005714285714285714,8.374285714285714,74.14285714285714,49.857142857142854,60.857142857142854,0.0,0.0
85,2016-04-11,0.0,0.0,0.0,1.0,0.0,1.0,No,4,Durham,NC,0.012857142857142857,8.947142857142858,63.57142857142857,39.0,52.0,0.0,2.0
85,2016-04-27,0.0,1.0,0.0,1.0,0.0,1.0,No,4,Durham,NC,0.1457142857142857,8.15,77.71428571428571,56.42857142857143,66.42857142857143,0.0,0.0
85,2016-05-10,1.0,1.0,0.0,1.0,0.0,1.0,No,4,Durham,NC,0.27428571428571435,4.217142857142857,74.14285714285714,55.0,63.857142857142854,0.0,0.0
85,2016-05-24,1.0,1.0,1.0,1.0,1.0,1.0,Yes,4,Durham,NC,0.13999999999999999,4.537142857142857,68.71428571428571,56.142857142857146,62.42857142857143,0.0,0.0
85,2016-06-16,0.0,1.0,0.0,1.0,0.0,0.0,No,4,Durham,NC,0.0642857142857143,4.634285714285714,88.28571428571429,63.0,76.14285714285714,0.0,0.0
85,2016-06-27,0.0,1.0,0.0,1.0,0.0,1.0,No,4,Durham,NC,0.2628571428571429,5.622857142857142,88.57142857142857,66.57142857142857,77.57142857142857,0.0,0.0
85,2016-08-24,1.0,1.0,1.0,1.0,0.0,1.0,No,4,Durham,NC,0.054285714285714284,4.345714285714285,91.71428571428571,72.0,80.71428571428571,0.0,0.0
85,2016-09-01,1.0,1.0,1.0,1.0,1.0,1.0,Yes,4,Durham,NC,0.025714285714285714,4.825714285714286,93.71428571428571,70.0,80.85714285714286,0.0,0.0
85,2016-09-07,1.0,1.0,1.0,1.0,1.0,1.0,Yes,4,Durham,NC,0.2257142857142857,5.434285714285714,86.14285714285714,64.28571428571429,74.28571428571429,0.0,0.0
85,2017-04-04,1.0,1.0,1.0,1.0,1.0,1.0,Yes,4,Durham,NC,0.12571428571428572,7.638571428571429,74.14285714285714,53.714285714285715,63.285714285714285,0.0,0.0
86,2016-03-09,1.0,1.0,1.0,1.0,1.0,1.0,Yes,4,Durham,NC,0.03571428571428571,6.104285714285715,60.57142857142857,35.857142857142854,47.857142857142854,0.0,1.0
86,2016-03-31,1.0,1.0,1.0,1.0,1.0,1.0,Yes,4,Durham,NC,0.12999999999999998,7.412857142857143,69.85714285714286,52.57142857142857,61.42857142857143,0.0,0.0
86,2016-04-27,1.0,1.0,1.0,1.0,1.0,1.0,Yes,4,Durham,NC,0.1457142857142857,8.15,77.71428571428571,56.42857142857143,66.42857142857143,0.0,0.0
86,2016-05-10,1.0,1.0,1.0,1.0,1.0,1.0,Yes,4,Durham,NC,0.27428571428571435,4.217142857142857,74.14285714285714,55.0,63.857142857142854,0.0,0.0
86,2016-06-16,1.0,1.0,1.0,1.0,1.0,1.0,Yes,4,Durham,NC,0.0642857142857143,4.634285714285714,88.28571428571429,63.0,76.14285714285714,0.0,0.0
86,2016-07-19,1.0,1.0,1.0,1.0,1.0,1.0,Yes,4,Durham,NC,0.5614285714285715,4.825714285714286,92.14285714285714,70.85714285714286,80.42857142857143,0.0,0.0
86,2016-08-02,1.0,1.0,1.0,1.0,1.0,1.0,Yes,4,Durham,NC,0.047142857142857146,5.655714285714287,94.57142857142857,74.14285714285714,83.14285714285714,0.0,0.0
86,2016-08-22,1.0,1.0,1.0,1.0,1.0,1.0,Yes,4,Durham,NC,0.054285714285714284,5.241428571428571,93.85714285714286,74.57142857142857,83.0,0.0,0.0
86,2016-09-01,1.0,1.0,1.0,1.0,1.0,1.0,Yes,4,Durham,NC,0.025714285714285714,4.825714285714286,93.71428571428571,70.0,80.85714285714286,0.0,0.0
86,2016-10-13,1.0,1.0,1.0,1.0,1.0,1.0,Yes,4,Durham,NC,0.9942857142857143,7.64,71.14285714285714,53.57142857142857,62.142857142857146,0.0,0.0
86,2016-10-27,1.0,1.0,1.0,1.0,1.0,1.0,Yes,4,Durham,NC,0.0,5.208571428571429,72.85714285714286,47.0,60.285714285714285,0.0,0.0
86,2017-02-23,1.0,1.0,1.0,1.0,1.0,1.0,Yes,4,Durham,NC,0.0,5.305714285714286,67.71428571428571,40.57142857142857,53.714285714285715,0.0,0.0
86,2017-04-04,1.0,1.0,1.0,1.0,1.0,1.0,Yes,4,Durham,NC,0.12571428571428572,7.638571428571429,74.14285714285714,53.714285714285715,63.285714285714285,0.0,0.0
86,2017-04-10,1.0,1.0,0.0,1.0,1.0,1.0,No,4,Durham,NC,0.1157142857142857,9.074285714285715,72.71428571428571,47.285714285714285,60.0,0.0,0.0
87,2016-03-09,1.0,1.0,1.0,1.0,1.0,1.0,Yes,4,Durham,NC,0.03571428571428571,6.104285714285715,60.57142857142857,35.857142857142854,47.857142857142854,0.0,1.0
87,2016-03-31,1.0,0.0,1.0,1.0,1.0,1.0,No,4,Durham,NC,0.12999999999999998,7.412857142857143,69.85714285714286,52.57142857142857,61.42857142857143,0.0,0.0
87,2016-04-27,1.0,1.0,1.0,1.0,1.0,1.0,Yes,4,Durham,NC,0.1457142857142857,8.15,77.71428571428571,56.42857142857143,66.42857142857143,0.0,0.0
87,2016-05-12,1.0,1.0,1.0,1.0,1.0,1.0,Yes,4,Durham,NC,0.21142857142857144,4.792857142857143,76.14285714285714,56.42857142857143,65.71428571428571,0.0,0.0
87,2016-05-26,1.0,1.0,1.0,1.0,1.0,1.0,Yes,4,Durham,NC,0.08714285714285715,4.215714285714286,74.0,55.42857142857143,64.14285714285714,0.0,0.0
87,2016-06-16,1.0,1.0,1.0,1.0,1.0,1.0,Yes,4,Durham,NC,0.0642857142857143,4.634285714285714,88.28571428571429,63.0,76.14285714285714,0.0,0.0
87,2016-08-17,0.0,0.0,0.0,1.0,0.0,1.0,No,4,Durham,NC,0.0,6.4557142857142855,94.14285714285714,75.28571428571429,84.14285714285714,0.0,0.0
87,2016-08-24,0.0,1.0,0.0,0.0,1.0,1.0,No,4,Durham,NC,0.054285714285714284,4.345714285714285,91.71428571428571,72.0,80.71428571428571,0.0,0.0
87,2016-09-01,1.0,1.0,1.0,1.0,1.0,1.0,Yes,4,Durham,NC,0.025714285714285714,4.825714285714286,93.71428571428571,70.0,80.85714285714286,0.0,0.0
87,2016-10-27,1.0,1.0,1.0,1.0,1.0,1.0,Yes,4,Durham,NC,0.0,5.208571428571429,72.85714285714286,47.0,60.285714285714285,0.0,0.0
87,2017-02-24,1.0,1.0,1.0,1.0,0.0,1.0,No,4,Durham,NC,0.0,4.827142857142857,71.14285714285714,43.142857142857146,56.285714285714285,0.0,0.0
87,2017-04-04,1.0,1.0,1.0,1.0,1.0,1.0,Yes,4,Durham,NC,0.12571428571428572,7.638571428571429,74.14285714285714,53.714285714285715,63.285714285714285,0.0,0.0
88,2016-03-09,1.0,1.0,1.0,1.0,1.0,1.0,Yes,4,Durham,NC,0.03571428571428571,6.104285714285715,60.57142857142857,35.857142857142854,47.857142857142854,0.0,1.0
88,2016-03-31,1.0,1.0,1.0,1.0,1.0,0.0,No,4,Durham,NC,0.12999999999999998,7.412857142857143,69.85714285714286,52.57142857142857,61.42857142857143,0.0,0.0
88,2016-04-27,1.0,1.0,1.0,1.0,1.0,0.0,No,4,Durham,NC,0.1457142857142857,8.15,77.71428571428571,56.42857142857143,66.42857142857143,0.0,0.0
88,2016-06-16,1.0,1.0,1.0,1.0,1.0,1.0,Yes,4,Durham,NC,0.0642857142857143,4.634285714285714,88.28571428571429,63.0,76.14285714285714,0.0,0.0
88,2016-07-19,0.0,1.0,0.0,1.0,1.0,0.0,No,4,Durham,NC,0.5614285714285715,4.825714285714286,92.14285714285714,70.85714285714286,80.42857142857143,0.0,0.0
88,2016-07-27,0.0,0.0,0.0,0.0,0.0,1.0,No,4,Durham,NC,0.018571428571428572,6.198571428571428,93.57142857142857,73.0,82.85714285714286,0.0,0.0
88,2016-08-02,0.0,0.0,0.0,0.0,0.0,1.0,No,4,Durham,NC,0.047142857142857146,5.655714285714287,94.57142857142857,74.14285714285714,83.14285714285714,0.0,0.0
88,2016-08-24,0.0,0.0,0.0,0.0,0.0,1.0,No,4,Durham,NC,0.054285714285714284,4.345714285714285,91.71428571428571,72.0,80.71428571428571,0.0,0.0
88,2017-04-11,0.0,0.0,0.0,1.0,1.0,1.0,No,4,Durham,NC,0.05857142857142857,9.138571428571428,73.0,47.142857142857146,60.42857142857143,0.0,0.0
89,2016-03-08,1.0,1.0,1.0,1.0,1.0,1.0,Yes,4,Durham,NC,0.03571428571428571,6.3914285714285715,60.0,34.57142857142857,47.285714285714285,0.0,1.0
89,2016-03-31,1.0,1.0,1.0,1.0,1.0,0.0,No,4,Durham,NC,0.12999999999999998,7.412857142857143,69.85714285714286,52.57142857142857,61.42857142857143,0.0,0.0
89,2016-04-21,1.0,1.0,1.0,1.0,1.0,1.0,Yes,4,Durham,NC,0.0,6.071428571428571,74.57142857142857,43.142857142857146,59.285714285714285,0.0,0.0
89,2016-04-27,1.0,1.0,1.0,1.0,1.0,1.0,Yes,4,Durham,NC,0.1457142857142857,8.15,77.71428571428571,56.42857142857143,66.42857142857143,0.0,0.0
89,2016-06-16,0.0,0.0,0.0,0.0,0.0,0.0,No,4,Durham,NC,0.0642857142857143,4.634285714285714,88.28571428571429,63.0,76.14285714285714,0.0,0.0
90,2016-03-08,0.0,0.0,0.0,1.0,0.0,1.0,No,4,Durham,NC,0.03571428571428571,6.3914285714285715,60.0,34.57142857142857,47.285714285714285,0.0,1.0
90,2016-04-21,0.0,0.0,0.0,1.0,0.0,1.0,No,4,Durham,NC,0.0,6.071428571428571,74.57142857142857,43.142857142857146,59.285714285714285,0.0,0.0
90,2016-06-16,0.0,0.0,0.0,0.0,0.0,1.0,No,4,Durham,NC,0.0642857142857143,4.634285714285714,88.28571428571429,63.0,76.14285714285714,0.0,0.0
90,2016-06-27,0.0,0.0,0.0,0.0,0.0,0.0,No,4,Durham,NC,0.2628571428571429,5.622857142857142,88.57142857142857,66.57142857142857,77.57142857142857,0.0,0.0
91,2016-03-08,1.0,1.0,0.0,1.0,0.0,1.0,No,4,Durham,NC,0.03571428571428571,6.3914285714285715,60.0,34.57142857142857,47.285714285714285,0.0,1.0
91,2016-03-31,0.0,0.0,0.0,1.0,0.0,1.0,No,4,Durham,NC,0.12999999999999998,7.412857142857143,69.85714285714286,52.57142857142857,61.42857142857143,0.0,0.0
91,2016-04-21,0.0,1.0,0.0,0.0,0.0,1.0,No,4,Durham,NC,0.0,6.071428571428571,74.57142857142857,43.142857142857146,59.285714285714285,0.0,0.0
91,2016-04-27,1.0,1.0,0.0,1.0,0.0,1.0,No,4,Durham,NC,0.1457142857142857,8.15,77.71428571428571,56.42857142857143,66.42857142857143,0.0,0.0
91,2016-05-12,1.0,1.0,1.0,1.0,1.0,1.0,Yes,4,Durham,NC,0.21142857142857144,4.792857142857143,76.14285714285714,56.42857142857143,65.71428571428571,0.0,0.0
91,2016-05-26,1.0,1.0,1.0,1.0,1.0,1.0,Yes,4,Durham,NC,0.08714285714285715,4.215714285714286,74.0,55.42857142857143,64.14285714285714,0.0,0.0
91,2016-06-16,1.0,1.0,1.0,1.0,1.0,1.0,Yes,4,Durham,NC,0.0642857142857143,4.634285714285714,88.28571428571429,63.0,76.14285714285714,0.0,0.0
91,2016-07-19,0.0,0.0,0.0,0.0,0.0,0.0,No,4,Durham,NC,0.5614285714285715,4.825714285714286,92.14285714285714,70.85714285714286,80.42857142857143,0.0,0.0
91,2017-03-27,0.0,1.0,0.0,1.0,0.0,1.0,No,4,Durham,NC,0.028571428571428574,7.478571428571429,70.28571428571429,41.57142857142857,56.142857142857146,0.0,2.0
91,2017-04-11,0.0,0.0,0.0,1.0,1.0,1.0,No,4,Durham,NC,0.05857142857142857,9.138571428571428,73.0,47.142857142857146,60.42857142857143,0.0,0.0
92,2017-05-10,0.0,0.5,0.0,1.0,0.0,1.0,No,4,Durham,NC,0.2571428571428572,7.861428571428571,72.57142857142857,50.0,62.0,0.0,0.0
92,2017-05-25,0.0,1.0,0.0,1.0,1.0,1.0,No,4,Durham,NC,0.18285714285714286,7.477142857142857,80.85714285714286,65.85714285714286,72.71428571428571,0.0,0.0
92,2017-06-07,0.0,1.0,0.0,1.0,0.0,1.0,No,4,Durham,NC,0.2742857142857143,4.155714285714286,86.0,62.857142857142854,74.14285714285714,0.0,0.0
92,2017-06-13,0.0,1.0,0.0,1.0,1.0,1.0,No,4,Durham,NC,0.0,6.327142857142857,83.42857142857143,60.857142857142854,72.0,0.0,0.0
92,2017-07-06,0.0,0.0,0.0,1.0,1.0,1.0,No,4,Durham,NC,0.21571428571428572,5.335714285714286,90.0,69.14285714285714,78.28571428571429,0.0,0.0
92,2017-07-12,0.0,1.0,1.0,0.0,1.0,1.0,No,4,Durham,NC,0.07428571428571429,5.497142857142856,91.57142857142857,70.28571428571429,80.0,0.0,0.0
92,2017-07-18,0.0,1.0,0.0,1.0,0.0,0.0,No,4,Durham,NC,0.01,6.997142857142856,94.0,74.28571428571429,83.14285714285714,0.0,0.0
92,2017-07-25,0.0,0.0,0.0,0.0,0.0,1.0,No,4,Durham,NC,0.08,6.2942857142857145,96.57142857142857,71.57142857142857,82.71428571428571,0.0,0.0
92,2017-07-27,0.0,0.0,1.0,1.0,1.0,1.0,No,4,Durham,NC,0.08,6.680000000000001,96.28571428571429,72.71428571428571,83.42857142857143,0.0,0.0
92,2017-08-03,0.0,1.0,0.0,0.0,0.0,0.0,No,4,Durham,NC,0.03428571428571429,5.817142857142857,88.71428571428571,66.28571428571429,77.28571428571429,0.0,0.0
92,2017-08-22,0.0,0.0,0.0,0.0,1.0,1.0,No,4,Durham,NC,0.05285714285714286,4.122857142857142,93.57142857142857,73.57142857142857,82.85714285714286,0.0,0.0
92,2017-08-28,0.0,1.0,0.0,1.0,1.0,1.0,No,4,Durham,NC,0.03,6.422857142857144,88.14285714285714,69.85714285714286,78.57142857142857,0.0,0.0
92,2017-08-30,0.0,1.0,0.0,0.0,1.0,1.0,No,4,Durham,NC,0.06571428571428571,7.732857142857142,82.42857142857143,67.14285714285714,74.28571428571429,0.0,0.0
92,2017-09-07,0.0,0.0,0.0,0.0,0.0,0.0,No,4,Durham,NC,0.23571428571428574,6.007142857142857,84.28571428571429,62.857142857142854,72.14285714285714,0.0,0.0
92,2017-09-11,0.0,0.0,0.0,0.0,1.0,1.0,No,4,Durham,NC,0.08285714285714287,5.4957142857142856,79.85714285714286,56.0,67.28571428571429,0.0,0.0
92,2017-09-26,0.0,0.0,0.0,0.0,0.0,0.0,No,4,Durham,NC,0.0,4.090000000000001,87.14285714285714,62.714285714285715,73.71428571428571,0.0,0.0
92,2017-10-03,0.0,0.0,0.0,0.0,0.0,0.0,No,4,Durham,NC,0.0,6.04,80.85714285714286,58.42857142857143,69.28571428571429,0.0,0.0
93,2017-05-25,1.0,1.0,1.0,1.0,1.0,1.0,Yes,4,Durham,NC,0.18285714285714286,7.477142857142857,80.85714285714286,65.85714285714286,72.71428571428571,0.0,0.0
93,2017-08-30,1.0,1.0,1.0,1.0,1.0,1.0,Yes,4,Durham,NC,0.06571428571428571,7.732857142857142,82.42857142857143,67.14285714285714,74.28571428571429,0.0,0.0
93,2017-09-12,1.0,1.0,1.0,1.0,0.0,1.0,No,4,Durham,NC,0.0842857142857143,6.805714285714286,77.0,55.857142857142854,66.0,0.0,0.0
93,2017-10-02,0.0,1.0,1.0,0.0,0.0,1.0,No,4,Durham,NC,0.0,6.2957142857142845,81.85714285714286,60.714285714285715,71.0,0.0,0.0
93,2017-10-05,1.0,1.0,1.0,1.0,0.0,0.0,No,4,Durham,NC,0.0,5.368571428571428,78.42857142857143,53.142857142857146,65.57142857142857,0.0,0.0
94,2017-05-10,1.0,1.0,1.0,1.0,1.0,1.0,Yes,4,Durham,NC,0.2571428571428572,7.861428571428571,72.57142857142857,50.0,62.0,0.0,0.0
94,2017-05-25,1.0,1.0,1.0,1.0,1.0,1.0,Yes,4,Durham,NC,0.18285714285714286,7.477142857142857,80.85714285714286,65.85714285714286,72.71428571428571,0.0,0.0
94,2017-06-07,1.0,1.0,1.0,1.0,0.0,1.0,No,4,Durham,NC,0.2742857142857143,4.155714285714286,86.0,62.857142857142854,74.14285714285714,0.0,0.0
94,2017-07-06,1.0,1.0,1.0,0.0,1.0,1.0,No,4,Durham,NC,0.21571428571428572,5.335714285714286,90.0,69.14285714285714,78.28571428571429,0.0,0.0
94,2017-07-18,1.0,1.0,1.0,1.0,0.0,1.0,No,4,Durham,NC,0.01,6.997142857142856,94.0,74.28571428571429,83.14285714285714,0.0,0.0
94,2017-07-27,1.0,1.0,1.0,1.0,0.0,1.0,No,4,Durham,NC,0.08,6.680000000000001,96.28571428571429,72.71428571428571,83.42857142857143,0.0,0.0
94,2017-08-03,1.0,1.0,1.0,1.0,1.0,1.0,Yes,4,Durham,NC,0.03428571428571429,5.817142857142857,88.71428571428571,66.28571428571429,77.28571428571429,0.0,0.0
94,2017-08-22,1.0,1.0,1.0,1.0,1.0,1.0,Yes,4,Durham,NC,0.05285714285714286,4.122857142857142,93.57142857142857,73.57142857142857,82.85714285714286,0.0,0.0
94,2017-08-30,1.0,1.0,1.0,1.0,0.0,1.0,No,4,Durham,NC,0.06571428571428571,7.732857142857142,82.42857142857143,67.14285714285714,74.28571428571429,0.0,0.0
94,2017-09-07,1.0,1.0,1.0,1.0,1.0,1.0,Yes,4,Durham,NC,0.23571428571428574,6.007142857142857,84.28571428571429,62.857142857142854,72.14285714285714,0.0,0.0
94,2017-09-26,1.0,1.0,1.0,1.0,0.0,0.0,No,4,Durham,NC,0.0,4.090000000000001,87.14285714285714,62.714285714285715,73.71428571428571,0.0,0.0
94,2017-10-04,1.0,1.0,1.0,1.0,1.0,1.0,Yes,4,Durham,NC,0.0,5.847142857142856,79.71428571428571,55.714285714285715,67.71428571428571,0.0,0.0
94,2017-10-12,1.0,1.0,1.0,1.0,1.0,1.0,Yes,4,Durham,NC,0.19714285714285715,6.742857142857143,87.42857142857143,66.28571428571429,74.85714285714286,0.0,0.0
94,2017-10-18,1.0,1.0,1.0,1.0,0.0,1.0,No,4,Durham,NC,0.19571428571428573,6.805714285714285,75.85714285714286,59.714285714285715,67.42857142857143,0.0,0.0
94,2017-11-02,1.0,1.0,1.0,1.0,0.0,1.0,No,4,Durham,NC,0.22,5.017142857142858,68.42857142857143,41.0,54.285714285714285,0.0,0.0
95,2017-05-10,0.0,0.0,0.0,1.0,0.0,1.0,No,4,Durham,NC,0.2571428571428572,7.861428571428571,72.57142857142857,50.0,62.0,0.0,0.0
95,2017-05-25,0.0,1.0,0.0,1.0,1.0,1.0,No,4,Durham,NC,0.18285714285714286,7.477142857142857,80.85714285714286,65.85714285714286,72.71428571428571,0.0,0.0
95,2017-06-07,0.0,1.0,0.0,1.0,1.0,1.0,No,4,Durham,NC,0.2742857142857143,4.155714285714286,86.0,62.857142857142854,74.14285714285714,0.0,0.0
95,2017-07-06,0.0,0.0,0.0,1.0,1.0,1.0,No,4,Durham,NC,0.21571428571428572,5.335714285714286,90.0,69.14285714285714,78.28571428571429,0.0,0.0
95,2017-07-18,0.0,1.0,1.0,1.0,0.0,0.0,No,4,Durham,NC,0.01,6.997142857142856,94.0,74.28571428571429,83.14285714285714,0.0,0.0
95,2017-07-25,1.0,1.0,1.0,0.0,1.0,1.0,No,4,Durham,NC,0.08,6.2942857142857145,96.57142857142857,71.57142857142857,82.71428571428571,0.0,0.0
95,2017-08-03,1.0,0.0,1.0,0.0,1.0,0.0,No,4,Durham,NC,0.03428571428571429,5.817142857142857,88.71428571428571,66.28571428571429,77.28571428571429,0.0,0.0
95,2017-08-22,1.0,1.0,1.0,0.0,0.0,1.0,No,4,Durham,NC,0.05285714285714286,4.122857142857142,93.57142857142857,73.57142857142857,82.85714285714286,0.0,0.0
95,2017-08-30,0.0,0.0,0.0,1.0,0.0,1.0,No,4,Durham,NC,0.06571428571428571,7.732857142857142,82.42857142857143,67.14285714285714,74.28571428571429,0.0,0.0
95,2017-09-07,1.0,0.0,1.0,0.0,1.0,0.0,No,4,Durham,NC,0.23571428571428574,6.007142857142857,84.28571428571429,62.857142857142854,72.14285714285714,0.0,0.0
95,2017-09-26,0.0,0.0,1.0,0.0,0.0,0.0,No,4,Durham,NC,0.0,4.090000000000001,87.14285714285714,62.714285714285715,73.71428571428571,0.0,0.0
95,2017-10-03,0.0,0.0,1.0,0.0,0.0,1.0,No,4,Durham,NC,0.0,6.04,80.85714285714286,58.42857142857143,69.28571428571429,0.0,0.0
95,2017-10-11,1.0,0.0,1.0,1.0,0.0,1.0,No,4,Durham,NC,0.037142857142857144,5.912857142857143,86.42857142857143,63.0,72.57142857142857,0.0,0.0
95,2017-10-18,1.0,0.0,1.0,0.0,0.0,1.0,No,4,Durham,NC,0.19571428571428573,6.805714285714285,75.85714285714286,59.714285714285715,67.42857142857143,0.0,0.0
95,2017-11-02,0.0,0.0,0.0,0.0,1.0,1.0,No,4,Durham,NC,0.22,5.017142857142858,68.42857142857143,41.0,54.285714285714285,0.0,0.0
96,2017-08-23,1.0,1.0,0.0,1.0,1.0,1.0,No,4,Durham,NC,0.04285714285714286,4.7942857142857145,94.28571428571429,73.28571428571429,83.0,0.0,0.0
96,2017-08-30,1.0,1.0,1.0,1.0,1.0,1.0,Yes,4,Durham,NC,0.06571428571428571,7.732857142857142,82.42857142857143,67.14285714285714,74.28571428571429,0.0,0.0
96,2017-09-07,1.0,0.0,1.0,1.0,1.0,0.0,No,4,Durham,NC,0.23571428571428574,6.007142857142857,84.28571428571429,62.857142857142854,72.14285714285714,0.0,0.0
96,2017-09-12,1.0,1.0,1.0,0.0,0.0,1.0,No,4,Durham,NC,0.0842857142857143,6.805714285714286,77.0,55.857142857142854,66.0,0.0,0.0
96,2017-10-02,0.0,1.0,1.0,0.0,0.0,1.0,No,4,Durham,NC,0.0,6.2957142857142845,81.85714285714286,60.714285714285715,71.0,0.0,0.0
96,2017-11-02,1.0,1.0,1.0,1.0,0.0,1.0,No,4,Durham,NC,0.22,5.017142857142858,68.42857142857143,41.0,54.285714285714285,0.0,0.0
97,2017-05-10,0.0,0.5,0.0,0.0,0.0,0.0,No,4,Durham,NC,0.2571428571428572,7.861428571428571,72.57142857142857,50.0,62.0,0.0,0.0
97,2017-05-25,0.0,0.0,0.0,0.0,0.0,1.0,No,4,Durham,NC,0.18285714285714286,7.477142857142857,80.85714285714286,65.85714285714286,72.71428571428571,0.0,0.0
97,2017-06-07,0.0,0.0,0.0,1.0,1.0,0.0,No,4,Durham,NC,0.2742857142857143,4.155714285714286,86.0,62.857142857142854,74.14285714285714,0.0,0.0
97,2017-07-06,0.0,0.0,0.0,1.0,0.0,1.0,No,4,Durham,NC,0.21571428571428572,5.335714285714286,90.0,69.14285714285714,78.28571428571429,0.0,0.0
97,2017-07-18,0.0,0.0,0.0,0.0,0.0,0.0,No,4,Durham,NC,0.01,6.997142857142856,94.0,74.28571428571429,83.14285714285714,0.0,0.0
98,2017-06-28,1.0,1.0,1.0,1.0,1.0,1.0,Yes,4,Durham,NC,0.1,6.711428571428571,86.14285714285714,66.71428571428571,76.42857142857143,0.0,0.0
98,2017-07-06,0.0,0.0,0.0,0.0,0.0,0.0,No,4,Durham,NC,0.21571428571428572,5.335714285714286,90.0,69.14285714285714,78.28571428571429,0.0,0.0
99,2017-05-10,0.0,0.0,1.0,1.0,1.0,0.0,No,4,Durham,NC,0.2571428571428572,7.861428571428571,72.57142857142857,50.0,62.0,0.0,0.0
99,2017-05-25,1.0,1.0,1.0,1.0,1.0,1.0,Yes,4,Durham,NC,0.18285714285714286,7.477142857142857,80.85714285714286,65.85714285714286,72.71428571428571,0.0,0.0
99,2017-06-07,1.0,1.0,1.0,1.0,1.0,1.0,Yes,4,Durham,NC,0.2742857142857143,4.155714285714286,86.0,62.857142857142854,74.14285714285714,0.0,0.0
99,2017-07-06,1.0,1.0,1.0,0.0,1.0,1.0,No,4,Durham,NC,0.21571428571428572,5.335714285714286,90.0,69.14285714285714,78.28571428571429,0.0,0.0
99,2017-07-18,1.0,1.0,1.0,1.0,0.0,1.0,No,4,Durham,NC,0.01,6.997142857142856,94.0,74.28571428571429,83.14285714285714,0.0,0.0
99,2017-07-25,1.0,1.0,1.0,1.0,1.0,1.0,Yes,4,Durham,NC,0.08,6.2942857142857145,96.57142857142857,71.57142857142857,82.71428571428571,0.0,0.0
99,2017-08-03,1.0,1.0,1.0,1.0,1.0,0.0,No,4,Durham,NC,0.03428571428571429,5.817142857142857,88.71428571428571,66.28571428571429,77.28571428571429,0.0,0.0
99,2017-08-22,1.0,1.0,1.0,1.0,0.0,1.0,No,4,Durham,NC,0.05285714285714286,4.122857142857142,93.57142857142857,73.57142857142857,82.85714285714286,0.0,0.0
99,2017-08-30,1.0,1.0,0.0,1.0,1.0,1.0,No,4,Durham,NC,0.06571428571428571,7.732857142857142,82.42857142857143,67.14285714285714,74.28571428571429,0.0,0.0
99,2017-09-26,0.0,0.0,0.0,0.0,0.0,0.0,No,4,Durham,NC,0.0,4.090000000000001,87.14285714285714,62.714285714285715,73.71428571428571,0.0,0.0
99,2017-10-02,0.0,0.0,0.0,0.0,0.0,0.0,No,4,Durham,NC,0.0,6.2957142857142845,81.85714285714286,60.714285714285715,71.0,0.0,0.0
100,2017-05-08,0.0,1.0,0.0,1.0,1.0,1.0,No,4,Durham,NC,0.29714285714285715,10.801428571428573,76.42857142857143,56.0,66.71428571428571,0.0,0.0
100,2017-05-17,0.0,1.0,0.0,1.0,1.0,1.0,No,4,Durham,NC,0.1757142857142857,5.177142857142856,78.14285714285714,55.714285714285715,66.28571428571429,0.0,0.0
100,2017-05-25,0.0,1.0,0.0,1.0,1.0,1.0,No,4,Durham,NC,0.18285714285714286,7.477142857142857,80.85714285714286,65.85714285714286,72.71428571428571,0.0,0.0
100,2017-06-07,1.0,0.0,1.0,1.0,1.0,1.0,No,4,Durham,NC,0.2742857142857143,4.155714285714286,86.0,62.857142857142854,74.14285714285714,0.0,0.0
100,2017-07-06,1.0,1.0,1.0,0.0,1.0,1.0,No,4,Durham,NC,0.21571428571428572,5.335714285714286,90.0,69.14285714285714,78.28571428571429,0.0,0.0
100,2017-07-12,1.0,1.0,1.0,1.0,1.0,1.0,Yes,4,Durham,NC,0.07428571428571429,5.497142857142856,91.57142857142857,70.28571428571429,80.0,0.0,0.0
100,2017-07-18,0.0,0.0,1.0,1.0,0.0,0.0,No,4,Durham,NC,0.01,6.997142857142856,94.0,74.28571428571429,83.14285714285714,0.0,0.0
100,2017-07-27,1.0,1.0,1.0,1.0,1.0,1.0,Yes,4,Durham,NC,0.08,6.680000000000001,96.28571428571429,72.71428571428571,83.42857142857143,0.0,0.0
100,2017-08-03,1.0,1.0,1.0,0.0,0.0,1.0,No,4,Durham,NC,0.03428571428571429,5.817142857142857,88.71428571428571,66.28571428571429,77.28571428571429,0.0,0.0
100,2017-08-22,1.0,1.0,1.0,1.0,0.0,1.0,No,4,Durham,NC,0.05285714285714286,4.122857142857142,93.57142857142857,73.57142857142857,82.85714285714286,0.0,0.0
100,2017-08-30,1.0,1.0,1.0,0.0,1.0,1.0,No,4,Durham,NC,0.06571428571428571,7.732857142857142,82.42857142857143,67.14285714285714,74.28571428571429,0.0,0.0
100,2017-09-07,0.0,1.0,1.0,0.0,0.0,1.0,No,4,Durham,NC,0.23571428571428574,6.007142857142857,84.28571428571429,62.857142857142854,72.14285714285714,0.0,0.0
100,2017-09-26,0.0,0.0,1.0,0.0,0.0,0.0,No,4,Durham,NC,0.0,4.090000000000001,87.14285714285714,62.714285714285715,73.71428571428571,0.0,0.0
100,2017-10-03,1.0,1.0,1.0,0.0,1.0,1.0,No,4,Durham,NC,0.0,6.04,80.85714285714286,58.42857142857143,69.28571428571429,0.0,0.0
100,2017-10-18,1.0,1.0,1.0,0.0,1.0,1.0,No,4,Durham,NC,0.19571428571428573,6.805714285714285,75.85714285714286,59.714285714285715,67.42857142857143,0.0,0.0
100,2017-11-01,0.0,1.0,1.0,0.0,1.0,1.0,No,4,Durham,NC,0.22,4.952857142857142,67.42857142857143,40.42857142857143,54.142857142857146,0.0,0.0
101,2017-05-10,1.0,1.0,1.0,1.0,1.0,1.0,Yes,4,Durham,NC,0.2571428571428572,7.861428571428571,72.57142857142857,50.0,62.0,0.0,0.0
101,2017-05-17,1.0,1.0,1.0,1.0,1.0,1.0,Yes,4,Durham,NC,0.1757142857142857,5.177142857142856,78.14285714285714,55.714285714285715,66.28571428571429,0.0,0.0
101,2017-05-25,1.0,1.0,1.0,1.0,1.0,1.0,Yes,4,Durham,NC,0.18285714285714286,7.477142857142857,80.85714285714286,65.85714285714286,72.71428571428571,0.0,0.0
101,2017-06-07,0.0,1.0,0.0,0.0,0.0,1.0,No,4,Durham,NC,0.2742857142857143,4.155714285714286,86.0,62.857142857142854,74.14285714285714,0.0,0.0
101,2017-07-06,0.0,1.0,0.0,1.0,0.0,1.0,No,4,Durham,NC,0.21571428571428572,5.335714285714286,90.0,69.14285714285714,78.28571428571429,0.0,0.0
101,2017-07-12,1.0,1.0,1.0,1.0,0.0,1.0,No,4,Durham,NC,0.07428571428571429,5.497142857142856,91.57142857142857,70.28571428571429,80.0,0.0,0.0
101,2017-07-18,0.0,1.0,0.0,1.0,0.0,1.0,No,4,Durham,NC,0.01,6.997142857142856,94.0,74.28571428571429,83.14285714285714,0.0,0.0
101,2017-07-27,0.0,1.0,0.0,1.0,1.0,1.0,No,4,Durham,NC,0.08,6.680000000000001,96.28571428571429,72.71428571428571,83.42857142857143,0.0,0.0
101,2017-08-03,0.0,1.0,0.0,1.0,0.0,1.0,No,4,Durham,NC,0.03428571428571429,5.817142857142857,88.71428571428571,66.28571428571429,77.28571428571429,0.0,0.0
101,2017-08-22,0.0,0.0,0.0,1.0,0.0,1.0,No,4,Durham,NC,0.05285714285714286,4.122857142857142,93.57142857142857,73.57142857142857,82.85714285714286,0.0,0.0
101,2017-08-28,0.0,0.0,0.0,0.0,0.0,1.0,No,4,Durham,NC,0.03,6.422857142857144,88.14285714285714,69.85714285714286,78.57142857142857,0.0,0.0
101,2017-09-07,0.0,0.0,0.0,0.0,0.0,0.0,No,4,Durham,NC,0.23571428571428574,6.007142857142857,84.28571428571429,62.857142857142854,72.14285714285714,0.0,0.0
102,2017-05-10,1.0,1.0,1.0,1.0,1.0,1.0,Yes,4,Durham,NC,0.2571428571428572,7.861428571428571,72.57142857142857,50.0,62.0,0.0,0.0
102,2017-05-17,1.0,1.0,1.0,0.0,1.0,1.0,No,4,Durham,NC,0.1757142857142857,5.177142857142856,78.14285714285714,55.714285714285715,66.28571428571429,0.0,0.0
102,2017-05-25,1.0,1.0,1.0,1.0,1.0,1.0,Yes,4,Durham,NC,0.18285714285714286,7.477142857142857,80.85714285714286,65.85714285714286,72.71428571428571,0.0,0.0
102,2017-06-07,1.0,1.0,1.0,1.0,0.0,1.0,No,4,Durham,NC,0.2742857142857143,4.155714285714286,86.0,62.857142857142854,74.14285714285714,0.0,0.0
102,2017-06-13,1.0,1.0,1.0,0.0,1.0,1.0,No,4,Durham,NC,0.0,6.327142857142857,83.42857142857143,60.857142857142854,72.0,0.0,0.0
102,2017-06-29,0.0,1.0,1.0,1.0,1.0,1.0,No,4,Durham,NC,0.07142857142857142,6.359999999999999,85.85714285714286,65.42857142857143,76.0,0.0,0.0
102,2017-07-06,0.0,1.0,0.0,1.0,0.0,1.0,No,4,Durham,NC,0.21571428571428572,5.335714285714286,90.0,69.14285714285714,78.28571428571429,0.0,0.0
102,2017-07-12,0.0,1.0,0.0,1.0,1.0,1.0,No,4,Durham,NC,0.07428571428571429,5.497142857142856,91.57142857142857,70.28571428571429,80.0,0.0,0.0
102,2017-07-18,0.0,0.0,0.0,0.0,0.0,0.0,No,4,Durham,NC,0.01,6.997142857142856,94.0,74.28571428571429,83.14285714285714,0.0,0.0
103,2017-05-10,1.0,1.0,1.0,1.0,1.0,1.0,Yes,4,Durham,NC,0.2571428571428572,7.861428571428571,72.57142857142857,50.0,62.0,0.0,0.0
103,2017-05-17,1.0,1.0,1.0,1.0,1.0,1.0,Yes,4,Durham,NC,0.1757142857142857,5.177142857142856,78.14285714285714,55.714285714285715,66.28571428571429,0.0,0.0
103,2017-06-07,1.0,1.0,1.0,1.0,1.0,1.0,Yes,4,Durham,NC,0.2742857142857143,4.155714285714286,86.0,62.857142857142854,74.14285714285714,0.0,0.0
103,2017-07-06,1.0,1.0,1.0,1.0,1.0,1.0,Yes,4,Durham,NC,0.21571428571428572,5.335714285714286,90.0,69.14285714285714,78.28571428571429,0.0,0.0
103,2017-07-18,1.0,1.0,1.0,1.0,0.0,1.0,No,4,Durham,NC,0.01,6.997142857142856,94.0,74.28571428571429,83.14285714285714,0.0,0.0
103,2017-07-25,1.0,1.0,1.0,1.0,1.0,1.0,Yes,4,Durham,NC,0.08,6.2942857142857145,96.57142857142857,71.57142857142857,82.71428571428571,0.0,0.0
103,2017-08-03,1.0,1.0,1.0,1.0,0.0,1.0,No,4,Durham,NC,0.03428571428571429,5.817142857142857,88.71428571428571,66.28571428571429,77.28571428571429,0.0,0.0
103,2017-08-22,1.0,1.0,1.0,0.0,0.0,1.0,No,4,Durham,NC,0.05285714285714286,4.122857142857142,93.57142857142857,73.57142857142857,82.85714285714286,0.0,0.0
103,2017-08-28,1.0,1.0,1.0,1.0,0.0,1.0,No,4,Durham,NC,0.03,6.422857142857144,88.14285714285714,69.85714285714286,78.57142857142857,0.0,0.0
103,2017-09-07,1.0,1.0,1.0,1.0,0.0,1.0,No,4,Durham,NC,0.23571428571428574,6.007142857142857,84.28571428571429,62.857142857142854,72.14285714285714,0.0,0.0
103,2017-09-26,1.0,1.0,1.0,1.0,0.0,1.0,No,4,Durham,NC,0.0,4.090000000000001,87.14285714285714,62.714285714285715,73.71428571428571,0.0,0.0
103,2017-10-04,1.0,1.0,1.0,1.0,1.0,1.0,Yes,4,Durham,NC,0.0,5.847142857142856,79.71428571428571,55.714285714285715,67.71428571428571,0.0,0.0
103,2017-10-18,1.0,1.0,1.0,1.0,1.0,1.0,Yes,4,Durham,NC,0.19571428571428573,6.805714285714285,75.85714285714286,59.714285714285715,67.42857142857143,0.0,0.0
103,2017-11-01,1.0,1.0,1.0,1.0,1.0,1.0,Yes,4,Durham,NC,0.22,4.952857142857142,67.42857142857143,40.42857142857143,54.142857142857146,0.0,0.0
104,2017-05-10,1.0,1.0,1.0,1.0,1.0,1.0,Yes,4,Durham,NC,0.2571428571428572,7.861428571428571,72.57142857142857,50.0,62.0,0.0,0.0
104,2017-05-17,1.0,1.0,1.0,1.0,1.0,1.0,Yes,4,Durham,NC,0.1757142857142857,5.177142857142856,78.14285714285714,55.714285714285715,66.28571428571429,0.0,0.0
104,2017-06-07,1.0,1.0,1.0,1.0,1.0,1.0,Yes,4,Durham,NC,0.2742857142857143,4.155714285714286,86.0,62.857142857142854,74.14285714285714,0.0,0.0
104,2017-07-06,1.0,1.0,1.0,1.0,0.0,1.0,No,4,Durham,NC,0.21571428571428572,5.335714285714286,90.0,69.14285714285714,78.28571428571429,0.0,0.0
104,2017-07-18,1.0,1.0,1.0,1.0,1.0,1.0,Yes,4,Durham,NC,0.01,6.997142857142856,94.0,74.28571428571429,83.14285714285714,0.0,0.0
104,2017-07-27,1.0,1.0,1.0,1.0,1.0,1.0,Yes,4,Durham,NC,0.08,6.680000000000001,96.28571428571429,72.71428571428571,83.42857142857143,0.0,0.0
104,2017-08-03,1.0,1.0,1.0,1.0,0.0,1.0,No,4,Durham,NC,0.03428571428571429,5.817142857142857,88.71428571428571,66.28571428571429,77.28571428571429,0.0,0.0
104,2017-08-22,1.0,1.0,1.0,1.0,0.0,1.0,No,4,Durham,NC,0.05285714285714286,4.122857142857142,93.57142857142857,73.57142857142857,82.85714285714286,0.0,0.0
104,2017-08-30,1.0,1.0,1.0,0.0,0.0,1.0,No,4,Durham,NC,0.06571428571428571,7.732857142857142,82.42857142857143,67.14285714285714,74.28571428571429,0.0,0.0
104,2017-09-07,1.0,1.0,1.0,1.0,0.0,1.0,No,4,Durham,NC,0.23571428571428574,6.007142857142857,84.28571428571429,62.857142857142854,72.14285714285714,0.0,0.0
104,2017-09-26,0.0,1.0,1.0,1.0,0.0,1.0,No,4,Durham,NC,0.0,4.090000000000001,87.14285714285714,62.714285714285715,73.71428571428571,0.0,0.0
104,2017-10-03,1.0,1.0,1.0,1.0,0.0,1.0,No,4,Durham,NC,0.0,6.04,80.85714285714286,58.42857142857143,69.28571428571429,0.0,0.0
104,2017-10-18,1.0,1.0,1.0,1.0,0.0,1.0,No,4,Durham,NC,0.19571428571428573,6.805714285714285,75.85714285714286,59.714285714285715,67.42857142857143,0.0,0.0
104,2017-11-02,1.0,1.0,1.0,1.0,0.0,1.0,No,4,Durham,NC,0.22,5.017142857142858,68.42857142857143,41.0,54.285714285714285,0.0,0.0
105,2017-08-30,1.0,1.0,1.0,1.0,1.0,1.0,Yes,4,Durham,NC,0.06571428571428571,7.732857142857142,82.42857142857143,67.14285714285714,74.28571428571429,0.0,0.0
105,2017-09-12,1.0,1.0,1.0,0.0,0.0,1.0,No,4,Durham,NC,0.0842857142857143,6.805714285714286,77.0,55.857142857142854,66.0,0.0,0.0
105,2017-10-02,1.0,1.0,1.0,1.0,0.0,1.0,No,4,Durham,NC,0.0,6.2957142857142845,81.85714285714286,60.714285714285715,71.0,0.0,0.0
106,2017-05-10,0.0,1.0,0.0,1.0,1.0,1.0,No,4,Durham,NC,0.2571428571428572,7.861428571428571,72.57142857142857,50.0,62.0,0.0,0.0
106,2017-05-17,1.0,1.0,1.0,1.0,1.0,1.0,Yes,4,Durham,NC,0.1757142857142857,5.177142857142856,78.14285714285714,55.714285714285715,66.28571428571429,0.0,0.0
106,2017-06-07,1.0,1.0,1.0,1.0,0.0,1.0,No,4,Durham,NC,0.2742857142857143,4.155714285714286,86.0,62.857142857142854,74.14285714285714,0.0,0.0
106,2017-07-06,1.0,1.0,1.0,1.0,0.0,1.0,No,4,Durham,NC,0.21571428571428572,5.335714285714286,90.0,69.14285714285714,78.28571428571429,0.0,0.0
106,2017-07-18,1.0,1.0,0.0,1.0,0.0,1.0,No,4,Durham,NC,0.01,6.997142857142856,94.0,74.28571428571429,83.14285714285714,0.0,0.0
106,2017-07-27,1.0,1.0,1.0,1.0,0.0,1.0,No,4,Durham,NC,0.08,6.680000000000001,96.28571428571429,72.71428571428571,83.42857142857143,0.0,0.0
106,2017-08-03,1.0,1.0,1.0,1.0,0.0,1.0,No,4,Durham,NC,0.03428571428571429,5.817142857142857,88.71428571428571,66.28571428571429,77.28571428571429,0.0,0.0
106,2017-08-22,1.0,1.0,1.0,1.0,0.0,1.0,No,4,Durham,NC,0.05285714285714286,4.122857142857142,93.57142857142857,73.57142857142857,82.85714285714286,0.0,0.0
106,2017-08-28,1.0,1.0,1.0,1.0,0.0,1.0,No,4,Durham,NC,0.03,6.422857142857144,88.14285714285714,69.85714285714286,78.57142857142857,0.0,0.0
106,2017-08-30,1.0,1.0,1.0,1.0,0.0,1.0,No,4,Durham,NC,0.06571428571428571,7.732857142857142,82.42857142857143,67.14285714285714,74.28571428571429,0.0,0.0
106,2017-09-07,1.0,1.0,1.0,1.0,0.0,1.0,No,4,Durham,NC,0.23571428571428574,6.007142857142857,84.28571428571429,62.857142857142854,72.14285714285714,0.0,0.0
106,2017-09-26,1.0,1.0,1.0,1.0,0.0,0.0,No,4,Durham,NC,0.0,4.090000000000001,87.14285714285714,62.714285714285715,73.71428571428571,0.0,0.0
106,2017-10-05,1.0,1.0,1.0,1.0,0.0,1.0,No,4,Durham,NC,0.0,5.368571428571428,78.42857142857143,53.142857142857146,65.57142857142857,0.0,0.0
106,2017-10-18,1.0,1.0,1.0,1.0,0.0,1.0,No,4,Durham,NC,0.19571428571428573,6.805714285714285,75.85714285714286,59.714285714285715,67.42857142857143,0.0,0.0
106,2017-11-02,1.0,1.0,1.0,1.0,0.0,1.0,No,4,Durham,NC,0.22,5.017142857142858,68.42857142857143,41.0,54.285714285714285,0.0,0.0
107,2017-10-18,1.0,1.0,1.0,1.0,0.0,1.0,No,4,Durham,NC,0.19571428571428573,6.805714285714285,75.85714285714286,59.714285714285715,67.42857142857143,0.0,0.0
108,2017-05-10,1.0,1.0,1.0,1.0,0.0,1.0,No,4,Durham,NC,0.2571428571428572,7.861428571428571,72.57142857142857,50.0,62.0,0.0,0.0
108,2017-05-17,1.0,1.0,1.0,1.0,1.0,1.0,Yes,4,Durham,NC,0.1757142857142857,5.177142857142856,78.14285714285714,55.714285714285715,66.28571428571429,0.0,0.0
108,2017-06-07,1.0,1.0,1.0,1.0,1.0,0.0,No,4,Durham,NC,0.2742857142857143,4.155714285714286,86.0,62.857142857142854,74.14285714285714,0.0,0.0
108,2017-07-06,0.0,1.0,1.0,1.0,1.0,1.0,No,4,Durham,NC,0.21571428571428572,5.335714285714286,90.0,69.14285714285714,78.28571428571429,0.0,0.0
108,2017-07-18,0.0,1.0,1.0,1.0,0.0,1.0,No,4,Durham,NC,0.01,6.997142857142856,94.0,74.28571428571429,83.14285714285714,0.0,0.0
108,2017-07-27,1.0,1.0,1.0,1.0,0.0,1.0,No,4,Durham,NC,0.08,6.680000000000001,96.28571428571429,72.71428571428571,83.42857142857143,0.0,0.0
108,2017-08-03,1.0,1.0,1.0,1.0,0.0,0.5,No,4,Durham,NC,0.03428571428571429,5.817142857142857,88.71428571428571,66.28571428571429,77.28571428571429,0.0,0.0
108,2017-08-22,1.0,1.0,1.0,1.0,0.0,1.0,No,4,Durham,NC,0.05285714285714286,4.122857142857142,93.57142857142857,73.57142857142857,82.85714285714286,0.0,0.0
108,2017-08-28,1.0,1.0,1.0,1.0,1.0,1.0,Yes,4,Durham,NC,0.03,6.422857142857144,88.14285714285714,69.85714285714286,78.57142857142857,0.0,0.0
108,2017-08-30,1.0,1.0,1.0,1.0,0.0,1.0,No,4,Durham,NC,0.06571428571428571,7.732857142857142,82.42857142857143,67.14285714285714,74.28571428571429,0.0,0.0
108,2017-09-07,1.0,1.0,1.0,1.0,0.0,0.0,No,4,Durham,NC,0.23571428571428574,6.007142857142857,84.28571428571429,62.857142857142854,72.14285714285714,0.0,0.0
108,2017-09-26,1.0,1.0,1.0,1.0,0.0,0.0,No,4,Durham,NC,0.0,4.090000000000001,87.14285714285714,62.714285714285715,73.71428571428571,0.0,0.0
108,2017-10-03,1.0,1.0,1.0,1.0,1.0,1.0,Yes,4,Durham,NC,0.0,6.04,80.85714285714286,58.42857142857143,69.28571428571429,0.0,0.0
108,2017-11-02,1.0,1.0,1.0,1.0,0.0,1.0,No,4,Durham,NC,0.22,5.017142857142858,68.42857142857143,41.0,54.285714285714285,0.0,0.0
109,2017-05-01,1.0,1.0,1.0,1.0,1.0,1.0,Yes,4,Durham,NC,0.9571428571428571,9.074285714285715,79.42857142857143,62.857142857142854,69.85714285714286,0.0,0.0
109,2017-05-08,0.0,1.0,0.0,1.0,1.0,1.0,No,4,Durham,NC,0.29714285714285715,10.801428571428573,76.42857142857143,56.0,66.71428571428571,0.0,0.0
109,2017-06-07,1.0,1.0,1.0,1.0,0.0,1.0,No,4,Durham,NC,0.2742857142857143,4.155714285714286,86.0,62.857142857142854,74.14285714285714,0.0,0.0
109,2017-07-07,1.0,1.0,1.0,0.0,0.0,1.0,No,4,Durham,NC,0.21571428571428572,5.208571428571429,90.85714285714286,70.28571428571429,79.14285714285714,0.0,0.0
109,2017-07-12,1.0,1.0,1.0,1.0,1.0,1.0,Yes,4,Durham,NC,0.07428571428571429,5.497142857142856,91.57142857142857,70.28571428571429,80.0,0.0,0.0
109,2017-07-18,1.0,1.0,1.0,0.0,0.0,1.0,No,4,Durham,NC,0.01,6.997142857142856,94.0,74.28571428571429,83.14285714285714,0.0,0.0
109,2017-07-27,1.0,1.0,1.0,1.0,0.0,1.0,No,4,Durham,NC,0.08,6.680000000000001,96.28571428571429,72.71428571428571,83.42857142857143,0.0,0.0
109,2017-08-03,1.0,1.0,1.0,0.0,0.0,1.0,No,4,Durham,NC,0.03428571428571429,5.817142857142857,88.71428571428571,66.28571428571429,77.28571428571429,0.0,0.0
109,2017-08-22,1.0,1.0,1.0,1.0,0.0,1.0,No,4,Durham,NC,0.05285714285714286,4.122857142857142,93.57142857142857,73.57142857142857,82.85714285714286,0.0,0.0
109,2017-08-28,1.0,1.0,1.0,1.0,0.0,1.0,No,4,Durham,NC,0.03,6.422857142857144,88.14285714285714,69.85714285714286,78.57142857142857,0.0,0.0
109,2017-08-31,1.0,1.0,1.0,1.0,0.0,1.0,No,4,Durham,NC,0.03571428571428571,7.1571428571428575,80.85714285714286,65.0,72.28571428571429,0.0,0.0
109,2017-09-07,1.0,1.0,1.0,0.0,0.0,1.0,No,4,Durham,NC,0.23571428571428574,6.007142857142857,84.28571428571429,62.857142857142854,72.14285714285714,0.0,0.0
109,2017-09-26,1.0,1.0,1.0,1.0,0.0,0.0,No,4,Durham,NC,0.0,4.090000000000001,87.14285714285714,62.714285714285715,73.71428571428571,0.0,0.0
109,2017-10-04,1.0,1.0,1.0,1.0,0.0,1.0,No,4,Durham,NC,0.0,5.847142857142856,79.71428571428571,55.714285714285715,67.71428571428571,0.0,0.0
109,2017-10-19,1.0,1.0,1.0,1.0,0.0,1.0,No,4,Durham,NC,0.03571428571428571,6.038571428571429,72.85714285714286,54.57142857142857,63.42857142857143,0.0,0.0
109,2017-11-01,1.0,1.0,1.0,0.0,0.0,1.0,No,4,Durham,NC,0.22,4.952857142857142,67.42857142857143,40.42857142857143,54.142857142857146,0.0,0.0
110,2017-05-01,1.0,1.0,1.0,1.0,1.0,1.0,Yes,4,Durham,NC,0.9571428571428571,9.074285714285715,79.42857142857143,62.857142857142854,69.85714285714286,0.0,0.0
110,2017-05-08,1.0,1.0,1.0,1.0,1.0,1.0,Yes,4,Durham,NC,0.29714285714285715,10.801428571428573,76.42857142857143,56.0,66.71428571428571,0.0,0.0
110,2017-06-07,1.0,1.0,1.0,1.0,1.0,0.0,No,4,Durham,NC,0.2742857142857143,4.155714285714286,86.0,62.857142857142854,74.14285714285714,0.0,0.0
110,2017-07-07,1.0,1.0,1.0,0.0,0.0,1.0,No,4,Durham,NC,0.21571428571428572,5.208571428571429,90.85714285714286,70.28571428571429,79.14285714285714,0.0,0.0
110,2017-07-18,1.0,1.0,1.0,1.0,0.0,1.0,No,4,Durham,NC,0.01,6.997142857142856,94.0,74.28571428571429,83.14285714285714,0.0,0.0
110,2017-07-27,1.0,1.0,1.0,1.0,0.0,1.0,No,4,Durham,NC,0.08,6.680000000000001,96.28571428571429,72.71428571428571,83.42857142857143,0.0,0.0
110,2017-08-03,1.0,1.0,1.0,1.0,0.0,1.0,No,4,Durham,NC,0.03428571428571429,5.817142857142857,88.71428571428571,66.28571428571429,77.28571428571429,0.0,0.0
110,2017-08-22,1.0,1.0,1.0,1.0,0.0,1.0,No,4,Durham,NC,0.05285714285714286,4.122857142857142,93.57142857142857,73.57142857142857,82.85714285714286,0.0,0.0
110,2017-08-30,1.0,1.0,0.0,1.0,0.0,1.0,No,4,Durham,NC,0.06571428571428571,7.732857142857142,82.42857142857143,67.14285714285714,74.28571428571429,0.0,0.0
110,2017-09-07,1.0,1.0,1.0,0.0,0.0,1.0,No,4,Durham,NC,0.23571428571428574,6.007142857142857,84.28571428571429,62.857142857142854,72.14285714285714,0.0,0.0
110,2017-09-26,0.0,0.0,1.0,1.0,0.0,0.0,No,4,Durham,NC,0.0,4.090000000000001,87.14285714285714,62.714285714285715,73.71428571428571,0.0,0.0
110,2017-10-04,0.0,1.0,0.0,1.0,0.0,1.0,No,4,Durham,NC,0.0,5.847142857142856,79.71428571428571,55.714285714285715,67.71428571428571,0.0,0.0
110,2017-10-19,1.0,1.0,1.0,0.0,0.0,1.0,No,4,Durham,NC,0.03571428571428571,6.038571428571429,72.85714285714286,54.57142857142857,63.42857142857143,0.0,0.0
110,2017-11-01,0.0,1.0,1.0,0.0,1.0,1.0,No,4,Durham,NC,0.22,4.952857142857142,67.42857142857143,40.42857142857143,54.142857142857146,0.0,0.0
111,2017-05-01,0.0,1.0,0.0,1.0,1.0,1.0,No,4,Durham,NC,0.9571428571428571,9.074285714285715,79.42857142857143,62.857142857142854,69.85714285714286,0.0,0.0
111,2017-06-07,0.0,0.0,0.0,1.0,0.0,1.0,No,4,Durham,NC,0.2742857142857143,4.155714285714286,86.0,62.857142857142854,74.14285714285714,0.0,0.0
111,2017-07-06,0.0,0.0,0.0,0.0,0.0,0.0,No,4,Durham,NC,0.21571428571428572,5.335714285714286,90.0,69.14285714285714,78.28571428571429,0.0,0.0
112,2017-05-04,1.0,1.0,1.0,1.0,1.0,1.0,Yes,4,Durham,NC,0.04428571428571428,10.352857142857143,83.71428571428571,64.85714285714286,74.0,0.0,0.0
112,2017-06-07,1.0,1.0,1.0,1.0,0.0,1.0,No,4,Durham,NC,0.2742857142857143,4.155714285714286,86.0,62.857142857142854,74.14285714285714,0.0,0.0
112,2017-07-07,1.0,1.0,1.0,0.0,1.0,0.0,No,4,Durham,NC,0.21571428571428572,5.208571428571429,90.85714285714286,70.28571428571429,79.14285714285714,0.0,0.0
112,2017-07-18,0.0,1.0,1.0,0.0,0.0,0.0,No,4,Durham,NC,0.01,6.997142857142856,94.0,74.28571428571429,83.14285714285714,0.0,0.0
112,2017-07-27,1.0,1.0,1.0,1.0,0.0,1.0,No,4,Durham,NC,0.08,6.680000000000001,96.28571428571429,72.71428571428571,83.42857142857143,0.0,0.0
112,2017-08-03,0.0,1.0,0.0,0.0,0.0,1.0,No,4,Durham,NC,0.03428571428571429,5.817142857142857,88.71428571428571,66.28571428571429,77.28571428571429,0.0,0.0
112,2017-08-22,1.0,1.0,1.0,1.0,0.0,1.0,No,4,Durham,NC,0.05285714285714286,4.122857142857142,93.57142857142857,73.57142857142857,82.85714285714286,0.0,0.0
112,2017-08-25,1.0,1.0,1.0,1.0,0.0,1.0,No,4,Durham,NC,0.038571428571428576,5.21,93.28571428571429,72.71428571428571,82.28571428571429,0.0,0.0
112,2017-08-30,1.0,1.0,1.0,1.0,0.0,1.0,No,4,Durham,NC,0.06571428571428571,7.732857142857142,82.42857142857143,67.14285714285714,74.28571428571429,0.0,0.0
112,2017-09-07,1.0,1.0,1.0,0.0,0.0,1.0,No,4,Durham,NC,0.23571428571428574,6.007142857142857,84.28571428571429,62.857142857142854,72.14285714285714,0.0,0.0
112,2017-09-26,0.0,1.0,0.0,1.0,0.0,0.0,No,4,Durham,NC,0.0,4.090000000000001,87.14285714285714,62.714285714285715,73.71428571428571,0.0,0.0
112,2017-10-04,0.0,1.0,0.0,1.0,0.0,1.0,No,4,Durham,NC,0.0,5.847142857142856,79.71428571428571,55.714285714285715,67.71428571428571,0.0,0.0
112,2017-10-11,0.0,0.0,1.0,1.0,0.0,1.0,No,4,Durham,NC,0.037142857142857144,5.912857142857143,86.42857142857143,63.0,72.57142857142857,0.0,0.0
112,2017-10-19,0.0,0.0,0.0,1.0,0.0,1.0,No,4,Durham,NC,0.03571428571428571,6.038571428571429,72.85714285714286,54.57142857142857,63.42857142857143,0.0,0.0
112,2017-11-01,0.0,0.0,1.0,1.0,1.0,1.0,No,4,Durham,NC,0.22,4.952857142857142,67.42857142857143,40.42857142857143,54.142857142857146,0.0,0.0
112,2017-11-06,0.0,1.0,0.0,1.0,1.0,1.0,No,4,Durham,NC,0.0,3.961428571428571,70.57142857142857,47.857142857142854,57.857142857142854,0.0,0.0
112,2017-11-16,1.0,1.0,1.0,1.0,1.0,1.0,Yes,4,Durham,NC,0.13428571428571429,4.857142857142857,52.714285714285715,36.285714285714285,44.285714285714285,0.0,2.0
113,2017-05-04,0.0,0.0,0.0,1.0,0.0,1.0,No,4,Durham,NC,0.04428571428571428,10.352857142857143,83.71428571428571,64.85714285714286,74.0,0.0,0.0
114,2017-05-04,0.0,1.0,0.0,1.0,1.0,1.0,No,4,Durham,NC,0.04428571428571428,10.352857142857143,83.71428571428571,64.85714285714286,74.0,0.0,0.0
114,2017-07-18,0.0,0.0,0.0,0.0,0.0,0.0,No,4,Durham,NC,0.01,6.997142857142856,94.0,74.28571428571429,83.14285714285714,0.0,0.0
115,2017-02-15,0.0,0.0,0.0,0.0,0.0,0.0,No,5,Durham,NC,0.03571428571428571,8.437142857142858,67.0,39.714285714285715,54.285714285714285,0.0,2.0
116,2017-02-15,0.0,0.0,0.0,1.0,0.0,0.0,No,5,Durham,NC,0.03571428571428571,8.437142857142858,67.0,39.714285714285715,54.285714285714285,0.0,2.0
117,2017-02-15,1.0,1.0,0.0,1.0,1.0,0.0,No,5,Durham,NC,0.03571428571428571,8.437142857142858,67.0,39.714285714285715,54.285714285714285,0.0,2.0
118,2018-07-09,1.0,1.0,1.0,0.0,1.0,0.0,No,6,Durham,NC,0.1457142857142857,5.880000000000002,90.28571428571429,70.57142857142857,79.42857142857143,0.0,0.0
118,2018-07-31,1.0,1.0,1.0,1.0,1.0,1.0,Yes,6,Durham,NC,0.2714285714285714,5.142857142857143,88.57142857142857,70.57142857142857,77.85714285714286,0.0,0.0
118,2018-08-07,1.0,1.0,0.0,1.0,0.0,1.0,No,6,Durham,NC,0.2385714285714286,5.465714285714286,88.14285714285714,71.71428571428571,77.71428571428571,0.0,0.0
118,2018-08-15,1.0,1.0,1.0,1.0,1.0,0.0,No,6,Durham,NC,0.21428571428571427,3.8028571428571434,89.42857142857143,68.71428571428571,77.57142857142857,0.0,0.0
118,2018-08-16,1.0,1.0,1.0,1.0,1.0,1.0,Yes,6,Durham,NC,0.14857142857142858,3.195714285714286,88.85714285714286,68.57142857142857,77.28571428571429,0.0,0.0
118,2018-09-04,1.0,1.0,1.0,1.0,1.0,1.0,Yes,6,Durham,NC,0.06571428571428571,4.570000000000001,92.71428571428571,70.57142857142857,79.71428571428571,0.0,0.0
118,2018-09-26,1.0,1.0,1.0,0.0,1.0,1.0,No,6,Durham,NC,0.0,4.282857142857143,83.0,66.57142857142857,74.14285714285714,0.0,0.0
118,2018-10-02,1.0,1.0,1.0,1.0,0.0,1.0,No,6,Durham,NC,0.049999999999999996,3.8999999999999995,82.14285714285714,64.57142857142857,72.42857142857143,0.0,0.0
118,2018-10-09,1.0,1.0,1.0,1.0,1.0,1.0,Yes,6,Durham,NC,0.0,3.672857142857143,86.0,66.0,74.42857142857143,0.0,0.0
118,2018-10-18,1.0,1.0,1.0,1.0,1.0,1.0,Yes,6,Durham,NC,0.37285714285714283,5.081428571428572,73.0,55.285714285714285,64.85714285714286,0.0,0.0
119,2017-09-28,1.0,1.0,1.0,1.0,0.0,1.0,No,6,Durham,NC,0.0,4.857142857142857,87.14285714285714,64.28571428571429,74.42857142857143,0.0,0.0
119,2017-10-02,0.0,1.0,1.0,0.0,0.0,1.0,No,6,Durham,NC,0.0,6.2957142857142845,81.85714285714286,60.714285714285715,71.0,0.0,0.0
119,2017-10-05,1.0,1.0,1.0,1.0,0.0,1.0,No,6,Durham,NC,0.0,5.368571428571428,78.42857142857143,53.142857142857146,65.57142857142857,0.0,0.0
119,2017-10-23,1.0,1.0,1.0,1.0,0.0,1.0,No,6,Durham,NC,0.03571428571428571,3.13,73.14285714285714,44.857142857142854,58.57142857142857,0.0,0.0
119,2017-11-01,1.0,1.0,1.0,1.0,0.0,1.0,No,6,Durham,NC,0.22,4.952857142857142,67.42857142857143,40.42857142857143,54.142857142857146,0.0,0.0
119,2018-01-22,1.0,1.0,1.0,1.0,1.0,1.0,Yes,6,Durham,NC,0.06999999999999999,3.8985714285714286,47.285714285714285,20.857142857142858,32.714285714285715,0.8714285714285716,7.0
119,2018-03-16,1.0,1.0,1.0,0.0,1.0,1.0,No,6,Durham,NC,0.16142857142857145,7.158571428571429,50.285714285714285,31.0,40.57142857142857,0.19999999999999998,4.0
119,2018-03-28,1.0,1.0,0.0,1.0,0.0,1.0,No,6,Durham,NC,0.18142857142857144,6.55,51.0,31.0,40.42857142857143,0.028571428571428574,2.0
119,2018-04-19,0.0,1.0,0.0,1.0,0.0,1.0,No,6,Durham,NC,0.47285714285714286,12.624285714285715,75.14285714285714,47.42857142857143,61.142857142857146,0.0,0.0
119,2018-04-25,0.0,0.0,0.0,1.0,0.0,1.0,No,6,Durham,NC,0.12285714285714286,8.147142857142857,70.28571428571429,43.57142857142857,58.0,0.0,0.0
119,2018-04-26,0.0,1.0,0.0,1.0,1.0,1.0,No,6,Durham,NC,0.12285714285714286,7.315714285714285,68.28571428571429,44.857142857142854,58.57142857142857,0.0,0.0
119,2018-05-08,0.0,1.0,0.0,1.0,0.0,1.0,No,6,Durham,NC,0.022857142857142857,8.34142857142857,82.71428571428571,56.42857142857143,69.0,0.0,0.0
119,2018-05-21,0.0,0.0,0.0,1.0,0.0,1.0,No,6,Durham,NC,0.3271428571428571,7.924285714285714,83.71428571428571,69.0,75.0,0.0,0.0
119,2018-06-04,0.0,0.0,0.0,1.0,1.0,1.0,No,6,Durham,NC,0.21000000000000002,5.527142857142858,85.42857142857143,69.71428571428571,76.0,0.0,0.0
119,2018-06-18,0.0,0.0,0.0,1.0,1.0,1.0,No,6,Durham,NC,0.045714285714285714,5.878571428571428,85.71428571428571,66.85714285714286,76.14285714285714,0.0,0.0
120,2018-01-22,1.0,1.0,1.0,1.0,0.0,1.0,No,6,Durham,NC,0.06999999999999999,3.8985714285714286,47.285714285714285,20.857142857142858,32.714285714285715,0.8714285714285716,7.0
120,2018-03-16,1.0,1.0,1.0,0.0,1.0,1.0,No,6,Durham,NC,0.16142857142857145,7.158571428571429,50.285714285714285,31.0,40.57142857142857,0.19999999999999998,4.0
120,2018-03-28,1.0,1.0,1.0,1.0,0.0,1.0,No,6,Durham,NC,0.18142857142857144,6.55,51.0,31.0,40.42857142857143,0.028571428571428574,2.0
120,2018-04-19,1.0,1.0,1.0,1.0,0.0,1.0,No,6,Durham,NC,0.47285714285714286,12.624285714285715,75.14285714285714,47.42857142857143,61.142857142857146,0.0,0.0
120,2018-04-25,1.0,1.0,1.0,1.0,1.0,1.0,Yes,6,Durham,NC,0.12285714285714286,8.147142857142857,70.28571428571429,43.57142857142857,58.0,0.0,0.0
120,2018-05-08,1.0,1.0,1.0,1.0,1.0,1.0,Yes,6,Durham,NC,0.022857142857142857,8.34142857142857,82.71428571428571,56.42857142857143,69.0,0.0,0.0
120,2018-05-21,0.0,1.0,1.0,1.0,1.0,1.0,No,6,Durham,NC,0.3271428571428571,7.924285714285714,83.71428571428571,69.0,75.0,0.0,0.0
120,2018-06-04,1.0,1.0,1.0,1.0,1.0,1.0,Yes,6,Durham,NC,0.21000000000000002,5.527142857142858,85.42857142857143,69.71428571428571,76.0,0.0,0.0
120,2018-06-18,1.0,1.0,1.0,1.0,1.0,1.0,Yes,6,Durham,NC,0.045714285714285714,5.878571428571428,85.71428571428571,66.85714285714286,76.14285714285714,0.0,0.0
120,2018-07-05,1.0,1.0,0.0,1.0,1.0,1.0,No,6,Durham,NC,0.07142857142857142,4.985714285714286,93.42857142857143,72.0,82.57142857142857,0.0,0.0
120,2018-07-31,1.0,1.0,1.0,0.0,1.0,1.0,No,6,Durham,NC,0.2714285714285714,5.142857142857143,88.57142857142857,70.57142857142857,77.85714285714286,0.0,0.0
120,2018-08-07,1.0,1.0,0.0,1.0,1.0,1.0,No,6,Durham,NC,0.2385714285714286,5.465714285714286,88.14285714285714,71.71428571428571,77.71428571428571,0.0,0.0
120,2018-08-15,1.0,1.0,1.0,1.0,1.0,0.0,No,6,Durham,NC,0.21428571428571427,3.8028571428571434,89.42857142857143,68.71428571428571,77.57142857142857,0.0,0.0
120,2018-09-04,1.0,1.0,1.0,1.0,1.0,1.0,Yes,6,Durham,NC,0.06571428571428571,4.570000000000001,92.71428571428571,70.57142857142857,79.71428571428571,0.0,0.0
120,2018-09-26,1.0,1.0,1.0,0.0,1.0,0.0,No,6,Durham,NC,0.0,4.282857142857143,83.0,66.57142857142857,74.14285714285714,0.0,0.0
120,2018-10-02,1.0,1.0,1.0,1.0,1.0,0.0,No,6,Durham,NC,0.049999999999999996,3.8999999999999995,82.14285714285714,64.57142857142857,72.42857142857143,0.0,0.0
120,2018-10-09,1.0,1.0,1.0,1.0,0.0,1.0,No,6,Durham,NC,0.0,3.672857142857143,86.0,66.0,74.42857142857143,0.0,0.0
120,2018-10-18,1.0,1.0,1.0,1.0,1.0,1.0,Yes,6,Durham,NC,0.37285714285714283,5.081428571428572,73.0,55.285714285714285,64.85714285714286,0.0,0.0
120,2018-11-12,1.0,1.0,1.0,1.0,1.0,1.0,Yes,6,Durham,NC,0.13142857142857142,5.048571428571429,61.42857142857143,46.142857142857146,54.42857142857143,0.0,1.0
121,2018-08-15,1.0,1.0,1.0,1.0,1.0,0.0,No,6,Durham,NC,0.21428571428571427,3.8028571428571434,89.42857142857143,68.71428571428571,77.57142857142857,0.0,0.0
122,2017-11-01,1.0,1.0,1.0,1.0,0.0,1.0,No,6,Durham,NC,0.22,4.952857142857142,67.42857142857143,40.42857142857143,54.142857142857146,0.0,0.0
122,2018-01-22,1.0,1.0,1.0,1.0,1.0,1.0,Yes,6,Durham,NC,0.06999999999999999,3.8985714285714286,47.285714285714285,20.857142857142858,32.714285714285715,0.8714285714285716,7.0
122,2018-03-28,1.0,1.0,1.0,1.0,0.0,1.0,No,6,Durham,NC,0.18142857142857144,6.55,51.0,31.0,40.42857142857143,0.028571428571428574,2.0
122,2018-04-19,1.0,1.0,1.0,1.0,0.0,1.0,No,6,Durham,NC,0.47285714285714286,12.624285714285715,75.14285714285714,47.42857142857143,61.142857142857146,0.0,0.0
122,2018-05-16,1.0,1.0,1.0,1.0,1.0,1.0,Yes,6,Durham,NC,0.02857142857142857,6.71,88.71428571428571,62.57142857142857,75.0,0.0,0.0
123,2018-06-06,0.0,1.0,1.0,1.0,1.0,1.0,No,6,Durham,NC,0.08142857142857142,5.24,86.71428571428571,67.28571428571429,75.71428571428571,0.0,0.0
123,2018-06-18,1.0,1.0,1.0,1.0,1.0,1.0,Yes,6,Durham,NC,0.045714285714285714,5.878571428571428,85.71428571428571,66.85714285714286,76.14285714285714,0.0,0.0
123,2018-07-05,1.0,1.0,1.0,1.0,1.0,1.0,Yes,6,Durham,NC,0.07142857142857142,4.985714285714286,93.42857142857143,72.0,82.57142857142857,0.0,0.0
123,2018-07-31,1.0,1.0,1.0,0.0,1.0,1.0,No,6,Durham,NC,0.2714285714285714,5.142857142857143,88.57142857142857,70.57142857142857,77.85714285714286,0.0,0.0
123,2018-08-07,1.0,1.0,1.0,1.0,1.0,1.0,Yes,6,Durham,NC,0.2385714285714286,5.465714285714286,88.14285714285714,71.71428571428571,77.71428571428571,0.0,0.0
123,2018-09-04,1.0,1.0,1.0,1.0,1.0,1.0,Yes,6,Durham,NC,0.06571428571428571,4.570000000000001,92.71428571428571,70.57142857142857,79.71428571428571,0.0,0.0
123,2018-09-26,1.0,1.0,1.0,0.0,0.0,0.0,No,6,Durham,NC,0.0,4.282857142857143,83.0,66.57142857142857,74.14285714285714,0.0,0.0
123,2018-10-02,1.0,1.0,1.0,1.0,0.0,1.0,No,6,Durham,NC,0.049999999999999996,3.8999999999999995,82.14285714285714,64.57142857142857,72.42857142857143,0.0,0.0
123,2018-10-09,1.0,1.0,1.0,1.0,0.0,1.0,No,6,Durham,NC,0.0,3.672857142857143,86.0,66.0,74.42857142857143,0.0,0.0
123,2018-10-18,1.0,1.0,1.0,1.0,1.0,1.0,Yes,6,Durham,NC,0.37285714285714283,5.081428571428572,73.0,55.285714285714285,64.85714285714286,0.0,0.0
124,2016-02-29,1.0,1.0,0.0,1.0,1.0,1.0,No,6,Durham,NC,0.21714285714285714,8.467142857142857,57.142857142857146,37.0,47.42857142857143,0.0,3.0
124,2016-03-10,1.0,1.0,0.0,1.0,1.0,0.0,No,6,Durham,NC,0.02142857142857143,6.4871428571428575,62.57142857142857,38.142857142857146,49.0,0.0,1.0
124,2016-03-14,1.0,1.0,0.0,1.0,1.0,1.0,No,6,Durham,NC,0.12714285714285714,8.852857142857143,76.85714285714286,53.142857142857146,63.857142857142854,0.0,0.0
124,2016-04-25,0.0,0.0,0.0,0.0,0.0,0.0,No,6,Durham,NC,0.1457142857142857,5.911428571428572,78.71428571428571,54.0,65.71428571428571,0.0,0.0
125,2016-02-29,1.0,1.0,1.0,1.0,1.0,1.0,Yes,6,Durham,NC,0.21714285714285714,8.467142857142857,57.142857142857146,37.0,47.42857142857143,0.0,3.0
125,2016-03-10,1.0,1.0,1.0,1.0,1.0,1.0,Yes,6,Durham,NC,0.02142857142857143,6.4871428571428575,62.57142857142857,38.142857142857146,49.0,0.0,1.0
125,2016-03-14,1.0,1.0,1.0,1.0,1.0,1.0,Yes,6,Durham,NC,0.12714285714285714,8.852857142857143,76.85714285714286,53.142857142857146,63.857142857142854,0.0,0.0
125,2016-03-23,0.0,1.0,0.0,1.0,1.0,0.0,No,6,Durham,NC,0.017142857142857144,5.561428571428571,65.85714285714286,43.285714285714285,55.142857142857146,0.0,0.0
125,2016-04-04,0.0,1.0,0.0,1.0,1.0,1.0,No,6,Durham,NC,0.048571428571428564,8.661428571428571,71.28571428571429,51.857142857142854,61.714285714285715,0.0,0.0
125,2016-04-18,0.0,1.0,0.0,1.0,0.0,1.0,No,6,Durham,NC,0.12142857142857143,7.98857142857143,68.42857142857143,42.42857142857143,56.0,0.0,0.0
125,2016-04-25,0.0,1.0,0.0,1.0,1.0,1.0,No,6,Durham,NC,0.1457142857142857,5.911428571428572,78.71428571428571,54.0,65.71428571428571,0.0,0.0
125,2016-06-02,0.0,0.0,0.0,1.0,0.0,1.0,No,6,Durham,NC,0.35000000000000003,5.3999999999999995,85.0,65.57142857142857,74.71428571428571,0.0,0.0
125,2016-06-20,1.0,0.0,0.0,1.0,0.0,1.0,No,6,Durham,NC,0.07857142857142858,5.114285714285714,86.71428571428571,63.714285714285715,75.71428571428571,0.0,0.0
125,2016-06-29,0.0,0.0,0.0,1.0,0.0,1.0,No,6,Durham,NC,0.44142857142857145,4.984285714285714,87.0,68.42857142857143,77.57142857142857,0.0,0.0
125,2016-08-04,0.0,0.0,0.0,1.0,0.0,1.0,No,6,Durham,NC,0.06857142857142857,6.071428571428571,92.71428571428571,73.42857142857143,81.57142857142857,0.0,0.0
125,2016-08-20,0.0,0.0,0.0,0.0,0.0,0.0,No,6,Durham,NC,0.054285714285714284,6.327142857142857,94.57142857142857,75.42857142857143,84.14285714285714,0.0,0.0
125,2017-04-11,1.0,1.0,1.0,1.0,1.0,1.0,Yes,6,Durham,NC,0.05857142857142857,9.138571428571428,73.0,47.142857142857146,60.42857142857143,0.0,0.0
126,2016-03-23,0.0,1.0,0.0,1.0,1.0,0.0,No,6,Durham,NC,0.017142857142857144,5.561428571428571,65.85714285714286,43.285714285714285,55.142857142857146,0.0,0.0
126,2016-04-04,1.0,1.0,1.0,1.0,1.0,1.0,Yes,6,Durham,NC,0.048571428571428564,8.661428571428571,71.28571428571429,51.857142857142854,61.714285714285715,0.0,0.0
126,2016-04-18,0.0,1.0,0.0,1.0,0.0,1.0,No,6,Durham,NC,0.12142857142857143,7.98857142857143,68.42857142857143,42.42857142857143,56.0,0.0,0.0
126,2016-04-25,1.0,1.0,1.0,1.0,1.0,1.0,Yes,6,Durham,NC,0.1457142857142857,5.911428571428572,78.71428571428571,54.0,65.71428571428571,0.0,0.0
126,2016-06-02,0.0,1.0,1.0,1.0,0.0,1.0,No,6,Durham,NC,0.35000000000000003,5.3999999999999995,85.0,65.57142857142857,74.71428571428571,0.0,0.0
126,2016-06-20,0.0,1.0,0.0,1.0,0.0,1.0,No,6,Durham,NC,0.07857142857142858,5.114285714285714,86.71428571428571,63.714285714285715,75.71428571428571,0.0,0.0
126,2016-06-29,1.0,1.0,1.0,1.0,1.0,1.0,Yes,6,Durham,NC,0.44142857142857145,4.984285714285714,87.0,68.42857142857143,77.57142857142857,0.0,0.0
126,2016-08-04,1.0,1.0,1.0,1.0,0.0,1.0,No,6,Durham,NC,0.06857142857142857,6.071428571428571,92.71428571428571,73.42857142857143,81.57142857142857,0.0,0.0
126,2016-08-29,1.0,1.0,1.0,1.0,1.0,1.0,Yes,6,Durham,NC,0.025714285714285714,4.345714285714286,91.71428571428571,68.42857142857143,79.28571428571429,0.0,0.0
126,2016-09-15,1.0,1.0,1.0,1.0,1.0,1.0,Yes,6,Durham,NC,0.0,6.007142857142857,91.85714285714286,69.14285714285714,79.85714285714286,0.0,0.0
126,2016-10-12,1.0,1.0,1.0,0.0,0.0,1.0,No,6,Durham,NC,0.9942857142857143,8.885714285714284,71.0,55.285714285714285,63.285714285714285,0.0,0.0
126,2016-10-27,1.0,1.0,1.0,1.0,1.0,1.0,Yes,6,Durham,NC,0.0,5.208571428571429,72.85714285714286,47.0,60.285714285714285,0.0,0.0
126,2017-02-28,1.0,1.0,1.0,1.0,1.0,1.0,Yes,6,Durham,NC,0.0,5.6571428571428575,70.85714285714286,45.142857142857146,58.0,0.0,0.0
126,2017-04-11,0.0,0.0,0.0,0.0,1.0,1.0,No,6,Durham,NC,0.05857142857142857,9.138571428571428,73.0,47.142857142857146,60.42857142857143,0.0,0.0
126,2017-04-17,0.0,1.0,1.0,1.0,1.0,1.0,No,6,Durham,NC,0.0,8.435714285714285,81.57142857142857,55.42857142857143,68.71428571428571,0.0,0.0
127,2016-02-29,1.0,1.0,1.0,1.0,1.0,1.0,Yes,6,Durham,NC,0.21714285714285714,8.467142857142857,57.142857142857146,37.0,47.42857142857143,0.0,3.0
127,2016-03-10,1.0,1.0,1.0,1.0,1.0,1.0,Yes,6,Durham,NC,0.02142857142857143,6.4871428571428575,62.57142857142857,38.142857142857146,49.0,0.0,1.0
127,2016-03-14,1.0,1.0,1.0,1.0,1.0,1.0,Yes,6,Durham,NC,0.12714285714285714,8.852857142857143,76.85714285714286,53.142857142857146,63.857142857142854,0.0,0.0
127,2016-03-23,1.0,1.0,1.0,1.0,1.0,1.0,Yes,6,Durham,NC,0.017142857142857144,5.561428571428571,65.85714285714286,43.285714285714285,55.142857142857146,0.0,0.0
127,2016-04-04,0.0,1.0,0.0,1.0,1.0,1.0,No,6,Durham,NC,0.048571428571428564,8.661428571428571,71.28571428571429,51.857142857142854,61.714285714285715,0.0,0.0
127,2016-04-18,1.0,1.0,1.0,1.0,0.0,1.0,No,6,Durham,NC,0.12142857142857143,7.98857142857143,68.42857142857143,42.42857142857143,56.0,0.0,0.0
127,2016-04-25,1.0,1.0,1.0,1.0,0.0,1.0,No,6,Durham,NC,0.1457142857142857,5.911428571428572,78.71428571428571,54.0,65.71428571428571,0.0,0.0
127,2016-06-02,1.0,1.0,1.0,1.0,1.0,1.0,Yes,6,Durham,NC,0.35000000000000003,5.3999999999999995,85.0,65.57142857142857,74.71428571428571,0.0,0.0
127,2016-06-20,1.0,1.0,1.0,1.0,1.0,1.0,Yes,6,Durham,NC,0.07857142857142858,5.114285714285714,86.71428571428571,63.714285714285715,75.71428571428571,0.0,0.0
127,2016-08-04,1.0,1.0,1.0,1.0,0.0,1.0,No,6,Durham,NC,0.06857142857142857,6.071428571428571,92.71428571428571,73.42857142857143,81.57142857142857,0.0,0.0
127,2016-08-29,1.0,1.0,1.0,1.0,1.0,1.0,Yes,6,Durham,NC,0.025714285714285714,4.345714285714286,91.71428571428571,68.42857142857143,79.28571428571429,0.0,0.0
127,2016-09-01,1.0,1.0,1.0,1.0,1.0,1.0,Yes,6,Durham,NC,0.025714285714285714,4.825714285714286,93.71428571428571,70.0,80.85714285714286,0.0,0.0
127,2016-09-15,1.0,1.0,1.0,1.0,1.0,1.0,Yes,6,Durham,NC,0.0,6.007142857142857,91.85714285714286,69.14285714285714,79.85714285714286,0.0,0.0
127,2016-10-12,1.0,1.0,1.0,0.0,0.0,1.0,No,6,Durham,NC,0.9942857142857143,8.885714285714284,71.0,55.285714285714285,63.285714285714285,0.0,0.0
127,2016-10-27,1.0,1.0,1.0,1.0,0.0,1.0,No,6,Durham,NC,0.0,5.208571428571429,72.85714285714286,47.0,60.285714285714285,0.0,0.0
127,2017-02-28,1.0,1.0,1.0,1.0,0.0,0.0,No,6,Durham,NC,0.0,5.6571428571428575,70.85714285714286,45.142857142857146,58.0,0.0,0.0
127,2017-04-11,1.0,1.0,1.0,1.0,1.0,1.0,Yes,6,Durham,NC,0.05857142857142857,9.138571428571428,73.0,47.142857142857146,60.42857142857143,0.0,0.0
128,2016-03-23,0.0,1.0,0.0,1.0,1.0,1.0,No,6,Durham,NC,0.017142857142857144,5.561428571428571,65.85714285714286,43.285714285714285,55.142857142857146,0.0,0.0
128,2016-04-04,1.0,1.0,1.0,1.0,1.0,1.0,Yes,6,Durham,NC,0.048571428571428564,8.661428571428571,71.28571428571429,51.857142857142854,61.714285714285715,0.0,0.0
128,2016-04-18,0.0,1.0,0.0,1.0,0.0,1.0,No,6,Durham,NC,0.12142857142857143,7.98857142857143,68.42857142857143,42.42857142857143,56.0,0.0,0.0
128,2016-04-25,0.0,1.0,1.0,1.0,1.0,1.0,No,6,Durham,NC,0.1457142857142857,5.911428571428572,78.71428571428571,54.0,65.71428571428571,0.0,0.0
128,2016-06-02,0.0,1.0,0.0,1.0,0.0,1.0,No,6,Durham,NC,0.35000000000000003,5.3999999999999995,85.0,65.57142857142857,74.71428571428571,0.0,0.0
128,2016-06-20,1.0,1.0,0.0,1.0,0.0,1.0,No,6,Durham,NC,0.07857142857142858,5.114285714285714,86.71428571428571,63.714285714285715,75.71428571428571,0.0,0.0
128,2016-06-29,1.0,1.0,1.0,1.0,1.0,1.0,Yes,6,Durham,NC,0.44142857142857145,4.984285714285714,87.0,68.42857142857143,77.57142857142857,0.0,0.0
129,2016-04-04,0.0,0.0,0.0,1.0,1.0,1.0,No,6,Durham,NC,0.048571428571428564,8.661428571428571,71.28571428571429,51.857142857142854,61.714285714285715,0.0,0.0
129,2016-04-18,1.0,1.0,1.0,1.0,1.0,1.0,Yes,6,Durham,NC,0.12142857142857143,7.98857142857143,68.42857142857143,42.42857142857143,56.0,0.0,0.0
129,2016-04-25,1.0,1.0,1.0,1.0,1.0,1.0,Yes,6,Durham,NC,0.1457142857142857,5.911428571428572,78.71428571428571,54.0,65.71428571428571,0.0,0.0
129,2016-06-02,1.0,1.0,1.0,1.0,1.0,1.0,Yes,6,Durham,NC,0.35000000000000003,5.3999999999999995,85.0,65.57142857142857,74.71428571428571,0.0,0.0
129,2016-06-20,1.0,1.0,1.0,1.0,1.0,1.0,Yes,6,Durham,NC,0.07857142857142858,5.114285714285714,86.71428571428571,63.714285714285715,75.71428571428571,0.0,0.0
129,2016-06-29,1.0,1.0,1.0,1.0,1.0,1.0,Yes,6,Durham,NC,0.44142857142857145,4.984285714285714,87.0,68.42857142857143,77.57142857142857,0.0,0.0
130,2016-03-28,0.0,0.0,0.0,0.0,0.0,0.0,No,6,Durham,NC,0.11857142857142856,8.914285714285715,68.28571428571429,49.142857142857146,58.285714285714285,0.0,0.0
130,2016-04-04,0.0,1.0,0.0,1.0,1.0,1.0,No,6,Durham,NC,0.048571428571428564,8.661428571428571,71.28571428571429,51.857142857142854,61.714285714285715,0.0,0.0
130,2016-04-18,1.0,1.0,1.0,1.0,1.0,1.0,Yes,6,Durham,NC,0.12142857142857143,7.98857142857143,68.42857142857143,42.42857142857143,56.0,0.0,0.0
130,2016-04-27,0.5,1.0,0.5,1.0,0.5,1.0,No,6,Durham,NC,0.1457142857142857,8.15,77.71428571428571,56.42857142857143,66.42857142857143,0.0,0.0
130,2016-06-02,1.0,1.0,1.0,1.0,1.0,1.0,Yes,6,Durham,NC,0.35000000000000003,5.3999999999999995,85.0,65.57142857142857,74.71428571428571,0.0,0.0
130,2016-06-20,1.0,1.0,1.0,1.0,1.0,1.0,Yes,6,Durham,NC,0.07857142857142858,5.114285714285714,86.71428571428571,63.714285714285715,75.71428571428571,0.0,0.0
130,2016-06-29,1.0,1.0,1.0,1.0,1.0,1.0,Yes,6,Durham,NC,0.44142857142857145,4.984285714285714,87.0,68.42857142857143,77.57142857142857,0.0,0.0
130,2016-08-04,1.0,1.0,1.0,1.0,0.0,1.0,No,6,Durham,NC,0.06857142857142857,6.071428571428571,92.71428571428571,73.42857142857143,81.57142857142857,0.0,0.0
130,2016-08-29,1.0,1.0,1.0,0.0,1.0,1.0,No,6,Durham,NC,0.025714285714285714,4.345714285714286,91.71428571428571,68.42857142857143,79.28571428571429,0.0,0.0
130,2016-09-01,1.0,1.0,1.0,1.0,1.0,1.0,Yes,6,Durham,NC,0.025714285714285714,4.825714285714286,93.71428571428571,70.0,80.85714285714286,0.0,0.0
130,2016-09-15,1.0,1.0,1.0,1.0,1.0,1.0,Yes,6,Durham,NC,0.0,6.007142857142857,91.85714285714286,69.14285714285714,79.85714285714286,0.0,0.0
130,2016-10-12,1.0,1.0,1.0,0.0,0.0,1.0,No,6,Durham,NC,0.9942857142857143,8.885714285714284,71.0,55.285714285714285,63.285714285714285,0.0,0.0
130,2016-10-27,1.0,1.0,1.0,1.0,0.0,1.0,No,6,Durham,NC,0.0,5.208571428571429,72.85714285714286,47.0,60.285714285714285,0.0,0.0
130,2017-02-28,1.0,1.0,1.0,1.0,1.0,0.0,No,6,Durham,NC,0.0,5.6571428571428575,70.85714285714286,45.142857142857146,58.0,0.0,0.0
131,2017-05-03,0.0,1.0,0.0,1.0,0.0,0.0,No,6,Durham,NC,0.04428571428571428,10.385714285714284,84.0,65.28571428571429,74.0,0.0,0.0
131,2017-06-07,0.0,0.0,0.0,1.0,0.0,0.0,No,6,Durham,NC,0.2742857142857143,4.155714285714286,86.0,62.857142857142854,74.14285714285714,0.0,0.0
131,2017-06-13,0.0,0.0,0.0,1.0,0.0,1.0,No,6,Durham,NC,0.0,6.327142857142857,83.42857142857143,60.857142857142854,72.0,0.0,0.0
131,2017-06-22,1.0,1.0,1.0,1.0,0.0,0.0,No,6,Durham,NC,0.527142857142857,6.424285714285714,88.0,69.85714285714286,77.42857142857143,0.0,0.0
131,2017-07-31,0.0,0.0,0.0,0.0,0.0,0.0,No,6,Durham,NC,0.03428571428571429,6.808571428571428,89.85714285714286,71.0,79.28571428571429,0.0,0.0
131,2017-09-07,1.0,1.0,1.0,1.0,0.0,0.0,No,6,Durham,NC,0.23571428571428574,6.007142857142857,84.28571428571429,62.857142857142854,72.14285714285714,0.0,0.0
131,2017-09-21,1.0,1.0,1.0,0.0,0.0,0.0,No,6,Durham,NC,0.0,4.5371428571428565,85.28571428571429,63.285714285714285,73.28571428571429,0.0,0.0
131,2017-09-28,1.0,1.0,1.0,1.0,0.0,1.0,No,6,Durham,NC,0.0,4.857142857142857,87.14285714285714,64.28571428571429,74.42857142857143,0.0,0.0
131,2017-10-23,1.0,1.0,1.0,1.0,1.0,1.0,Yes,6,Durham,NC,0.03571428571428571,3.13,73.14285714285714,44.857142857142854,58.57142857142857,0.0,0.0
131,2017-11-01,1.0,1.0,1.0,1.0,1.0,1.0,Yes,6,Durham,NC,0.22,4.952857142857142,67.42857142857143,40.42857142857143,54.142857142857146,0.0,0.0
132,2017-05-03,0.0,0.0,0.0,1.0,0.0,0.0,No,6,Durham,NC,0.04428571428571428,10.385714285714284,84.0,65.28571428571429,74.0,0.0,0.0
132,2017-06-07,1.0,1.0,1.0,1.0,1.0,0.0,No,6,Durham,NC,0.2742857142857143,4.155714285714286,86.0,62.857142857142854,74.14285714285714,0.0,0.0
132,2017-06-13,1.0,1.0,1.0,1.0,1.0,1.0,Yes,6,Durham,NC,0.0,6.327142857142857,83.42857142857143,60.857142857142854,72.0,0.0,0.0
132,2017-06-22,1.0,1.0,1.0,1.0,0.0,1.0,No,6,Durham,NC,0.527142857142857,6.424285714285714,88.0,69.85714285714286,77.42857142857143,0.0,0.0
132,2017-07-31,0.0,0.0,0.0,0.0,0.0,0.0,No,6,Durham,NC,0.03428571428571429,6.808571428571428,89.85714285714286,71.0,79.28571428571429,0.0,0.0
132,2017-08-25,1.0,1.0,0.0,1.0,0.0,1.0,No,6,Durham,NC,0.038571428571428576,5.21,93.28571428571429,72.71428571428571,82.28571428571429,0.0,0.0
132,2017-09-07,0.0,1.0,1.0,1.0,0.0,1.0,No,6,Durham,NC,0.23571428571428574,6.007142857142857,84.28571428571429,62.857142857142854,72.14285714285714,0.0,0.0
132,2017-09-21,1.0,0.0,1.0,1.0,0.0,0.0,No,6,Durham,NC,0.0,4.5371428571428565,85.28571428571429,63.285714285714285,73.28571428571429,0.0,0.0
132,2017-09-28,1.0,1.0,1.0,1.0,0.0,1.0,No,6,Durham,NC,0.0,4.857142857142857,87.14285714285714,64.28571428571429,74.42857142857143,0.0,0.0
132,2017-10-23,1.0,1.0,1.0,1.0,1.0,1.0,Yes,6,Durham,NC,0.03571428571428571,3.13,73.14285714285714,44.857142857142854,58.57142857142857,0.0,0.0
133,2017-05-03,1.0,1.0,0.0,0.0,1.0,1.0,No,6,Durham,NC,0.04428571428571428,10.385714285714284,84.0,65.28571428571429,74.0,0.0,0.0
133,2017-06-07,1.0,0.0,1.0,0.0,1.0,0.0,No,6,Durham,NC,0.2742857142857143,4.155714285714286,86.0,62.857142857142854,74.14285714285714,0.0,0.0
133,2017-06-13,1.0,1.0,1.0,1.0,1.0,1.0,Yes,6,Durham,NC,0.0,6.327142857142857,83.42857142857143,60.857142857142854,72.0,0.0,0.0
133,2017-06-22,1.0,0.0,1.0,1.0,0.0,0.0,No,6,Durham,NC,0.527142857142857,6.424285714285714,88.0,69.85714285714286,77.42857142857143,0.0,0.0
133,2017-07-31,0.0,0.0,0.0,0.0,0.0,0.0,No,6,Durham,NC,0.03428571428571429,6.808571428571428,89.85714285714286,71.0,79.28571428571429,0.0,0.0
133,2017-09-07,1.0,1.0,1.0,1.0,0.0,0.0,No,6,Durham,NC,0.23571428571428574,6.007142857142857,84.28571428571429,62.857142857142854,72.14285714285714,0.0,0.0
133,2017-09-21,1.0,1.0,1.0,1.0,0.0,0.0,No,6,Durham,NC,0.0,4.5371428571428565,85.28571428571429,63.285714285714285,73.28571428571429,0.0,0.0
133,2017-09-28,1.0,1.0,1.0,1.0,0.0,1.0,No,6,Durham,NC,0.0,4.857142857142857,87.14285714285714,64.28571428571429,74.42857142857143,0.0,0.0
133,2017-10-23,1.0,1.0,1.0,1.0,0.0,1.0,No,6,Durham,NC,0.03571428571428571,3.13,73.14285714285714,44.857142857142854,58.57142857142857,0.0,0.0
133,2017-11-01,1.0,1.0,1.0,1.0,0.0,1.0,No,6,Durham,NC,0.22,4.952857142857142,67.42857142857143,40.42857142857143,54.142857142857146,0.0,0.0
134,2019-04-01,1.0,1.0,1.0,1.0,1.0,1.0,Yes,7,Salt Lake City,UT,0.2285714285714286,8.852857142857143,58.0,37.42857142857143,47.57142857142857,0.6571428571428571,0.0
135,2019-04-01,1.0,1.0,1.0,1.0,1.0,1.0,Yes,7,Salt Lake City,UT,0.2285714285714286,8.852857142857143,58.0,37.42857142857143,47.57142857142857,0.6571428571428571,0.0
136,2019-04-01,1.0,1.0,0.0,1.0,1.0,1.0,No,7,Salt Lake City,UT,0.2285714285714286,8.852857142857143,58.0,37.42857142857143,47.57142857142857,0.6571428571428571,0.0
137,2018-04-02,1.0,1.0,1.0,1.0,1.0,1.0,Yes,7,Salt Lake City,UT,0.004285714285714286,6.934285714285714,61.285714285714285,40.57142857142857,50.142857142857146,0.05714285714285715,1.0
137,2018-04-09,1.0,1.0,1.0,1.0,1.0,1.0,Yes,7,Salt Lake City,UT,0.05285714285714286,7.224285714285713,60.714285714285715,41.57142857142857,52.285714285714285,0.0,1.0
137,2018-04-16,1.0,1.0,0.0,1.0,1.0,1.0,No,7,Salt Lake City,UT,0.08,10.450000000000001,64.85714285714286,42.857142857142854,53.57142857142857,0.07142857142857142,0.0
137,2018-04-23,1.0,1.0,0.0,1.0,1.0,1.0,No,7,Salt Lake City,UT,0.03571428571428571,9.618571428571428,66.0,40.285714285714285,54.285714285714285,0.1285714285714286,0.0
137,2018-05-01,1.0,1.0,0.0,1.0,1.0,1.0,No,7,Salt Lake City,UT,0.10428571428571429,8.818571428571428,72.85714285714286,47.142857142857146,60.714285714285715,0.0,0.0
137,2018-05-07,1.0,1.0,0.0,1.0,1.0,1.0,No,7,Salt Lake City,UT,0.12571428571428572,7.958571428571429,69.71428571428571,47.285714285714285,57.42857142857143,0.0,0.0
137,2018-05-15,1.0,1.0,0.0,1.0,1.0,1.0,No,7,Salt Lake City,UT,0.08857142857142859,7.734285714285714,71.0,50.285714285714285,61.42857142857143,0.0,0.0
137,2018-05-25,1.0,1.0,0.0,1.0,1.0,1.0,No,7,Salt Lake City,UT,0.027142857142857142,7.222857142857143,77.57142857142857,54.857142857142854,65.42857142857143,0.0,0.0
137,2018-06-04,1.0,1.0,0.0,1.0,1.0,1.0,No,7,Salt Lake City,UT,0.017142857142857144,8.532857142857143,79.85714285714286,54.857142857142854,66.42857142857143,0.0,0.0
137,2018-06-11,1.0,1.0,0.0,1.0,1.0,1.0,No,7,Salt Lake City,UT,0.0,11.121428571428572,91.42857142857143,64.14285714285714,79.0,0.0,0.0
137,2018-06-26,0.0,1.0,0.0,1.0,0.0,1.0,No,7,Salt Lake City,UT,0.0,8.118571428571428,86.14285714285714,61.714285714285715,74.14285714285714,0.0,0.0
137,2018-07-02,0.0,1.0,0.0,1.0,1.0,1.0,No,7,Salt Lake City,UT,0.0,9.331428571428571,89.14285714285714,63.714285714285715,77.57142857142857,0.0,0.0
137,2018-07-10,0.0,1.0,1.0,1.0,1.0,1.0,No,7,Salt Lake City,UT,0.0,10.450000000000001,97.0,71.42857142857143,84.14285714285714,0.0,0.0
137,2018-07-16,1.0,1.0,0.0,1.0,1.0,1.0,No,7,Salt Lake City,UT,0.002857142857142857,7.83,95.28571428571429,73.14285714285714,83.57142857142857,0.0,0.0
137,2018-07-23,1.0,1.0,1.0,1.0,1.0,1.0,Yes,7,Salt Lake City,UT,0.02428571428571429,8.467142857142857,94.71428571428571,71.0,83.28571428571429,0.0,0.0
137,2018-07-30,1.0,1.0,1.0,1.0,1.0,1.0,Yes,7,Salt Lake City,UT,0.0,6.932857142857143,97.0,70.85714285714286,83.85714285714286,0.0,0.0
137,2018-08-27,1.0,1.0,1.0,1.0,1.0,1.0,Yes,7,Salt Lake City,UT,0.06142857142857143,9.905714285714284,87.85714285714286,63.142857142857146,75.0,0.0,0.0
137,2018-09-03,1.0,1.0,1.0,1.0,1.0,1.0,Yes,7,Salt Lake City,UT,0.0,8.052857142857144,83.85714285714286,58.142857142857146,71.42857142857143,0.0,0.0
137,2018-09-10,1.0,1.0,1.0,1.0,1.0,1.0,Yes,7,Salt Lake City,UT,0.0,6.902857142857143,88.85714285714286,61.0,74.57142857142857,0.0,0.0
137,2018-09-18,1.0,1.0,1.0,1.0,1.0,1.0,Yes,7,Salt Lake City,UT,0.0,8.692857142857143,87.14285714285714,57.285714285714285,72.57142857142857,0.0,0.0
137,2018-09-24,1.0,1.0,1.0,1.0,1.0,1.0,Yes,7,Salt Lake City,UT,0.0,8.62857142857143,83.57142857142857,57.0,70.71428571428571,0.0,0.0
137,2018-10-01,1.0,1.0,1.0,1.0,1.0,1.0,Yes,7,Salt Lake City,UT,0.0,9.587142857142856,78.28571428571429,52.57142857142857,66.28571428571429,0.0,0.0
137,2018-10-08,1.0,1.0,1.0,1.0,1.0,1.0,Yes,7,Salt Lake City,UT,0.17428571428571432,9.395714285714286,68.0,51.714285714285715,59.714285714285715,0.0,0.0
138,2018-04-02,1.0,0.0,1.0,1.0,1.0,1.0,No,7,Salt Lake City,UT,0.004285714285714286,6.934285714285714,61.285714285714285,40.57142857142857,50.142857142857146,0.05714285714285715,1.0
138,2018-04-09,1.0,1.0,0.0,1.0,1.0,1.0,No,7,Salt Lake City,UT,0.05285714285714286,7.224285714285713,60.714285714285715,41.57142857142857,52.285714285714285,0.0,1.0
138,2018-04-16,1.0,1.0,0.0,1.0,1.0,1.0,No,7,Salt Lake City,UT,0.08,10.450000000000001,64.85714285714286,42.857142857142854,53.57142857142857,0.07142857142857142,0.0
138,2018-04-23,1.0,1.0,0.0,1.0,1.0,1.0,No,7,Salt Lake City,UT,0.03571428571428571,9.618571428571428,66.0,40.285714285714285,54.285714285714285,0.1285714285714286,0.0
138,2018-05-01,1.0,1.0,0.0,1.0,1.0,1.0,No,7,Salt Lake City,UT,0.10428571428571429,8.818571428571428,72.85714285714286,47.142857142857146,60.714285714285715,0.0,0.0
138,2018-05-07,1.0,1.0,0.0,1.0,1.0,1.0,No,7,Salt Lake City,UT,0.12571428571428572,7.958571428571429,69.71428571428571,47.285714285714285,57.42857142857143,0.0,0.0
138,2018-05-15,1.0,1.0,0.0,1.0,1.0,1.0,No,7,Salt Lake City,UT,0.08857142857142859,7.734285714285714,71.0,50.285714285714285,61.42857142857143,0.0,0.0
138,2018-05-25,1.0,1.0,0.0,1.0,1.0,1.0,No,7,Salt Lake City,UT,0.027142857142857142,7.222857142857143,77.57142857142857,54.857142857142854,65.42857142857143,0.0,0.0
138,2018-06-04,1.0,1.0,0.0,1.0,1.0,1.0,No,7,Salt Lake City,UT,0.017142857142857144,8.532857142857143,79.85714285714286,54.857142857142854,66.42857142857143,0.0,0.0
138,2018-06-11,1.0,1.0,0.0,1.0,1.0,1.0,No,7,Salt Lake City,UT,0.0,11.121428571428572,91.42857142857143,64.14285714285714,79.0,0.0,0.0
138,2018-06-26,1.0,1.0,0.0,1.0,1.0,1.0,No,7,Salt Lake City,UT,0.0,8.118571428571428,86.14285714285714,61.714285714285715,74.14285714285714,0.0,0.0
138,2018-07-02,1.0,1.0,0.0,1.0,1.0,1.0,No,7,Salt Lake City,UT,0.0,9.331428571428571,89.14285714285714,63.714285714285715,77.57142857142857,0.0,0.0
138,2018-07-10,1.0,0.0,1.0,1.0,1.0,1.0,No,7,Salt Lake City,UT,0.0,10.450000000000001,97.0,71.42857142857143,84.14285714285714,0.0,0.0
138,2018-07-16,1.0,1.0,0.0,1.0,1.0,1.0,No,7,Salt Lake City,UT,0.002857142857142857,7.83,95.28571428571429,73.14285714285714,83.57142857142857,0.0,0.0
138,2018-07-23,1.0,1.0,0.0,1.0,1.0,1.0,No,7,Salt Lake City,UT,0.02428571428571429,8.467142857142857,94.71428571428571,71.0,83.28571428571429,0.0,0.0
138,2018-07-30,1.0,1.0,0.0,1.0,1.0,1.0,No,7,Salt Lake City,UT,0.0,6.932857142857143,97.0,70.85714285714286,83.85714285714286,0.0,0.0
138,2018-08-27,1.0,1.0,0.0,1.0,1.0,1.0,No,7,Salt Lake City,UT,0.06142857142857143,9.905714285714284,87.85714285714286,63.142857142857146,75.0,0.0,0.0
138,2018-09-03,1.0,1.0,0.0,1.0,1.0,1.0,No,7,Salt Lake City,UT,0.0,8.052857142857144,83.85714285714286,58.142857142857146,71.42857142857143,0.0,0.0
138,2018-09-10,1.0,1.0,0.0,1.0,1.0,1.0,No,7,Salt Lake City,UT,0.0,6.902857142857143,88.85714285714286,61.0,74.57142857142857,0.0,0.0
138,2018-09-18,1.0,1.0,0.0,1.0,1.0,1.0,No,7,Salt Lake City,UT,0.0,8.692857142857143,87.14285714285714,57.285714285714285,72.57142857142857,0.0,0.0
138,2018-09-24,1.0,1.0,0.0,1.0,1.0,1.0,No,7,Salt Lake City,UT,0.0,8.62857142857143,83.57142857142857,57.0,70.71428571428571,0.0,0.0
138,2018-10-01,1.0,1.0,0.0,1.0,1.0,1.0,No,7,Salt Lake City,UT,0.0,9.587142857142856,78.28571428571429,52.57142857142857,66.28571428571429,0.0,0.0
138,2018-10-08,1.0,1.0,0.0,1.0,1.0,1.0,No,7,Salt Lake City,UT,0.17428571428571432,9.395714285714286,68.0,51.714285714285715,59.714285714285715,0.0,0.0
139,2018-04-02,1.0,1.0,0.0,1.0,1.0,1.0,No,7,Salt Lake City,UT,0.004285714285714286,6.934285714285714,61.285714285714285,40.57142857142857,50.142857142857146,0.05714285714285715,1.0
139,2018-04-09,1.0,1.0,0.0,1.0,1.0,1.0,No,7,Salt Lake City,UT,0.05285714285714286,7.224285714285713,60.714285714285715,41.57142857142857,52.285714285714285,0.0,1.0
139,2018-04-16,1.0,1.0,0.0,1.0,1.0,1.0,No,7,Salt Lake City,UT,0.08,10.450000000000001,64.85714285714286,42.857142857142854,53.57142857142857,0.07142857142857142,0.0
139,2018-04-23,1.0,1.0,0.0,1.0,1.0,1.0,No,7,Salt Lake City,UT,0.03571428571428571,9.618571428571428,66.0,40.285714285714285,54.285714285714285,0.1285714285714286,0.0
139,2018-05-01,1.0,1.0,0.0,1.0,1.0,1.0,No,7,Salt Lake City,UT,0.10428571428571429,8.818571428571428,72.85714285714286,47.142857142857146,60.714285714285715,0.0,0.0
139,2018-05-07,1.0,1.0,0.0,1.0,1.0,1.0,No,7,Salt Lake City,UT,0.12571428571428572,7.958571428571429,69.71428571428571,47.285714285714285,57.42857142857143,0.0,0.0
139,2018-05-15,1.0,1.0,0.0,1.0,1.0,1.0,No,7,Salt Lake City,UT,0.08857142857142859,7.734285714285714,71.0,50.285714285714285,61.42857142857143,0.0,0.0
139,2018-05-25,1.0,1.0,0.0,1.0,1.0,1.0,No,7,Salt Lake City,UT,0.027142857142857142,7.222857142857143,77.57142857142857,54.857142857142854,65.42857142857143,0.0,0.0
139,2018-06-04,1.0,1.0,0.0,1.0,1.0,1.0,No,7,Salt Lake City,UT,0.017142857142857144,8.532857142857143,79.85714285714286,54.857142857142854,66.42857142857143,0.0,0.0
139,2018-06-11,1.0,1.0,0.0,1.0,1.0,1.0,No,7,Salt Lake City,UT,0.0,11.121428571428572,91.42857142857143,64.14285714285714,79.0,0.0,0.0
139,2018-06-26,1.0,1.0,1.0,1.0,1.0,1.0,Yes,7,Salt Lake City,UT,0.0,8.118571428571428,86.14285714285714,61.714285714285715,74.14285714285714,0.0,0.0
139,2018-07-02,1.0,1.0,1.0,1.0,1.0,1.0,Yes,7,Salt Lake City,UT,0.0,9.331428571428571,89.14285714285714,63.714285714285715,77.57142857142857,0.0,0.0
139,2018-07-10,1.0,1.0,1.0,1.0,1.0,1.0,Yes,7,Salt Lake City,UT,0.0,10.450000000000001,97.0,71.42857142857143,84.14285714285714,0.0,0.0
139,2018-07-16,1.0,1.0,1.0,1.0,1.0,1.0,Yes,7,Salt Lake City,UT,0.002857142857142857,7.83,95.28571428571429,73.14285714285714,83.57142857142857,0.0,0.0
139,2018-07-23,1.0,1.0,1.0,1.0,1.0,1.0,Yes,7,Salt Lake City,UT,0.02428571428571429,8.467142857142857,94.71428571428571,71.0,83.28571428571429,0.0,0.0
139,2018-07-30,1.0,1.0,1.0,1.0,1.0,1.0,Yes,7,Salt Lake City,UT,0.0,6.932857142857143,97.0,70.85714285714286,83.85714285714286,0.0,0.0
139,2018-08-27,1.0,1.0,1.0,1.0,1.0,1.0,Yes,7,Salt Lake City,UT,0.06142857142857143,9.905714285714284,87.85714285714286,63.142857142857146,75.0,0.0,0.0
139,2018-09-03,1.0,1.0,1.0,1.0,1.0,1.0,Yes,7,Salt Lake City,UT,0.0,8.052857142857144,83.85714285714286,58.142857142857146,71.42857142857143,0.0,0.0
139,2018-09-10,1.0,1.0,1.0,1.0,1.0,1.0,Yes,7,Salt Lake City,UT,0.0,6.902857142857143,88.85714285714286,61.0,74.57142857142857,0.0,0.0
139,2018-09-18,1.0,1.0,1.0,1.0,1.0,1.0,Yes,7,Salt Lake City,UT,0.0,8.692857142857143,87.14285714285714,57.285714285714285,72.57142857142857,0.0,0.0
139,2018-09-24,1.0,1.0,1.0,1.0,1.0,1.0,Yes,7,Salt Lake City,UT,0.0,8.62857142857143,83.57142857142857,57.0,70.71428571428571,0.0,0.0
139,2018-10-01,1.0,0.0,1.0,1.0,1.0,1.0,No,7,Salt Lake City,UT,0.0,9.587142857142856,78.28571428571429,52.57142857142857,66.28571428571429,0.0,0.0
139,2018-10-08,1.0,0.0,1.0,1.0,1.0,1.0,No,7,Salt Lake City,UT,0.17428571428571432,9.395714285714286,68.0,51.714285714285715,59.714285714285715,0.0,0.0
140,2018-04-02,1.0,1.0,0.0,1.0,1.0,1.0,No,7,Salt Lake City,UT,0.004285714285714286,6.934285714285714,61.285714285714285,40.57142857142857,50.142857142857146,0.05714285714285715,1.0
140,2018-04-09,1.0,1.0,0.0,1.0,1.0,1.0,No,7,Salt Lake City,UT,0.05285714285714286,7.224285714285713,60.714285714285715,41.57142857142857,52.285714285714285,0.0,1.0
140,2018-04-16,1.0,1.0,0.0,1.0,1.0,1.0,No,7,Salt Lake City,UT,0.08,10.450000000000001,64.85714285714286,42.857142857142854,53.57142857142857,0.07142857142857142,0.0
140,2018-04-23,1.0,1.0,0.0,1.0,1.0,1.0,No,7,Salt Lake City,UT,0.03571428571428571,9.618571428571428,66.0,40.285714285714285,54.285714285714285,0.1285714285714286,0.0
140,2018-05-01,1.0,1.0,0.0,1.0,1.0,1.0,No,7,Salt Lake City,UT,0.10428571428571429,8.818571428571428,72.85714285714286,47.142857142857146,60.714285714285715,0.0,0.0
140,2018-05-07,1.0,1.0,1.0,1.0,1.0,1.0,Yes,7,Salt Lake City,UT,0.12571428571428572,7.958571428571429,69.71428571428571,47.285714285714285,57.42857142857143,0.0,0.0
140,2018-05-15,1.0,1.0,0.0,1.0,1.0,1.0,No,7,Salt Lake City,UT,0.08857142857142859,7.734285714285714,71.0,50.285714285714285,61.42857142857143,0.0,0.0
140,2018-05-26,1.0,1.0,0.0,1.0,1.0,1.0,No,7,Salt Lake City,UT,0.027142857142857142,7.414285714285714,80.0,55.42857142857143,67.0,0.0,0.0
140,2018-06-04,1.0,1.0,0.0,1.0,1.0,1.0,No,7,Salt Lake City,UT,0.017142857142857144,8.532857142857143,79.85714285714286,54.857142857142854,66.42857142857143,0.0,0.0
140,2018-06-11,1.0,1.0,0.0,1.0,1.0,1.0,No,7,Salt Lake City,UT,0.0,11.121428571428572,91.42857142857143,64.14285714285714,79.0,0.0,0.0
140,2018-06-26,1.0,1.0,0.0,1.0,1.0,1.0,No,7,Salt Lake City,UT,0.0,8.118571428571428,86.14285714285714,61.714285714285715,74.14285714285714,0.0,0.0
140,2018-07-02,0.0,1.0,0.0,1.0,1.0,1.0,No,7,Salt Lake City,UT,0.0,9.331428571428571,89.14285714285714,63.714285714285715,77.57142857142857,0.0,0.0
140,2018-07-10,1.0,1.0,1.0,1.0,1.0,1.0,Yes,7,Salt Lake City,UT,0.0,10.450000000000001,97.0,71.42857142857143,84.14285714285714,0.0,0.0
140,2018-07-16,1.0,1.0,1.0,1.0,1.0,1.0,Yes,7,Salt Lake City,UT,0.002857142857142857,7.83,95.28571428571429,73.14285714285714,83.57142857142857,0.0,0.0
140,2018-07-23,1.0,1.0,1.0,1.0,1.0,1.0,Yes,7,Salt Lake City,UT,0.02428571428571429,8.467142857142857,94.71428571428571,71.0,83.28571428571429,0.0,0.0
140,2018-07-30,1.0,1.0,1.0,1.0,1.0,1.0,Yes,7,Salt Lake City,UT,0.0,6.932857142857143,97.0,70.85714285714286,83.85714285714286,0.0,0.0
140,2018-08-27,1.0,1.0,1.0,1.0,1.0,1.0,Yes,7,Salt Lake City,UT,0.06142857142857143,9.905714285714284,87.85714285714286,63.142857142857146,75.0,0.0,0.0
140,2018-09-03,1.0,1.0,1.0,1.0,1.0,1.0,Yes,7,Salt Lake City,UT,0.0,8.052857142857144,83.85714285714286,58.142857142857146,71.42857142857143,0.0,0.0
140,2018-09-10,1.0,1.0,1.0,1.0,1.0,1.0,Yes,7,Salt Lake City,UT,0.0,6.902857142857143,88.85714285714286,61.0,74.57142857142857,0.0,0.0
140,2018-09-18,1.0,1.0,1.0,1.0,1.0,1.0,Yes,7,Salt Lake City,UT,0.0,8.692857142857143,87.14285714285714,57.285714285714285,72.57142857142857,0.0,0.0
140,2018-09-24,1.0,1.0,1.0,1.0,1.0,1.0,Yes,7,Salt Lake City,UT,0.0,8.62857142857143,83.57142857142857,57.0,70.71428571428571,0.0,0.0
140,2018-10-01,1.0,1.0,1.0,1.0,1.0,1.0,Yes,7,Salt Lake City,UT,0.0,9.587142857142856,78.28571428571429,52.57142857142857,66.28571428571429,0.0,0.0
140,2018-10-08,1.0,1.0,1.0,1.0,1.0,1.0,Yes,7,Salt Lake City,UT,0.17428571428571432,9.395714285714286,68.0,51.714285714285715,59.714285714285715,0.0,0.0
141,2016-10-26,1.0,1.0,1.0,1.0,1.0,1.0,Yes,7,Salt Lake City,UT,0.0014285714285714286,6.935714285714285,67.0,44.0,53.857142857142854,0.0,0.0
141,2016-10-31,1.0,1.0,1.0,1.0,1.0,1.0,Yes,7,Salt Lake City,UT,0.022857142857142857,11.184285714285716,73.42857142857143,53.142857142857146,63.42857142857143,0.0,0.0
141,2016-11-10,1.0,1.0,1.0,1.0,1.0,1.0,Yes,7,Salt Lake City,UT,0.0,4.378571428571428,64.42857142857143,39.285714285714285,49.57142857142857,0.0,0.0
141,2016-11-16,1.0,1.0,1.0,0.0,1.0,1.0,No,7,Salt Lake City,UT,0.0,5.271428571428571,67.57142857142857,41.42857142857143,52.0,0.0,0.0
141,2017-08-14,1.0,1.0,1.0,1.0,1.0,1.0,Yes,7,Salt Lake City,UT,0.01,8.884285714285715,91.42857142857143,70.14285714285714,80.0,0.0,0.0
142,2017-08-14,1.0,1.0,1.0,1.0,1.0,1.0,Yes,7,Salt Lake City,UT,0.01,8.884285714285715,91.42857142857143,70.14285714285714,80.0,0.0,0.0
143,2016-10-10,1.0,1.0,0.0,1.0,0.0,1.0,No,7,Salt Lake City,UT,0.015714285714285715,7.827142857142857,65.57142857142857,41.714285714285715,53.0,0.0,0.0
143,2017-08-14,1.0,1.0,0.0,1.0,1.0,1.0,No,7,Salt Lake City,UT,0.01,8.884285714285715,91.42857142857143,70.14285714285714,80.0,0.0,0.0
144,2017-08-14,1.0,1.0,1.0,1.0,1.0,1.0,Yes,7,Salt Lake City,UT,0.01,8.884285714285715,91.42857142857143,70.14285714285714,80.0,0.0,0.0
145,2017-08-14,1.0,1.0,1.0,1.0,1.0,1.0,Yes,7,Salt Lake City,UT,0.01,8.884285714285715,91.42857142857143,70.14285714285714,80.0,0.0,0.0
146,2017-08-14,1.0,1.0,1.0,1.0,1.0,1.0,Yes,7,Salt Lake City,UT,0.01,8.884285714285715,91.42857142857143,70.14285714285714,80.0,0.0,0.0
147,2017-08-14,1.0,1.0,1.0,1.0,1.0,1.0,Yes,7,Salt Lake City,UT,0.01,8.884285714285715,91.42857142857143,70.14285714285714,80.0,0.0,0.0
148,2017-08-14,0.0,1.0,0.0,1.0,0.0,1.0,No,7,Salt Lake City,UT,0.01,8.884285714285715,91.42857142857143,70.14285714285714,80.0,0.0,0.0
149,2017-05-08,1.0,1.0,0.0,1.0,0.0,1.0,No,7,Salt Lake City,UT,0.0,7.985714285714286,75.28571428571429,51.857142857142854,63.42857142857143,0.0,0.0
149,2017-05-15,0.0,1.0,0.0,1.0,1.0,1.0,No,7,Salt Lake City,UT,0.0,9.522857142857143,74.85714285714286,50.714285714285715,63.714285714285715,0.0,0.0
149,2017-05-22,0.0,1.0,1.0,1.0,0.0,1.0,No,7,Salt Lake City,UT,0.08714285714285715,7.765714285714286,62.42857142857143,44.857142857142854,53.57142857142857,0.014285714285714287,0.0
149,2017-05-29,1.0,1.0,1.0,1.0,1.0,1.0,Yes,7,Salt Lake City,UT,0.0,8.212857142857143,76.57142857142857,52.857142857142854,64.71428571428571,0.0,0.0
149,2017-06-05,1.0,1.0,1.0,1.0,1.0,1.0,Yes,7,Salt Lake City,UT,0.018571428571428572,7.7628571428571425,88.71428571428571,61.285714285714285,75.14285714285714,0.0,0.0
149,2017-06-19,1.0,1.0,1.0,1.0,1.0,1.0,Yes,7,Salt Lake City,UT,0.017142857142857144,7.957142857142857,82.57142857142857,57.714285714285715,71.0,0.0,0.0
149,2017-06-26,1.0,1.0,1.0,1.0,1.0,1.0,Yes,7,Salt Lake City,UT,0.0,6.935714285714285,93.0,65.71428571428571,79.85714285714286,0.0,0.0
149,2017-07-03,1.0,1.0,1.0,1.0,1.0,1.0,Yes,7,Salt Lake City,UT,0.0,7.732857142857143,92.42857142857143,65.71428571428571,79.85714285714286,0.0,0.0
149,2017-07-10,1.0,1.0,1.0,1.0,1.0,1.0,Yes,7,Salt Lake City,UT,0.0,8.53142857142857,102.28571428571429,74.0,88.42857142857143,0.0,0.0
149,2017-07-17,1.0,1.0,1.0,1.0,1.0,1.0,Yes,7,Salt Lake City,UT,0.0,8.628571428571428,98.28571428571429,75.71428571428571,86.71428571428571,0.0,0.0
149,2017-07-24,1.0,1.0,1.0,1.0,1.0,1.0,Yes,7,Salt Lake City,UT,0.0014285714285714286,9.941428571428572,98.0,75.71428571428571,86.42857142857143,0.0,0.0
149,2017-08-07,1.0,1.0,1.0,1.0,1.0,1.0,Yes,7,Salt Lake City,UT,0.0,8.02,97.71428571428571,72.0,85.42857142857143,0.0,0.0
149,2017-09-04,1.0,1.0,1.0,1.0,1.0,1.0,Yes,7,Salt Lake City,UT,0.0,7.4471428571428575,94.57142857142857,68.57142857142857,81.28571428571429,0.0,0.0
149,2017-09-11,1.0,1.0,1.0,1.0,1.0,1.0,Yes,7,Salt Lake City,UT,0.0014285714285714286,7.604285714285715,91.42857142857143,66.42857142857143,79.28571428571429,0.0,0.0
149,2017-09-18,1.0,1.0,1.0,1.0,1.0,1.0,Yes,7,Salt Lake City,UT,0.06999999999999999,8.31,79.28571428571429,58.714285714285715,69.42857142857143,0.0,0.0
149,2017-09-25,1.0,1.0,1.0,1.0,1.0,1.0,Yes,7,Salt Lake City,UT,0.22,9.715714285714286,63.42857142857143,45.714285714285715,55.57142857142857,0.0,0.0
149,2017-10-03,1.0,1.0,1.0,1.0,1.0,1.0,Yes,7,Salt Lake City,UT,0.014285714285714287,6.421428571428572,66.28571428571429,47.0,56.42857142857143,0.0,0.0
149,2017-10-09,1.0,1.0,1.0,1.0,1.0,1.0,Yes,7,Salt Lake City,UT,0.0071428571428571435,8.15,64.28571428571429,41.857142857142854,53.0,0.0,0.0
149,2017-10-16,1.0,1.0,1.0,1.0,1.0,1.0,Yes,7,Salt Lake City,UT,0.0071428571428571435,7.987142857142856,61.285714285714285,39.0,49.42857142857143,0.0,0.0
149,2017-10-23,1.0,1.0,1.0,1.0,1.0,1.0,Yes,7,Salt Lake City,UT,0.002857142857142857,6.839999999999999,68.42857142857143,40.0,52.714285714285715,0.0,0.0
149,2017-11-09,1.0,1.0,1.0,1.0,1.0,1.0,Yes,7,Salt Lake City,UT,0.008571428571428572,8.947142857142856,56.285714285714285,39.142857142857146,49.42857142857143,0.0,1.0
149,2017-11-13,1.0,1.0,1.0,1.0,1.0,1.0,Yes,7,Salt Lake City,UT,0.002857142857142857,5.017142857142857,53.42857142857143,33.0,42.42857142857143,0.0,1.0
150,2016-09-04,0.0,1.0,1.0,1.0,1.0,1.0,No,7,Salt Lake City,UT,0.0014285714285714286,11.09,93.42857142857143,67.0,80.14285714285714,0.0,0.0
150,2016-09-12,1.0,1.0,1.0,1.0,1.0,1.0,Yes,7,Salt Lake City,UT,0.0,6.807142857142857,81.85714285714286,53.42857142857143,67.85714285714286,0.0,0.0
150,2016-09-29,1.0,1.0,1.0,1.0,1.0,1.0,Yes,7,Salt Lake City,UT,0.22714285714285715,7.637142857142857,70.0,49.142857142857146,58.857142857142854,0.0,0.0
150,2016-10-04,1.0,1.0,1.0,0.0,1.0,1.0,No,7,Salt Lake City,UT,0.0014285714285714286,10.288571428571428,77.42857142857143,55.42857142857143,66.14285714285714,0.0,0.0
150,2016-10-10,0.0,1.0,0.0,1.0,0.0,1.0,No,7,Salt Lake City,UT,0.015714285714285715,7.827142857142857,65.57142857142857,41.714285714285715,53.0,0.0,0.0
150,2016-10-17,0.0,0.0,0.0,1.0,1.0,1.0,No,7,Salt Lake City,UT,0.0014285714285714286,9.682857142857143,73.42857142857143,49.714285714285715,62.714285714285715,0.0,0.0
150,2017-04-03,0.0,1.0,0.0,1.0,0.0,1.0,No,7,Salt Lake City,UT,0.09,8.821428571428571,54.42857142857143,40.714285714285715,48.0,0.0,0.0
150,2017-04-10,0.0,1.0,0.0,1.0,1.0,1.0,No,7,Salt Lake City,UT,0.16428571428571428,11.95142857142857,58.714285714285715,37.57142857142857,49.0,0.14285714285714285,0.0
150,2017-04-17,0.0,1.0,1.0,1.0,1.0,1.0,No,7,Salt Lake City,UT,0.0,9.524285714285712,64.85714285714286,40.714285714285715,52.285714285714285,0.0,0.0
150,2017-05-01,1.0,1.0,1.0,1.0,1.0,1.0,Yes,7,Salt Lake City,UT,0.14,9.202857142857143,55.142857142857146,38.42857142857143,47.142857142857146,0.0,0.0
150,2017-05-09,1.0,1.0,1.0,1.0,1.0,1.0,Yes,7,Salt Lake City,UT,0.0,8.337142857142856,76.42857142857143,53.0,64.28571428571429,0.0,0.0
150,2017-05-15,1.0,1.0,1.0,1.0,1.0,1.0,Yes,7,Salt Lake City,UT,0.0,9.522857142857143,74.85714285714286,50.714285714285715,63.714285714285715,0.0,0.0
150,2017-05-22,0.0,1.0,0.0,1.0,0.0,1.0,No,7,Salt Lake City,UT,0.08714285714285715,7.765714285714286,62.42857142857143,44.857142857142854,53.57142857142857,0.014285714285714287,0.0
150,2017-05-30,0.0,1.0,0.0,1.0,0.0,1.0,No,7,Salt Lake City,UT,0.0,8.020000000000001,77.85714285714286,53.57142857142857,65.85714285714286,0.0,0.0
150,2017-06-05,0.0,1.0,0.0,1.0,0.0,1.0,No,7,Salt Lake City,UT,0.018571428571428572,7.7628571428571425,88.71428571428571,61.285714285714285,75.14285714285714,0.0,0.0
150,2017-06-19,1.0,1.0,1.0,1.0,1.0,1.0,Yes,7,Salt Lake City,UT,0.017142857142857144,7.957142857142857,82.57142857142857,57.714285714285715,71.0,0.0,0.0
150,2017-06-26,0.0,1.0,0.0,1.0,1.0,1.0,No,7,Salt Lake City,UT,0.0,6.935714285714285,93.0,65.71428571428571,79.85714285714286,0.0,0.0
150,2017-07-03,1.0,1.0,1.0,1.0,1.0,1.0,Yes,7,Salt Lake City,UT,0.0,7.732857142857143,92.42857142857143,65.71428571428571,79.85714285714286,0.0,0.0
150,2017-07-10,1.0,1.0,1.0,1.0,1.0,1.0,Yes,7,Salt Lake City,UT,0.0,8.53142857142857,102.28571428571429,74.0,88.42857142857143,0.0,0.0
150,2017-07-17,1.0,1.0,1.0,1.0,1.0,1.0,Yes,7,Salt Lake City,UT,0.0,8.628571428571428,98.28571428571429,75.71428571428571,86.71428571428571,0.0,0.0
150,2017-07-24,1.0,1.0,1.0,1.0,1.0,1.0,Yes,7,Salt Lake City,UT,0.0014285714285714286,9.941428571428572,98.0,75.71428571428571,86.42857142857143,0.0,0.0
150,2017-08-07,1.0,1.0,1.0,1.0,1.0,1.0,Yes,7,Salt Lake City,UT,0.0,8.02,97.71428571428571,72.0,85.42857142857143,0.0,0.0
150,2017-08-14,1.0,1.0,1.0,1.0,1.0,1.0,Yes,7,Salt Lake City,UT,0.01,8.884285714285715,91.42857142857143,70.14285714285714,80.0,0.0,0.0
150,2017-09-04,1.0,1.0,1.0,1.0,1.0,1.0,Yes,7,Salt Lake City,UT,0.0,7.4471428571428575,94.57142857142857,68.57142857142857,81.28571428571429,0.0,0.0
150,2017-09-11,1.0,1.0,1.0,1.0,1.0,1.0,Yes,7,Salt Lake City,UT,0.0014285714285714286,7.604285714285715,91.42857142857143,66.42857142857143,79.28571428571429,0.0,0.0
150,2017-09-18,1.0,1.0,1.0,1.0,1.0,1.0,Yes,7,Salt Lake City,UT,0.06999999999999999,8.31,79.28571428571429,58.714285714285715,69.42857142857143,0.0,0.0
150,2017-09-25,1.0,1.0,1.0,1.0,1.0,1.0,Yes,7,Salt Lake City,UT,0.22,9.715714285714286,63.42857142857143,45.714285714285715,55.57142857142857,0.0,0.0
150,2017-10-04,1.0,1.0,1.0,1.0,1.0,1.0,Yes,7,Salt Lake City,UT,0.014285714285714287,6.390000000000001,65.85714285714286,45.857142857142854,55.57142857142857,0.0,0.0
150,2017-10-09,1.0,1.0,1.0,1.0,1.0,1.0,Yes,7,Salt Lake City,UT,0.0071428571428571435,8.15,64.28571428571429,41.857142857142854,53.0,0.0,0.0
150,2017-10-16,1.0,1.0,1.0,1.0,1.0,1.0,Yes,7,Salt Lake City,UT,0.0071428571428571435,7.987142857142856,61.285714285714285,39.0,49.42857142857143,0.0,0.0
150,2017-10-23,1.0,1.0,1.0,1.0,1.0,1.0,Yes,7,Salt Lake City,UT,0.002857142857142857,6.839999999999999,68.42857142857143,40.0,52.714285714285715,0.0,0.0
150,2017-11-09,1.0,1.0,1.0,1.0,1.0,1.0,Yes,7,Salt Lake City,UT,0.008571428571428572,8.947142857142856,56.285714285714285,39.142857142857146,49.42857142857143,0.0,1.0
150,2017-11-13,1.0,1.0,1.0,1.0,1.0,1.0,Yes,7,Salt Lake City,UT,0.002857142857142857,5.017142857142857,53.42857142857143,33.0,42.42857142857143,0.0,1.0
150,2019-08-29,0.0,1.0,0.0,1.0,0.0,1.0,No,7,Salt Lake City,UT,0.0,7.094285714285713,90.42857142857143,64.0,77.85714285714286,0.0,0.0
151,2017-03-27,1.0,1.0,0.0,1.0,1.0,1.0,No,7,Salt Lake City,UT,0.38428571428571434,8.597142857142856,61.42857142857143,42.0,51.857142857142854,0.028571428571428574,0.0
151,2017-04-03,1.0,1.0,1.0,1.0,1.0,1.0,Yes,7,Salt Lake City,UT,0.09,8.821428571428571,54.42857142857143,40.714285714285715,48.0,0.0,0.0
151,2017-04-10,1.0,1.0,1.0,1.0,1.0,1.0,Yes,7,Salt Lake City,UT,0.16428571428571428,11.95142857142857,58.714285714285715,37.57142857142857,49.0,0.14285714285714285,0.0
151,2017-04-17,1.0,1.0,1.0,1.0,1.0,1.0,Yes,7,Salt Lake City,UT,0.0,9.524285714285712,64.85714285714286,40.714285714285715,52.285714285714285,0.0,0.0
151,2017-05-01,1.0,1.0,1.0,1.0,0.0,1.0,No,7,Salt Lake City,UT,0.14,9.202857142857143,55.142857142857146,38.42857142857143,47.142857142857146,0.0,0.0
151,2017-05-08,1.0,1.0,1.0,1.0,1.0,1.0,Yes,7,Salt Lake City,UT,0.0,7.985714285714286,75.28571428571429,51.857142857142854,63.42857142857143,0.0,0.0
151,2017-05-15,1.0,1.0,1.0,1.0,1.0,1.0,Yes,7,Salt Lake City,UT,0.0,9.522857142857143,74.85714285714286,50.714285714285715,63.714285714285715,0.0,0.0
151,2017-05-22,1.0,1.0,1.0,1.0,1.0,1.0,Yes,7,Salt Lake City,UT,0.08714285714285715,7.765714285714286,62.42857142857143,44.857142857142854,53.57142857142857,0.014285714285714287,0.0
151,2017-05-30,1.0,1.0,1.0,1.0,1.0,1.0,Yes,7,Salt Lake City,UT,0.0,8.020000000000001,77.85714285714286,53.57142857142857,65.85714285714286,0.0,0.0
151,2017-06-05,1.0,1.0,1.0,1.0,1.0,1.0,Yes,7,Salt Lake City,UT,0.018571428571428572,7.7628571428571425,88.71428571428571,61.285714285714285,75.14285714285714,0.0,0.0
151,2017-06-19,1.0,1.0,1.0,1.0,1.0,1.0,Yes,7,Salt Lake City,UT,0.017142857142857144,7.957142857142857,82.57142857142857,57.714285714285715,71.0,0.0,0.0
151,2017-06-26,1.0,1.0,1.0,1.0,1.0,1.0,Yes,7,Salt Lake City,UT,0.0,6.935714285714285,93.0,65.71428571428571,79.85714285714286,0.0,0.0
151,2017-07-03,1.0,1.0,1.0,1.0,1.0,1.0,Yes,7,Salt Lake City,UT,0.0,7.732857142857143,92.42857142857143,65.71428571428571,79.85714285714286,0.0,0.0
151,2017-07-10,1.0,1.0,1.0,1.0,1.0,1.0,Yes,7,Salt Lake City,UT,0.0,8.53142857142857,102.28571428571429,74.0,88.42857142857143,0.0,0.0
151,2017-07-17,1.0,1.0,1.0,1.0,1.0,1.0,Yes,7,Salt Lake City,UT,0.0,8.628571428571428,98.28571428571429,75.71428571428571,86.71428571428571,0.0,0.0
151,2017-07-24,1.0,1.0,1.0,1.0,1.0,1.0,Yes,7,Salt Lake City,UT,0.0014285714285714286,9.941428571428572,98.0,75.71428571428571,86.42857142857143,0.0,0.0
151,2017-08-07,1.0,1.0,1.0,1.0,1.0,1.0,Yes,7,Salt Lake City,UT,0.0,8.02,97.71428571428571,72.0,85.42857142857143,0.0,0.0
151,2017-08-14,0.0,1.0,0.0,1.0,0.0,1.0,No,7,Salt Lake City,UT,0.01,8.884285714285715,91.42857142857143,70.14285714285714,80.0,0.0,0.0
151,2017-09-04,1.0,1.0,1.0,1.0,1.0,1.0,Yes,7,Salt Lake City,UT,0.0,7.4471428571428575,94.57142857142857,68.57142857142857,81.28571428571429,0.0,0.0
151,2017-09-11,1.0,1.0,1.0,1.0,1.0,1.0,Yes,7,Salt Lake City,UT,0.0014285714285714286,7.604285714285715,91.42857142857143,66.42857142857143,79.28571428571429,0.0,0.0
151,2017-09-18,1.0,1.0,1.0,1.0,1.0,1.0,Yes,7,Salt Lake City,UT,0.06999999999999999,8.31,79.28571428571429,58.714285714285715,69.42857142857143,0.0,0.0
151,2017-09-25,1.0,1.0,1.0,1.0,1.0,1.0,Yes,7,Salt Lake City,UT,0.22,9.715714285714286,63.42857142857143,45.714285714285715,55.57142857142857,0.0,0.0
151,2017-10-03,1.0,1.0,1.0,1.0,1.0,1.0,Yes,7,Salt Lake City,UT,0.014285714285714287,6.421428571428572,66.28571428571429,47.0,56.42857142857143,0.0,0.0
151,2017-10-09,1.0,1.0,1.0,1.0,1.0,1.0,Yes,7,Salt Lake City,UT,0.0071428571428571435,8.15,64.28571428571429,41.857142857142854,53.0,0.0,0.0
151,2017-10-16,1.0,1.0,1.0,1.0,1.0,1.0,Yes,7,Salt Lake City,UT,0.0071428571428571435,7.987142857142856,61.285714285714285,39.0,49.42857142857143,0.0,0.0
151,2017-10-23,1.0,1.0,1.0,1.0,1.0,1.0,Yes,7,Salt Lake City,UT,0.002857142857142857,6.839999999999999,68.42857142857143,40.0,52.714285714285715,0.0,0.0
151,2017-11-09,1.0,1.0,1.0,1.0,1.0,1.0,Yes,7,Salt Lake City,UT,0.008571428571428572,8.947142857142856,56.285714285714285,39.142857142857146,49.42857142857143,0.0,1.0
151,2017-11-13,1.0,1.0,1.0,1.0,1.0,1.0,Yes,7,Salt Lake City,UT,0.002857142857142857,5.017142857142857,53.42857142857143,33.0,42.42857142857143,0.0,1.0
152,2017-03-28,1.0,1.0,1.0,1.0,1.0,1.0,Yes,7,Salt Lake City,UT,0.44142857142857145,8.692857142857141,57.857142857142854,40.857142857142854,50.142857142857146,0.028571428571428574,0.0
152,2017-04-03,1.0,1.0,1.0,1.0,1.0,1.0,Yes,7,Salt Lake City,UT,0.09,8.821428571428571,54.42857142857143,40.714285714285715,48.0,0.0,0.0
152,2017-04-10,1.0,1.0,1.0,1.0,1.0,1.0,Yes,7,Salt Lake City,UT,0.16428571428571428,11.95142857142857,58.714285714285715,37.57142857142857,49.0,0.14285714285714285,0.0
152,2017-04-17,1.0,1.0,1.0,1.0,1.0,1.0,Yes,7,Salt Lake City,UT,0.0,9.524285714285712,64.85714285714286,40.714285714285715,52.285714285714285,0.0,0.0
152,2017-05-01,1.0,1.0,1.0,1.0,1.0,1.0,Yes,7,Salt Lake City,UT,0.14,9.202857142857143,55.142857142857146,38.42857142857143,47.142857142857146,0.0,0.0
152,2017-05-09,1.0,1.0,1.0,1.0,1.0,1.0,Yes,7,Salt Lake City,UT,0.0,8.337142857142856,76.42857142857143,53.0,64.28571428571429,0.0,0.0
152,2017-05-15,1.0,1.0,1.0,1.0,1.0,1.0,Yes,7,Salt Lake City,UT,0.0,9.522857142857143,74.85714285714286,50.714285714285715,63.714285714285715,0.0,0.0
152,2017-05-22,1.0,1.0,1.0,1.0,1.0,1.0,Yes,7,Salt Lake City,UT,0.08714285714285715,7.765714285714286,62.42857142857143,44.857142857142854,53.57142857142857,0.014285714285714287,0.0
152,2017-05-30,1.0,1.0,1.0,1.0,1.0,1.0,Yes,7,Salt Lake City,UT,0.0,8.020000000000001,77.85714285714286,53.57142857142857,65.85714285714286,0.0,0.0
152,2017-06-05,1.0,1.0,1.0,1.0,1.0,1.0,Yes,7,Salt Lake City,UT,0.018571428571428572,7.7628571428571425,88.71428571428571,61.285714285714285,75.14285714285714,0.0,0.0
152,2017-06-19,1.0,1.0,1.0,1.0,1.0,1.0,Yes,7,Salt Lake City,UT,0.017142857142857144,7.957142857142857,82.57142857142857,57.714285714285715,71.0,0.0,0.0
152,2017-06-26,1.0,1.0,1.0,1.0,1.0,1.0,Yes,7,Salt Lake City,UT,0.0,6.935714285714285,93.0,65.71428571428571,79.85714285714286,0.0,0.0
152,2017-07-03,1.0,1.0,1.0,1.0,1.0,1.0,Yes,7,Salt Lake City,UT,0.0,7.732857142857143,92.42857142857143,65.71428571428571,79.85714285714286,0.0,0.0
152,2017-07-10,1.0,1.0,1.0,1.0,1.0,1.0,Yes,7,Salt Lake City,UT,0.0,8.53142857142857,102.28571428571429,74.0,88.42857142857143,0.0,0.0
152,2017-07-17,1.0,1.0,1.0,1.0,1.0,1.0,Yes,7,Salt Lake City,UT,0.0,8.628571428571428,98.28571428571429,75.71428571428571,86.71428571428571,0.0,0.0
152,2017-07-24,1.0,1.0,1.0,1.0,1.0,1.0,Yes,7,Salt Lake City,UT,0.0014285714285714286,9.941428571428572,98.0,75.71428571428571,86.42857142857143,0.0,0.0
152,2017-08-07,1.0,1.0,1.0,1.0,1.0,1.0,Yes,7,Salt Lake City,UT,0.0,8.02,97.71428571428571,72.0,85.42857142857143,0.0,0.0
152,2017-09-04,1.0,1.0,1.0,1.0,1.0,1.0,Yes,7,Salt Lake City,UT,0.0,7.4471428571428575,94.57142857142857,68.57142857142857,81.28571428571429,0.0,0.0
152,2017-09-11,1.0,1.0,1.0,1.0,1.0,1.0,Yes,7,Salt Lake City,UT,0.0014285714285714286,7.604285714285715,91.42857142857143,66.42857142857143,79.28571428571429,0.0,0.0
152,2017-09-18,1.0,1.0,1.0,1.0,1.0,1.0,Yes,7,Salt Lake City,UT,0.06999999999999999,8.31,79.28571428571429,58.714285714285715,69.42857142857143,0.0,0.0
152,2017-09-25,1.0,1.0,1.0,1.0,1.0,1.0,Yes,7,Salt Lake City,UT,0.22,9.715714285714286,63.42857142857143,45.714285714285715,55.57142857142857,0.0,0.0
152,2017-10-04,1.0,1.0,1.0,1.0,1.0,1.0,Yes,7,Salt Lake City,UT,0.014285714285714287,6.390000000000001,65.85714285714286,45.857142857142854,55.57142857142857,0.0,0.0
152,2017-10-09,1.0,1.0,1.0,1.0,1.0,1.0,Yes,7,Salt Lake City,UT,0.0071428571428571435,8.15,64.28571428571429,41.857142857142854,53.0,0.0,0.0
152,2017-10-16,1.0,1.0,1.0,1.0,1.0,1.0,Yes,7,Salt Lake City,UT,0.0071428571428571435,7.987142857142856,61.285714285714285,39.0,49.42857142857143,0.0,0.0
152,2017-10-23,1.0,1.0,1.0,1.0,1.0,1.0,Yes,7,Salt Lake City,UT,0.002857142857142857,6.839999999999999,68.42857142857143,40.0,52.714285714285715,0.0,0.0
152,2017-11-09,1.0,1.0,1.0,1.0,1.0,1.0,Yes,7,Salt Lake City,UT,0.008571428571428572,8.947142857142856,56.285714285714285,39.142857142857146,49.42857142857143,0.0,1.0
152,2017-11-13,1.0,1.0,1.0,1.0,1.0,1.0,Yes,7,Salt Lake City,UT,0.002857142857142857,5.017142857142857,53.42857142857143,33.0,42.42857142857143,0.0,1.0
153,2017-07-03,1.0,1.0,0.0,1.0,1.0,1.0,No,7,Salt Lake City,UT,0.0,7.732857142857143,92.42857142857143,65.71428571428571,79.85714285714286,0.0,0.0
154,2017-03-13,1.0,1.0,0.0,1.0,1.0,1.0,No,7,Salt Lake City,UT,0.0,6.838571428571428,56.142857142857146,37.285714285714285,45.857142857142854,0.0,2.0
154,2017-03-27,1.0,1.0,0.0,1.0,1.0,1.0,No,7,Salt Lake City,UT,0.38428571428571434,8.597142857142856,61.42857142857143,42.0,51.857142857142854,0.028571428571428574,0.0
154,2017-04-03,1.0,1.0,0.0,1.0,1.0,1.0,No,7,Salt Lake City,UT,0.09,8.821428571428571,54.42857142857143,40.714285714285715,48.0,0.0,0.0
154,2017-04-10,1.0,1.0,0.0,1.0,1.0,1.0,No,7,Salt Lake City,UT,0.16428571428571428,11.95142857142857,58.714285714285715,37.57142857142857,49.0,0.14285714285714285,0.0
154,2017-04-17,1.0,1.0,0.0,1.0,1.0,1.0,No,7,Salt Lake City,UT,0.0,9.524285714285712,64.85714285714286,40.714285714285715,52.285714285714285,0.0,0.0
154,2017-05-01,1.0,1.0,0.0,1.0,1.0,1.0,No,7,Salt Lake City,UT,0.14,9.202857142857143,55.142857142857146,38.42857142857143,47.142857142857146,0.0,0.0
154,2017-05-08,1.0,1.0,0.0,1.0,0.0,0.0,No,7,Salt Lake City,UT,0.0,7.985714285714286,75.28571428571429,51.857142857142854,63.42857142857143,0.0,0.0
154,2017-05-15,1.0,1.0,0.0,1.0,1.0,1.0,No,7,Salt Lake City,UT,0.0,9.522857142857143,74.85714285714286,50.714285714285715,63.714285714285715,0.0,0.0
154,2017-05-22,1.0,1.0,0.0,1.0,1.0,1.0,No,7,Salt Lake City,UT,0.08714285714285715,7.765714285714286,62.42857142857143,44.857142857142854,53.57142857142857,0.014285714285714287,0.0
154,2017-05-30,1.0,1.0,0.0,1.0,1.0,1.0,No,7,Salt Lake City,UT,0.0,8.020000000000001,77.85714285714286,53.57142857142857,65.85714285714286,0.0,0.0
154,2017-06-05,1.0,1.0,0.0,1.0,1.0,1.0,No,7,Salt Lake City,UT,0.018571428571428572,7.7628571428571425,88.71428571428571,61.285714285714285,75.14285714285714,0.0,0.0
154,2017-06-19,1.0,1.0,0.0,1.0,1.0,1.0,No,7,Salt Lake City,UT,0.017142857142857144,7.957142857142857,82.57142857142857,57.714285714285715,71.0,0.0,0.0
154,2017-06-26,1.0,1.0,0.0,1.0,1.0,1.0,No,7,Salt Lake City,UT,0.0,6.935714285714285,93.0,65.71428571428571,79.85714285714286,0.0,0.0
154,2017-07-10,1.0,1.0,0.0,1.0,1.0,1.0,No,7,Salt Lake City,UT,0.0,8.53142857142857,102.28571428571429,74.0,88.42857142857143,0.0,0.0
154,2017-07-17,1.0,1.0,0.0,1.0,1.0,1.0,No,7,Salt Lake City,UT,0.0,8.628571428571428,98.28571428571429,75.71428571428571,86.71428571428571,0.0,0.0
154,2017-07-24,1.0,1.0,0.0,1.0,1.0,1.0,No,7,Salt Lake City,UT,0.0014285714285714286,9.941428571428572,98.0,75.71428571428571,86.42857142857143,0.0,0.0
154,2017-08-07,1.0,1.0,0.0,1.0,1.0,1.0,No,7,Salt Lake City,UT,0.0,8.02,97.71428571428571,72.0,85.42857142857143,0.0,0.0
154,2017-09-04,1.0,1.0,0.0,1.0,1.0,1.0,No,7,Salt Lake City,UT,0.0,7.4471428571428575,94.57142857142857,68.57142857142857,81.28571428571429,0.0,0.0
154,2017-09-11,1.0,1.0,0.0,1.0,1.0,1.0,No,7,Salt Lake City,UT,0.0014285714285714286,7.604285714285715,91.42857142857143,66.42857142857143,79.28571428571429,0.0,0.0
154,2017-09-18,1.0,1.0,0.0,1.0,1.0,1.0,No,7,Salt Lake City,UT,0.06999999999999999,8.31,79.28571428571429,58.714285714285715,69.42857142857143,0.0,0.0
154,2017-09-25,1.0,1.0,0.0,1.0,1.0,1.0,No,7,Salt Lake City,UT,0.22,9.715714285714286,63.42857142857143,45.714285714285715,55.57142857142857,0.0,0.0
154,2017-10-04,1.0,1.0,0.0,1.0,1.0,1.0,No,7,Salt Lake City,UT,0.014285714285714287,6.390000000000001,65.85714285714286,45.857142857142854,55.57142857142857,0.0,0.0
154,2017-10-09,1.0,1.0,0.0,1.0,1.0,1.0,No,7,Salt Lake City,UT,0.0071428571428571435,8.15,64.28571428571429,41.857142857142854,53.0,0.0,0.0
154,2017-10-16,1.0,1.0,0.0,1.0,1.0,1.0,No,7,Salt Lake City,UT,0.0071428571428571435,7.987142857142856,61.285714285714285,39.0,49.42857142857143,0.0,0.0
154,2017-10-23,1.0,1.0,0.0,1.0,1.0,1.0,No,7,Salt Lake City,UT,0.002857142857142857,6.839999999999999,68.42857142857143,40.0,52.714285714285715,0.0,0.0
154,2017-11-09,1.0,1.0,0.0,1.0,1.0,1.0,No,7,Salt Lake City,UT,0.008571428571428572,8.947142857142856,56.285714285714285,39.142857142857146,49.42857142857143,0.0,1.0
154,2017-11-13,0.0,1.0,0.0,1.0,0.0,1.0,No,7,Salt Lake City,UT,0.002857142857142857,5.017142857142857,53.42857142857143,33.0,42.42857142857143,0.0,1.0
155,2017-03-13,1.0,1.0,1.0,1.0,1.0,1.0,Yes,7,Salt Lake City,UT,0.0,6.838571428571428,56.142857142857146,37.285714285714285,45.857142857142854,0.0,2.0
155,2017-03-20,1.0,1.0,1.0,1.0,1.0,1.0,Yes,7,Salt Lake City,UT,0.0,8.404285714285715,73.0,46.0,59.42857142857143,0.0,0.0
155,2017-03-27,1.0,1.0,1.0,1.0,1.0,1.0,Yes,7,Salt Lake City,UT,0.38428571428571434,8.597142857142856,61.42857142857143,42.0,51.857142857142854,0.028571428571428574,0.0
155,2017-04-03,1.0,1.0,1.0,1.0,1.0,1.0,Yes,7,Salt Lake City,UT,0.09,8.821428571428571,54.42857142857143,40.714285714285715,48.0,0.0,0.0
155,2017-04-10,1.0,1.0,1.0,1.0,1.0,1.0,Yes,7,Salt Lake City,UT,0.16428571428571428,11.95142857142857,58.714285714285715,37.57142857142857,49.0,0.14285714285714285,0.0
155,2017-04-17,1.0,1.0,1.0,1.0,1.0,1.0,Yes,7,Salt Lake City,UT,0.0,9.524285714285712,64.85714285714286,40.714285714285715,52.285714285714285,0.0,0.0
155,2017-05-01,1.0,1.0,1.0,1.0,1.0,1.0,Yes,7,Salt Lake City,UT,0.14,9.202857142857143,55.142857142857146,38.42857142857143,47.142857142857146,0.0,0.0
155,2017-05-08,1.0,1.0,1.0,1.0,1.0,1.0,Yes,7,Salt Lake City,UT,0.0,7.985714285714286,75.28571428571429,51.857142857142854,63.42857142857143,0.0,0.0
155,2017-05-15,1.0,1.0,1.0,1.0,1.0,1.0,Yes,7,Salt Lake City,UT,0.0,9.522857142857143,74.85714285714286,50.714285714285715,63.714285714285715,0.0,0.0
155,2017-05-22,1.0,1.0,1.0,1.0,1.0,1.0,Yes,7,Salt Lake City,UT,0.08714285714285715,7.765714285714286,62.42857142857143,44.857142857142854,53.57142857142857,0.014285714285714287,0.0
155,2017-05-30,1.0,1.0,1.0,1.0,1.0,1.0,Yes,7,Salt Lake City,UT,0.0,8.020000000000001,77.85714285714286,53.57142857142857,65.85714285714286,0.0,0.0
155,2017-06-05,1.0,1.0,1.0,1.0,1.0,1.0,Yes,7,Salt Lake City,UT,0.018571428571428572,7.7628571428571425,88.71428571428571,61.285714285714285,75.14285714285714,0.0,0.0
155,2017-06-19,1.0,1.0,1.0,1.0,1.0,1.0,Yes,7,Salt Lake City,UT,0.017142857142857144,7.957142857142857,82.57142857142857,57.714285714285715,71.0,0.0,0.0
155,2017-06-26,1.0,1.0,1.0,1.0,1.0,1.0,Yes,7,Salt Lake City,UT,0.0,6.935714285714285,93.0,65.71428571428571,79.85714285714286,0.0,0.0
155,2017-07-03,1.0,1.0,1.0,1.0,1.0,1.0,Yes,7,Salt Lake City,UT,0.0,7.732857142857143,92.42857142857143,65.71428571428571,79.85714285714286,0.0,0.0
155,2017-07-10,1.0,1.0,1.0,1.0,1.0,1.0,Yes,7,Salt Lake City,UT,0.0,8.53142857142857,102.28571428571429,74.0,88.42857142857143,0.0,0.0
155,2017-07-17,1.0,1.0,1.0,1.0,1.0,1.0,Yes,7,Salt Lake City,UT,0.0,8.628571428571428,98.28571428571429,75.71428571428571,86.71428571428571,0.0,0.0
155,2017-07-24,1.0,1.0,1.0,1.0,1.0,1.0,Yes,7,Salt Lake City,UT,0.0014285714285714286,9.941428571428572,98.0,75.71428571428571,86.42857142857143,0.0,0.0
155,2017-08-07,1.0,1.0,1.0,1.0,1.0,1.0,Yes,7,Salt Lake City,UT,0.0,8.02,97.71428571428571,72.0,85.42857142857143,0.0,0.0
155,2017-09-04,1.0,1.0,1.0,1.0,0.0,1.0,No,7,Salt Lake City,UT,0.0,7.4471428571428575,94.57142857142857,68.57142857142857,81.28571428571429,0.0,0.0
155,2017-09-11,1.0,1.0,1.0,1.0,1.0,1.0,Yes,7,Salt Lake City,UT,0.0014285714285714286,7.604285714285715,91.42857142857143,66.42857142857143,79.28571428571429,0.0,0.0
155,2017-09-18,1.0,1.0,1.0,1.0,1.0,1.0,Yes,7,Salt Lake City,UT,0.06999999999999999,8.31,79.28571428571429,58.714285714285715,69.42857142857143,0.0,0.0
155,2017-09-25,1.0,1.0,1.0,1.0,1.0,1.0,Yes,7,Salt Lake City,UT,0.22,9.715714285714286,63.42857142857143,45.714285714285715,55.57142857142857,0.0,0.0
155,2017-10-03,1.0,1.0,1.0,1.0,1.0,1.0,Yes,7,Salt Lake City,UT,0.014285714285714287,6.421428571428572,66.28571428571429,47.0,56.42857142857143,0.0,0.0
155,2017-10-09,1.0,1.0,1.0,1.0,1.0,1.0,Yes,7,Salt Lake City,UT,0.0071428571428571435,8.15,64.28571428571429,41.857142857142854,53.0,0.0,0.0
155,2017-10-16,1.0,1.0,1.0,1.0,1.0,1.0,Yes,7,Salt Lake City,UT,0.0071428571428571435,7.987142857142856,61.285714285714285,39.0,49.42857142857143,0.0,0.0
155,2017-10-23,1.0,1.0,1.0,1.0,1.0,1.0,Yes,7,Salt Lake City,UT,0.002857142857142857,6.839999999999999,68.42857142857143,40.0,52.714285714285715,0.0,0.0
155,2017-11-09,1.0,1.0,1.0,1.0,1.0,1.0,Yes,7,Salt Lake City,UT,0.008571428571428572,8.947142857142856,56.285714285714285,39.142857142857146,49.42857142857143,0.0,1.0
155,2017-11-13,1.0,1.0,1.0,1.0,1.0,1.0,Yes,7,Salt Lake City,UT,0.002857142857142857,5.017142857142857,53.42857142857143,33.0,42.42857142857143,0.0,1.0
156,2017-03-28,1.0,1.0,1.0,1.0,1.0,1.0,Yes,7,Salt Lake City,UT,0.44142857142857145,8.692857142857141,57.857142857142854,40.857142857142854,50.142857142857146,0.028571428571428574,0.0
156,2017-04-03,1.0,1.0,1.0,1.0,1.0,1.0,Yes,7,Salt Lake City,UT,0.09,8.821428571428571,54.42857142857143,40.714285714285715,48.0,0.0,0.0
156,2017-04-10,1.0,1.0,1.0,1.0,1.0,1.0,Yes,7,Salt Lake City,UT,0.16428571428571428,11.95142857142857,58.714285714285715,37.57142857142857,49.0,0.14285714285714285,0.0
156,2017-04-17,1.0,1.0,1.0,1.0,1.0,1.0,Yes,7,Salt Lake City,UT,0.0,9.524285714285712,64.85714285714286,40.714285714285715,52.285714285714285,0.0,0.0
156,2017-05-01,1.0,1.0,1.0,1.0,1.0,1.0,Yes,7,Salt Lake City,UT,0.14,9.202857142857143,55.142857142857146,38.42857142857143,47.142857142857146,0.0,0.0
156,2017-05-09,1.0,1.0,1.0,1.0,1.0,1.0,Yes,7,Salt Lake City,UT,0.0,8.337142857142856,76.42857142857143,53.0,64.28571428571429,0.0,0.0
156,2017-05-15,1.0,1.0,1.0,1.0,1.0,1.0,Yes,7,Salt Lake City,UT,0.0,9.522857142857143,74.85714285714286,50.714285714285715,63.714285714285715,0.0,0.0
156,2017-05-22,1.0,1.0,1.0,1.0,1.0,1.0,Yes,7,Salt Lake City,UT,0.08714285714285715,7.765714285714286,62.42857142857143,44.857142857142854,53.57142857142857,0.014285714285714287,0.0
156,2017-05-30,1.0,1.0,1.0,1.0,1.0,1.0,Yes,7,Salt Lake City,UT,0.0,8.020000000000001,77.85714285714286,53.57142857142857,65.85714285714286,0.0,0.0
156,2017-06-05,1.0,1.0,1.0,1.0,1.0,1.0,Yes,7,Salt Lake City,UT,0.018571428571428572,7.7628571428571425,88.71428571428571,61.285714285714285,75.14285714285714,0.0,0.0
156,2017-06-19,1.0,1.0,1.0,1.0,1.0,0.0,No,7,Salt Lake City,UT,0.017142857142857144,7.957142857142857,82.57142857142857,57.714285714285715,71.0,0.0,0.0
156,2017-06-26,1.0,1.0,1.0,1.0,1.0,1.0,Yes,7,Salt Lake City,UT,0.0,6.935714285714285,93.0,65.71428571428571,79.85714285714286,0.0,0.0
156,2017-07-03,1.0,1.0,1.0,1.0,1.0,1.0,Yes,7,Salt Lake City,UT,0.0,7.732857142857143,92.42857142857143,65.71428571428571,79.85714285714286,0.0,0.0
156,2017-07-10,1.0,1.0,1.0,1.0,1.0,1.0,Yes,7,Salt Lake City,UT,0.0,8.53142857142857,102.28571428571429,74.0,88.42857142857143,0.0,0.0
156,2017-07-17,1.0,1.0,1.0,1.0,1.0,1.0,Yes,7,Salt Lake City,UT,0.0,8.628571428571428,98.28571428571429,75.71428571428571,86.71428571428571,0.0,0.0
156,2017-07-24,1.0,1.0,1.0,1.0,1.0,1.0,Yes,7,Salt Lake City,UT,0.0014285714285714286,9.941428571428572,98.0,75.71428571428571,86.42857142857143,0.0,0.0
156,2017-08-07,1.0,1.0,1.0,1.0,1.0,1.0,Yes,7,Salt Lake City,UT,0.0,8.02,97.71428571428571,72.0,85.42857142857143,0.0,0.0
156,2017-09-04,1.0,1.0,1.0,1.0,1.0,1.0,Yes,7,Salt Lake City,UT,0.0,7.4471428571428575,94.57142857142857,68.57142857142857,81.28571428571429,0.0,0.0
156,2017-09-11,1.0,1.0,1.0,1.0,1.0,1.0,Yes,7,Salt Lake City,UT,0.0014285714285714286,7.604285714285715,91.42857142857143,66.42857142857143,79.28571428571429,0.0,0.0
156,2017-09-18,1.0,1.0,1.0,1.0,1.0,1.0,Yes,7,Salt Lake City,UT,0.06999999999999999,8.31,79.28571428571429,58.714285714285715,69.42857142857143,0.0,0.0
156,2017-09-25,1.0,1.0,1.0,1.0,1.0,1.0,Yes,7,Salt Lake City,UT,0.22,9.715714285714286,63.42857142857143,45.714285714285715,55.57142857142857,0.0,0.0
156,2017-10-04,1.0,1.0,1.0,1.0,1.0,1.0,Yes,7,Salt Lake City,UT,0.014285714285714287,6.390000000000001,65.85714285714286,45.857142857142854,55.57142857142857,0.0,0.0
156,2017-10-09,1.0,1.0,1.0,1.0,1.0,1.0,Yes,7,Salt Lake City,UT,0.0071428571428571435,8.15,64.28571428571429,41.857142857142854,53.0,0.0,0.0
156,2017-10-16,1.0,1.0,1.0,1.0,1.0,1.0,Yes,7,Salt Lake City,UT,0.0071428571428571435,7.987142857142856,61.285714285714285,39.0,49.42857142857143,0.0,0.0
156,2017-10-23,1.0,1.0,1.0,1.0,1.0,1.0,Yes,7,Salt Lake City,UT,0.002857142857142857,6.839999999999999,68.42857142857143,40.0,52.714285714285715,0.0,0.0
156,2017-11-09,1.0,1.0,1.0,1.0,1.0,1.0,Yes,7,Salt Lake City,UT,0.008571428571428572,8.947142857142856,56.285714285714285,39.142857142857146,49.42857142857143,0.0,1.0
156,2017-11-13,1.0,1.0,1.0,1.0,1.0,1.0,Yes,7,Salt Lake City,UT,0.002857142857142857,5.017142857142857,53.42857142857143,33.0,42.42857142857143,0.0,1.0
157,2017-03-27,1.0,0.5,0.0,1.0,1.0,1.0,No,7,Salt Lake City,UT,0.38428571428571434,8.597142857142856,61.42857142857143,42.0,51.857142857142854,0.028571428571428574,0.0
157,2017-04-03,1.0,1.0,1.0,1.0,1.0,1.0,Yes,7,Salt Lake City,UT,0.09,8.821428571428571,54.42857142857143,40.714285714285715,48.0,0.0,0.0
157,2017-04-10,0.0,1.0,0.0,1.0,1.0,1.0,No,7,Salt Lake City,UT,0.16428571428571428,11.95142857142857,58.714285714285715,37.57142857142857,49.0,0.14285714285714285,0.0
157,2017-05-01,1.0,1.0,1.0,1.0,1.0,1.0,Yes,7,Salt Lake City,UT,0.14,9.202857142857143,55.142857142857146,38.42857142857143,47.142857142857146,0.0,0.0
157,2017-05-09,1.0,1.0,1.0,1.0,1.0,1.0,Yes,7,Salt Lake City,UT,0.0,8.337142857142856,76.42857142857143,53.0,64.28571428571429,0.0,0.0
157,2017-05-15,0.0,1.0,0.0,1.0,1.0,1.0,No,7,Salt Lake City,UT,0.0,9.522857142857143,74.85714285714286,50.714285714285715,63.714285714285715,0.0,0.0
157,2017-05-22,0.0,1.0,0.0,1.0,0.0,1.0,No,7,Salt Lake City,UT,0.08714285714285715,7.765714285714286,62.42857142857143,44.857142857142854,53.57142857142857,0.014285714285714287,0.0
157,2017-05-30,1.0,1.0,1.0,1.0,1.0,1.0,Yes,7,Salt Lake City,UT,0.0,8.020000000000001,77.85714285714286,53.57142857142857,65.85714285714286,0.0,0.0
157,2017-06-05,0.0,1.0,0.0,1.0,1.0,1.0,No,7,Salt Lake City,UT,0.018571428571428572,7.7628571428571425,88.71428571428571,61.285714285714285,75.14285714285714,0.0,0.0
157,2017-06-19,0.0,1.0,0.0,1.0,1.0,1.0,No,7,Salt Lake City,UT,0.017142857142857144,7.957142857142857,82.57142857142857,57.714285714285715,71.0,0.0,0.0
157,2017-06-26,1.0,1.0,1.0,1.0,1.0,1.0,Yes,7,Salt Lake City,UT,0.0,6.935714285714285,93.0,65.71428571428571,79.85714285714286,0.0,0.0
157,2017-07-03,1.0,1.0,1.0,1.0,1.0,1.0,Yes,7,Salt Lake City,UT,0.0,7.732857142857143,92.42857142857143,65.71428571428571,79.85714285714286,0.0,0.0
157,2017-07-10,1.0,1.0,1.0,1.0,1.0,1.0,Yes,7,Salt Lake City,UT,0.0,8.53142857142857,102.28571428571429,74.0,88.42857142857143,0.0,0.0
157,2017-07-17,1.0,1.0,1.0,1.0,1.0,1.0,Yes,7,Salt Lake City,UT,0.0,8.628571428571428,98.28571428571429,75.71428571428571,86.71428571428571,0.0,0.0
157,2017-07-24,1.0,1.0,1.0,1.0,1.0,1.0,Yes,7,Salt Lake City,UT,0.0014285714285714286,9.941428571428572,98.0,75.71428571428571,86.42857142857143,0.0,0.0
157,2017-08-07,1.0,1.0,1.0,1.0,1.0,1.0,Yes,7,Salt Lake City,UT,0.0,8.02,97.71428571428571,72.0,85.42857142857143,0.0,0.0
157,2017-09-04,1.0,1.0,1.0,1.0,1.0,1.0,Yes,7,Salt Lake City,UT,0.0,7.4471428571428575,94.57142857142857,68.57142857142857,81.28571428571429,0.0,0.0
157,2017-09-11,1.0,1.0,1.0,1.0,1.0,1.0,Yes,7,Salt Lake City,UT,0.0014285714285714286,7.604285714285715,91.42857142857143,66.42857142857143,79.28571428571429,0.0,0.0
157,2017-09-18,1.0,1.0,1.0,1.0,1.0,1.0,Yes,7,Salt Lake City,UT,0.06999999999999999,8.31,79.28571428571429,58.714285714285715,69.42857142857143,0.0,0.0
157,2017-09-25,1.0,1.0,1.0,1.0,1.0,1.0,Yes,7,Salt Lake City,UT,0.22,9.715714285714286,63.42857142857143,45.714285714285715,55.57142857142857,0.0,0.0
157,2017-10-04,1.0,1.0,1.0,1.0,1.0,1.0,Yes,7,Salt Lake City,UT,0.014285714285714287,6.390000000000001,65.85714285714286,45.857142857142854,55.57142857142857,0.0,0.0
157,2017-10-09,1.0,1.0,1.0,1.0,1.0,1.0,Yes,7,Salt Lake City,UT,0.0071428571428571435,8.15,64.28571428571429,41.857142857142854,53.0,0.0,0.0
157,2017-10-16,1.0,1.0,1.0,1.0,1.0,1.0,Yes,7,Salt Lake City,UT,0.0071428571428571435,7.987142857142856,61.285714285714285,39.0,49.42857142857143,0.0,0.0
157,2017-10-23,1.0,1.0,1.0,1.0,1.0,1.0,Yes,7,Salt Lake City,UT,0.002857142857142857,6.839999999999999,68.42857142857143,40.0,52.714285714285715,0.0,0.0
157,2017-11-09,1.0,1.0,1.0,1.0,1.0,1.0,Yes,7,Salt Lake City,UT,0.008571428571428572,8.947142857142856,56.285714285714285,39.142857142857146,49.42857142857143,0.0,1.0
157,2017-11-13,1.0,1.0,1.0,1.0,1.0,1.0,Yes,7,Salt Lake City,UT,0.002857142857142857,5.017142857142857,53.42857142857143,33.0,42.42857142857143,0.0,1.0
158,2017-05-15,0.0,1.0,0.0,1.0,0.0,1.0,No,7,Salt Lake City,UT,0.0,9.522857142857143,74.85714285714286,50.714285714285715,63.714285714285715,0.0,0.0
158,2017-05-22,0.0,1.0,1.0,1.0,0.0,1.0,No,7,Salt Lake City,UT,0.08714285714285715,7.765714285714286,62.42857142857143,44.857142857142854,53.57142857142857,0.014285714285714287,0.0
158,2017-05-30,1.0,1.0,1.0,1.0,1.0,1.0,Yes,7,Salt Lake City,UT,0.0,8.020000000000001,77.85714285714286,53.57142857142857,65.85714285714286,0.0,0.0
158,2017-06-05,1.0,1.0,1.0,1.0,1.0,1.0,Yes,7,Salt Lake City,UT,0.018571428571428572,7.7628571428571425,88.71428571428571,61.285714285714285,75.14285714285714,0.0,0.0
158,2017-06-19,1.0,1.0,1.0,1.0,1.0,1.0,Yes,7,Salt Lake City,UT,0.017142857142857144,7.957142857142857,82.57142857142857,57.714285714285715,71.0,0.0,0.0
158,2017-06-26,1.0,1.0,1.0,1.0,1.0,1.0,Yes,7,Salt Lake City,UT,0.0,6.935714285714285,93.0,65.71428571428571,79.85714285714286,0.0,0.0
158,2017-07-03,1.0,1.0,1.0,1.0,1.0,1.0,Yes,7,Salt Lake City,UT,0.0,7.732857142857143,92.42857142857143,65.71428571428571,79.85714285714286,0.0,0.0
158,2017-07-10,1.0,1.0,1.0,1.0,1.0,1.0,Yes,7,Salt Lake City,UT,0.0,8.53142857142857,102.28571428571429,74.0,88.42857142857143,0.0,0.0
158,2017-07-17,1.0,1.0,1.0,1.0,1.0,1.0,Yes,7,Salt Lake City,UT,0.0,8.628571428571428,98.28571428571429,75.71428571428571,86.71428571428571,0.0,0.0
158,2017-07-24,1.0,1.0,1.0,1.0,1.0,1.0,Yes,7,Salt Lake City,UT,0.0014285714285714286,9.941428571428572,98.0,75.71428571428571,86.42857142857143,0.0,0.0
158,2017-08-07,1.0,1.0,1.0,1.0,1.0,1.0,Yes,7,Salt Lake City,UT,0.0,8.02,97.71428571428571,72.0,85.42857142857143,0.0,0.0
158,2017-09-04,1.0,1.0,1.0,1.0,1.0,1.0,Yes,7,Salt Lake City,UT,0.0,7.4471428571428575,94.57142857142857,68.57142857142857,81.28571428571429,0.0,0.0
158,2017-09-11,1.0,1.0,1.0,1.0,1.0,1.0,Yes,7,Salt Lake City,UT,0.0014285714285714286,7.604285714285715,91.42857142857143,66.42857142857143,79.28571428571429,0.0,0.0
158,2017-09-18,1.0,1.0,1.0,1.0,1.0,1.0,Yes,7,Salt Lake City,UT,0.06999999999999999,8.31,79.28571428571429,58.714285714285715,69.42857142857143,0.0,0.0
158,2017-09-25,1.0,1.0,1.0,1.0,1.0,1.0,Yes,7,Salt Lake City,UT,0.22,9.715714285714286,63.42857142857143,45.714285714285715,55.57142857142857,0.0,0.0
158,2017-10-04,1.0,1.0,1.0,1.0,1.0,1.0,Yes,7,Salt Lake City,UT,0.014285714285714287,6.390000000000001,65.85714285714286,45.857142857142854,55.57142857142857,0.0,0.0
158,2017-10-09,1.0,1.0,1.0,1.0,1.0,1.0,Yes,7,Salt Lake City,UT,0.0071428571428571435,8.15,64.28571428571429,41.857142857142854,53.0,0.0,0.0
158,2017-10-16,1.0,1.0,1.0,1.0,1.0,1.0,Yes,7,Salt Lake City,UT,0.0071428571428571435,7.987142857142856,61.285714285714285,39.0,49.42857142857143,0.0,0.0
158,2017-10-23,1.0,1.0,1.0,1.0,1.0,1.0,Yes,7,Salt Lake City,UT,0.002857142857142857,6.839999999999999,68.42857142857143,40.0,52.714285714285715,0.0,0.0
158,2017-11-09,1.0,1.0,1.0,1.0,1.0,1.0,Yes,7,Salt Lake City,UT,0.008571428571428572,8.947142857142856,56.285714285714285,39.142857142857146,49.42857142857143,0.0,1.0
158,2017-11-13,1.0,1.0,1.0,1.0,1.0,1.0,Yes,7,Salt Lake City,UT,0.002857142857142857,5.017142857142857,53.42857142857143,33.0,42.42857142857143,0.0,1.0
159,2017-04-03,0.0,1.0,0.0,1.0,0.0,1.0,No,7,Salt Lake City,UT,0.09,8.821428571428571,54.42857142857143,40.714285714285715,48.0,0.0,0.0
159,2017-04-10,0.0,1.0,0.0,1.0,1.0,1.0,No,7,Salt Lake City,UT,0.16428571428571428,11.95142857142857,58.714285714285715,37.57142857142857,49.0,0.14285714285714285,0.0
159,2017-04-17,0.0,1.0,1.0,1.0,1.0,1.0,No,7,Salt Lake City,UT,0.0,9.524285714285712,64.85714285714286,40.714285714285715,52.285714285714285,0.0,0.0
159,2017-05-01,1.0,1.0,1.0,1.0,1.0,1.0,Yes,7,Salt Lake City,UT,0.14,9.202857142857143,55.142857142857146,38.42857142857143,47.142857142857146,0.0,0.0
159,2017-05-09,1.0,1.0,1.0,1.0,1.0,1.0,Yes,7,Salt Lake City,UT,0.0,8.337142857142856,76.42857142857143,53.0,64.28571428571429,0.0,0.0
159,2017-05-15,1.0,1.0,1.0,1.0,1.0,1.0,Yes,7,Salt Lake City,UT,0.0,9.522857142857143,74.85714285714286,50.714285714285715,63.714285714285715,0.0,0.0
159,2017-05-22,1.0,1.0,1.0,1.0,1.0,1.0,Yes,7,Salt Lake City,UT,0.08714285714285715,7.765714285714286,62.42857142857143,44.857142857142854,53.57142857142857,0.014285714285714287,0.0
159,2017-05-30,1.0,1.0,1.0,1.0,1.0,1.0,Yes,7,Salt Lake City,UT,0.0,8.020000000000001,77.85714285714286,53.57142857142857,65.85714285714286,0.0,0.0
159,2017-06-05,1.0,1.0,1.0,1.0,1.0,1.0,Yes,7,Salt Lake City,UT,0.018571428571428572,7.7628571428571425,88.71428571428571,61.285714285714285,75.14285714285714,0.0,0.0
159,2017-06-19,1.0,1.0,1.0,1.0,1.0,1.0,Yes,7,Salt Lake City,UT,0.017142857142857144,7.957142857142857,82.57142857142857,57.714285714285715,71.0,0.0,0.0
159,2017-06-26,0.0,1.0,0.0,1.0,0.0,0.0,No,7,Salt Lake City,UT,0.0,6.935714285714285,93.0,65.71428571428571,79.85714285714286,0.0,0.0
159,2017-07-03,0.0,1.0,1.0,1.0,1.0,1.0,No,7,Salt Lake City,UT,0.0,7.732857142857143,92.42857142857143,65.71428571428571,79.85714285714286,0.0,0.0
159,2017-07-10,1.0,1.0,1.0,1.0,1.0,1.0,Yes,7,Salt Lake City,UT,0.0,8.53142857142857,102.28571428571429,74.0,88.42857142857143,0.0,0.0
159,2017-07-17,1.0,1.0,1.0,1.0,1.0,1.0,Yes,7,Salt Lake City,UT,0.0,8.628571428571428,98.28571428571429,75.71428571428571,86.71428571428571,0.0,0.0
159,2017-07-24,0.0,1.0,0.0,1.0,1.0,1.0,No,7,Salt Lake City,UT,0.0014285714285714286,9.941428571428572,98.0,75.71428571428571,86.42857142857143,0.0,0.0
159,2017-08-07,0.0,1.0,0.0,1.0,0.0,1.0,No,7,Salt Lake City,UT,0.0,8.02,97.71428571428571,72.0,85.42857142857143,0.0,0.0
159,2017-09-04,1.0,1.0,0.0,1.0,0.0,1.0,No,7,Salt Lake City,UT,0.0,7.4471428571428575,94.57142857142857,68.57142857142857,81.28571428571429,0.0,0.0
159,2017-09-11,1.0,1.0,1.0,1.0,1.0,1.0,Yes,7,Salt Lake City,UT,0.0014285714285714286,7.604285714285715,91.42857142857143,66.42857142857143,79.28571428571429,0.0,0.0
159,2017-09-18,1.0,1.0,1.0,1.0,1.0,1.0,Yes,7,Salt Lake City,UT,0.06999999999999999,8.31,79.28571428571429,58.714285714285715,69.42857142857143,0.0,0.0
159,2017-09-25,1.0,1.0,1.0,1.0,1.0,1.0,Yes,7,Salt Lake City,UT,0.22,9.715714285714286,63.42857142857143,45.714285714285715,55.57142857142857,0.0,0.0
159,2017-10-04,1.0,1.0,1.0,1.0,1.0,1.0,Yes,7,Salt Lake City,UT,0.014285714285714287,6.390000000000001,65.85714285714286,45.857142857142854,55.57142857142857,0.0,0.0
159,2017-10-09,1.0,1.0,1.0,1.0,1.0,1.0,Yes,7,Salt Lake City,UT,0.0071428571428571435,8.15,64.28571428571429,41.857142857142854,53.0,0.0,0.0
159,2017-10-16,1.0,1.0,1.0,1.0,1.0,1.0,Yes,7,Salt Lake City,UT,0.0071428571428571435,7.987142857142856,61.285714285714285,39.0,49.42857142857143,0.0,0.0
159,2017-10-23,1.0,1.0,1.0,1.0,1.0,1.0,Yes,7,Salt Lake City,UT,0.002857142857142857,6.839999999999999,68.42857142857143,40.0,52.714285714285715,0.0,0.0
159,2017-11-09,1.0,1.0,1.0,1.0,1.0,1.0,Yes,7,Salt Lake City,UT,0.008571428571428572,8.947142857142856,56.285714285714285,39.142857142857146,49.42857142857143,0.0,1.0
159,2017-11-13,1.0,1.0,1.0,1.0,1.0,1.0,Yes,7,Salt Lake City,UT,0.002857142857142857,5.017142857142857,53.42857142857143,33.0,42.42857142857143,0.0,1.0
160,2019-04-29,1.0,1.0,1.0,1.0,1.0,1.0,Yes,7,Salt Lake City,UT,0.0014285714285714286,8.085714285714285,68.0,47.42857142857143,58.0,0.0,0.0
160,2019-05-06,1.0,1.0,1.0,1.0,1.0,1.0,Yes,7,Salt Lake City,UT,0.05714285714285715,7.572857142857144,64.71428571428571,42.0,52.714285714285715,0.0,0.0
160,2019-05-13,1.0,1.0,1.0,1.0,1.0,1.0,Yes,7,Salt Lake City,UT,0.025714285714285714,8.02142857142857,69.42857142857143,47.285714285714285,58.0,0.0,0.0
161,2019-04-08,1.0,1.0,1.0,1.0,1.0,1.0,Yes,7,Salt Lake City,UT,0.07428571428571429,8.052857142857142,61.142857142857146,43.857142857142854,51.57142857142857,0.0,0.0
161,2019-04-15,1.0,1.0,1.0,1.0,1.0,1.0,Yes,7,Salt Lake City,UT,0.13285714285714284,10.319999999999999,56.285714285714285,38.714285714285715,47.57142857142857,0.028571428571428574,0.0
161,2019-04-29,1.0,1.0,1.0,1.0,1.0,1.0,Yes,7,Salt Lake City,UT,0.0014285714285714286,8.085714285714285,68.0,47.42857142857143,58.0,0.0,0.0
161,2019-05-06,1.0,1.0,1.0,1.0,1.0,1.0,Yes,7,Salt Lake City,UT,0.05714285714285715,7.572857142857144,64.71428571428571,42.0,52.714285714285715,0.0,0.0
161,2019-05-13,1.0,1.0,1.0,1.0,1.0,1.0,Yes,7,Salt Lake City,UT,0.025714285714285714,8.02142857142857,69.42857142857143,47.285714285714285,58.0,0.0,0.0
162,2019-05-20,0.0,1.0,0.0,1.0,0.0,1.0,No,7,Salt Lake City,UT,0.17714285714285713,10.611428571428572,72.0,52.142857142857146,63.142857142857146,0.0,0.0
162,2019-05-27,0.0,1.0,0.0,1.0,0.0,1.0,No,7,Salt Lake City,UT,0.16142857142857145,9.684285714285716,62.42857142857143,46.0,52.57142857142857,0.0,0.0
163,2019-04-08,1.0,1.0,1.0,1.0,1.0,1.0,Yes,7,Salt Lake City,UT,0.07428571428571429,8.052857142857142,61.142857142857146,43.857142857142854,51.57142857142857,0.0,0.0
163,2019-04-15,1.0,1.0,1.0,1.0,1.0,1.0,Yes,7,Salt Lake City,UT,0.13285714285714284,10.319999999999999,56.285714285714285,38.714285714285715,47.57142857142857,0.028571428571428574,0.0
163,2019-04-29,1.0,1.0,0.0,1.0,0.0,1.0,No,7,Salt Lake City,UT,0.0014285714285714286,8.085714285714285,68.0,47.42857142857143,58.0,0.0,0.0
163,2019-05-06,0.0,0.0,0.0,1.0,0.0,1.0,No,7,Salt Lake City,UT,0.05714285714285715,7.572857142857144,64.71428571428571,42.0,52.714285714285715,0.0,0.0
163,2019-05-13,0.0,0.0,0.0,1.0,0.0,1.0,No,7,Salt Lake City,UT,0.025714285714285714,8.02142857142857,69.42857142857143,47.285714285714285,58.0,0.0,0.0
163,2019-05-20,0.0,1.0,0.0,1.0,0.0,1.0,No,7,Salt Lake City,UT,0.17714285714285713,10.611428571428572,72.0,52.142857142857146,63.142857142857146,0.0,0.0
164,2019-04-29,0.0,1.0,1.0,1.0,0.0,1.0,No,7,Salt Lake City,UT,0.0014285714285714286,8.085714285714285,68.0,47.42857142857143,58.0,0.0,0.0
164,2019-05-06,1.0,1.0,1.0,1.0,1.0,1.0,Yes,7,Salt Lake City,UT,0.05714285714285715,7.572857142857144,64.71428571428571,42.0,52.714285714285715,0.0,0.0
164,2019-05-13,1.0,1.0,1.0,1.0,1.0,1.0,Yes,7,Salt Lake City,UT,0.025714285714285714,8.02142857142857,69.42857142857143,47.285714285714285,58.0,0.0,0.0
165,2019-04-29,0.0,1.0,1.0,1.0,1.0,1.0,No,7,Salt Lake City,UT,0.0014285714285714286,8.085714285714285,68.0,47.42857142857143,58.0,0.0,0.0
165,2019-04-29,0.0,1.0,1.0,1.0,0.0,1.0,No,7,Salt Lake City,UT,0.0014285714285714286,8.085714285714285,68.0,47.42857142857143,58.0,0.0,0.0
165,2019-05-06,0.0,1.0,0.0,1.0,0.0,1.0,No,7,Salt Lake City,UT,0.05714285714285715,7.572857142857144,64.71428571428571,42.0,52.714285714285715,0.0,0.0
165,2019-05-13,0.0,1.0,0.0,1.0,0.0,1.0,No,7,Salt Lake City,UT,0.025714285714285714,8.02142857142857,69.42857142857143,47.285714285714285,58.0,0.0,0.0
165,2019-05-20,0.0,1.0,0.0,1.0,0.0,1.0,No,7,Salt Lake City,UT,0.17714285714285713,10.611428571428572,72.0,52.142857142857146,63.142857142857146,0.0,0.0
165,2019-05-27,0.0,1.0,1.0,1.0,0.0,1.0,No,7,Salt Lake City,UT,0.16142857142857145,9.684285714285716,62.42857142857143,46.0,52.57142857142857,0.0,0.0
166,2019-05-06,0.0,1.0,1.0,1.0,1.0,1.0,No,7,Salt Lake City,UT,0.05714285714285715,7.572857142857144,64.71428571428571,42.0,52.714285714285715,0.0,0.0
166,2019-05-13,1.0,1.0,1.0,1.0,1.0,1.0,Yes,7,Salt Lake City,UT,0.025714285714285714,8.02142857142857,69.42857142857143,47.285714285714285,58.0,0.0,0.0
166,2019-05-20,1.0,1.0,1.0,1.0,1.0,1.0,Yes,7,Salt Lake City,UT,0.17714285714285713,10.611428571428572,72.0,52.142857142857146,63.142857142857146,0.0,0.0
167,2019-04-08,1.0,1.0,0.0,1.0,1.0,1.0,No,7,Salt Lake City,UT,0.07428571428571429,8.052857142857142,61.142857142857146,43.857142857142854,51.57142857142857,0.0,0.0
167,2019-04-15,0.0,1.0,0.0,1.0,0.0,1.0,No,7,Salt Lake City,UT,0.13285714285714284,10.319999999999999,56.285714285714285,38.714285714285715,47.57142857142857,0.028571428571428574,0.0
167,2019-04-29,0.0,1.0,1.0,1.0,1.0,1.0,No,7,Salt Lake City,UT,0.0014285714285714286,8.085714285714285,68.0,47.42857142857143,58.0,0.0,0.0
167,2019-05-06,1.0,1.0,1.0,1.0,1.0,1.0,Yes,7,Salt Lake City,UT,0.05714285714285715,7.572857142857144,64.71428571428571,42.0,52.714285714285715,0.0,0.0
167,2019-05-13,1.0,1.0,1.0,1.0,1.0,1.0,Yes,7,Salt Lake City,UT,0.025714285714285714,8.02142857142857,69.42857142857143,47.285714285714285,58.0,0.0,0.0
168,2019-05-27,0.0,1.0,0.0,1.0,0.0,1.0,No,7,Salt Lake City,UT,0.16142857142857145,9.684285714285716,62.42857142857143,46.0,52.57142857142857,0.0,0.0
169,2018-06-28,0.0,1.0,0.0,1.0,0.0,1.0,No,8,Durham,NC,0.16142857142857142,5.815714285714286,89.0,70.42857142857143,79.42857142857143,0.0,0.0
170,2018-06-28,0.0,0.0,0.0,0.0,0.0,0.0,No,8,Durham,NC,0.16142857142857142,5.815714285714286,89.0,70.42857142857143,79.42857142857143,0.0,0.0
171,2018-05-15,0.0,1.0,0.0,1.0,0.0,1.0,No,9,Salt Lake City,UT,0.08857142857142859,7.734285714285714,71.0,50.285714285714285,61.42857142857143,0.0,0.0
171,2018-05-28,1.0,1.0,1.0,1.0,1.0,1.0,Yes,9,Salt Lake City,UT,0.044285714285714296,7.767142857142857,79.28571428571429,56.42857142857143,68.14285714285714,0.0,0.0
171,2018-06-04,1.0,1.0,1.0,1.0,1.0,1.0,Yes,9,Salt Lake City,UT,0.017142857142857144,8.532857142857143,79.85714285714286,54.857142857142854,66.42857142857143,0.0,0.0
171,2018-06-11,1.0,1.0,1.0,1.0,1.0,1.0,Yes,9,Salt Lake City,UT,0.0,11.121428571428572,91.42857142857143,64.14285714285714,79.0,0.0,0.0
171,2018-06-26,1.0,1.0,1.0,1.0,1.0,1.0,Yes,9,Salt Lake City,UT,0.0,8.118571428571428,86.14285714285714,61.714285714285715,74.14285714285714,0.0,0.0
171,2018-07-02,1.0,1.0,1.0,1.0,1.0,1.0,Yes,9,Salt Lake City,UT,0.0,9.331428571428571,89.14285714285714,63.714285714285715,77.57142857142857,0.0,0.0
171,2018-07-10,1.0,1.0,1.0,1.0,1.0,1.0,Yes,9,Salt Lake City,UT,0.0,10.450000000000001,97.0,71.42857142857143,84.14285714285714,0.0,0.0
171,2018-07-16,1.0,1.0,1.0,1.0,1.0,1.0,Yes,9,Salt Lake City,UT,0.002857142857142857,7.83,95.28571428571429,73.14285714285714,83.57142857142857,0.0,0.0
171,2018-07-23,1.0,1.0,1.0,1.0,1.0,1.0,Yes,9,Salt Lake City,UT,0.02428571428571429,8.467142857142857,94.71428571428571,71.0,83.28571428571429,0.0,0.0
171,2018-07-30,1.0,1.0,1.0,1.0,1.0,1.0,Yes,9,Salt Lake City,UT,0.0,6.932857142857143,97.0,70.85714285714286,83.85714285714286,0.0,0.0
171,2018-08-27,1.0,1.0,1.0,1.0,1.0,1.0,Yes,9,Salt Lake City,UT,0.06142857142857143,9.905714285714284,87.85714285714286,63.142857142857146,75.0,0.0,0.0
171,2018-09-03,1.0,1.0,1.0,1.0,1.0,1.0,Yes,9,Salt Lake City,UT,0.0,8.052857142857144,83.85714285714286,58.142857142857146,71.42857142857143,0.0,0.0
171,2018-09-10,1.0,1.0,1.0,1.0,1.0,1.0,Yes,9,Salt Lake City,UT,0.0,6.902857142857143,88.85714285714286,61.0,74.57142857142857,0.0,0.0
171,2018-09-18,1.0,1.0,1.0,1.0,1.0,1.0,Yes,9,Salt Lake City,UT,0.0,8.692857142857143,87.14285714285714,57.285714285714285,72.57142857142857,0.0,0.0
171,2018-09-24,1.0,1.0,1.0,1.0,0.0,1.0,No,9,Salt Lake City,UT,0.0,8.62857142857143,83.57142857142857,57.0,70.71428571428571,0.0,0.0
171,2018-10-01,1.0,0.0,1.0,1.0,0.0,1.0,No,9,Salt Lake City,UT,0.0,9.587142857142856,78.28571428571429,52.57142857142857,66.28571428571429,0.0,0.0
171,2018-10-08,1.0,0.0,1.0,1.0,1.0,1.0,No,9,Salt Lake City,UT,0.17428571428571432,9.395714285714286,68.0,51.714285714285715,59.714285714285715,0.0,0.0
172,2018-04-02,1.0,1.0,0.0,1.0,1.0,1.0,No,9,Salt Lake City,UT,0.004285714285714286,6.934285714285714,61.285714285714285,40.57142857142857,50.142857142857146,0.05714285714285715,1.0
172,2018-04-09,1.0,1.0,0.0,1.0,1.0,1.0,No,9,Salt Lake City,UT,0.05285714285714286,7.224285714285713,60.714285714285715,41.57142857142857,52.285714285714285,0.0,1.0
172,2018-04-16,1.0,1.0,0.0,1.0,1.0,1.0,No,9,Salt Lake City,UT,0.08,10.450000000000001,64.85714285714286,42.857142857142854,53.57142857142857,0.07142857142857142,0.0
173,2019-05-20,1.0,1.0,1.0,1.0,1.0,1.0,Yes,9,Salt Lake City,UT,0.17714285714285713,10.611428571428572,72.0,52.142857142857146,63.142857142857146,0.0,0.0
173,2019-05-27,1.0,1.0,0.0,1.0,1.0,1.0,No,9,Salt Lake City,UT,0.16142857142857145,9.684285714285716,62.42857142857143,46.0,52.57142857142857,0.0,0.0
174,2018-04-02,1.0,1.0,0.0,1.0,1.0,1.0,No,10,Salt Lake City,UT,0.004285714285714286,6.934285714285714,61.285714285714285,40.57142857142857,50.142857142857146,0.05714285714285715,1.0
174,2018-04-09,1.0,1.0,0.0,1.0,1.0,1.0,No,10,Salt Lake City,UT,0.05285714285714286,7.224285714285713,60.714285714285715,41.57142857142857,52.285714285714285,0.0,1.0
174,2018-04-16,1.0,1.0,0.0,1.0,1.0,1.0,No,10,Salt Lake City,UT,0.08,10.450000000000001,64.85714285714286,42.857142857142854,53.57142857142857,0.07142857142857142,0.0
175,2018-04-23,1.0,1.0,0.0,1.0,1.0,1.0,No,10,Salt Lake City,UT,0.03571428571428571,9.618571428571428,66.0,40.285714285714285,54.285714285714285,0.1285714285714286,0.0
175,2018-05-01,1.0,1.0,0.0,1.0,1.0,1.0,No,10,Salt Lake City,UT,0.10428571428571429,8.818571428571428,72.85714285714286,47.142857142857146,60.714285714285715,0.0,0.0
175,2018-05-07,1.0,1.0,0.0,1.0,1.0,1.0,No,10,Salt Lake City,UT,0.12571428571428572,7.958571428571429,69.71428571428571,47.285714285714285,57.42857142857143,0.0,0.0
175,2018-05-15,1.0,1.0,0.0,1.0,1.0,1.0,No,10,Salt Lake City,UT,0.08857142857142859,7.734285714285714,71.0,50.285714285714285,61.42857142857143,0.0,0.0
175,2018-05-25,1.0,1.0,0.0,1.0,1.0,1.0,No,10,Salt Lake City,UT,0.027142857142857142,7.222857142857143,77.57142857142857,54.857142857142854,65.42857142857143,0.0,0.0
175,2018-06-04,1.0,1.0,0.0,1.0,1.0,1.0,No,10,Salt Lake City,UT,0.017142857142857144,8.532857142857143,79.85714285714286,54.857142857142854,66.42857142857143,0.0,0.0
175,2018-06-11,1.0,1.0,0.0,1.0,1.0,1.0,No,10,Salt Lake City,UT,0.0,11.121428571428572,91.42857142857143,64.14285714285714,79.0,0.0,0.0
175,2018-06-26,1.0,1.0,0.0,1.0,1.0,1.0,No,10,Salt Lake City,UT,0.0,8.118571428571428,86.14285714285714,61.714285714285715,74.14285714285714,0.0,0.0
175,2018-07-02,1.0,1.0,0.0,1.0,1.0,1.0,No,10,Salt Lake City,UT,0.0,9.331428571428571,89.14285714285714,63.714285714285715,77.57142857142857,0.0,0.0
175,2018-07-10,1.0,0.0,1.0,1.0,1.0,1.0,No,10,Salt Lake City,UT,0.0,10.450000000000001,97.0,71.42857142857143,84.14285714285714,0.0,0.0
175,2018-07-16,1.0,1.0,0.0,1.0,1.0,1.0,No,10,Salt Lake City,UT,0.002857142857142857,7.83,95.28571428571429,73.14285714285714,83.57142857142857,0.0,0.0
175,2018-07-23,1.0,1.0,0.0,1.0,1.0,1.0,No,10,Salt Lake City,UT,0.02428571428571429,8.467142857142857,94.71428571428571,71.0,83.28571428571429,0.0,0.0
175,2018-07-30,1.0,1.0,0.0,1.0,1.0,1.0,No,10,Salt Lake City,UT,0.0,6.932857142857143,97.0,70.85714285714286,83.85714285714286,0.0,0.0
175,2018-08-27,1.0,1.0,0.0,1.0,1.0,1.0,No,10,Salt Lake City,UT,0.06142857142857143,9.905714285714284,87.85714285714286,63.142857142857146,75.0,0.0,0.0
175,2018-09-03,1.0,1.0,0.0,1.0,1.0,1.0,No,10,Salt Lake City,UT,0.0,8.052857142857144,83.85714285714286,58.142857142857146,71.42857142857143,0.0,0.0
175,2018-09-10,1.0,1.0,0.0,1.0,1.0,1.0,No,10,Salt Lake City,UT,0.0,6.902857142857143,88.85714285714286,61.0,74.57142857142857,0.0,0.0
175,2018-09-18,1.0,1.0,1.0,1.0,1.0,1.0,Yes,10,Salt Lake City,UT,0.0,8.692857142857143,87.14285714285714,57.285714285714285,72.57142857142857,0.0,0.0
175,2018-09-24,1.0,1.0,0.0,1.0,1.0,1.0,No,10,Salt Lake City,UT,0.0,8.62857142857143,83.57142857142857,57.0,70.71428571428571,0.0,0.0
175,2018-10-01,1.0,1.0,0.0,1.0,1.0,1.0,No,10,Salt Lake City,UT,0.0,9.587142857142856,78.28571428571429,52.57142857142857,66.28571428571429,0.0,0.0
175,2018-10-08,1.0,1.0,0.0,1.0,1.0,1.0,No,10,Salt Lake City,UT,0.17428571428571432,9.395714285714286,68.0,51.714285714285715,59.714285714285715,0.0,0.0
176,2019-05-27,1.0,1.0,0.0,1.0,1.0,1.0,No,10,Salt Lake City,UT,0.16142857142857145,9.684285714285716,62.42857142857143,46.0,52.57142857142857,0.0,0.0
176,2019-05-20,1.0,1.0,1.0,1.0,1.0,1.0,Yes,10,Salt Lake City,UT,0.17714285714285713,10.611428571428572,72.0,52.142857142857146,63.142857142857146,0.0,0.0
177,2016-09-09,1.0,1.0,1.0,1.0,1.0,1.0,Yes,11,Clayton,NC,0.22428571428571425,5.880000000000001,86.28571428571429,63.285714285714285,74.14285714285714,0.0,0.0
177,2016-09-16,1.0,1.0,1.0,1.0,1.0,1.0,Yes,11,Clayton,NC,0.0,6.167142857142857,91.0,68.85714285714286,79.42857142857143,0.0,0.0
177,2016-09-22,1.0,1.0,1.0,1.0,1.0,1.0,Yes,11,Clayton,NC,0.2671428571428572,6.742857142857142,83.0,69.0,75.0,0.0,0.0
177,2016-09-28,1.0,1.0,1.0,1.0,1.0,1.0,Yes,11,Clayton,NC,0.10571428571428572,5.622857142857143,80.71428571428571,67.57142857142857,73.28571428571429,0.0,0.0
177,2016-10-14,1.0,1.0,1.0,1.0,1.0,1.0,Yes,11,Clayton,NC,0.9914285714285714,6.5528571428571425,72.14285714285714,52.0,61.714285714285715,0.0,0.0
177,2016-10-21,1.0,1.0,1.0,0.0,1.0,1.0,No,11,Clayton,NC,0.0,3.962857142857143,80.0,56.57142857142857,67.0,0.0,0.0
177,2017-04-26,1.0,1.0,1.0,1.0,1.0,1.0,Yes,11,Clayton,NC,1.1071428571428572,7.828571428571428,73.71428571428571,56.285714285714285,63.857142857142854,0.0,0.0
177,2017-05-10,1.0,1.0,1.0,1.0,1.0,1.0,Yes,11,Clayton,NC,0.2571428571428572,7.861428571428571,72.57142857142857,50.0,62.0,0.0,0.0
177,2017-05-17,1.0,1.0,1.0,1.0,1.0,1.0,Yes,11,Clayton,NC,0.1757142857142857,5.177142857142856,78.14285714285714,55.714285714285715,66.28571428571429,0.0,0.0
177,2017-05-26,1.0,1.0,1.0,1.0,1.0,1.0,Yes,11,Clayton,NC,0.3,7.541428571428573,79.42857142857143,65.0,71.57142857142857,0.0,0.0
177,2017-05-31,1.0,1.0,1.0,1.0,1.0,1.0,Yes,11,Clayton,NC,0.19,6.424285714285715,82.0,63.42857142857143,72.14285714285714,0.0,0.0
177,2017-06-07,1.0,1.0,1.0,1.0,1.0,1.0,Yes,11,Clayton,NC,0.2742857142857143,4.155714285714286,86.0,62.857142857142854,74.14285714285714,0.0,0.0
177,2017-06-16,1.0,1.0,1.0,1.0,1.0,1.0,Yes,11,Clayton,NC,0.0,5.721428571428571,89.14285714285714,64.42857142857143,76.42857142857143,0.0,0.0
177,2017-06-21,1.0,1.0,1.0,1.0,1.0,1.0,Yes,11,Clayton,NC,0.4985714285714285,6.297142857142857,89.14285714285714,69.85714285714286,78.0,0.0,0.0
177,2017-06-30,1.0,1.0,1.0,1.0,1.0,1.0,Yes,11,Clayton,NC,0.07142857142857142,6.168571428571428,86.28571428571429,63.857142857142854,75.71428571428571,0.0,0.0
177,2017-07-07,1.0,1.0,1.0,1.0,1.0,1.0,Yes,11,Clayton,NC,0.21571428571428572,5.208571428571429,90.85714285714286,70.28571428571429,79.14285714285714,0.0,0.0
177,2017-07-14,1.0,1.0,1.0,1.0,1.0,1.0,Yes,11,Clayton,NC,0.0071428571428571435,6.774285714285715,92.85714285714286,72.42857142857143,81.71428571428571,0.0,0.0
177,2017-07-21,1.0,1.0,1.0,1.0,1.0,1.0,Yes,11,Clayton,NC,0.01,5.207142857142856,93.42857142857143,72.14285714285714,81.71428571428571,0.0,0.0
177,2017-07-28,1.0,1.0,1.0,1.0,1.0,1.0,Yes,11,Clayton,NC,0.08285714285714287,7.224285714285714,95.57142857142857,72.85714285714286,83.14285714285714,0.0,0.0
177,2017-08-03,1.0,1.0,1.0,1.0,1.0,1.0,Yes,11,Clayton,NC,0.03428571428571429,5.817142857142857,88.71428571428571,66.28571428571429,77.28571428571429,0.0,0.0
177,2017-08-25,1.0,1.0,1.0,1.0,1.0,1.0,Yes,11,Clayton,NC,0.038571428571428576,5.21,93.28571428571429,72.71428571428571,82.28571428571429,0.0,0.0
177,2017-10-13,1.0,1.0,1.0,1.0,1.0,1.0,Yes,11,Clayton,NC,0.19714285714285715,7.478571428571428,86.28571428571429,67.85714285714286,75.57142857142857,0.0,0.0
178,2016-07-22,1.0,1.0,0.0,1.0,1.0,1.0,No,11,Clayton,NC,0.5085714285714286,5.401428571428572,91.0,70.71428571428571,80.28571428571429,0.0,0.0
178,2016-07-29,1.0,1.0,1.0,1.0,1.0,1.0,Yes,11,Clayton,NC,0.018571428571428572,6.2299999999999995,95.28571428571429,74.42857142857143,83.85714285714286,0.0,0.0
179,2016-09-09,1.0,1.0,0.0,1.0,1.0,1.0,No,11,Clayton,NC,0.22428571428571425,5.880000000000001,86.28571428571429,63.285714285714285,74.14285714285714,0.0,0.0
179,2016-09-16,1.0,1.0,0.0,1.0,1.0,1.0,No,11,Clayton,NC,0.0,6.167142857142857,91.0,68.85714285714286,79.42857142857143,0.0,0.0
179,2016-09-22,1.0,1.0,0.0,1.0,1.0,1.0,No,11,Clayton,NC,0.2671428571428572,6.742857142857142,83.0,69.0,75.0,0.0,0.0
179,2016-09-28,1.0,1.0,0.0,1.0,1.0,1.0,No,11,Clayton,NC,0.10571428571428572,5.622857142857143,80.71428571428571,67.57142857142857,73.28571428571429,0.0,0.0
179,2016-10-14,1.0,1.0,0.0,1.0,1.0,1.0,No,11,Clayton,NC,0.9914285714285714,6.5528571428571425,72.14285714285714,52.0,61.714285714285715,0.0,0.0
179,2016-10-21,1.0,1.0,0.0,1.0,1.0,1.0,No,11,Clayton,NC,0.0,3.962857142857143,80.0,56.57142857142857,67.0,0.0,0.0
179,2017-04-26,1.0,1.0,1.0,1.0,1.0,1.0,Yes,11,Clayton,NC,1.1071428571428572,7.828571428571428,73.71428571428571,56.285714285714285,63.857142857142854,0.0,0.0
179,2017-05-10,0.0,1.0,0.0,1.0,1.0,1.0,No,11,Clayton,NC,0.2571428571428572,7.861428571428571,72.57142857142857,50.0,62.0,0.0,0.0
179,2017-05-17,1.0,1.0,1.0,1.0,1.0,1.0,Yes,11,Clayton,NC,0.1757142857142857,5.177142857142856,78.14285714285714,55.714285714285715,66.28571428571429,0.0,0.0
179,2017-05-26,1.0,1.0,1.0,1.0,1.0,1.0,Yes,11,Clayton,NC,0.3,7.541428571428573,79.42857142857143,65.0,71.57142857142857,0.0,0.0
179,2017-05-31,1.0,1.0,1.0,1.0,1.0,1.0,Yes,11,Clayton,NC,0.19,6.424285714285715,82.0,63.42857142857143,72.14285714285714,0.0,0.0
179,2017-06-07,1.0,1.0,1.0,1.0,1.0,1.0,Yes,11,Clayton,NC,0.2742857142857143,4.155714285714286,86.0,62.857142857142854,74.14285714285714,0.0,0.0
179,2017-06-16,0.0,1.0,0.0,1.0,0.0,1.0,No,11,Clayton,NC,0.0,5.721428571428571,89.14285714285714,64.42857142857143,76.42857142857143,0.0,0.0
179,2017-06-21,0.0,1.0,0.0,1.0,0.0,1.0,No,11,Clayton,NC,0.4985714285714285,6.297142857142857,89.14285714285714,69.85714285714286,78.0,0.0,0.0
179,2017-06-21,1.0,1.0,1.0,1.0,1.0,1.0,Yes,11,Clayton,NC,0.4985714285714285,6.297142857142857,89.14285714285714,69.85714285714286,78.0,0.0,0.0
179,2017-06-30,0.0,1.0,0.0,1.0,0.0,1.0,No,11,Clayton,NC,0.07142857142857142,6.168571428571428,86.28571428571429,63.857142857142854,75.71428571428571,0.0,0.0
179,2017-07-07,0.0,1.0,0.0,1.0,0.0,1.0,No,11,Clayton,NC,0.21571428571428572,5.208571428571429,90.85714285714286,70.28571428571429,79.14285714285714,0.0,0.0
179,2017-07-14,0.0,1.0,0.0,1.0,1.0,1.0,No,11,Clayton,NC,0.0071428571428571435,6.774285714285715,92.85714285714286,72.42857142857143,81.71428571428571,0.0,0.0
179,2017-07-21,1.0,1.0,1.0,1.0,1.0,1.0,Yes,11,Clayton,NC,0.01,5.207142857142856,93.42857142857143,72.14285714285714,81.71428571428571,0.0,0.0
179,2017-07-28,1.0,1.0,1.0,1.0,1.0,1.0,Yes,11,Clayton,NC,0.08285714285714287,7.224285714285714,95.57142857142857,72.85714285714286,83.14285714285714,0.0,0.0
179,2017-08-03,1.0,1.0,1.0,1.0,1.0,1.0,Yes,11,Clayton,NC,0.03428571428571429,5.817142857142857,88.71428571428571,66.28571428571429,77.28571428571429,0.0,0.0
179,2017-08-25,1.0,1.0,1.0,1.0,1.0,1.0,Yes,11,Clayton,NC,0.038571428571428576,5.21,93.28571428571429,72.71428571428571,82.28571428571429,0.0,0.0
179,2017-10-13,1.0,1.0,1.0,1.0,1.0,1.0,Yes,11,Clayton,NC,0.19714285714285715,7.478571428571428,86.28571428571429,67.85714285714286,75.57142857142857,0.0,0.0
180,2016-07-22,1.0,1.0,1.0,1.0,1.0,0.0,No,11,Clayton,NC,0.5085714285714286,5.401428571428572,91.0,70.71428571428571,80.28571428571429,0.0,0.0
180,2016-07-29,1.0,1.0,1.0,1.0,1.0,1.0,Yes,11,Clayton,NC,0.018571428571428572,6.2299999999999995,95.28571428571429,74.42857142857143,83.85714285714286,0.0,0.0
181,2016-09-09,1.0,1.0,1.0,1.0,1.0,1.0,Yes,11,Clayton,NC,0.22428571428571425,5.880000000000001,86.28571428571429,63.285714285714285,74.14285714285714,0.0,0.0
181,2016-09-16,1.0,1.0,1.0,1.0,1.0,1.0,Yes,11,Clayton,NC,0.0,6.167142857142857,91.0,68.85714285714286,79.42857142857143,0.0,0.0
181,2016-09-22,1.0,1.0,1.0,1.0,1.0,1.0,Yes,11,Clayton,NC,0.2671428571428572,6.742857142857142,83.0,69.0,75.0,0.0,0.0
181,2016-09-28,1.0,1.0,1.0,1.0,1.0,0.0,No,11,Clayton,NC,0.10571428571428572,5.622857142857143,80.71428571428571,67.57142857142857,73.28571428571429,0.0,0.0
181,2016-10-14,1.0,1.0,1.0,1.0,1.0,1.0,Yes,11,Clayton,NC,0.9914285714285714,6.5528571428571425,72.14285714285714,52.0,61.714285714285715,0.0,0.0
181,2016-10-21,1.0,1.0,1.0,0.0,1.0,1.0,No,11,Clayton,NC,0.0,3.962857142857143,80.0,56.57142857142857,67.0,0.0,0.0
181,2017-04-26,1.0,1.0,1.0,1.0,1.0,1.0,Yes,11,Clayton,NC,1.1071428571428572,7.828571428571428,73.71428571428571,56.285714285714285,63.857142857142854,0.0,0.0
181,2017-05-10,1.0,0.0,1.0,0.0,1.0,0.0,No,11,Clayton,NC,0.2571428571428572,7.861428571428571,72.57142857142857,50.0,62.0,0.0,0.0
181,2017-05-17,1.0,1.0,1.0,1.0,1.0,1.0,Yes,11,Clayton,NC,0.1757142857142857,5.177142857142856,78.14285714285714,55.714285714285715,66.28571428571429,0.0,0.0
181,2017-05-26,1.0,0.0,0.0,0.0,1.0,1.0,No,11,Clayton,NC,0.3,7.541428571428573,79.42857142857143,65.0,71.57142857142857,0.0,0.0
181,2017-05-31,1.0,0.0,0.0,0.0,1.0,1.0,No,11,Clayton,NC,0.19,6.424285714285715,82.0,63.42857142857143,72.14285714285714,0.0,0.0
181,2017-06-07,1.0,1.0,1.0,1.0,1.0,1.0,Yes,11,Clayton,NC,0.2742857142857143,4.155714285714286,86.0,62.857142857142854,74.14285714285714,0.0,0.0
181,2017-06-16,1.0,1.0,1.0,1.0,1.0,1.0,Yes,11,Clayton,NC,0.0,5.721428571428571,89.14285714285714,64.42857142857143,76.42857142857143,0.0,0.0
181,2017-06-21,1.0,1.0,1.0,1.0,1.0,1.0,Yes,11,Clayton,NC,0.4985714285714285,6.297142857142857,89.14285714285714,69.85714285714286,78.0,0.0,0.0
181,2017-06-30,1.0,1.0,1.0,1.0,1.0,1.0,Yes,11,Clayton,NC,0.07142857142857142,6.168571428571428,86.28571428571429,63.857142857142854,75.71428571428571,0.0,0.0
181,2017-07-07,1.0,1.0,1.0,1.0,1.0,1.0,Yes,11,Clayton,NC,0.21571428571428572,5.208571428571429,90.85714285714286,70.28571428571429,79.14285714285714,0.0,0.0
181,2017-07-14,1.0,1.0,1.0,1.0,0.0,1.0,No,11,Clayton,NC,0.0071428571428571435,6.774285714285715,92.85714285714286,72.42857142857143,81.71428571428571,0.0,0.0
181,2017-07-21,1.0,1.0,1.0,1.0,1.0,1.0,Yes,11,Clayton,NC,0.01,5.207142857142856,93.42857142857143,72.14285714285714,81.71428571428571,0.0,0.0
181,2017-07-28,1.0,1.0,1.0,1.0,1.0,1.0,Yes,11,Clayton,NC,0.08285714285714287,7.224285714285714,95.57142857142857,72.85714285714286,83.14285714285714,0.0,0.0
181,2017-08-03,1.0,1.0,1.0,1.0,1.0,1.0,Yes,11,Clayton,NC,0.03428571428571429,5.817142857142857,88.71428571428571,66.28571428571429,77.28571428571429,0.0,0.0
181,2017-08-25,1.0,1.0,1.0,1.0,1.0,1.0,Yes,11,Clayton,NC,0.038571428571428576,5.21,93.28571428571429,72.71428571428571,82.28571428571429,0.0,0.0
181,2017-10-13,1.0,1.0,1.0,1.0,1.0,1.0,Yes,11,Clayton,NC,0.19714285714285715,7.478571428571428,86.28571428571429,67.85714285714286,75.57142857142857,0.0,0.0
182,2016-07-22,1.0,1.0,1.0,1.0,1.0,1.0,Yes,11,Clayton,NC,0.5085714285714286,5.401428571428572,91.0,70.71428571428571,80.28571428571429,0.0,0.0
182,2016-07-29,1.0,1.0,1.0,1.0,1.0,1.0,Yes,11,Clayton,NC,0.018571428571428572,6.2299999999999995,95.28571428571429,74.42857142857143,83.85714285714286,0.0,0.0
183,2016-09-09,1.0,1.0,1.0,0.0,1.0,1.0,No,11,Clayton,NC,0.22428571428571425,5.880000000000001,86.28571428571429,63.285714285714285,74.14285714285714,0.0,0.0
183,2016-09-16,1.0,1.0,1.0,0.0,1.0,1.0,No,11,Clayton,NC,0.0,6.167142857142857,91.0,68.85714285714286,79.42857142857143,0.0,0.0
183,2016-09-22,1.0,1.0,0.0,1.0,1.0,1.0,No,11,Clayton,NC,0.2671428571428572,6.742857142857142,83.0,69.0,75.0,0.0,0.0
183,2016-09-28,1.0,1.0,1.0,0.0,1.0,1.0,No,11,Clayton,NC,0.10571428571428572,5.622857142857143,80.71428571428571,67.57142857142857,73.28571428571429,0.0,0.0
183,2016-10-14,1.0,0.0,1.0,1.0,1.0,1.0,No,11,Clayton,NC,0.9914285714285714,6.5528571428571425,72.14285714285714,52.0,61.714285714285715,0.0,0.0
183,2016-10-21,1.0,0.0,1.0,0.0,1.0,1.0,No,11,Clayton,NC,0.0,3.962857142857143,80.0,56.57142857142857,67.0,0.0,0.0
183,2017-04-26,0.0,1.0,0.0,1.0,0.0,1.0,No,11,Clayton,NC,1.1071428571428572,7.828571428571428,73.71428571428571,56.285714285714285,63.857142857142854,0.0,0.0
183,2017-05-10,1.0,1.0,1.0,1.0,1.0,1.0,Yes,11,Clayton,NC,0.2571428571428572,7.861428571428571,72.57142857142857,50.0,62.0,0.0,0.0
183,2017-05-17,1.0,1.0,1.0,1.0,1.0,1.0,Yes,11,Clayton,NC,0.1757142857142857,5.177142857142856,78.14285714285714,55.714285714285715,66.28571428571429,0.0,0.0
183,2017-05-26,1.0,1.0,1.0,1.0,1.0,0.0,No,11,Clayton,NC,0.3,7.541428571428573,79.42857142857143,65.0,71.57142857142857,0.0,0.0
183,2017-05-31,1.0,1.0,1.0,1.0,1.0,1.0,Yes,11,Clayton,NC,0.19,6.424285714285715,82.0,63.42857142857143,72.14285714285714,0.0,0.0
183,2017-06-07,1.0,1.0,1.0,1.0,1.0,1.0,Yes,11,Clayton,NC,0.2742857142857143,4.155714285714286,86.0,62.857142857142854,74.14285714285714,0.0,0.0
183,2017-06-16,1.0,1.0,1.0,1.0,1.0,1.0,Yes,11,Clayton,NC,0.0,5.721428571428571,89.14285714285714,64.42857142857143,76.42857142857143,0.0,0.0
183,2017-06-30,1.0,1.0,1.0,1.0,1.0,1.0,Yes,11,Clayton,NC,0.07142857142857142,6.168571428571428,86.28571428571429,63.857142857142854,75.71428571428571,0.0,0.0
183,2017-07-07,1.0,1.0,1.0,1.0,0.0,1.0,No,11,Clayton,NC,0.21571428571428572,5.208571428571429,90.85714285714286,70.28571428571429,79.14285714285714,0.0,0.0
183,2017-07-14,1.0,1.0,1.0,1.0,1.0,1.0,Yes,11,Clayton,NC,0.0071428571428571435,6.774285714285715,92.85714285714286,72.42857142857143,81.71428571428571,0.0,0.0
183,2017-07-21,1.0,1.0,1.0,1.0,1.0,1.0,Yes,11,Clayton,NC,0.01,5.207142857142856,93.42857142857143,72.14285714285714,81.71428571428571,0.0,0.0
183,2017-07-28,1.0,1.0,1.0,1.0,1.0,1.0,Yes,11,Clayton,NC,0.08285714285714287,7.224285714285714,95.57142857142857,72.85714285714286,83.14285714285714,0.0,0.0
183,2017-08-03,1.0,1.0,1.0,1.0,1.0,1.0,Yes,11,Clayton,NC,0.03428571428571429,5.817142857142857,88.71428571428571,66.28571428571429,77.28571428571429,0.0,0.0
183,2017-08-25,1.0,1.0,1.0,1.0,1.0,1.0,Yes,11,Clayton,NC,0.038571428571428576,5.21,93.28571428571429,72.71428571428571,82.28571428571429,0.0,0.0
183,2017-10-13,1.0,1.0,1.0,1.0,1.0,1.0,Yes,11,Clayton,NC,0.19714285714285715,7.478571428571428,86.28571428571429,67.85714285714286,75.57142857142857,0.0,0.0
184,2016-07-22,0.0,0.0,0.0,1.0,0.0,1.0,No,11,Clayton,NC,0.5085714285714286,5.401428571428572,91.0,70.71428571428571,80.28571428571429,0.0,0.0
184,2016-07-29,0.0,0.0,0.0,1.0,0.0,1.0,No,11,Clayton,NC,0.018571428571428572,6.2299999999999995,95.28571428571429,74.42857142857143,83.85714285714286,0.0,0.0
185,2018-04-02,0.0,1.0,0.0,1.0,0.0,1.0,No,12,Salt Lake City,UT,0.004285714285714286,6.934285714285714,61.285714285714285,40.57142857142857,50.142857142857146,0.05714285714285715,1.0
185,2018-04-09,0.0,1.0,0.0,1.0,0.0,1.0,No,12,Salt Lake City,UT,0.05285714285714286,7.224285714285713,60.714285714285715,41.57142857142857,52.285714285714285,0.0,1.0
185,2018-04-16,0.0,1.0,0.0,1.0,0.0,1.0,No,12,Salt Lake City,UT,0.08,10.450000000000001,64.85714285714286,42.857142857142854,53.57142857142857,0.07142857142857142,0.0
185,2018-05-07,1.0,1.0,0.0,1.0,1.0,1.0,No,12,Salt Lake City,UT,0.12571428571428572,7.958571428571429,69.71428571428571,47.285714285714285,57.42857142857143,0.0,0.0
185,2018-05-15,1.0,1.0,0.0,1.0,1.0,1.0,No,12,Salt Lake City,UT,0.08857142857142859,7.734285714285714,71.0,50.285714285714285,61.42857142857143,0.0,0.0
185,2018-05-25,1.0,1.0,0.0,1.0,1.0,1.0,No,12,Salt Lake City,UT,0.027142857142857142,7.222857142857143,77.57142857142857,54.857142857142854,65.42857142857143,0.0,0.0
185,2018-06-04,1.0,1.0,0.0,1.0,1.0,1.0,No,12,Salt Lake City,UT,0.017142857142857144,8.532857142857143,79.85714285714286,54.857142857142854,66.42857142857143,0.0,0.0
185,2018-06-11,1.0,1.0,0.0,1.0,1.0,1.0,No,12,Salt Lake City,UT,0.0,11.121428571428572,91.42857142857143,64.14285714285714,79.0,0.0,0.0
185,2018-06-26,1.0,1.0,0.0,1.0,1.0,1.0,No,12,Salt Lake City,UT,0.0,8.118571428571428,86.14285714285714,61.714285714285715,74.14285714285714,0.0,0.0
185,2018-07-02,1.0,1.0,0.0,1.0,1.0,1.0,No,12,Salt Lake City,UT,0.0,9.331428571428571,89.14285714285714,63.714285714285715,77.57142857142857,0.0,0.0
185,2018-07-10,1.0,1.0,1.0,1.0,1.0,1.0,Yes,12,Salt Lake City,UT,0.0,10.450000000000001,97.0,71.42857142857143,84.14285714285714,0.0,0.0
185,2018-07-23,1.0,1.0,1.0,1.0,1.0,1.0,Yes,12,Salt Lake City,UT,0.02428571428571429,8.467142857142857,94.71428571428571,71.0,83.28571428571429,0.0,0.0
185,2018-07-30,1.0,1.0,1.0,1.0,1.0,1.0,Yes,12,Salt Lake City,UT,0.0,6.932857142857143,97.0,70.85714285714286,83.85714285714286,0.0,0.0
185,2018-08-27,1.0,1.0,0.0,1.0,1.0,1.0,No,12,Salt Lake City,UT,0.06142857142857143,9.905714285714284,87.85714285714286,63.142857142857146,75.0,0.0,0.0
185,2018-09-03,1.0,1.0,0.0,1.0,1.0,1.0,No,12,Salt Lake City,UT,0.0,8.052857142857144,83.85714285714286,58.142857142857146,71.42857142857143,0.0,0.0
185,2018-09-10,1.0,1.0,0.0,1.0,1.0,1.0,No,12,Salt Lake City,UT,0.0,6.902857142857143,88.85714285714286,61.0,74.57142857142857,0.0,0.0
185,2018-09-18,1.0,1.0,0.0,1.0,1.0,1.0,No,12,Salt Lake City,UT,0.0,8.692857142857143,87.14285714285714,57.285714285714285,72.57142857142857,0.0,0.0
185,2018-09-24,1.0,1.0,0.0,1.0,1.0,1.0,No,12,Salt Lake City,UT,0.0,8.62857142857143,83.57142857142857,57.0,70.71428571428571,0.0,0.0
185,2018-10-01,1.0,1.0,0.0,1.0,1.0,1.0,No,12,Salt Lake City,UT,0.0,9.587142857142856,78.28571428571429,52.57142857142857,66.28571428571429,0.0,0.0
185,2018-10-08,1.0,1.0,0.0,1.0,1.0,1.0,No,12,Salt Lake City,UT,0.17428571428571432,9.395714285714286,68.0,51.714285714285715,59.714285714285715,0.0,0.0
186,2019-05-20,1.0,1.0,1.0,1.0,1.0,1.0,Yes,12,Salt Lake City,UT,0.17714285714285713,10.611428571428572,72.0,52.142857142857146,63.142857142857146,0.0,0.0
186,2019-05-27,1.0,1.0,1.0,1.0,1.0,1.0,Yes,12,Salt Lake City,UT,0.16142857142857145,9.684285714285716,62.42857142857143,46.0,52.57142857142857,0.0,0.0
187,2018-04-23,1.0,1.0,0.0,1.0,1.0,1.0,No,13,Salt Lake City,UT,0.03571428571428571,9.618571428571428,66.0,40.285714285714285,54.285714285714285,0.1285714285714286,0.0
187,2018-05-01,1.0,1.0,0.0,1.0,1.0,1.0,No,13,Salt Lake City,UT,0.10428571428571429,8.818571428571428,72.85714285714286,47.142857142857146,60.714285714285715,0.0,0.0
187,2018-07-16,1.0,1.0,1.0,1.0,1.0,1.0,Yes,13,Salt Lake City,UT,0.002857142857142857,7.83,95.28571428571429,73.14285714285714,83.57142857142857,0.0,0.0
188,2018-04-02,1.0,1.0,0.0,1.0,1.0,1.0,No,13,Salt Lake City,UT,0.004285714285714286,6.934285714285714,61.285714285714285,40.57142857142857,50.142857142857146,0.05714285714285715,1.0
188,2018-04-09,1.0,1.0,0.0,1.0,1.0,1.0,No,13,Salt Lake City,UT,0.05285714285714286,7.224285714285713,60.714285714285715,41.57142857142857,52.285714285714285,0.0,1.0
188,2018-04-16,1.0,1.0,0.0,1.0,1.0,1.0,No,13,Salt Lake City,UT,0.08,10.450000000000001,64.85714285714286,42.857142857142854,53.57142857142857,0.07142857142857142,0.0
188,2018-04-23,1.0,1.0,0.0,1.0,1.0,1.0,No,13,Salt Lake City,UT,0.03571428571428571,9.618571428571428,66.0,40.285714285714285,54.285714285714285,0.1285714285714286,0.0
188,2018-05-01,1.0,1.0,0.0,1.0,1.0,1.0,No,13,Salt Lake City,UT,0.10428571428571429,8.818571428571428,72.85714285714286,47.142857142857146,60.714285714285715,0.0,0.0
188,2018-05-07,1.0,1.0,0.0,1.0,1.0,1.0,No,13,Salt Lake City,UT,0.12571428571428572,7.958571428571429,69.71428571428571,47.285714285714285,57.42857142857143,0.0,0.0
188,2018-05-15,1.0,1.0,0.0,1.0,1.0,1.0,No,13,Salt Lake City,UT,0.08857142857142859,7.734285714285714,71.0,50.285714285714285,61.42857142857143,0.0,0.0
188,2018-05-25,1.0,1.0,0.0,1.0,1.0,1.0,No,13,Salt Lake City,UT,0.027142857142857142,7.222857142857143,77.57142857142857,54.857142857142854,65.42857142857143,0.0,0.0
188,2018-06-04,1.0,1.0,0.0,1.0,1.0,1.0,No,13,Salt Lake City,UT,0.017142857142857144,8.532857142857143,79.85714285714286,54.857142857142854,66.42857142857143,0.0,0.0
188,2018-06-11,1.0,1.0,0.0,1.0,1.0,1.0,No,13,Salt Lake City,UT,0.0,11.121428571428572,91.42857142857143,64.14285714285714,79.0,0.0,0.0
188,2018-06-26,1.0,1.0,0.0,1.0,1.0,1.0,No,13,Salt Lake City,UT,0.0,8.118571428571428,86.14285714285714,61.714285714285715,74.14285714285714,0.0,0.0
188,2018-07-02,1.0,1.0,0.0,1.0,1.0,1.0,No,13,Salt Lake City,UT,0.0,9.331428571428571,89.14285714285714,63.714285714285715,77.57142857142857,0.0,0.0
188,2018-07-10,1.0,0.0,1.0,1.0,1.0,1.0,No,13,Salt Lake City,UT,0.0,10.450000000000001,97.0,71.42857142857143,84.14285714285714,0.0,0.0
188,2018-07-16,1.0,1.0,0.0,1.0,1.0,1.0,No,13,Salt Lake City,UT,0.002857142857142857,7.83,95.28571428571429,73.14285714285714,83.57142857142857,0.0,0.0
188,2018-07-23,1.0,1.0,0.0,1.0,1.0,1.0,No,13,Salt Lake City,UT,0.02428571428571429,8.467142857142857,94.71428571428571,71.0,83.28571428571429,0.0,0.0
188,2018-07-30,1.0,1.0,0.0,1.0,1.0,1.0,No,13,Salt Lake City,UT,0.0,6.932857142857143,97.0,70.85714285714286,83.85714285714286,0.0,0.0
188,2018-08-27,1.0,1.0,0.0,1.0,1.0,1.0,No,13,Salt Lake City,UT,0.06142857142857143,9.905714285714284,87.85714285714286,63.142857142857146,75.0,0.0,0.0
188,2018-09-03,1.0,1.0,0.0,1.0,1.0,1.0,No,13,Salt Lake City,UT,0.0,8.052857142857144,83.85714285714286,58.142857142857146,71.42857142857143,0.0,0.0
188,2018-09-10,1.0,1.0,0.0,1.0,1.0,1.0,No,13,Salt Lake City,UT,0.0,6.902857142857143,88.85714285714286,61.0,74.57142857142857,0.0,0.0
188,2018-09-18,1.0,1.0,0.0,1.0,1.0,1.0,No,13,Salt Lake City,UT,0.0,8.692857142857143,87.14285714285714,57.285714285714285,72.57142857142857,0.0,0.0
188,2018-09-24,1.0,1.0,0.0,1.0,1.0,1.0,No,13,Salt Lake City,UT,0.0,8.62857142857143,83.57142857142857,57.0,70.71428571428571,0.0,0.0
188,2018-10-01,1.0,1.0,0.0,1.0,1.0,1.0,No,13,Salt Lake City,UT,0.0,9.587142857142856,78.28571428571429,52.57142857142857,66.28571428571429,0.0,0.0
188,2018-10-08,1.0,1.0,0.0,1.0,1.0,1.0,No,13,Salt Lake City,UT,0.17428571428571432,9.395714285714286,68.0,51.714285714285715,59.714285714285715,0.0,0.0
