"STATION","NAME","DATE","AWND","PRCP","SNOW","TAVG","TMAX","TMIN","TSUN"
"USW00024127","SALT LAKE CITY INTERNATIONAL AIRPORT, UT US","2015-01-01","2.91","0.00","0.0","14","24","5",
"USW00024127","SALT LAKE CITY INTERNATIONAL AIRPORT, UT US","2015-01-02","4.70","0.00","0.0","18","26","11",
"USW00024127","SALT LAKE CITY INTERNATIONAL AIRPORT, UT US","2015-01-03","3.58","0.00","0.0","23","32","20",
"USW00024127","SALT LAKE CITY INTERNATIONAL AIRPORT, UT US","2015-01-04","4.92","0.00","0.0","26","35","20",
"USW00024127","SALT LAKE CITY INTERNATIONAL AIRPORT, UT US","2015-01-05","4.25","0.00","0.0","33","43","30",
"USW00024127","SALT LAKE CITY INTERNATIONAL AIRPORT, UT US","2015-01-06","2.91","0.00","0.0","37","47","29",
"USW00024127","SALT LAKE CITY INTERNATIONAL AIRPORT, UT US","2015-01-07","2.68","0.00","0.0","35","48","27",
"USW00024127","SALT LAKE CITY INTERNATIONAL AIRPORT, UT US","2015-01-08","2.91","0.00","0.0","34","46","26",
"USW00024127","SALT LAKE CITY INTERNATIONAL AIRPORT, UT US","2015-01-09","2.91","0.00","0.0","33","44","26",
"USW00024127","SALT LAKE CITY INTERNATIONAL AIRPORT, UT US","2015-01-10","2.46","0.07","0.0","31","36","25",
"USW00024127","SALT LAKE CITY INTERNATIONAL AIRPORT, UT US","2015-01-11","3.13","0.03","0.0","36","45","33",
"USW00024127","SALT LAKE CITY INTERNATIONAL AIRPORT, UT US","2015-01-12","5.14","0.69","0.1","38","40","32",
"USW00024127","SALT LAKE CITY INTERNATIONAL AIRPORT, UT US","2015-01-13","6.93","0.02","0.2","34","39","30",
"USW00024127","SALT LAKE CITY INTERNATIONAL AIRPORT, UT US","2015-01-14","3.80","0.00","0.0","32","33","27",
"USW00024127","SALT LAKE CITY INTERNATIONAL AIRPORT, UT US","2015-01-15","4.47","0.00","0.0","31","38","24",
"USW00024127","SALT LAKE CITY INTERNATIONAL AIRPORT, UT US","2015-01-16","4.47","0.00","0.0","30","36","25",
"USW00024127","SALT LAKE CITY INTERNATIONAL AIRPORT, UT US","2015-01-17","5.14","0.00","0.0","35","48","26",
"USW00024127","SALT LAKE CITY INTERNATIONAL AIRPORT, UT US","2015-01-18","6.71","0.00","0.0","40","51","36",
"USW00024127","SALT LAKE CITY INTERNATIONAL AIRPORT, UT US","2015-01-19","4.92","0.05","0.0","40","46","34",
"USW00024127","SALT LAKE CITY INTERNATIONAL AIRPORT, UT US","2015-01-20","3.58","0.00","0.0","36","41","28",
"USW00024127","SALT LAKE CITY INTERNATIONAL AIRPORT, UT US","2015-01-21","4.03","0.00","0.0","31","37","24",
"USW00024127","SALT LAKE CITY INTERNATIONAL AIRPORT, UT US","2015-01-22","5.59","0.00","0.0","29","40","21",
"USW00024127","SALT LAKE CITY INTERNATIONAL AIRPORT, UT US","2015-01-23","5.37","0.00","0.0","29","39","23",
"USW00024127","SALT LAKE CITY INTERNATIONAL AIRPORT, UT US","2015-01-24","4.47","0.00","0.0","31","42","23",
"USW00024127","SALT LAKE CITY INTERNATIONAL AIRPORT, UT US","2015-01-25","3.13","0.00","0.0","38","52","31",
"USW00024127","SALT LAKE CITY INTERNATIONAL AIRPORT, UT US","2015-01-26","4.92","0.00","0.0","38","51","30",
"USW00024127","SALT LAKE CITY INTERNATIONAL AIRPORT, UT US","2015-01-27","6.26","0.00","0.0","39","58","29",
"USW00024127","SALT LAKE CITY INTERNATIONAL AIRPORT, UT US","2015-01-28","5.14","0.00","0.0","44","50","33",
"USW00024127","SALT LAKE CITY INTERNATIONAL AIRPORT, UT US","2015-01-29","3.80","0.00","0.0","37","44","28",
"USW00024127","SALT LAKE CITY INTERNATIONAL AIRPORT, UT US","2015-01-30","3.80","0.00","0.0","39","44","36",
"USW00024127","SALT LAKE CITY INTERNATIONAL AIRPORT, UT US","2015-01-31","7.83","0.00","0.0","40","47","30",
"USW00024127","SALT LAKE CITY INTERNATIONAL AIRPORT, UT US","2015-02-01","4.92","0.00","0.0","36","50","27",
"USW00024127","SALT LAKE CITY INTERNATIONAL AIRPORT, UT US","2015-02-02","5.37","0.01","0.0","45","56","41",
"USW00024127","SALT LAKE CITY INTERNATIONAL AIRPORT, UT US","2015-02-03","6.26","0.00","0.0","49","59","41",
"USW00024127","SALT LAKE CITY INTERNATIONAL AIRPORT, UT US","2015-02-04","5.14","0.03","0.0","51","58","42",
"USW00024127","SALT LAKE CITY INTERNATIONAL AIRPORT, UT US","2015-02-05","10.51","0.00","0.0","50","65","40",
"USW00024127","SALT LAKE CITY INTERNATIONAL AIRPORT, UT US","2015-02-06","16.33","0.00","0.0","56","68","45",
"USW00024127","SALT LAKE CITY INTERNATIONAL AIRPORT, UT US","2015-02-07","13.87","0.01","0.0","62","68","51",
"USW00024127","SALT LAKE CITY INTERNATIONAL AIRPORT, UT US","2015-02-08","5.59","0.00","0.0","53","64","41",
"USW00024127","SALT LAKE CITY INTERNATIONAL AIRPORT, UT US","2015-02-09","9.62","0.11","0.0","53","58","43",
"USW00024127","SALT LAKE CITY INTERNATIONAL AIRPORT, UT US","2015-02-10","7.16","0.01","0.0","46","52","37",
"USW00024127","SALT LAKE CITY INTERNATIONAL AIRPORT, UT US","2015-02-11","5.14","0.00","0.0","42","53","32",
"USW00024127","SALT LAKE CITY INTERNATIONAL AIRPORT, UT US","2015-02-12","4.03","0.00","0.0","44","59","35",
"USW00024127","SALT LAKE CITY INTERNATIONAL AIRPORT, UT US","2015-02-13","3.80","0.00","0.0","45","59","32",
"USW00024127","SALT LAKE CITY INTERNATIONAL AIRPORT, UT US","2015-02-14","5.82","0.00","0.0","45","60","35",
"USW00024127","SALT LAKE CITY INTERNATIONAL AIRPORT, UT US","2015-02-15","5.82","0.00","0.0","44","53","33",
"USW00024127","SALT LAKE CITY INTERNATIONAL AIRPORT, UT US","2015-02-16","8.95","0.00","0.0","42","50","30",
"USW00024127","SALT LAKE CITY INTERNATIONAL AIRPORT, UT US","2015-02-17","4.47","0.00","0.0","37","49","26",
"USW00024127","SALT LAKE CITY INTERNATIONAL AIRPORT, UT US","2015-02-18","6.49","0.00","0.0","40","59","29",
"USW00024127","SALT LAKE CITY INTERNATIONAL AIRPORT, UT US","2015-02-19","4.47","0.00","0.0","44","61","32",
"USW00024127","SALT LAKE CITY INTERNATIONAL AIRPORT, UT US","2015-02-20","7.83","0.00","0.0","47","51","37",
"USW00024127","SALT LAKE CITY INTERNATIONAL AIRPORT, UT US","2015-02-21","7.61","0.03","0.0","40","46","31",
"USW00024127","SALT LAKE CITY INTERNATIONAL AIRPORT, UT US","2015-02-22","8.05","0.00","0.0","34","41","24",
"USW00024127","SALT LAKE CITY INTERNATIONAL AIRPORT, UT US","2015-02-23","8.95","0.00","0.0","30","41","21",
"USW00024127","SALT LAKE CITY INTERNATIONAL AIRPORT, UT US","2015-02-24","5.37","0.00","0.0","33","47","23",
"USW00024127","SALT LAKE CITY INTERNATIONAL AIRPORT, UT US","2015-02-25","8.05","0.00","0.0","42","53","34",
"USW00024127","SALT LAKE CITY INTERNATIONAL AIRPORT, UT US","2015-02-26","5.82","0.10","0.0","38","39","31",
"USW00024127","SALT LAKE CITY INTERNATIONAL AIRPORT, UT US","2015-02-27","7.38","0.00","0.0","35","45","29",
"USW00024127","SALT LAKE CITY INTERNATIONAL AIRPORT, UT US","2015-02-28","5.59","0.01","0.0","36","45","27",
"USW00024127","SALT LAKE CITY INTERNATIONAL AIRPORT, UT US","2015-03-01","3.36","0.00","0.0","37","48","32",
"USW00024127","SALT LAKE CITY INTERNATIONAL AIRPORT, UT US","2015-03-02","5.14","0.30","0.3","40","42","32",
"USW00024127","SALT LAKE CITY INTERNATIONAL AIRPORT, UT US","2015-03-03","7.61","0.18","2.5","34","38","29",
"USW00024127","SALT LAKE CITY INTERNATIONAL AIRPORT, UT US","2015-03-04","5.82","0.00","0.0","32","40","25",
"USW00024127","SALT LAKE CITY INTERNATIONAL AIRPORT, UT US","2015-03-05","7.16","0.00","0.0","35","50","27",
"USW00024127","SALT LAKE CITY INTERNATIONAL AIRPORT, UT US","2015-03-06","5.82","0.00","0.0","40","55","30",
"USW00024127","SALT LAKE CITY INTERNATIONAL AIRPORT, UT US","2015-03-07","4.92","0.00","0.0","43","59","31",
"USW00024127","SALT LAKE CITY INTERNATIONAL AIRPORT, UT US","2015-03-08","6.26","0.00","0.0","46","58","32",
"USW00024127","SALT LAKE CITY INTERNATIONAL AIRPORT, UT US","2015-03-09","5.82","0.00","0.0","45","59","32",
"USW00024127","SALT LAKE CITY INTERNATIONAL AIRPORT, UT US","2015-03-10","6.71","0.00","0.0","48","65","35",
"USW00024127","SALT LAKE CITY INTERNATIONAL AIRPORT, UT US","2015-03-11","11.18","0.00","0.0","52","65","42",
"USW00024127","SALT LAKE CITY INTERNATIONAL AIRPORT, UT US","2015-03-12","5.82","0.05","0.0","53","58","42",
"USW00024127","SALT LAKE CITY INTERNATIONAL AIRPORT, UT US","2015-03-13","5.59","0.00","0.0","50","64","37",
"USW00024127","SALT LAKE CITY INTERNATIONAL AIRPORT, UT US","2015-03-14","10.07","0.00","0.0","54","69","42",
"USW00024127","SALT LAKE CITY INTERNATIONAL AIRPORT, UT US","2015-03-15","12.30","0.00","0.0","60","73","50",
"USW00024127","SALT LAKE CITY INTERNATIONAL AIRPORT, UT US","2015-03-16","8.05","0.00","0.0","62","74","52",
"USW00024127","SALT LAKE CITY INTERNATIONAL AIRPORT, UT US","2015-03-17","10.51","0.00","0.0","61","74","47",
"USW00024127","SALT LAKE CITY INTERNATIONAL AIRPORT, UT US","2015-03-18","8.05","0.00","0.0","56","62","44",
"USW00024127","SALT LAKE CITY INTERNATIONAL AIRPORT, UT US","2015-03-19","7.16","0.00","0.0","49","60","34",
"USW00024127","SALT LAKE CITY INTERNATIONAL AIRPORT, UT US","2015-03-20","6.71","0.00","0.0","51","68","38",
"USW00024127","SALT LAKE CITY INTERNATIONAL AIRPORT, UT US","2015-03-21","8.28","0.00","0.0","56","71","42",
"USW00024127","SALT LAKE CITY INTERNATIONAL AIRPORT, UT US","2015-03-22","5.37","0.00","0.0","54","66","41",
"USW00024127","SALT LAKE CITY INTERNATIONAL AIRPORT, UT US","2015-03-23","9.40","0.13","0.0","54","58","40",
"USW00024127","SALT LAKE CITY INTERNATIONAL AIRPORT, UT US","2015-03-24","8.05","0.05","0.0","44","57","36","    0"
"USW00024127","SALT LAKE CITY INTERNATIONAL AIRPORT, UT US","2015-03-25","7.16","0.00","0.0","44","51","33",
"USW00024127","SALT LAKE CITY INTERNATIONAL AIRPORT, UT US","2015-03-26","5.37","0.00","0.0","46","61","35",
"USW00024127","SALT LAKE CITY INTERNATIONAL AIRPORT, UT US","2015-03-27","5.59","0.00","0.0","53","72","39",
"USW00024127","SALT LAKE CITY INTERNATIONAL AIRPORT, UT US","2015-03-28","10.07","0.00","0.0","61","74","47",
"USW00024127","SALT LAKE CITY INTERNATIONAL AIRPORT, UT US","2015-03-29","6.04","0.00","0.0","54","66","39",
"USW00024127","SALT LAKE CITY INTERNATIONAL AIRPORT, UT US","2015-03-30","5.37","0.00","0.0","55","74","40",
"USW00024127","SALT LAKE CITY INTERNATIONAL AIRPORT, UT US","2015-03-31","15.43","0.00","0.0","62","78","48",
"USW00024127","SALT LAKE CITY INTERNATIONAL AIRPORT, UT US","2015-04-01","10.07","0.00","0.0","53","54","37",
"USW00024127","SALT LAKE CITY INTERNATIONAL AIRPORT, UT US","2015-04-02","9.84","0.00","0.0","44","50","35",
"USW00024127","SALT LAKE CITY INTERNATIONAL AIRPORT, UT US","2015-04-03","6.49","0.00","0.0","42","56","31",
"USW00024127","SALT LAKE CITY INTERNATIONAL AIRPORT, UT US","2015-04-04","11.63","0.00","0.0","50","68","39",
"USW00024127","SALT LAKE CITY INTERNATIONAL AIRPORT, UT US","2015-04-05","13.20","0.00","0.0","59","70","48",
"USW00024127","SALT LAKE CITY INTERNATIONAL AIRPORT, UT US","2015-04-06","10.96","0.00","0.0","53","57","42",
"USW00024127","SALT LAKE CITY INTERNATIONAL AIRPORT, UT US","2015-04-07","13.20","0.00","0.0","50","64","39",
"USW00024127","SALT LAKE CITY INTERNATIONAL AIRPORT, UT US","2015-04-08","13.65","0.25","0.0","49","55","37",
"USW00024127","SALT LAKE CITY INTERNATIONAL AIRPORT, UT US","2015-04-09","6.49","0.00","0.0","44","58","39",
"USW00024127","SALT LAKE CITY INTERNATIONAL AIRPORT, UT US","2015-04-10","4.92","0.00","0.0","51","66","39",
"USW00024127","SALT LAKE CITY INTERNATIONAL AIRPORT, UT US","2015-04-11","10.51","0.00","0.0","57","70","45",
"USW00024127","SALT LAKE CITY INTERNATIONAL AIRPORT, UT US","2015-04-12","9.17","0.00","0.0","54","57","42",
"USW00024127","SALT LAKE CITY INTERNATIONAL AIRPORT, UT US","2015-04-13","8.50","0.00","0.0","53","74","39",
"USW00024127","SALT LAKE CITY INTERNATIONAL AIRPORT, UT US","2015-04-14","20.36","0.29","0.3","65","76","33",
"USW00024127","SALT LAKE CITY INTERNATIONAL AIRPORT, UT US","2015-04-15","6.49","0.51","5.5","33","37","29",
"USW00024127","SALT LAKE CITY INTERNATIONAL AIRPORT, UT US","2015-04-16","10.29","0.00","0.0","39","55","32",
"USW00024127","SALT LAKE CITY INTERNATIONAL AIRPORT, UT US","2015-04-17","6.93","0.00","0.0","49","62","38",
"USW00024127","SALT LAKE CITY INTERNATIONAL AIRPORT, UT US","2015-04-18","5.59","0.00","0.0","54","67","41",
"USW00024127","SALT LAKE CITY INTERNATIONAL AIRPORT, UT US","2015-04-19","6.71","0.00","0.0","56","68","43",
"USW00024127","SALT LAKE CITY INTERNATIONAL AIRPORT, UT US","2015-04-20","5.59","0.00","0.0","57","69","43",
"USW00024127","SALT LAKE CITY INTERNATIONAL AIRPORT, UT US","2015-04-21","7.61","0.00","0.0","59","75","45",
"USW00024127","SALT LAKE CITY INTERNATIONAL AIRPORT, UT US","2015-04-22","10.51","0.00","0.0","61","74","48",
"USW00024127","SALT LAKE CITY INTERNATIONAL AIRPORT, UT US","2015-04-23","6.49","0.00","0.0","60","69","51",
"USW00024127","SALT LAKE CITY INTERNATIONAL AIRPORT, UT US","2015-04-24","10.07","0.48","0.0","58","68","46",
"USW00024127","SALT LAKE CITY INTERNATIONAL AIRPORT, UT US","2015-04-25","7.16","0.37","0.0","50","59","42",
"USW00024127","SALT LAKE CITY INTERNATIONAL AIRPORT, UT US","2015-04-26","10.96","0.42","0.0","44","52","39",
"USW00024127","SALT LAKE CITY INTERNATIONAL AIRPORT, UT US","2015-04-27","9.17","0.00","0.0","49","60","39",
"USW00024127","SALT LAKE CITY INTERNATIONAL AIRPORT, UT US","2015-04-28","5.82","0.00","0.0","56","71","43",
"USW00024127","SALT LAKE CITY INTERNATIONAL AIRPORT, UT US","2015-04-29","7.38","0.00","0.0","64","80","49",
"USW00024127","SALT LAKE CITY INTERNATIONAL AIRPORT, UT US","2015-04-30","8.50","0.00","0.0","65","71","55",
"USW00024127","SALT LAKE CITY INTERNATIONAL AIRPORT, UT US","2015-05-01","5.14","0.00","0.0","62","75","50",
"USW00024127","SALT LAKE CITY INTERNATIONAL AIRPORT, UT US","2015-05-02","8.72","0.00","0.0","69","82","59",
"USW00024127","SALT LAKE CITY INTERNATIONAL AIRPORT, UT US","2015-05-03","9.17","0.00","0.0","68","79","57",
"USW00024127","SALT LAKE CITY INTERNATIONAL AIRPORT, UT US","2015-05-04","7.61","0.00","0.0","67","76","57",
"USW00024127","SALT LAKE CITY INTERNATIONAL AIRPORT, UT US","2015-05-05","7.16","0.02","0.0","62","69","55",
"USW00024127","SALT LAKE CITY INTERNATIONAL AIRPORT, UT US","2015-05-06","9.17","0.93","0.0","58","65","48",
"USW00024127","SALT LAKE CITY INTERNATIONAL AIRPORT, UT US","2015-05-07","8.28","0.04","0.0","54","67","48",
"USW00024127","SALT LAKE CITY INTERNATIONAL AIRPORT, UT US","2015-05-08","8.05","0.02","0.0","56","65","48",
"USW00024127","SALT LAKE CITY INTERNATIONAL AIRPORT, UT US","2015-05-09","5.82","0.92","0.0","49","51","44",
"USW00024127","SALT LAKE CITY INTERNATIONAL AIRPORT, UT US","2015-05-10","4.70","0.00","0.0","48","61","44",
"USW00024127","SALT LAKE CITY INTERNATIONAL AIRPORT, UT US","2015-05-11","12.08","0.00","0.0","56","73","44",
"USW00024127","SALT LAKE CITY INTERNATIONAL AIRPORT, UT US","2015-05-12","16.11","0.00","0.0","67","78","58",
"USW00024127","SALT LAKE CITY INTERNATIONAL AIRPORT, UT US","2015-05-13","10.74","0.00","0.0","66","76","54",
"USW00024127","SALT LAKE CITY INTERNATIONAL AIRPORT, UT US","2015-05-14","11.86","0.08","0.0","66","72","49",
"USW00024127","SALT LAKE CITY INTERNATIONAL AIRPORT, UT US","2015-05-15","13.42","0.01","0.0","52","58","46",
"USW00024127","SALT LAKE CITY INTERNATIONAL AIRPORT, UT US","2015-05-16","7.61","0.49","0.0","49","52","44",
"USW00024127","SALT LAKE CITY INTERNATIONAL AIRPORT, UT US","2015-05-17","3.58","0.53","0.0","51","63","48",
"USW00024127","SALT LAKE CITY INTERNATIONAL AIRPORT, UT US","2015-05-18","8.05","0.34","0.0","57","67","49",
"USW00024127","SALT LAKE CITY INTERNATIONAL AIRPORT, UT US","2015-05-19","6.71","0.14","0.0","52","61","49",
"USW00024127","SALT LAKE CITY INTERNATIONAL AIRPORT, UT US","2015-05-20","8.95","0.01","0.0","56","68","50",
"USW00024127","SALT LAKE CITY INTERNATIONAL AIRPORT, UT US","2015-05-21","5.82","0.00","0.0","57","68","48",
"USW00024127","SALT LAKE CITY INTERNATIONAL AIRPORT, UT US","2015-05-22","7.16","0.00","0.0","58","64","51",
"USW00024127","SALT LAKE CITY INTERNATIONAL AIRPORT, UT US","2015-05-23","6.49","0.19","0.0","55","60","49",
"USW00024127","SALT LAKE CITY INTERNATIONAL AIRPORT, UT US","2015-05-24","5.59","0.15","0.0","55","66","47",
"USW00024127","SALT LAKE CITY INTERNATIONAL AIRPORT, UT US","2015-05-25","6.04","0.01","0.0","59","71","52",
"USW00024127","SALT LAKE CITY INTERNATIONAL AIRPORT, UT US","2015-05-26","6.71","0.11","0.0","61","62","55",
"USW00024127","SALT LAKE CITY INTERNATIONAL AIRPORT, UT US","2015-05-27","8.05","0.10","0.0","59","71","51",
"USW00024127","SALT LAKE CITY INTERNATIONAL AIRPORT, UT US","2015-05-28","8.72","0.10","0.0","60","71","51",
"USW00024127","SALT LAKE CITY INTERNATIONAL AIRPORT, UT US","2015-05-29","6.04","0.00","0.0","63","76","51",
"USW00024127","SALT LAKE CITY INTERNATIONAL AIRPORT, UT US","2015-05-30","9.17","0.00","0.0","69","85","56",
"USW00024127","SALT LAKE CITY INTERNATIONAL AIRPORT, UT US","2015-05-31","8.50","0.00","0.0","76","91","61",
"USW00024127","SALT LAKE CITY INTERNATIONAL AIRPORT, UT US","2015-06-01","15.21","0.00","0.0","80","92","62",
"USW00024127","SALT LAKE CITY INTERNATIONAL AIRPORT, UT US","2015-06-02","6.71","0.00","0.0","70","80","56",
"USW00024127","SALT LAKE CITY INTERNATIONAL AIRPORT, UT US","2015-06-03","7.38","0.00","0.0","70","80","58",
"USW00024127","SALT LAKE CITY INTERNATIONAL AIRPORT, UT US","2015-06-04","6.71","0.00","0.0","68","81","55",
"USW00024127","SALT LAKE CITY INTERNATIONAL AIRPORT, UT US","2015-06-05","7.16","0.00","0.0","69","80","59",
"USW00024127","SALT LAKE CITY INTERNATIONAL AIRPORT, UT US","2015-06-06","12.08","0.37","0.0","69","79","56",
"USW00024127","SALT LAKE CITY INTERNATIONAL AIRPORT, UT US","2015-06-07","5.14","0.00","0.0","64","78","54",
"USW00024127","SALT LAKE CITY INTERNATIONAL AIRPORT, UT US","2015-06-08","6.49","0.00","0.0","71","86","59",
"USW00024127","SALT LAKE CITY INTERNATIONAL AIRPORT, UT US","2015-06-09","6.71","0.00","0.0","76","89","64",
"USW00024127","SALT LAKE CITY INTERNATIONAL AIRPORT, UT US","2015-06-10","10.96","0.00","0.0","78","84","69",
"USW00024127","SALT LAKE CITY INTERNATIONAL AIRPORT, UT US","2015-06-11","6.71","0.15","0.0","72","78","65",
"USW00024127","SALT LAKE CITY INTERNATIONAL AIRPORT, UT US","2015-06-12","7.38","0.00","0.0","72","87","61",
"USW00024127","SALT LAKE CITY INTERNATIONAL AIRPORT, UT US","2015-06-13","5.82","0.00","0.0","75","88","61",
"USW00024127","SALT LAKE CITY INTERNATIONAL AIRPORT, UT US","2015-06-14","6.26","0.00","0.0","77","89","62",
"USW00024127","SALT LAKE CITY INTERNATIONAL AIRPORT, UT US","2015-06-15","13.65","0.13","0.0","81","91","69",
"USW00024127","SALT LAKE CITY INTERNATIONAL AIRPORT, UT US","2015-06-16","6.04","0.00","0.0","77","91","63",
"USW00024127","SALT LAKE CITY INTERNATIONAL AIRPORT, UT US","2015-06-17","6.71","0.00","0.0","79","94","62",
"USW00024127","SALT LAKE CITY INTERNATIONAL AIRPORT, UT US","2015-06-18","9.62","0.00","0.0","82","98","68",
"USW00024127","SALT LAKE CITY INTERNATIONAL AIRPORT, UT US","2015-06-19","8.05","0.00","0.0","84","94","71",
"USW00024127","SALT LAKE CITY INTERNATIONAL AIRPORT, UT US","2015-06-20","6.93","0.00","0.0","79","93","63",
"USW00024127","SALT LAKE CITY INTERNATIONAL AIRPORT, UT US","2015-06-21","10.07","0.00","0.0","82","96","65",
"USW00024127","SALT LAKE CITY INTERNATIONAL AIRPORT, UT US","2015-06-22","6.49","0.00","0.0","80","91","65",
"USW00024127","SALT LAKE CITY INTERNATIONAL AIRPORT, UT US","2015-06-23","6.49","0.00","0.0","80","94","62",
"USW00024127","SALT LAKE CITY INTERNATIONAL AIRPORT, UT US","2015-06-24","7.38","0.00","0.0","84","97","69",
"USW00024127","SALT LAKE CITY INTERNATIONAL AIRPORT, UT US","2015-06-25","6.04","0.00","0.0","83","96","68",
"USW00024127","SALT LAKE CITY INTERNATIONAL AIRPORT, UT US","2015-06-26","4.47","0.00","0.0","84","99","68",
"USW00024127","SALT LAKE CITY INTERNATIONAL AIRPORT, UT US","2015-06-27","6.04","0.00","0.0","86","101","72",
"USW00024127","SALT LAKE CITY INTERNATIONAL AIRPORT, UT US","2015-06-28","6.71","0.00","0.0","88","102","74",
"USW00024127","SALT LAKE CITY INTERNATIONAL AIRPORT, UT US","2015-06-29","7.61","0.00","0.0","91","104","78",
"USW00024127","SALT LAKE CITY INTERNATIONAL AIRPORT, UT US","2015-06-30","8.28","0.00","0.0","90","101","77",
"USW00024127","SALT LAKE CITY INTERNATIONAL AIRPORT, UT US","2015-07-01","6.26","0.00","0.0","87","98","75",
"USW00024127","SALT LAKE CITY INTERNATIONAL AIRPORT, UT US","2015-07-02","6.93","0.00","0.0","87","98","76",
"USW00024127","SALT LAKE CITY INTERNATIONAL AIRPORT, UT US","2015-07-03","6.93","0.00","0.0","87","99","74",
"USW00024127","SALT LAKE CITY INTERNATIONAL AIRPORT, UT US","2015-07-04","7.38","0.00","0.0","89","99","79",
"USW00024127","SALT LAKE CITY INTERNATIONAL AIRPORT, UT US","2015-07-05","6.49","0.03","0.0","81","89","69",
"USW00024127","SALT LAKE CITY INTERNATIONAL AIRPORT, UT US","2015-07-06","8.28","0.00","0.0","79","89","68",
"USW00024127","SALT LAKE CITY INTERNATIONAL AIRPORT, UT US","2015-07-07","8.50","0.03","0.0","76","86","66",
"USW00024127","SALT LAKE CITY INTERNATIONAL AIRPORT, UT US","2015-07-08","9.84","0.93","0.0","73","83","60",
"USW00024127","SALT LAKE CITY INTERNATIONAL AIRPORT, UT US","2015-07-09","8.28","0.00","0.0","71","85","60",
"USW00024127","SALT LAKE CITY INTERNATIONAL AIRPORT, UT US","2015-07-10","7.83","0.02","0.0","72","79","64",
"USW00024127","SALT LAKE CITY INTERNATIONAL AIRPORT, UT US","2015-07-11","14.99","0.00","0.0","75","88","66",
"USW00024127","SALT LAKE CITY INTERNATIONAL AIRPORT, UT US","2015-07-12","13.20","0.00","0.0","79","91","67",
"USW00024127","SALT LAKE CITY INTERNATIONAL AIRPORT, UT US","2015-07-13","9.40","0.00","0.0","81","91","70",
"USW00024127","SALT LAKE CITY INTERNATIONAL AIRPORT, UT US","2015-07-14","7.16","0.00","0.0","78","90","63",
"USW00024127","SALT LAKE CITY INTERNATIONAL AIRPORT, UT US","2015-07-15","8.28","0.00","0.0","80","90","70",
"USW00024127","SALT LAKE CITY INTERNATIONAL AIRPORT, UT US","2015-07-16","6.04","0.00","0.0","79","94","65",
"USW00024127","SALT LAKE CITY INTERNATIONAL AIRPORT, UT US","2015-07-17","10.29","0.00","0.0","80","88","70",
"USW00024127","SALT LAKE CITY INTERNATIONAL AIRPORT, UT US","2015-07-18","9.62","0.00","0.0","74","83","64",
"USW00024127","SALT LAKE CITY INTERNATIONAL AIRPORT, UT US","2015-07-19","5.82","0.00","0.0","74","86","61",
"USW00024127","SALT LAKE CITY INTERNATIONAL AIRPORT, UT US","2015-07-20","6.26","0.06","0.0","73","83","62",
"USW00024127","SALT LAKE CITY INTERNATIONAL AIRPORT, UT US","2015-07-21","7.16","0.00","0.0","74","88","64",
"USW00024127","SALT LAKE CITY INTERNATIONAL AIRPORT, UT US","2015-07-22","8.28","0.15","0.0","77","86","68",
"USW00024127","SALT LAKE CITY INTERNATIONAL AIRPORT, UT US","2015-07-23","7.61","0.00","0.0","74","89","62",
"USW00024127","SALT LAKE CITY INTERNATIONAL AIRPORT, UT US","2015-07-24","7.61","0.00","0.0","78","92","63",
"USW00024127","SALT LAKE CITY INTERNATIONAL AIRPORT, UT US","2015-07-25","7.38","0.00","0.0","78","90","66",
"USW00024127","SALT LAKE CITY INTERNATIONAL AIRPORT, UT US","2015-07-26","12.75","0.00","0.0","83","98","70",
"USW00024127","SALT LAKE CITY INTERNATIONAL AIRPORT, UT US","2015-07-27","15.66","0.00","0.0","80","84","61",
"USW00024127","SALT LAKE CITY INTERNATIONAL AIRPORT, UT US","2015-07-28","7.16","0.00","0.0","67","78","54",
"USW00024127","SALT LAKE CITY INTERNATIONAL AIRPORT, UT US","2015-07-29","4.92","0.00","0.0","69","86","53",
"USW00024127","SALT LAKE CITY INTERNATIONAL AIRPORT, UT US","2015-07-30","7.16","0.00","0.0","76","93","58",
"USW00024127","SALT LAKE CITY INTERNATIONAL AIRPORT, UT US","2015-07-31","5.59","0.00","0.0","78","95","62",
"USW00024127","SALT LAKE CITY INTERNATIONAL AIRPORT, UT US","2015-08-01","6.71","0.00","0.0","80","95","65",
"USW00024127","SALT LAKE CITY INTERNATIONAL AIRPORT, UT US","2015-08-02","9.62","0.00","0.0","81","92","66",
"USW00024127","SALT LAKE CITY INTERNATIONAL AIRPORT, UT US","2015-08-03","8.05","0.44","0.0","70","75","62",
"USW00024127","SALT LAKE CITY INTERNATIONAL AIRPORT, UT US","2015-08-04","4.92","0.00","0.0","70","92","59",
"USW00024127","SALT LAKE CITY INTERNATIONAL AIRPORT, UT US","2015-08-05","13.87","0.00","0.0","82","90","63",
"USW00024127","SALT LAKE CITY INTERNATIONAL AIRPORT, UT US","2015-08-06","6.71","0.00","0.0","72","88","59",
"USW00024127","SALT LAKE CITY INTERNATIONAL AIRPORT, UT US","2015-08-07","13.65","0.40","0.0","76","84","61",
"USW00024127","SALT LAKE CITY INTERNATIONAL AIRPORT, UT US","2015-08-08","6.93","0.00","0.0","67","79","59",
"USW00024127","SALT LAKE CITY INTERNATIONAL AIRPORT, UT US","2015-08-09","5.82","0.00","0.0","70","87","58",
"USW00024127","SALT LAKE CITY INTERNATIONAL AIRPORT, UT US","2015-08-10","8.72","0.00","0.0","78","94","64",
"USW00024127","SALT LAKE CITY INTERNATIONAL AIRPORT, UT US","2015-08-11","8.28","0.04","0.0","82","94","70",
"USW00024127","SALT LAKE CITY INTERNATIONAL AIRPORT, UT US","2015-08-12","9.62","0.00","0.0","77","90","71",
"USW00024127","SALT LAKE CITY INTERNATIONAL AIRPORT, UT US","2015-08-13","8.28","0.00","0.0","81","95","70",
"USW00024127","SALT LAKE CITY INTERNATIONAL AIRPORT, UT US","2015-08-14","12.30","0.00","0.0","86","98","77",
"USW00024127","SALT LAKE CITY INTERNATIONAL AIRPORT, UT US","2015-08-15","7.38","0.00","0.0","84","93","72",
"USW00024127","SALT LAKE CITY INTERNATIONAL AIRPORT, UT US","2015-08-16","6.04","0.00","0.0","80","90","68",
"USW00024127","SALT LAKE CITY INTERNATIONAL AIRPORT, UT US","2015-08-17","6.26","0.00","0.0","77","91","62",
"USW00024127","SALT LAKE CITY INTERNATIONAL AIRPORT, UT US","2015-08-18","6.71","0.00","0.0","74","83","60",
"USW00024127","SALT LAKE CITY INTERNATIONAL AIRPORT, UT US","2015-08-19","6.93","0.00","0.0","73","86","61",
"USW00024127","SALT LAKE CITY INTERNATIONAL AIRPORT, UT US","2015-08-20","7.61","0.00","0.0","76","90","62",
"USW00024127","SALT LAKE CITY INTERNATIONAL AIRPORT, UT US","2015-08-21","9.17","0.00","0.0","80","95","67",
"USW00024127","SALT LAKE CITY INTERNATIONAL AIRPORT, UT US","2015-08-22","6.93","0.00","0.0","76","85","62",
"USW00024127","SALT LAKE CITY INTERNATIONAL AIRPORT, UT US","2015-08-23","6.04","0.00","0.0","74","92","59",
"USW00024127","SALT LAKE CITY INTERNATIONAL AIRPORT, UT US","2015-08-24","9.84","0.00","0.0","83","98","70",
"USW00024127","SALT LAKE CITY INTERNATIONAL AIRPORT, UT US","2015-08-25","8.50","0.00","0.0","84","98","71",
"USW00024127","SALT LAKE CITY INTERNATIONAL AIRPORT, UT US","2015-08-26","7.61","0.01","0.0","80","84","68",
"USW00024127","SALT LAKE CITY INTERNATIONAL AIRPORT, UT US","2015-08-27","7.16","0.00","0.0","74","88","65",
"USW00024127","SALT LAKE CITY INTERNATIONAL AIRPORT, UT US","2015-08-28","8.28","0.00","0.0","79","94","66",
"USW00024127","SALT LAKE CITY INTERNATIONAL AIRPORT, UT US","2015-08-29","15.21","0.00","0.0","83","96","73",
"USW00024127","SALT LAKE CITY INTERNATIONAL AIRPORT, UT US","2015-08-30","9.84","0.00","0.0","84","88","70",
"USW00024127","SALT LAKE CITY INTERNATIONAL AIRPORT, UT US","2015-08-31","6.93","0.00","0.0","75","87","62",
"USW00024127","SALT LAKE CITY INTERNATIONAL AIRPORT, UT US","2015-09-01","14.76","0.00","0.0","80","92","71",
"USW00024127","SALT LAKE CITY INTERNATIONAL AIRPORT, UT US","2015-09-02","18.57","0.00","0.0","83","92","74",
"USW00024127","SALT LAKE CITY INTERNATIONAL AIRPORT, UT US","2015-09-03","19.24","0.00","0.0","82","89","74",
"USW00024127","SALT LAKE CITY INTERNATIONAL AIRPORT, UT US","2015-09-04","19.69","0.00","0.0","80","88","72",
"USW00024127","SALT LAKE CITY INTERNATIONAL AIRPORT, UT US","2015-09-05","16.78","0.00","0.0","76","79","53",
"USW00024127","SALT LAKE CITY INTERNATIONAL AIRPORT, UT US","2015-09-06","4.92","0.00","0.0","60","72","47",
"USW00024127","SALT LAKE CITY INTERNATIONAL AIRPORT, UT US","2015-09-07","6.04","0.00","0.0","63","79","51",
"USW00024127","SALT LAKE CITY INTERNATIONAL AIRPORT, UT US","2015-09-08","5.59","0.00","0.0","66","82","49",
"USW00024127","SALT LAKE CITY INTERNATIONAL AIRPORT, UT US","2015-09-09","6.71","0.00","0.0","69","87","55",
"USW00024127","SALT LAKE CITY INTERNATIONAL AIRPORT, UT US","2015-09-10","6.93","0.00","0.0","73","89","57",
"USW00024127","SALT LAKE CITY INTERNATIONAL AIRPORT, UT US","2015-09-11","6.26","0.00","0.0","74","90","57",
"USW00024127","SALT LAKE CITY INTERNATIONAL AIRPORT, UT US","2015-09-12","6.26","0.00","0.0","74","92","59",
"USW00024127","SALT LAKE CITY INTERNATIONAL AIRPORT, UT US","2015-09-13","8.50","0.00","0.0","75","91","61",
"USW00024127","SALT LAKE CITY INTERNATIONAL AIRPORT, UT US","2015-09-14","11.41","0.18","0.0","75","80","64",
"USW00024127","SALT LAKE CITY INTERNATIONAL AIRPORT, UT US","2015-09-15","15.43","0.63","0.0","66","72","57",
"USW00024127","SALT LAKE CITY INTERNATIONAL AIRPORT, UT US","2015-09-16","14.32","0.93","0.0","59","66","48",
"USW00024127","SALT LAKE CITY INTERNATIONAL AIRPORT, UT US","2015-09-17","7.38","0.00","0.0","54","66","51",
"USW00024127","SALT LAKE CITY INTERNATIONAL AIRPORT, UT US","2015-09-18","5.37","0.00","0.0","56","66","45",
"USW00024127","SALT LAKE CITY INTERNATIONAL AIRPORT, UT US","2015-09-19","5.82","0.00","0.0","57","73","46",
"USW00024127","SALT LAKE CITY INTERNATIONAL AIRPORT, UT US","2015-09-20","6.04","0.00","0.0","62","81","49",
"USW00024127","SALT LAKE CITY INTERNATIONAL AIRPORT, UT US","2015-09-21","6.71","0.00","0.0","67","84","54",
"USW00024127","SALT LAKE CITY INTERNATIONAL AIRPORT, UT US","2015-09-22","5.59","0.00","0.0","70","86","56",
"USW00024127","SALT LAKE CITY INTERNATIONAL AIRPORT, UT US","2015-09-23","6.93","0.00","0.0","72","87","58",
"USW00024127","SALT LAKE CITY INTERNATIONAL AIRPORT, UT US","2015-09-24","7.16","0.00","0.0","71","87","57",
"USW00024127","SALT LAKE CITY INTERNATIONAL AIRPORT, UT US","2015-09-25","8.50","0.00","0.0","75","93","60",
"USW00024127","SALT LAKE CITY INTERNATIONAL AIRPORT, UT US","2015-09-26","11.86","0.00","0.0","78","90","68",
"USW00024127","SALT LAKE CITY INTERNATIONAL AIRPORT, UT US","2015-09-27","9.84","0.00","0.0","78","88","70",
"USW00024127","SALT LAKE CITY INTERNATIONAL AIRPORT, UT US","2015-09-28","5.59","0.00","0.0","74","84","63",
"USW00024127","SALT LAKE CITY INTERNATIONAL AIRPORT, UT US","2015-09-29","3.80","0.00","0.0","72","84","62",
"USW00024127","SALT LAKE CITY INTERNATIONAL AIRPORT, UT US","2015-09-30","5.59","0.00","0.0","76","86","67",
"USW00024127","SALT LAKE CITY INTERNATIONAL AIRPORT, UT US","2015-10-01","9.84","0.00","0.0","76","88","68",
"USW00024127","SALT LAKE CITY INTERNATIONAL AIRPORT, UT US","2015-10-02","6.93","0.09","0.0","67","69","57",
"USW00024127","SALT LAKE CITY INTERNATIONAL AIRPORT, UT US","2015-10-03","5.14","0.17","0.0","59","66","55",
"USW00024127","SALT LAKE CITY INTERNATIONAL AIRPORT, UT US","2015-10-04","7.38","0.00","0.0","60","73","51",
"USW00024127","SALT LAKE CITY INTERNATIONAL AIRPORT, UT US","2015-10-05","6.04","0.00","0.0","64","73","54",
"USW00024127","SALT LAKE CITY INTERNATIONAL AIRPORT, UT US","2015-10-06","7.61","0.01","0.0","65","71","55",
"USW00024127","SALT LAKE CITY INTERNATIONAL AIRPORT, UT US","2015-10-07","5.82","0.00","0.0","61","72","51",
"USW00024127","SALT LAKE CITY INTERNATIONAL AIRPORT, UT US","2015-10-08","6.26","0.00","0.0","63","75","54",
"USW00024127","SALT LAKE CITY INTERNATIONAL AIRPORT, UT US","2015-10-09","6.04","0.00","0.0","63","75","52",
"USW00024127","SALT LAKE CITY INTERNATIONAL AIRPORT, UT US","2015-10-10","10.51","0.00","0.0","65","85","53",
"USW00024127","SALT LAKE CITY INTERNATIONAL AIRPORT, UT US","2015-10-11","10.96","0.00","0.0","72","75","53",
"USW00024127","SALT LAKE CITY INTERNATIONAL AIRPORT, UT US","2015-10-12","5.59","0.00","0.0","62","78","49",
"USW00024127","SALT LAKE CITY INTERNATIONAL AIRPORT, UT US","2015-10-13","7.61","0.00","0.0","64","80","50",
"USW00024127","SALT LAKE CITY INTERNATIONAL AIRPORT, UT US","2015-10-14","6.93","0.00","0.0","66","82","52",
"USW00024127","SALT LAKE CITY INTERNATIONAL AIRPORT, UT US","2015-10-15","6.26","0.00","0.0","65","80","52",
"USW00024127","SALT LAKE CITY INTERNATIONAL AIRPORT, UT US","2015-10-16","5.82","0.00","0.0","65","81","51",
"USW00024127","SALT LAKE CITY INTERNATIONAL AIRPORT, UT US","2015-10-17","9.84","0.13","0.0","67","77","57",
"USW00024127","SALT LAKE CITY INTERNATIONAL AIRPORT, UT US","2015-10-18","9.17","0.09","0.0","62","76","56",
"USW00024127","SALT LAKE CITY INTERNATIONAL AIRPORT, UT US","2015-10-19","11.86","0.00","0.0","60","68","52",
"USW00024127","SALT LAKE CITY INTERNATIONAL AIRPORT, UT US","2015-10-20","7.16","0.00","0.0","55","64","47",
"USW00024127","SALT LAKE CITY INTERNATIONAL AIRPORT, UT US","2015-10-21","5.14","0.00","0.0","56","68","46",
"USW00024127","SALT LAKE CITY INTERNATIONAL AIRPORT, UT US","2015-10-22","5.82","0.00","0.0","55","64","45",
"USW00024127","SALT LAKE CITY INTERNATIONAL AIRPORT, UT US","2015-10-23","4.92","0.00","0.0","54","63","44",
"USW00024127","SALT LAKE CITY INTERNATIONAL AIRPORT, UT US","2015-10-24","6.93","0.00","0.0","54","68","46",
"USW00024127","SALT LAKE CITY INTERNATIONAL AIRPORT, UT US","2015-10-25","7.61","0.00","0.0","57","68","48",
"USW00024127","SALT LAKE CITY INTERNATIONAL AIRPORT, UT US","2015-10-26","6.26","0.00","0.0","58","68","48",
"USW00024127","SALT LAKE CITY INTERNATIONAL AIRPORT, UT US","2015-10-27","5.59","0.00","0.0","54","59","41",
"USW00024127","SALT LAKE CITY INTERNATIONAL AIRPORT, UT US","2015-10-28","5.59","0.00","0.0","48","58","40",
"USW00024127","SALT LAKE CITY INTERNATIONAL AIRPORT, UT US","2015-10-29","6.04","0.12","0.0","50","53","45",
"USW00024127","SALT LAKE CITY INTERNATIONAL AIRPORT, UT US","2015-10-30","6.04","0.00","0.0","45","53","37",
"USW00024127","SALT LAKE CITY INTERNATIONAL AIRPORT, UT US","2015-10-31","10.29","0.00","0.0","52","66","48",
"USW00024127","SALT LAKE CITY INTERNATIONAL AIRPORT, UT US","2015-11-01","10.74","0.00","0.0","59","71","50",
"USW00024127","SALT LAKE CITY INTERNATIONAL AIRPORT, UT US","2015-11-02","14.32","0.00","0.0","60","73","49",
"USW00024127","SALT LAKE CITY INTERNATIONAL AIRPORT, UT US","2015-11-03","16.78","0.02","0.0","60","63","42",
"USW00024127","SALT LAKE CITY INTERNATIONAL AIRPORT, UT US","2015-11-04","7.61","0.04","0.0","42","45","37",
"USW00024127","SALT LAKE CITY INTERNATIONAL AIRPORT, UT US","2015-11-05","4.47","0.00","0.0","39","44","34",
"USW00024127","SALT LAKE CITY INTERNATIONAL AIRPORT, UT US","2015-11-06","4.92","0.02","0.0","40","46","33",
"USW00024127","SALT LAKE CITY INTERNATIONAL AIRPORT, UT US","2015-11-07","5.37","0.00","0.0","38","51","29",
"USW00024127","SALT LAKE CITY INTERNATIONAL AIRPORT, UT US","2015-11-08","7.61","0.00","0.0","42","59","29",
"USW00024127","SALT LAKE CITY INTERNATIONAL AIRPORT, UT US","2015-11-09","16.78","0.08","0.0","50","64","38",
"USW00024127","SALT LAKE CITY INTERNATIONAL AIRPORT, UT US","2015-11-10","9.84","0.18","0.0","39","39","33",
"USW00024127","SALT LAKE CITY INTERNATIONAL AIRPORT, UT US","2015-11-11","6.04","0.00","0.0","38","46","33",
"USW00024127","SALT LAKE CITY INTERNATIONAL AIRPORT, UT US","2015-11-12","7.38","0.00","0.0","39","51","32",
"USW00024127","SALT LAKE CITY INTERNATIONAL AIRPORT, UT US","2015-11-13","5.59","0.00","0.0","39","52","30",
"USW00024127","SALT LAKE CITY INTERNATIONAL AIRPORT, UT US","2015-11-14","4.92","0.00","0.0","40","55","30",
"USW00024127","SALT LAKE CITY INTERNATIONAL AIRPORT, UT US","2015-11-15","15.66","0.00","0.0","45","59","37",
"USW00024127","SALT LAKE CITY INTERNATIONAL AIRPORT, UT US","2015-11-16","16.78","0.01","0.0","45","46","31",
"USW00024127","SALT LAKE CITY INTERNATIONAL AIRPORT, UT US","2015-11-17","5.82","0.00","0.0","33","38","26",
"USW00024127","SALT LAKE CITY INTERNATIONAL AIRPORT, UT US","2015-11-18","9.17","0.00","0.0","39","49","33",
"USW00024127","SALT LAKE CITY INTERNATIONAL AIRPORT, UT US","2015-11-19","7.83","0.00","0.0","40","52","31",
"USW00024127","SALT LAKE CITY INTERNATIONAL AIRPORT, UT US","2015-11-20","10.07","0.00","0.0","46","50","27",
"USW00024127","SALT LAKE CITY INTERNATIONAL AIRPORT, UT US","2015-11-21","4.92","0.00","0.0","33","45","23",
"USW00024127","SALT LAKE CITY INTERNATIONAL AIRPORT, UT US","2015-11-22","4.47","0.00","0.0","32","46","22",
"USW00024127","SALT LAKE CITY INTERNATIONAL AIRPORT, UT US","2015-11-23","3.36","0.00","0.0","32","46","23",
"USW00024127","SALT LAKE CITY INTERNATIONAL AIRPORT, UT US","2015-11-24","8.05","0.00","0.0","38","54","25",
"USW00024127","SALT LAKE CITY INTERNATIONAL AIRPORT, UT US","2015-11-25","12.30","0.00","0.0","45","56","33",
"USW00024127","SALT LAKE CITY INTERNATIONAL AIRPORT, UT US","2015-11-26","7.61","0.00","0.0","34","37","27",
"USW00024127","SALT LAKE CITY INTERNATIONAL AIRPORT, UT US","2015-11-27","9.84","0.00","0.0","29","35","21",
"USW00024127","SALT LAKE CITY INTERNATIONAL AIRPORT, UT US","2015-11-28","5.14","0.04","0.9","27","29","21",
"USW00024127","SALT LAKE CITY INTERNATIONAL AIRPORT, UT US","2015-11-29","4.70","0.01","0.4","24","30","20",
"USW00024127","SALT LAKE CITY INTERNATIONAL AIRPORT, UT US","2015-11-30","7.38","0.01","0.1","26","34","21",
"USW00024127","SALT LAKE CITY INTERNATIONAL AIRPORT, UT US","2015-12-01","4.92","0.00","0.0","27","38","19",
"USW00024127","SALT LAKE CITY INTERNATIONAL AIRPORT, UT US","2015-12-02","5.14","0.00","0.0","27","39","19",
"USW00024127","SALT LAKE CITY INTERNATIONAL AIRPORT, UT US","2015-12-03","4.03","0.00","0.0","29","43","20",
"USW00024127","SALT LAKE CITY INTERNATIONAL AIRPORT, UT US","2015-12-04","2.91","0.00","0.0","32","43","27",
"USW00024127","SALT LAKE CITY INTERNATIONAL AIRPORT, UT US","2015-12-05","3.58","0.00","0.0","34","48","23",
"USW00024127","SALT LAKE CITY INTERNATIONAL AIRPORT, UT US","2015-12-06","4.92","0.00","0.0","35","49","27",
"USW00024127","SALT LAKE CITY INTERNATIONAL AIRPORT, UT US","2015-12-07","4.92","0.07","0.0","35","48","26",
"USW00024127","SALT LAKE CITY INTERNATIONAL AIRPORT, UT US","2015-12-08","4.47","0.00","0.0","43","57","33",
"USW00024127","SALT LAKE CITY INTERNATIONAL AIRPORT, UT US","2015-12-09","9.62","0.00","0.0","48","61","40",
"USW00024127","SALT LAKE CITY INTERNATIONAL AIRPORT, UT US","2015-12-10","14.32","0.35","0.0","47","60","33",
"USW00024127","SALT LAKE CITY INTERNATIONAL AIRPORT, UT US","2015-12-11","6.71","0.00","0.0","38","43","31",
"USW00024127","SALT LAKE CITY INTERNATIONAL AIRPORT, UT US","2015-12-12","5.82","0.00","0.0","35","41","29",
"USW00024127","SALT LAKE CITY INTERNATIONAL AIRPORT, UT US","2015-12-13","12.97","0.06","0.3","33","47","29",
"USW00024127","SALT LAKE CITY INTERNATIONAL AIRPORT, UT US","2015-12-14","9.62","0.77","8.2","33","33","29",
"USW00024127","SALT LAKE CITY INTERNATIONAL AIRPORT, UT US","2015-12-15","5.37","0.01","1.0","29","30","21",
"USW00024127","SALT LAKE CITY INTERNATIONAL AIRPORT, UT US","2015-12-16","4.92","0.04","0.9","27","34","25",
"USW00024127","SALT LAKE CITY INTERNATIONAL AIRPORT, UT US","2015-12-17","8.50","0.00","0.0","25","32","13",
"USW00024127","SALT LAKE CITY INTERNATIONAL AIRPORT, UT US","2015-12-18","8.05","0.00","0.0","33","42","27",
"USW00024127","SALT LAKE CITY INTERNATIONAL AIRPORT, UT US","2015-12-19","9.17","0.00","0.0","39","51","31",
"USW00024127","SALT LAKE CITY INTERNATIONAL AIRPORT, UT US","2015-12-20","4.70","0.11","0.0","35","39","32",
"USW00024127","SALT LAKE CITY INTERNATIONAL AIRPORT, UT US","2015-12-21","17.00","0.00","0.0","37","43","33",
"USW00024127","SALT LAKE CITY INTERNATIONAL AIRPORT, UT US","2015-12-22","5.14","0.58","1.7","37","42","33",
"USW00024127","SALT LAKE CITY INTERNATIONAL AIRPORT, UT US","2015-12-23","11.86","0.05","0.8","33","35","27",
"USW00024127","SALT LAKE CITY INTERNATIONAL AIRPORT, UT US","2015-12-24","10.51","0.00","0.0","29","34","25",
"USW00024127","SALT LAKE CITY INTERNATIONAL AIRPORT, UT US","2015-12-25","11.86","0.12","1.3","29","29","16",
"USW00024127","SALT LAKE CITY INTERNATIONAL AIRPORT, UT US","2015-12-26","4.92","0.00","0.0","20","25","12",
"USW00024127","SALT LAKE CITY INTERNATIONAL AIRPORT, UT US","2015-12-27","5.37","0.00","0.0","16","24","10",
"USW00024127","SALT LAKE CITY INTERNATIONAL AIRPORT, UT US","2015-12-28","4.25","0.01","0.1","17","23","14",
"USW00024127","SALT LAKE CITY INTERNATIONAL AIRPORT, UT US","2015-12-29","3.80","0.03","0.9","20","23","18",
"USW00024127","SALT LAKE CITY INTERNATIONAL AIRPORT, UT US","2015-12-30","6.49","0.03","0.7","22","28","13",
"USW00024127","SALT LAKE CITY INTERNATIONAL AIRPORT, UT US","2015-12-31","4.47","0.00","0.0","15","20","4",
"USW00024127","SALT LAKE CITY INTERNATIONAL AIRPORT, UT US","2016-01-01","2.91","0.00","0.0","11","21","-1",
"USW00024127","SALT LAKE CITY INTERNATIONAL AIRPORT, UT US","2016-01-02","2.91","0.00","0.0","13","24","4",
"USW00024127","SALT LAKE CITY INTERNATIONAL AIRPORT, UT US","2016-01-03","2.01","0.00","0.0","22","27","19",
"USW00024127","SALT LAKE CITY INTERNATIONAL AIRPORT, UT US","2016-01-04","2.68","0.00","0.0","23","30","17",
"USW00024127","SALT LAKE CITY INTERNATIONAL AIRPORT, UT US","2016-01-05","3.58","0.01","0.0","29","39","26",
"USW00024127","SALT LAKE CITY INTERNATIONAL AIRPORT, UT US","2016-01-06","2.46","0.11","0.0","34","41","29",
"USW00024127","SALT LAKE CITY INTERNATIONAL AIRPORT, UT US","2016-01-07","2.24","0.03","0.1","33","35","31",
"USW00024127","SALT LAKE CITY INTERNATIONAL AIRPORT, UT US","2016-01-08","7.61","0.14","1.7","33","35","31",
"USW00024127","SALT LAKE CITY INTERNATIONAL AIRPORT, UT US","2016-01-09","3.80","0.00","0.0","32","36","29",
"USW00024127","SALT LAKE CITY INTERNATIONAL AIRPORT, UT US","2016-01-10","4.92","0.00","0.0","30","32","23",
"USW00024127","SALT LAKE CITY INTERNATIONAL AIRPORT, UT US","2016-01-11","4.25","0.00","0.0","26","34","19",
"USW00024127","SALT LAKE CITY INTERNATIONAL AIRPORT, UT US","2016-01-12","4.47","0.00","0.0","24","34","19",
"USW00024127","SALT LAKE CITY INTERNATIONAL AIRPORT, UT US","2016-01-13","4.70","0.00","0.0","24","31","18",
"USW00024127","SALT LAKE CITY INTERNATIONAL AIRPORT, UT US","2016-01-14","5.37","0.01","0.1","28","39","24",
"USW00024127","SALT LAKE CITY INTERNATIONAL AIRPORT, UT US","2016-01-15","4.47","0.07","0.8","31","35","31",
"USW00024127","SALT LAKE CITY INTERNATIONAL AIRPORT, UT US","2016-01-16","7.38","0.03","0.0","33","38","28",
"USW00024127","SALT LAKE CITY INTERNATIONAL AIRPORT, UT US","2016-01-17","8.72","0.00","0.0","36","45","32",
"USW00024127","SALT LAKE CITY INTERNATIONAL AIRPORT, UT US","2016-01-18","4.92","0.34","0.0","38","41","34",
"USW00024127","SALT LAKE CITY INTERNATIONAL AIRPORT, UT US","2016-01-19","10.07","0.00","0.0","35","41","26",
"USW00024127","SALT LAKE CITY INTERNATIONAL AIRPORT, UT US","2016-01-20","10.74","0.07","0.0","38","42","30",
"USW00024127","SALT LAKE CITY INTERNATIONAL AIRPORT, UT US","2016-01-21","6.71","0.00","0.0","32","42","27",
"USW00024127","SALT LAKE CITY INTERNATIONAL AIRPORT, UT US","2016-01-22","4.47","0.00","0.0","32","43","28",
"USW00024127","SALT LAKE CITY INTERNATIONAL AIRPORT, UT US","2016-01-23","4.92","0.36","2.2","32","40","28",
"USW00024127","SALT LAKE CITY INTERNATIONAL AIRPORT, UT US","2016-01-24","5.82","0.23","1.6","34","36","32",
"USW00024127","SALT LAKE CITY INTERNATIONAL AIRPORT, UT US","2016-01-25","3.80","0.00","0.0","33","37","25",
"USW00024127","SALT LAKE CITY INTERNATIONAL AIRPORT, UT US","2016-01-26","5.37","0.00","0.0","28","39","22",
"USW00024127","SALT LAKE CITY INTERNATIONAL AIRPORT, UT US","2016-01-27","4.92","0.00","0.0","27","37","20",
"USW00024127","SALT LAKE CITY INTERNATIONAL AIRPORT, UT US","2016-01-28","5.82","0.00","0.0","28","41","23",
"USW00024127","SALT LAKE CITY INTERNATIONAL AIRPORT, UT US","2016-01-29","11.18","0.03","0.0","33","48","26",
"USW00024127","SALT LAKE CITY INTERNATIONAL AIRPORT, UT US","2016-01-30","8.50","0.50","4.0","38","48","23",
"USW00024127","SALT LAKE CITY INTERNATIONAL AIRPORT, UT US","2016-01-31","6.49","0.01","0.0","26","31","19",
"USW00024127","SALT LAKE CITY INTERNATIONAL AIRPORT, UT US","2016-02-01","12.08","0.06","0.5","27","30","17",
"USW00024127","SALT LAKE CITY INTERNATIONAL AIRPORT, UT US","2016-02-02","3.80","0.00","0.0","22","28","14",
"USW00024127","SALT LAKE CITY INTERNATIONAL AIRPORT, UT US","2016-02-03","8.72","0.01","0.5","23","29","17",
"USW00024127","SALT LAKE CITY INTERNATIONAL AIRPORT, UT US","2016-02-04","6.26","0.02","0.2","23","30","19",
"USW00024127","SALT LAKE CITY INTERNATIONAL AIRPORT, UT US","2016-02-05","6.04","0.02","0.7","30","41","26",
"USW00024127","SALT LAKE CITY INTERNATIONAL AIRPORT, UT US","2016-02-06","6.93","0.00","0.0","29","41","22",
"USW00024127","SALT LAKE CITY INTERNATIONAL AIRPORT, UT US","2016-02-07","4.47","0.00","0.0","30","41","23",
"USW00024127","SALT LAKE CITY INTERNATIONAL AIRPORT, UT US","2016-02-08","4.25","0.00","0.0","31","40","22",
"USW00024127","SALT LAKE CITY INTERNATIONAL AIRPORT, UT US","2016-02-09","4.70","0.00","0.0","31","40","24",
"USW00024127","SALT LAKE CITY INTERNATIONAL AIRPORT, UT US","2016-02-10","4.03","0.00","0.0","30","33","26",
"USW00024127","SALT LAKE CITY INTERNATIONAL AIRPORT, UT US","2016-02-11","4.70","0.00","0.0","30","34","28",
"USW00024127","SALT LAKE CITY INTERNATIONAL AIRPORT, UT US","2016-02-12","3.80","0.00","0.0","30","34","29",
"USW00024127","SALT LAKE CITY INTERNATIONAL AIRPORT, UT US","2016-02-13","4.03","0.00","0.0","30","37","28",
"USW00024127","SALT LAKE CITY INTERNATIONAL AIRPORT, UT US","2016-02-14","6.93","0.09","0.4","32","43","29",
"USW00024127","SALT LAKE CITY INTERNATIONAL AIRPORT, UT US","2016-02-15","6.71","0.00","0.0","42","57","38",
"USW00024127","SALT LAKE CITY INTERNATIONAL AIRPORT, UT US","2016-02-16","8.50","0.00","0.0","46","58","37",
"USW00024127","SALT LAKE CITY INTERNATIONAL AIRPORT, UT US","2016-02-17","11.41","0.00","0.0","47","61","37",
"USW00024127","SALT LAKE CITY INTERNATIONAL AIRPORT, UT US","2016-02-18","18.34","0.31","1.5","49","57","33",
"USW00024127","SALT LAKE CITY INTERNATIONAL AIRPORT, UT US","2016-02-19","11.86","0.00","0.0","41","56","34",
"USW00024127","SALT LAKE CITY INTERNATIONAL AIRPORT, UT US","2016-02-20","5.82","0.00","0.0","43","50","35",
"USW00024127","SALT LAKE CITY INTERNATIONAL AIRPORT, UT US","2016-02-21","5.14","0.00","0.0","39","50","31",
"USW00024127","SALT LAKE CITY INTERNATIONAL AIRPORT, UT US","2016-02-22","7.38","0.01","0.0","39","44","31",
"USW00024127","SALT LAKE CITY INTERNATIONAL AIRPORT, UT US","2016-02-23","5.14","0.00","0.0","36","45","27",
"USW00024127","SALT LAKE CITY INTERNATIONAL AIRPORT, UT US","2016-02-24","5.82","0.00","0.0","37","51","29",
"USW00024127","SALT LAKE CITY INTERNATIONAL AIRPORT, UT US","2016-02-25","5.14","0.00","0.0","40","55","30",
"USW00024127","SALT LAKE CITY INTERNATIONAL AIRPORT, UT US","2016-02-26","6.04","0.00","0.0","44","62","32",
"USW00024127","SALT LAKE CITY INTERNATIONAL AIRPORT, UT US","2016-02-27","10.29","0.00","0.0","50","65","37",
"USW00024127","SALT LAKE CITY INTERNATIONAL AIRPORT, UT US","2016-02-28","4.70","0.00","0.0","44","59","32",
"USW00024127","SALT LAKE CITY INTERNATIONAL AIRPORT, UT US","2016-02-29","6.93","0.00","0.0","47","54","38",
"USW00024127","SALT LAKE CITY INTERNATIONAL AIRPORT, UT US","2016-03-01","9.40","0.00","0.0","45","61","35",
"USW00024127","SALT LAKE CITY INTERNATIONAL AIRPORT, UT US","2016-03-02","7.61","0.00","0.0","52","59","39",
"USW00024127","SALT LAKE CITY INTERNATIONAL AIRPORT, UT US","2016-03-03","7.61","0.00","0.0","51","68","38",
"USW00024127","SALT LAKE CITY INTERNATIONAL AIRPORT, UT US","2016-03-04","5.14","0.00","0.0","53","69","42",
"USW00024127","SALT LAKE CITY INTERNATIONAL AIRPORT, UT US","2016-03-05","10.51","0.00","0.0","57","68","50",
"USW00024127","SALT LAKE CITY INTERNATIONAL AIRPORT, UT US","2016-03-06","15.21","0.60","0.0","56","62","34",
"USW00024127","SALT LAKE CITY INTERNATIONAL AIRPORT, UT US","2016-03-07","5.14","0.01","0.0","39","49","34",
"USW00024127","SALT LAKE CITY INTERNATIONAL AIRPORT, UT US","2016-03-08","4.70","0.00","0.0","41","52","32",
"USW00024127","SALT LAKE CITY INTERNATIONAL AIRPORT, UT US","2016-03-09","6.71","0.04","0.0","45","52","40",
"USW00024127","SALT LAKE CITY INTERNATIONAL AIRPORT, UT US","2016-03-10","13.20","0.00","0.0","50","68","40",
"USW00024127","SALT LAKE CITY INTERNATIONAL AIRPORT, UT US","2016-03-11","12.08","0.00","0.0","58","65","49",
"USW00024127","SALT LAKE CITY INTERNATIONAL AIRPORT, UT US","2016-03-12","7.61","0.00","0.0","56","61","44",
"USW00024127","SALT LAKE CITY INTERNATIONAL AIRPORT, UT US","2016-03-13","7.83","0.00","0.0","50","60","41",
"USW00024127","SALT LAKE CITY INTERNATIONAL AIRPORT, UT US","2016-03-14","11.41","0.24","0.1","49","55","34",
"USW00024127","SALT LAKE CITY INTERNATIONAL AIRPORT, UT US","2016-03-15","6.04","0.00","0.0","37","41","32",
"USW00024127","SALT LAKE CITY INTERNATIONAL AIRPORT, UT US","2016-03-16","6.26","0.00","0.0","38","51","31",
"USW00024127","SALT LAKE CITY INTERNATIONAL AIRPORT, UT US","2016-03-17","9.62","0.00","0.0","46","54","38",
"USW00024127","SALT LAKE CITY INTERNATIONAL AIRPORT, UT US","2016-03-18","4.92","0.00","0.0","41","49","31",
"USW00024127","SALT LAKE CITY INTERNATIONAL AIRPORT, UT US","2016-03-19","4.92","0.00","0.0","42","58","31",
"USW00024127","SALT LAKE CITY INTERNATIONAL AIRPORT, UT US","2016-03-20","6.93","0.00","0.0","49","70","35",
"USW00024127","SALT LAKE CITY INTERNATIONAL AIRPORT, UT US","2016-03-21","10.07","0.00","0.0","59","68","49",
"USW00024127","SALT LAKE CITY INTERNATIONAL AIRPORT, UT US","2016-03-22","8.50","0.53","1.2","48","61","33",
"USW00024127","SALT LAKE CITY INTERNATIONAL AIRPORT, UT US","2016-03-23","10.07","0.00","0.0","40","49","35",
"USW00024127","SALT LAKE CITY INTERNATIONAL AIRPORT, UT US","2016-03-24","8.95","0.00","0.0","44","56","37",
"USW00024127","SALT LAKE CITY INTERNATIONAL AIRPORT, UT US","2016-03-25","9.84","0.00","0.0","46","48","37",
"USW00024127","SALT LAKE CITY INTERNATIONAL AIRPORT, UT US","2016-03-26","7.16","0.00","0.0","42","50","33",
"USW00024127","SALT LAKE CITY INTERNATIONAL AIRPORT, UT US","2016-03-27","13.20","0.00","0.0","47","63","38",
"USW00024127","SALT LAKE CITY INTERNATIONAL AIRPORT, UT US","2016-03-28","7.16","0.47","1.4","44","48","33",
"USW00024127","SALT LAKE CITY INTERNATIONAL AIRPORT, UT US","2016-03-29","8.95","0.25","0.0","41","49","37",
"USW00024127","SALT LAKE CITY INTERNATIONAL AIRPORT, UT US","2016-03-30","6.04","0.01","0.0","41","48","37",
"USW00024127","SALT LAKE CITY INTERNATIONAL AIRPORT, UT US","2016-03-31","5.82","0.07","0.0","44","53","39",
"USW00024127","SALT LAKE CITY INTERNATIONAL AIRPORT, UT US","2016-04-01","6.26","0.00","0.0","44","57","34",
"USW00024127","SALT LAKE CITY INTERNATIONAL AIRPORT, UT US","2016-04-02","7.61","0.00","0.0","49","64","37",
"USW00024127","SALT LAKE CITY INTERNATIONAL AIRPORT, UT US","2016-04-03","8.05","0.00","0.0","56","71","43",
"USW00024127","SALT LAKE CITY INTERNATIONAL AIRPORT, UT US","2016-04-04","11.86","0.00","0.0","59","70","48",
"USW00024127","SALT LAKE CITY INTERNATIONAL AIRPORT, UT US","2016-04-05","7.61","0.00","0.0","52","56","42",
"USW00024127","SALT LAKE CITY INTERNATIONAL AIRPORT, UT US","2016-04-06","6.93","0.00","0.0","49","63","38",
"USW00024127","SALT LAKE CITY INTERNATIONAL AIRPORT, UT US","2016-04-07","6.26","0.00","0.0","55","69","42",
"USW00024127","SALT LAKE CITY INTERNATIONAL AIRPORT, UT US","2016-04-08","6.49","0.00","0.0","61","78","45",
"USW00024127","SALT LAKE CITY INTERNATIONAL AIRPORT, UT US","2016-04-09","15.21","0.00","0.0","64","70","57",
"USW00024127","SALT LAKE CITY INTERNATIONAL AIRPORT, UT US","2016-04-10","10.29","0.00","0.0","60","68","54",
"USW00024127","SALT LAKE CITY INTERNATIONAL AIRPORT, UT US","2016-04-11","8.50","0.00","0.0","60","70","50",
"USW00024127","SALT LAKE CITY INTERNATIONAL AIRPORT, UT US","2016-04-12","7.61","0.01","0.0","62","74","50",
"USW00024127","SALT LAKE CITY INTERNATIONAL AIRPORT, UT US","2016-04-13","8.28","0.16","0.0","59","61","50",
"USW00024127","SALT LAKE CITY INTERNATIONAL AIRPORT, UT US","2016-04-14","10.29","0.65","0.0","49","59","37",
"USW00024127","SALT LAKE CITY INTERNATIONAL AIRPORT, UT US","2016-04-15","12.97","0.07","0.0","42","53","34",
"USW00024127","SALT LAKE CITY INTERNATIONAL AIRPORT, UT US","2016-04-16","14.54","0.00","0.0","46","59","35",
"USW00024127","SALT LAKE CITY INTERNATIONAL AIRPORT, UT US","2016-04-17","9.84","0.00","0.0","50","61","37",
"USW00024127","SALT LAKE CITY INTERNATIONAL AIRPORT, UT US","2016-04-18","8.50","0.00","0.0","53","61","46",
"USW00024127","SALT LAKE CITY INTERNATIONAL AIRPORT, UT US","2016-04-19","5.82","0.00","0.0","54","67","47",
"USW00024127","SALT LAKE CITY INTERNATIONAL AIRPORT, UT US","2016-04-20","6.93","0.00","0.0","61","76","48",
"USW00024127","SALT LAKE CITY INTERNATIONAL AIRPORT, UT US","2016-04-21","10.96","0.00","0.0","66","83","54",
"USW00024127","SALT LAKE CITY INTERNATIONAL AIRPORT, UT US","2016-04-22","16.55","0.00","0.0","71","81","60",
"USW00024127","SALT LAKE CITY INTERNATIONAL AIRPORT, UT US","2016-04-23","16.33","0.22","0.0","63","72","45",
"USW00024127","SALT LAKE CITY INTERNATIONAL AIRPORT, UT US","2016-04-24","8.95","0.02","0.0","50","61","45",
"USW00024127","SALT LAKE CITY INTERNATIONAL AIRPORT, UT US","2016-04-25","11.41","0.00","0.0","55","61","47",
"USW00024127","SALT LAKE CITY INTERNATIONAL AIRPORT, UT US","2016-04-26","8.50","0.09","0.0","49","59","46",
"USW00024127","SALT LAKE CITY INTERNATIONAL AIRPORT, UT US","2016-04-27","7.61","0.14","0.0","51","59","45",
"USW00024127","SALT LAKE CITY INTERNATIONAL AIRPORT, UT US","2016-04-28","7.16","0.03","0.0","51","58","47",
"USW00024127","SALT LAKE CITY INTERNATIONAL AIRPORT, UT US","2016-04-29","4.92","0.00","0.0","50","59","41",
"USW00024127","SALT LAKE CITY INTERNATIONAL AIRPORT, UT US","2016-04-30","9.17","0.00","0.0","53","62","43",
"USW00024127","SALT LAKE CITY INTERNATIONAL AIRPORT, UT US","2016-05-01","13.20","0.00","0.0","55","65","48",
"USW00024127","SALT LAKE CITY INTERNATIONAL AIRPORT, UT US","2016-05-02","5.37","0.00","0.0","56","69","43",
"USW00024127","SALT LAKE CITY INTERNATIONAL AIRPORT, UT US","2016-05-03","6.49","0.00","0.0","60","75","46",
"USW00024127","SALT LAKE CITY INTERNATIONAL AIRPORT, UT US","2016-05-04","10.51","0.00","0.0","66","82","51",
"USW00024127","SALT LAKE CITY INTERNATIONAL AIRPORT, UT US","2016-05-05","10.51","0.00","0.0","73","84","63",
"USW00024127","SALT LAKE CITY INTERNATIONAL AIRPORT, UT US","2016-05-06","12.53","0.08","0.0","70","73","53",
"USW00024127","SALT LAKE CITY INTERNATIONAL AIRPORT, UT US","2016-05-07","6.26","0.16","0.0","54","62","46",
"USW00024127","SALT LAKE CITY INTERNATIONAL AIRPORT, UT US","2016-05-08","6.49","0.40","0.0","52","55","50",
"USW00024127","SALT LAKE CITY INTERNATIONAL AIRPORT, UT US","2016-05-09","9.62","0.25","0.0","57","69","47",
"USW00024127","SALT LAKE CITY INTERNATIONAL AIRPORT, UT US","2016-05-10","8.28","0.00","0.0","52","60","43",
"USW00024127","SALT LAKE CITY INTERNATIONAL AIRPORT, UT US","2016-05-11","6.04","0.00","0.0","52","62","41",
"USW00024127","SALT LAKE CITY INTERNATIONAL AIRPORT, UT US","2016-05-12","6.93","0.00","0.0","58","78","44",
"USW00024127","SALT LAKE CITY INTERNATIONAL AIRPORT, UT US","2016-05-13","8.95","0.00","0.0","69","85","53",
"USW00024127","SALT LAKE CITY INTERNATIONAL AIRPORT, UT US","2016-05-14","11.41","0.00","0.0","74","88","58",
"USW00024127","SALT LAKE CITY INTERNATIONAL AIRPORT, UT US","2016-05-15","12.30","0.00","0.0","68","74","56",
"USW00024127","SALT LAKE CITY INTERNATIONAL AIRPORT, UT US","2016-05-16","6.93","0.01","0.0","59","66","50",
"USW00024127","SALT LAKE CITY INTERNATIONAL AIRPORT, UT US","2016-05-17","8.95","0.00","0.0","61","70","54",
"USW00024127","SALT LAKE CITY INTERNATIONAL AIRPORT, UT US","2016-05-18","5.37","0.00","0.0","63","76","51",
"USW00024127","SALT LAKE CITY INTERNATIONAL AIRPORT, UT US","2016-05-19","15.66","0.21","0.0","68","82","56",
"USW00024127","SALT LAKE CITY INTERNATIONAL AIRPORT, UT US","2016-05-20","14.54","0.01","0.0","64","80","55",
"USW00024127","SALT LAKE CITY INTERNATIONAL AIRPORT, UT US","2016-05-21","12.30","0.41","0.0","63","71","49",
"USW00024127","SALT LAKE CITY INTERNATIONAL AIRPORT, UT US","2016-05-22","5.82","0.02","0.0","53","61","46",
"USW00024127","SALT LAKE CITY INTERNATIONAL AIRPORT, UT US","2016-05-23","4.92","0.00","0.0","55","70","44",
"USW00024127","SALT LAKE CITY INTERNATIONAL AIRPORT, UT US","2016-05-24","10.29","0.01","0.0","61","72","51",
"USW00024127","SALT LAKE CITY INTERNATIONAL AIRPORT, UT US","2016-05-25","5.59","0.00","0.0","59","68","51",
"USW00024127","SALT LAKE CITY INTERNATIONAL AIRPORT, UT US","2016-05-26","6.93","0.00","0.0","60","72","48",
"USW00024127","SALT LAKE CITY INTERNATIONAL AIRPORT, UT US","2016-05-27","6.71","0.01","0.0","62","74","53",
"USW00024127","SALT LAKE CITY INTERNATIONAL AIRPORT, UT US","2016-05-28","6.49","0.00","0.0","63","76","52",
"USW00024127","SALT LAKE CITY INTERNATIONAL AIRPORT, UT US","2016-05-29","8.50","0.00","0.0","68","80","57",
"USW00024127","SALT LAKE CITY INTERNATIONAL AIRPORT, UT US","2016-05-30","9.17","0.01","0.0","68","79","55",
"USW00024127","SALT LAKE CITY INTERNATIONAL AIRPORT, UT US","2016-05-31","6.71","0.00","0.0","68","78","53",
"USW00024127","SALT LAKE CITY INTERNATIONAL AIRPORT, UT US","2016-06-01","6.93","0.00","0.0","69","84","56",
"USW00024127","SALT LAKE CITY INTERNATIONAL AIRPORT, UT US","2016-06-02","10.07","0.00","0.0","75","89","60",
"USW00024127","SALT LAKE CITY INTERNATIONAL AIRPORT, UT US","2016-06-03","5.82","0.00","0.0","74","86","59",
"USW00024127","SALT LAKE CITY INTERNATIONAL AIRPORT, UT US","2016-06-04","4.92","0.00","0.0","76","91","61",
"USW00024127","SALT LAKE CITY INTERNATIONAL AIRPORT, UT US","2016-06-05","6.49","0.00","0.0","79","96","64",
"USW00024127","SALT LAKE CITY INTERNATIONAL AIRPORT, UT US","2016-06-06","12.97","0.00","0.0","84","97","68",
"USW00024127","SALT LAKE CITY INTERNATIONAL AIRPORT, UT US","2016-06-07","8.50","0.00","0.0","82","91","70",
"USW00024127","SALT LAKE CITY INTERNATIONAL AIRPORT, UT US","2016-06-08","8.50","0.00","0.0","81","95","69",
"USW00024127","SALT LAKE CITY INTERNATIONAL AIRPORT, UT US","2016-06-09","10.96","0.00","0.0","86","94","74",
"USW00024127","SALT LAKE CITY INTERNATIONAL AIRPORT, UT US","2016-06-10","14.32","0.00","0.0","85","94","72",
"USW00024127","SALT LAKE CITY INTERNATIONAL AIRPORT, UT US","2016-06-11","9.84","0.32","0.0","75","79","57",
"USW00024127","SALT LAKE CITY INTERNATIONAL AIRPORT, UT US","2016-06-12","7.38","0.00","0.0","63","78","55",
"USW00024127","SALT LAKE CITY INTERNATIONAL AIRPORT, UT US","2016-06-13","7.61","0.19","0.0","67","74","57",
"USW00024127","SALT LAKE CITY INTERNATIONAL AIRPORT, UT US","2016-06-14","13.42","0.00","0.0","67","87","57",
"USW00024127","SALT LAKE CITY INTERNATIONAL AIRPORT, UT US","2016-06-15","18.34","0.00","0.0","74","92","56",
"USW00024127","SALT LAKE CITY INTERNATIONAL AIRPORT, UT US","2016-06-16","10.51","0.00","0.0","72","78","55",
"USW00024127","SALT LAKE CITY INTERNATIONAL AIRPORT, UT US","2016-06-17","7.83","0.00","0.0","72","90","56",
"USW00024127","SALT LAKE CITY INTERNATIONAL AIRPORT, UT US","2016-06-18","14.32","0.00","0.0","81","95","69",
"USW00024127","SALT LAKE CITY INTERNATIONAL AIRPORT, UT US","2016-06-19","6.49","0.00","0.0","78","88","62",
"USW00024127","SALT LAKE CITY INTERNATIONAL AIRPORT, UT US","2016-06-20","6.71","0.00","0.0","80","100","65",
"USW00024127","SALT LAKE CITY INTERNATIONAL AIRPORT, UT US","2016-06-21","7.83","0.00","0.0","86","96","71",
"USW00024127","SALT LAKE CITY INTERNATIONAL AIRPORT, UT US","2016-06-22","5.14","0.00","0.0","82","98","65",
"USW00024127","SALT LAKE CITY INTERNATIONAL AIRPORT, UT US","2016-06-23","8.50","0.00","0.0","87","98","73",
"USW00024127","SALT LAKE CITY INTERNATIONAL AIRPORT, UT US","2016-06-24","10.96","0.00","0.0","82","91","67",
"USW00024127","SALT LAKE CITY INTERNATIONAL AIRPORT, UT US","2016-06-25","8.72","0.00","0.0","73","81","58",
"USW00024127","SALT LAKE CITY INTERNATIONAL AIRPORT, UT US","2016-06-26","5.37","0.00","0.0","74","92","58",
"USW00024127","SALT LAKE CITY INTERNATIONAL AIRPORT, UT US","2016-06-27","5.82","0.00","0.0","83","101","64",
"USW00024127","SALT LAKE CITY INTERNATIONAL AIRPORT, UT US","2016-06-28","12.30","0.00","0.0","89","103","73",
"USW00024127","SALT LAKE CITY INTERNATIONAL AIRPORT, UT US","2016-06-29","10.96","0.00","0.0","87","98","76",
"USW00024127","SALT LAKE CITY INTERNATIONAL AIRPORT, UT US","2016-06-30","8.50","0.01","0.0","81","92","72",
"USW00024127","SALT LAKE CITY INTERNATIONAL AIRPORT, UT US","2016-07-01","5.82","0.00","0.0","81","90","71",
"USW00024127","SALT LAKE CITY INTERNATIONAL AIRPORT, UT US","2016-07-02","7.83","0.00","0.0","81","93","70",
"USW00024127","SALT LAKE CITY INTERNATIONAL AIRPORT, UT US","2016-07-03","12.75","0.00","0.0","83","95","71",
"USW00024127","SALT LAKE CITY INTERNATIONAL AIRPORT, UT US","2016-07-04","11.86","0.00","0.0","85","98","75",
"USW00024127","SALT LAKE CITY INTERNATIONAL AIRPORT, UT US","2016-07-05","8.28","0.00","0.0","84","94","69",
"USW00024127","SALT LAKE CITY INTERNATIONAL AIRPORT, UT US","2016-07-06","9.17","0.00","0.0","80","89","67",
"USW00024127","SALT LAKE CITY INTERNATIONAL AIRPORT, UT US","2016-07-07","6.04","0.00","0.0","78","92","62",
"USW00024127","SALT LAKE CITY INTERNATIONAL AIRPORT, UT US","2016-07-08","15.21","0.00","0.0","85","99","73",
"USW00024127","SALT LAKE CITY INTERNATIONAL AIRPORT, UT US","2016-07-09","16.11","0.00","0.0","89","100","76",
"USW00024127","SALT LAKE CITY INTERNATIONAL AIRPORT, UT US","2016-07-10","16.55","0.00","0.0","85","86","61",
"USW00024127","SALT LAKE CITY INTERNATIONAL AIRPORT, UT US","2016-07-11","5.37","0.00","0.0","65","76","51",
"USW00024127","SALT LAKE CITY INTERNATIONAL AIRPORT, UT US","2016-07-12","6.93","0.00","0.0","71","89","58",
"USW00024127","SALT LAKE CITY INTERNATIONAL AIRPORT, UT US","2016-07-13","6.26","0.00","0.0","77","90","61",
"USW00024127","SALT LAKE CITY INTERNATIONAL AIRPORT, UT US","2016-07-14","5.59","0.00","0.0","79","95","63",
"USW00024127","SALT LAKE CITY INTERNATIONAL AIRPORT, UT US","2016-07-15","6.71","0.00","0.0","83","98","66",
"USW00024127","SALT LAKE CITY INTERNATIONAL AIRPORT, UT US","2016-07-16","6.26","0.00","0.0","84","95","70",
"USW00024127","SALT LAKE CITY INTERNATIONAL AIRPORT, UT US","2016-07-17","10.29","0.00","0.0","83","99","64",
"USW00024127","SALT LAKE CITY INTERNATIONAL AIRPORT, UT US","2016-07-18","19.01","0.00","0.0","88","98","81",
"USW00024127","SALT LAKE CITY INTERNATIONAL AIRPORT, UT US","2016-07-19","16.33","0.00","0.0","88","99","77",
"USW00024127","SALT LAKE CITY INTERNATIONAL AIRPORT, UT US","2016-07-20","14.76","0.00","0.0","90","101","79",
"USW00024127","SALT LAKE CITY INTERNATIONAL AIRPORT, UT US","2016-07-21","11.18","0.00","0.0","90","102","79",
"USW00024127","SALT LAKE CITY INTERNATIONAL AIRPORT, UT US","2016-07-22","11.63","0.00","0.0","92","102","77",
"USW00024127","SALT LAKE CITY INTERNATIONAL AIRPORT, UT US","2016-07-23","6.71","0.00","0.0","83","95","67",
"USW00024127","SALT LAKE CITY INTERNATIONAL AIRPORT, UT US","2016-07-24","5.37","0.00","0.0","80","97","64",
"USW00024127","SALT LAKE CITY INTERNATIONAL AIRPORT, UT US","2016-07-25","7.61","0.00","0.0","86","101","72",
"USW00024127","SALT LAKE CITY INTERNATIONAL AIRPORT, UT US","2016-07-26","8.72","0.00","0.0","90","104","77",
"USW00024127","SALT LAKE CITY INTERNATIONAL AIRPORT, UT US","2016-07-27","5.82","0.00","0.0","87","101","70",
"USW00024127","SALT LAKE CITY INTERNATIONAL AIRPORT, UT US","2016-07-28","6.26","0.00","0.0","88","102","74",
"USW00024127","SALT LAKE CITY INTERNATIONAL AIRPORT, UT US","2016-07-29","7.16","0.00","0.0","88","102","73",
"USW00024127","SALT LAKE CITY INTERNATIONAL AIRPORT, UT US","2016-07-30","9.17","0.00","0.0","88","100","76",
"USW00024127","SALT LAKE CITY INTERNATIONAL AIRPORT, UT US","2016-07-31","8.95","0.00","0.0","87","100","76",
"USW00024127","SALT LAKE CITY INTERNATIONAL AIRPORT, UT US","2016-08-01","7.83","0.00","0.0","87","100","76",
"USW00024127","SALT LAKE CITY INTERNATIONAL AIRPORT, UT US","2016-08-02","9.62","0.00","0.0","88","101","73",
"USW00024127","SALT LAKE CITY INTERNATIONAL AIRPORT, UT US","2016-08-03","10.29","0.00","0.0","88","95","69",
"USW00024127","SALT LAKE CITY INTERNATIONAL AIRPORT, UT US","2016-08-04","7.83","0.00","0.0","79","93","62",
"USW00024127","SALT LAKE CITY INTERNATIONAL AIRPORT, UT US","2016-08-05","8.72","0.00","0.0","82","92","71",
"USW00024127","SALT LAKE CITY INTERNATIONAL AIRPORT, UT US","2016-08-06","12.75","0.03","0.0","81","94","71",
"USW00024127","SALT LAKE CITY INTERNATIONAL AIRPORT, UT US","2016-08-07","13.42","0.04","0.0","84","98","71",
"USW00024127","SALT LAKE CITY INTERNATIONAL AIRPORT, UT US","2016-08-08","8.50","0.00","0.0","82","97","66",
"USW00024127","SALT LAKE CITY INTERNATIONAL AIRPORT, UT US","2016-08-09","15.66","0.00","0.0","88","98","73",
"USW00024127","SALT LAKE CITY INTERNATIONAL AIRPORT, UT US","2016-08-10","7.61","0.08","0.0","79","90","62",
"USW00024127","SALT LAKE CITY INTERNATIONAL AIRPORT, UT US","2016-08-11","8.72","0.00","0.0","76","88","63",
"USW00024127","SALT LAKE CITY INTERNATIONAL AIRPORT, UT US","2016-08-12","6.26","0.00","0.0","76","92","62",
"USW00024127","SALT LAKE CITY INTERNATIONAL AIRPORT, UT US","2016-08-13","8.28","0.00","0.0","79","95","65",
"USW00024127","SALT LAKE CITY INTERNATIONAL AIRPORT, UT US","2016-08-14","7.16","0.00","0.0","81","98","66",
"USW00024127","SALT LAKE CITY INTERNATIONAL AIRPORT, UT US","2016-08-15","10.51","0.00","0.0","85","94","73",
"USW00024127","SALT LAKE CITY INTERNATIONAL AIRPORT, UT US","2016-08-16","8.28","0.00","0.0","81","98","67",
"USW00024127","SALT LAKE CITY INTERNATIONAL AIRPORT, UT US","2016-08-17","10.29","0.00","0.0","85","94","74",
"USW00024127","SALT LAKE CITY INTERNATIONAL AIRPORT, UT US","2016-08-18","8.05","0.00","0.0","82","93","70",
"USW00024127","SALT LAKE CITY INTERNATIONAL AIRPORT, UT US","2016-08-19","9.17","0.00","0.0","81","91","69",
"USW00024127","SALT LAKE CITY INTERNATIONAL AIRPORT, UT US","2016-08-20","5.82","0.00","0.0","77","90","61",
"USW00024127","SALT LAKE CITY INTERNATIONAL AIRPORT, UT US","2016-08-21","8.28","0.00","0.0","79","95","63",
"USW00024127","SALT LAKE CITY INTERNATIONAL AIRPORT, UT US","2016-08-22","9.62","0.00","0.0","83","94","72",
"USW00024127","SALT LAKE CITY INTERNATIONAL AIRPORT, UT US","2016-08-23","8.05","0.00","0.0","80","90","66",
"USW00024127","SALT LAKE CITY INTERNATIONAL AIRPORT, UT US","2016-08-24","7.61","0.00","0.0","74","84","61",
"USW00024127","SALT LAKE CITY INTERNATIONAL AIRPORT, UT US","2016-08-25","6.26","0.00","0.0","70","84","55",
"USW00024127","SALT LAKE CITY INTERNATIONAL AIRPORT, UT US","2016-08-26","10.96","0.00","0.0","75","88","65",
"USW00024127","SALT LAKE CITY INTERNATIONAL AIRPORT, UT US","2016-08-27","9.40","0.00","0.0","75","89","62",
"USW00024127","SALT LAKE CITY INTERNATIONAL AIRPORT, UT US","2016-08-28","9.40","0.00","0.0","78","92","64",
"USW00024127","SALT LAKE CITY INTERNATIONAL AIRPORT, UT US","2016-08-29","7.16","0.00","0.0","78","95","62",
"USW00024127","SALT LAKE CITY INTERNATIONAL AIRPORT, UT US","2016-08-30","8.95","0.00","0.0","81","98","66",
"USW00024127","SALT LAKE CITY INTERNATIONAL AIRPORT, UT US","2016-08-31","10.96","0.00","0.0","85","97","74",
"USW00024127","SALT LAKE CITY INTERNATIONAL AIRPORT, UT US","2016-09-01","14.54","0.01","0.0","84","93","72",
"USW00024127","SALT LAKE CITY INTERNATIONAL AIRPORT, UT US","2016-09-02","17.22","0.00","0.0","79","92","70",
"USW00024127","SALT LAKE CITY INTERNATIONAL AIRPORT, UT US","2016-09-03","9.40","0.00","0.0","76","87","61",
"USW00024127","SALT LAKE CITY INTERNATIONAL AIRPORT, UT US","2016-09-04","10.74","0.00","0.0","72","80","60",
"USW00024127","SALT LAKE CITY INTERNATIONAL AIRPORT, UT US","2016-09-05","7.61","0.00","0.0","65","75","52",
"USW00024127","SALT LAKE CITY INTERNATIONAL AIRPORT, UT US","2016-09-06","5.59","0.00","0.0","65","80","52",
"USW00024127","SALT LAKE CITY INTERNATIONAL AIRPORT, UT US","2016-09-07","6.04","0.00","0.0","71","84","57",
"USW00024127","SALT LAKE CITY INTERNATIONAL AIRPORT, UT US","2016-09-08","6.49","0.00","0.0","71","83","54",
"USW00024127","SALT LAKE CITY INTERNATIONAL AIRPORT, UT US","2016-09-09","6.71","0.00","0.0","67","77","54",
"USW00024127","SALT LAKE CITY INTERNATIONAL AIRPORT, UT US","2016-09-10","6.93","0.00","0.0","65","83","50",
"USW00024127","SALT LAKE CITY INTERNATIONAL AIRPORT, UT US","2016-09-11","8.28","0.00","0.0","71","91","55",
"USW00024127","SALT LAKE CITY INTERNATIONAL AIRPORT, UT US","2016-09-12","13.87","0.00","0.0","79","83","57",
"USW00024127","SALT LAKE CITY INTERNATIONAL AIRPORT, UT US","2016-09-13","7.16","0.17","0.0","65","82","51",
"USW00024127","SALT LAKE CITY INTERNATIONAL AIRPORT, UT US","2016-09-14","10.96","0.09","0.0","62","70","54",
"USW00024127","SALT LAKE CITY INTERNATIONAL AIRPORT, UT US","2016-09-15","4.70","0.00","0.0","58","68","53",
"USW00024127","SALT LAKE CITY INTERNATIONAL AIRPORT, UT US","2016-09-16","5.14","0.00","0.0","60","73","49",
"USW00024127","SALT LAKE CITY INTERNATIONAL AIRPORT, UT US","2016-09-17","7.61","0.00","0.0","63","80","51",
"USW00024127","SALT LAKE CITY INTERNATIONAL AIRPORT, UT US","2016-09-18","8.72","0.00","0.0","70","88","57",
"USW00024127","SALT LAKE CITY INTERNATIONAL AIRPORT, UT US","2016-09-19","9.84","0.00","0.0","75","92","60",
"USW00024127","SALT LAKE CITY INTERNATIONAL AIRPORT, UT US","2016-09-20","9.17","0.00","0.0","76","89","60",
"USW00024127","SALT LAKE CITY INTERNATIONAL AIRPORT, UT US","2016-09-21","16.78","0.02","0.0","75","84","60",
"USW00024127","SALT LAKE CITY INTERNATIONAL AIRPORT, UT US","2016-09-22","13.42","0.89","0.0","67","79","49",
"USW00024127","SALT LAKE CITY INTERNATIONAL AIRPORT, UT US","2016-09-23","8.28","0.48","0.0","51","51","47",
"USW00024127","SALT LAKE CITY INTERNATIONAL AIRPORT, UT US","2016-09-24","7.16","0.22","0.0","51","62","47",
"USW00024127","SALT LAKE CITY INTERNATIONAL AIRPORT, UT US","2016-09-25","7.61","0.00","0.0","55","68","46",
"USW00024127","SALT LAKE CITY INTERNATIONAL AIRPORT, UT US","2016-09-26","5.14","0.00","0.0","59","72","49",
"USW00024127","SALT LAKE CITY INTERNATIONAL AIRPORT, UT US","2016-09-27","5.14","0.00","0.0","63","77","52",
"USW00024127","SALT LAKE CITY INTERNATIONAL AIRPORT, UT US","2016-09-28","6.71","0.00","0.0","66","81","54",
"USW00024127","SALT LAKE CITY INTERNATIONAL AIRPORT, UT US","2016-09-29","10.51","0.00","0.0","69","78","62",
"USW00024127","SALT LAKE CITY INTERNATIONAL AIRPORT, UT US","2016-09-30","10.29","0.00","0.0","68","78","61",
"USW00024127","SALT LAKE CITY INTERNATIONAL AIRPORT, UT US","2016-10-01","11.86","0.00","0.0","69","81","58",
"USW00024127","SALT LAKE CITY INTERNATIONAL AIRPORT, UT US","2016-10-02","13.42","0.01","0.0","68","81","55",
"USW00024127","SALT LAKE CITY INTERNATIONAL AIRPORT, UT US","2016-10-03","14.09","0.00","0.0","60","66","46",
"USW00024127","SALT LAKE CITY INTERNATIONAL AIRPORT, UT US","2016-10-04","7.38","0.00","0.0","50","60","41",
"USW00024127","SALT LAKE CITY INTERNATIONAL AIRPORT, UT US","2016-10-05","7.38","0.10","0.0","51","58","41",
"USW00024127","SALT LAKE CITY INTERNATIONAL AIRPORT, UT US","2016-10-06","6.49","0.01","0.0","47","59","38",
"USW00024127","SALT LAKE CITY INTERNATIONAL AIRPORT, UT US","2016-10-07","6.93","0.00","0.0","51","68","40",
"USW00024127","SALT LAKE CITY INTERNATIONAL AIRPORT, UT US","2016-10-08","5.59","0.00","0.0","54","71","41",
"USW00024127","SALT LAKE CITY INTERNATIONAL AIRPORT, UT US","2016-10-09","6.93","0.00","0.0","58","77","45",
"USW00024127","SALT LAKE CITY INTERNATIONAL AIRPORT, UT US","2016-10-10","11.41","0.00","0.0","65","80","55",
"USW00024127","SALT LAKE CITY INTERNATIONAL AIRPORT, UT US","2016-10-11","8.28","0.00","0.0","66","70","50",
"USW00024127","SALT LAKE CITY INTERNATIONAL AIRPORT, UT US","2016-10-12","4.25","0.00","0.0","56","67","43",
"USW00024127","SALT LAKE CITY INTERNATIONAL AIRPORT, UT US","2016-10-13","6.26","0.00","0.0","56","75","44",
"USW00024127","SALT LAKE CITY INTERNATIONAL AIRPORT, UT US","2016-10-14","16.11","0.00","0.0","68","74","58",
"USW00024127","SALT LAKE CITY INTERNATIONAL AIRPORT, UT US","2016-10-15","8.72","0.00","0.0","63","76","53",
"USW00024127","SALT LAKE CITY INTERNATIONAL AIRPORT, UT US","2016-10-16","12.75","0.01","0.0","65","72","45",
"USW00024127","SALT LAKE CITY INTERNATIONAL AIRPORT, UT US","2016-10-17","7.61","0.35","0.0","50","59","43",
"USW00024127","SALT LAKE CITY INTERNATIONAL AIRPORT, UT US","2016-10-18","7.16","0.00","0.0","49","60","42",
"USW00024127","SALT LAKE CITY INTERNATIONAL AIRPORT, UT US","2016-10-19","5.59","0.01","0.0","48","56","41",
"USW00024127","SALT LAKE CITY INTERNATIONAL AIRPORT, UT US","2016-10-20","4.70","0.00","0.0","47","62","36",
"USW00024127","SALT LAKE CITY INTERNATIONAL AIRPORT, UT US","2016-10-21","4.03","0.00","0.0","49","68","37",
"USW00024127","SALT LAKE CITY INTERNATIONAL AIRPORT, UT US","2016-10-22","4.70","0.00","0.0","52","70","40",
"USW00024127","SALT LAKE CITY INTERNATIONAL AIRPORT, UT US","2016-10-23","6.71","0.00","0.0","56","76","44",
"USW00024127","SALT LAKE CITY INTERNATIONAL AIRPORT, UT US","2016-10-24","13.87","0.00","0.0","63","67","59",
"USW00024127","SALT LAKE CITY INTERNATIONAL AIRPORT, UT US","2016-10-25","8.95","0.00","0.0","62","70","51",
"USW00024127","SALT LAKE CITY INTERNATIONAL AIRPORT, UT US","2016-10-26","8.28","0.00","0.0","59","75","49",
"USW00024127","SALT LAKE CITY INTERNATIONAL AIRPORT, UT US","2016-10-27","15.21","0.00","0.0","63","78","54",
"USW00024127","SALT LAKE CITY INTERNATIONAL AIRPORT, UT US","2016-10-28","9.84","0.10","0.0","69","79","55",
"USW00024127","SALT LAKE CITY INTERNATIONAL AIRPORT, UT US","2016-10-29","7.38","0.00","0.0","62","73","54",
"USW00024127","SALT LAKE CITY INTERNATIONAL AIRPORT, UT US","2016-10-30","14.76","0.06","0.0","66","72","50",
"USW00024127","SALT LAKE CITY INTERNATIONAL AIRPORT, UT US","2016-10-31","5.82","0.25","0.0","58","59","46",
"USW00024127","SALT LAKE CITY INTERNATIONAL AIRPORT, UT US","2016-11-01","7.16","0.00","0.0","48","54","41",
"USW00024127","SALT LAKE CITY INTERNATIONAL AIRPORT, UT US","2016-11-02","4.47","0.00","0.0","46","56","36",
"USW00024127","SALT LAKE CITY INTERNATIONAL AIRPORT, UT US","2016-11-03","4.70","0.00","0.0","46","60","36",
"USW00024127","SALT LAKE CITY INTERNATIONAL AIRPORT, UT US","2016-11-04","4.03","0.00","0.0","47","61","37",
"USW00024127","SALT LAKE CITY INTERNATIONAL AIRPORT, UT US","2016-11-05","3.58","0.00","0.0","49","62","39",
"USW00024127","SALT LAKE CITY INTERNATIONAL AIRPORT, UT US","2016-11-06","5.14","0.00","0.0","51","68","41",
"USW00024127","SALT LAKE CITY INTERNATIONAL AIRPORT, UT US","2016-11-07","4.70","0.00","0.0","52","65","40",
"USW00024127","SALT LAKE CITY INTERNATIONAL AIRPORT, UT US","2016-11-08","4.03","0.00","0.0","51","66","41",
"USW00024127","SALT LAKE CITY INTERNATIONAL AIRPORT, UT US","2016-11-09","4.47","0.00","0.0","51","69","41",
"USW00024127","SALT LAKE CITY INTERNATIONAL AIRPORT, UT US","2016-11-10","3.80","0.00","0.0","51","64","41",
"USW00024127","SALT LAKE CITY INTERNATIONAL AIRPORT, UT US","2016-11-11","4.47","0.00","0.0","51","66","41",
"USW00024127","SALT LAKE CITY INTERNATIONAL AIRPORT, UT US","2016-11-12","5.59","0.00","0.0","52","67","43",
"USW00024127","SALT LAKE CITY INTERNATIONAL AIRPORT, UT US","2016-11-13","4.92","0.00","0.0","50","64","38",
"USW00024127","SALT LAKE CITY INTERNATIONAL AIRPORT, UT US","2016-11-14","7.83","0.00","0.0","53","70","42",
"USW00024127","SALT LAKE CITY INTERNATIONAL AIRPORT, UT US","2016-11-15","5.82","0.00","0.0","56","73","44",
"USW00024127","SALT LAKE CITY INTERNATIONAL AIRPORT, UT US","2016-11-16","12.75","0.06","0.0","49","59","34",
"USW00024127","SALT LAKE CITY INTERNATIONAL AIRPORT, UT US","2016-11-17","12.75","0.05","0.3","37","43","30",
"USW00024127","SALT LAKE CITY INTERNATIONAL AIRPORT, UT US","2016-11-18","7.16","0.00","0.0","34","46","28",
"USW00024127","SALT LAKE CITY INTERNATIONAL AIRPORT, UT US","2016-11-19","10.96","0.00","0.0","45","64","39",
"USW00024127","SALT LAKE CITY INTERNATIONAL AIRPORT, UT US","2016-11-20","10.74","0.01","0.0","54","66","48",
"USW00024127","SALT LAKE CITY INTERNATIONAL AIRPORT, UT US","2016-11-21","8.05","0.92","0.0","52","53","42",
"USW00024127","SALT LAKE CITY INTERNATIONAL AIRPORT, UT US","2016-11-22","4.25","0.00","0.0","43","49","36",
"USW00024127","SALT LAKE CITY INTERNATIONAL AIRPORT, UT US","2016-11-23","10.51","0.33","1.1","42","54","33",
"USW00024127","SALT LAKE CITY INTERNATIONAL AIRPORT, UT US","2016-11-24","7.83","0.00","0.0","35","43","30",
"USW00024127","SALT LAKE CITY INTERNATIONAL AIRPORT, UT US","2016-11-25","7.38","0.00","0.0","38","52","30",
"USW00024127","SALT LAKE CITY INTERNATIONAL AIRPORT, UT US","2016-11-26","11.63","0.00","0.0","44","57","40",
"USW00024127","SALT LAKE CITY INTERNATIONAL AIRPORT, UT US","2016-11-27","10.96","0.02","0.0","44","49","36",
"USW00024127","SALT LAKE CITY INTERNATIONAL AIRPORT, UT US","2016-11-28","6.93","0.37","4.3","35","38","31",
"USW00024127","SALT LAKE CITY INTERNATIONAL AIRPORT, UT US","2016-11-29","5.59","0.00","0.0","31","38","25",
"USW00024127","SALT LAKE CITY INTERNATIONAL AIRPORT, UT US","2016-11-30","8.72","0.00","0.0","30","37","25",
"USW00024127","SALT LAKE CITY INTERNATIONAL AIRPORT, UT US","2016-12-01","3.80","0.02","0.2","33","37","31",
"USW00024127","SALT LAKE CITY INTERNATIONAL AIRPORT, UT US","2016-12-02","5.14","0.00","0.0","31","37","25",
"USW00024127","SALT LAKE CITY INTERNATIONAL AIRPORT, UT US","2016-12-03","8.05","0.00","0.0","30","35","25",
"USW00024127","SALT LAKE CITY INTERNATIONAL AIRPORT, UT US","2016-12-04","10.51","0.00","0.0","33","44","27",
"USW00024127","SALT LAKE CITY INTERNATIONAL AIRPORT, UT US","2016-12-05","8.28","0.02","0.2","37","48","26",
"USW00024127","SALT LAKE CITY INTERNATIONAL AIRPORT, UT US","2016-12-06","6.04","0.00","0.0","27","32","22",
"USW00024127","SALT LAKE CITY INTERNATIONAL AIRPORT, UT US","2016-12-07","6.71","0.00","0.0","25","29","20",
"USW00024127","SALT LAKE CITY INTERNATIONAL AIRPORT, UT US","2016-12-08","6.04","0.00","0.0","24","32","20",
"USW00024127","SALT LAKE CITY INTERNATIONAL AIRPORT, UT US","2016-12-09","5.37","0.01","0.0","32","44","29",
"USW00024127","SALT LAKE CITY INTERNATIONAL AIRPORT, UT US","2016-12-10","7.38","0.65","0.0","39","49","32",
"USW00024127","SALT LAKE CITY INTERNATIONAL AIRPORT, UT US","2016-12-11","3.80","0.05","0.0","38","45","30",
"USW00024127","SALT LAKE CITY INTERNATIONAL AIRPORT, UT US","2016-12-12","3.80","0.00","0.0","35","43","28",
"USW00024127","SALT LAKE CITY INTERNATIONAL AIRPORT, UT US","2016-12-13","5.37","0.00","0.0","32","40","27",
"USW00024127","SALT LAKE CITY INTERNATIONAL AIRPORT, UT US","2016-12-14","3.36","0.05","0.3","33","36","31",
"USW00024127","SALT LAKE CITY INTERNATIONAL AIRPORT, UT US","2016-12-15","11.41","0.01","0.0","37","57","32",
"USW00024127","SALT LAKE CITY INTERNATIONAL AIRPORT, UT US","2016-12-16","17.67","0.30","0.0","49","54","29",
"USW00024127","SALT LAKE CITY INTERNATIONAL AIRPORT, UT US","2016-12-17","12.30","0.01","0.2","26","29","18",
"USW00024127","SALT LAKE CITY INTERNATIONAL AIRPORT, UT US","2016-12-18","5.59","0.00","0.0","20","27","15",
"USW00024127","SALT LAKE CITY INTERNATIONAL AIRPORT, UT US","2016-12-19","5.59","0.00","0.0","21","30","16",
"USW00024127","SALT LAKE CITY INTERNATIONAL AIRPORT, UT US","2016-12-20","5.37","0.00","0.0","28","38","24",
"USW00024127","SALT LAKE CITY INTERNATIONAL AIRPORT, UT US","2016-12-21","4.03","0.03","0.8","32","35","29",
"USW00024127","SALT LAKE CITY INTERNATIONAL AIRPORT, UT US","2016-12-22","2.01","0.00","0.0","30","33","27",
"USW00024127","SALT LAKE CITY INTERNATIONAL AIRPORT, UT US","2016-12-23","6.26","0.03","0.3","30","40","26",
"USW00024127","SALT LAKE CITY INTERNATIONAL AIRPORT, UT US","2016-12-24","8.95","0.31","0.5","39","48","31",
"USW00024127","SALT LAKE CITY INTERNATIONAL AIRPORT, UT US","2016-12-25","9.84","0.49","8.6","29","31","13",
"USW00024127","SALT LAKE CITY INTERNATIONAL AIRPORT, UT US","2016-12-26","4.03","0.00","0.0","19","27","5",
"USW00024127","SALT LAKE CITY INTERNATIONAL AIRPORT, UT US","2016-12-27","5.14","0.00","0.0","15","26","4",
"USW00024127","SALT LAKE CITY INTERNATIONAL AIRPORT, UT US","2016-12-28","3.58","0.00","0.0","26","33","13",
"USW00024127","SALT LAKE CITY INTERNATIONAL AIRPORT, UT US","2016-12-29","2.68","0.00","0.0","20","30","9",
"USW00024127","SALT LAKE CITY INTERNATIONAL AIRPORT, UT US","2016-12-30","3.13","0.00","0.0","18","24","10",
"USW00024127","SALT LAKE CITY INTERNATIONAL AIRPORT, UT US","2016-12-31","2.68","0.00","0.0","21","24","19",
"USW00024127","SALT LAKE CITY INTERNATIONAL AIRPORT, UT US","2017-01-01","6.26","0.00","0.0","22","27","21",
"USW00024127","SALT LAKE CITY INTERNATIONAL AIRPORT, UT US","2017-01-02","6.04","0.29","6.8","24","30","19",
"USW00024127","SALT LAKE CITY INTERNATIONAL AIRPORT, UT US","2017-01-03","5.82","0.01","0.6","24","27","17",
"USW00024127","SALT LAKE CITY INTERNATIONAL AIRPORT, UT US","2017-01-04","10.07","0.20","3.2","29","41","23",
"USW00024127","SALT LAKE CITY INTERNATIONAL AIRPORT, UT US","2017-01-05","7.61","0.10","1.5","20","23","3",
"USW00024127","SALT LAKE CITY INTERNATIONAL AIRPORT, UT US","2017-01-06","5.37","0.00","0.0","7","17","-5",
"USW00024127","SALT LAKE CITY INTERNATIONAL AIRPORT, UT US","2017-01-07","4.03","0.01","0.0","4","19","-6",
"USW00024127","SALT LAKE CITY INTERNATIONAL AIRPORT, UT US","2017-01-08","6.93","0.08","0.1","21","50","17",
"USW00024127","SALT LAKE CITY INTERNATIONAL AIRPORT, UT US","2017-01-09","14.32","0.09","0.0","44","50","35",
"USW00024127","SALT LAKE CITY INTERNATIONAL AIRPORT, UT US","2017-01-10","17.00","0.00","0.0","40","46","35","    0"
"USW00024127","SALT LAKE CITY INTERNATIONAL AIRPORT, UT US","2017-01-11","11.18","0.18","0.0","43","45","34",
"USW00024127","SALT LAKE CITY INTERNATIONAL AIRPORT, UT US","2017-01-12","3.80","0.05","0.4","34","35","29",
"USW00024127","SALT LAKE CITY INTERNATIONAL AIRPORT, UT US","2017-01-13","3.80","0.00","0.0","32","37","28",
"USW00024127","SALT LAKE CITY INTERNATIONAL AIRPORT, UT US","2017-01-14","4.47","0.00","0.0","31","34","28",
"USW00024127","SALT LAKE CITY INTERNATIONAL AIRPORT, UT US","2017-01-15","4.92","0.00","0.0","30","32","27",
"USW00024127","SALT LAKE CITY INTERNATIONAL AIRPORT, UT US","2017-01-16","6.49","0.00","0.0","27","30","22",
"USW00024127","SALT LAKE CITY INTERNATIONAL AIRPORT, UT US","2017-01-17","2.91","0.00","0.0","24","32","19",
"USW00024127","SALT LAKE CITY INTERNATIONAL AIRPORT, UT US","2017-01-18","4.92","0.00","0.0","24","32","20",
"USW00024127","SALT LAKE CITY INTERNATIONAL AIRPORT, UT US","2017-01-19","4.03","0.14","1.1","28","35","25",
"USW00024127","SALT LAKE CITY INTERNATIONAL AIRPORT, UT US","2017-01-20","8.95","0.02","0.7","33","43","29",
"USW00024127","SALT LAKE CITY INTERNATIONAL AIRPORT, UT US","2017-01-21","5.37","0.54","6.1","35","36","29",
"USW00024127","SALT LAKE CITY INTERNATIONAL AIRPORT, UT US","2017-01-22","14.76","0.01","0.0","32","38","26",
"USW00024127","SALT LAKE CITY INTERNATIONAL AIRPORT, UT US","2017-01-23","12.97","0.15","0.6","37","41","32",
"USW00024127","SALT LAKE CITY INTERNATIONAL AIRPORT, UT US","2017-01-24","2.91","0.01","0.2","31","34","28",
"USW00024127","SALT LAKE CITY INTERNATIONAL AIRPORT, UT US","2017-01-25","4.92","0.09","1.6","27","28","24",
"USW00024127","SALT LAKE CITY INTERNATIONAL AIRPORT, UT US","2017-01-26","5.82","0.00","0.3","26","33","16",
"USW00024127","SALT LAKE CITY INTERNATIONAL AIRPORT, UT US","2017-01-27","3.36","0.00","0.0","19","26","8",
"USW00024127","SALT LAKE CITY INTERNATIONAL AIRPORT, UT US","2017-01-28","5.82","0.00","0.0","20","31","14",
"USW00024127","SALT LAKE CITY INTERNATIONAL AIRPORT, UT US","2017-01-29","5.37","0.00","0.0","19","29","11",
"USW00024127","SALT LAKE CITY INTERNATIONAL AIRPORT, UT US","2017-01-30","4.70","0.00","0.0","21","27","17",
"USW00024127","SALT LAKE CITY INTERNATIONAL AIRPORT, UT US","2017-01-31","3.58","0.00","0.0","22","30","20",
"USW00024127","SALT LAKE CITY INTERNATIONAL AIRPORT, UT US","2017-02-01","3.80","0.00","0.0","26","34","22",
"USW00024127","SALT LAKE CITY INTERNATIONAL AIRPORT, UT US","2017-02-02","3.80","0.03","0.0","29","38","23",
"USW00024127","SALT LAKE CITY INTERNATIONAL AIRPORT, UT US","2017-02-03","6.71","0.00","0.0","34","49","27",
"USW00024127","SALT LAKE CITY INTERNATIONAL AIRPORT, UT US","2017-02-04","7.61","0.01","0.0","47","56","38",
"USW00024127","SALT LAKE CITY INTERNATIONAL AIRPORT, UT US","2017-02-05","10.51","0.00","0.0","45","55","35",
"USW00024127","SALT LAKE CITY INTERNATIONAL AIRPORT, UT US","2017-02-06","19.24","0.00","0.0","49","51","47",
"USW00024127","SALT LAKE CITY INTERNATIONAL AIRPORT, UT US","2017-02-07","17.45","0.00","0.0","49","59","42",
"USW00024127","SALT LAKE CITY INTERNATIONAL AIRPORT, UT US","2017-02-08","9.40","0.00","0.0","50","61","40",
"USW00024127","SALT LAKE CITY INTERNATIONAL AIRPORT, UT US","2017-02-09","15.43","0.00","0.0","55","66","44",
"USW00024127","SALT LAKE CITY INTERNATIONAL AIRPORT, UT US","2017-02-10","10.96","0.48","0.0","57","61","37",
"USW00024127","SALT LAKE CITY INTERNATIONAL AIRPORT, UT US","2017-02-11","8.28","0.28","0.0","41","46","30",
"USW00024127","SALT LAKE CITY INTERNATIONAL AIRPORT, UT US","2017-02-12","5.14","0.00","0.0","34","42","27",
"USW00024127","SALT LAKE CITY INTERNATIONAL AIRPORT, UT US","2017-02-13","3.36","0.00","0.0","33","42","25",
"USW00024127","SALT LAKE CITY INTERNATIONAL AIRPORT, UT US","2017-02-14","4.70","0.00","0.0","34","45","26",
"USW00024127","SALT LAKE CITY INTERNATIONAL AIRPORT, UT US","2017-02-15","4.47","0.00","0.0","37","51","27",
"USW00024127","SALT LAKE CITY INTERNATIONAL AIRPORT, UT US","2017-02-16","9.62","0.00","0.0","41","61","28",
"USW00024127","SALT LAKE CITY INTERNATIONAL AIRPORT, UT US","2017-02-17","8.28","0.01","0.0","44","53","32",
"USW00024127","SALT LAKE CITY INTERNATIONAL AIRPORT, UT US","2017-02-18","8.95","0.00","0.0","49","56","44",
"USW00024127","SALT LAKE CITY INTERNATIONAL AIRPORT, UT US","2017-02-19","9.17","0.12","0.0","48","53","41",
"USW00024127","SALT LAKE CITY INTERNATIONAL AIRPORT, UT US","2017-02-20","22.37","0.00","0.0","47","55","41",
"USW00024127","SALT LAKE CITY INTERNATIONAL AIRPORT, UT US","2017-02-21","22.37","0.36","0.0","55","64","33",
"USW00024127","SALT LAKE CITY INTERNATIONAL AIRPORT, UT US","2017-02-22","7.38","0.10","0.7","39","41","31",
"USW00024127","SALT LAKE CITY INTERNATIONAL AIRPORT, UT US","2017-02-23","9.62","0.08","1.8","31","33","27",
"USW00024127","SALT LAKE CITY INTERNATIONAL AIRPORT, UT US","2017-02-24","7.61","0.02","0.5","29","34","23",
"USW00024127","SALT LAKE CITY INTERNATIONAL AIRPORT, UT US","2017-02-25","7.16","0.00","0.0","26","34","21",
"USW00024127","SALT LAKE CITY INTERNATIONAL AIRPORT, UT US","2017-02-26","12.53","0.00","0.0","28","41","22",
"USW00024127","SALT LAKE CITY INTERNATIONAL AIRPORT, UT US","2017-02-27","10.07","0.19","3.4","35","40","25",
"USW00024127","SALT LAKE CITY INTERNATIONAL AIRPORT, UT US","2017-02-28","7.83","0.01","0.3","29","38","22",
"USW00024127","SALT LAKE CITY INTERNATIONAL AIRPORT, UT US","2017-03-01","5.59","0.00","0.0","33","42","28",
"USW00024127","SALT LAKE CITY INTERNATIONAL AIRPORT, UT US","2017-03-02","7.83","0.00","0.0","36","50","28",
"USW00024127","SALT LAKE CITY INTERNATIONAL AIRPORT, UT US","2017-03-03","7.16","0.00","0.0","41","57","29",
"USW00024127","SALT LAKE CITY INTERNATIONAL AIRPORT, UT US","2017-03-04","19.01","0.00","0.0","50","63","43",
"USW00024127","SALT LAKE CITY INTERNATIONAL AIRPORT, UT US","2017-03-05","27.07","0.27","3.4","56","62","28",
"USW00024127","SALT LAKE CITY INTERNATIONAL AIRPORT, UT US","2017-03-06","9.62","0.00","0.0","33","37","27",
"USW00024127","SALT LAKE CITY INTERNATIONAL AIRPORT, UT US","2017-03-07","9.62","0.00","0.0","36","48","29",
"USW00024127","SALT LAKE CITY INTERNATIONAL AIRPORT, UT US","2017-03-08","5.59","0.00","0.0","47","60","41",
"USW00024127","SALT LAKE CITY INTERNATIONAL AIRPORT, UT US","2017-03-09","5.82","0.00","0.0","50","64","38",
"USW00024127","SALT LAKE CITY INTERNATIONAL AIRPORT, UT US","2017-03-10","5.82","0.00","0.0","53","64","44",
"USW00024127","SALT LAKE CITY INTERNATIONAL AIRPORT, UT US","2017-03-11","5.14","0.00","0.0","50","61","39",
"USW00024127","SALT LAKE CITY INTERNATIONAL AIRPORT, UT US","2017-03-12","6.26","0.00","0.0","52","59","43",
"USW00024127","SALT LAKE CITY INTERNATIONAL AIRPORT, UT US","2017-03-13","6.71","0.00","0.0","50","66","38",
"USW00024127","SALT LAKE CITY INTERNATIONAL AIRPORT, UT US","2017-03-14","7.83","0.00","0.0","57","73","42",
"USW00024127","SALT LAKE CITY INTERNATIONAL AIRPORT, UT US","2017-03-15","9.62","0.00","0.0","60","76","46",
"USW00024127","SALT LAKE CITY INTERNATIONAL AIRPORT, UT US","2017-03-16","6.04","0.00","0.0","63","70","50",
"USW00024127","SALT LAKE CITY INTERNATIONAL AIRPORT, UT US","2017-03-17","5.14","0.00","0.0","58","74","45",
"USW00024127","SALT LAKE CITY INTERNATIONAL AIRPORT, UT US","2017-03-18","14.32","0.00","0.0","65","79","53",
"USW00024127","SALT LAKE CITY INTERNATIONAL AIRPORT, UT US","2017-03-19","9.17","0.00","0.0","63","73","48",
"USW00024127","SALT LAKE CITY INTERNATIONAL AIRPORT, UT US","2017-03-20","7.61","0.00","0.0","59","75","49",
"USW00024127","SALT LAKE CITY INTERNATIONAL AIRPORT, UT US","2017-03-21","15.66","0.00","0.0","66","75","57",
"USW00024127","SALT LAKE CITY INTERNATIONAL AIRPORT, UT US","2017-03-22","8.95","0.19","0.0","60","62","48",
"USW00024127","SALT LAKE CITY INTERNATIONAL AIRPORT, UT US","2017-03-23","5.82","1.97","0.2","44","48","33",
"USW00024127","SALT LAKE CITY INTERNATIONAL AIRPORT, UT US","2017-03-24","9.62","0.00","0.0","42","59","34",
"USW00024127","SALT LAKE CITY INTERNATIONAL AIRPORT, UT US","2017-03-25","6.93","0.53","0.0","49","56","39",
"USW00024127","SALT LAKE CITY INTERNATIONAL AIRPORT, UT US","2017-03-26","5.59","0.00","0.0","43","55","34",
"USW00024127","SALT LAKE CITY INTERNATIONAL AIRPORT, UT US","2017-03-27","8.28","0.40","0.0","47","50","41",
"USW00024127","SALT LAKE CITY INTERNATIONAL AIRPORT, UT US","2017-03-28","12.53","0.00","0.0","44","54","38",
"USW00024127","SALT LAKE CITY INTERNATIONAL AIRPORT, UT US","2017-03-29","4.70","0.00","0.0","46","57","36",
"USW00024127","SALT LAKE CITY INTERNATIONAL AIRPORT, UT US","2017-03-30","9.84","0.15","0.0","51","53","42",
"USW00024127","SALT LAKE CITY INTERNATIONAL AIRPORT, UT US","2017-03-31","9.62","0.00","0.0","46","56","41",
"USW00024127","SALT LAKE CITY INTERNATIONAL AIRPORT, UT US","2017-04-01","10.29","0.00","0.0","53","60","44",
"USW00024127","SALT LAKE CITY INTERNATIONAL AIRPORT, UT US","2017-04-02","6.49","0.08","0.0","49","51","43",
"USW00024127","SALT LAKE CITY INTERNATIONAL AIRPORT, UT US","2017-04-03","7.83","0.00","0.0","45","51","34",
"USW00024127","SALT LAKE CITY INTERNATIONAL AIRPORT, UT US","2017-04-04","9.40","0.00","0.0","41","49","33",
"USW00024127","SALT LAKE CITY INTERNATIONAL AIRPORT, UT US","2017-04-05","7.16","0.00","0.0","44","60","33",
"USW00024127","SALT LAKE CITY INTERNATIONAL AIRPORT, UT US","2017-04-06","14.76","0.00","0.0","56","75","45",
"USW00024127","SALT LAKE CITY INTERNATIONAL AIRPORT, UT US","2017-04-07","18.34","0.00","0.0","66","70","51",
"USW00024127","SALT LAKE CITY INTERNATIONAL AIRPORT, UT US","2017-04-08","15.66","1.01","0.8","52","59","34",
"USW00024127","SALT LAKE CITY INTERNATIONAL AIRPORT, UT US","2017-04-09","10.51","0.14","0.2","39","47","33",
"USW00024127","SALT LAKE CITY INTERNATIONAL AIRPORT, UT US","2017-04-10","8.95","0.00","0.0","44","61","35",
"USW00024127","SALT LAKE CITY INTERNATIONAL AIRPORT, UT US","2017-04-11","4.92","0.00","0.0","49","59","38",
"USW00024127","SALT LAKE CITY INTERNATIONAL AIRPORT, UT US","2017-04-12","10.74","0.00","0.0","57","74","45",
"USW00024127","SALT LAKE CITY INTERNATIONAL AIRPORT, UT US","2017-04-13","20.13","0.00","0.0","67","80","45",
"USW00024127","SALT LAKE CITY INTERNATIONAL AIRPORT, UT US","2017-04-14","10.07","0.00","0.0","51","55","43",
"USW00024127","SALT LAKE CITY INTERNATIONAL AIRPORT, UT US","2017-04-15","6.04","0.00","0.0","46","56","37",
"USW00024127","SALT LAKE CITY INTERNATIONAL AIRPORT, UT US","2017-04-16","5.82","0.00","0.0","52","69","42",
"USW00024127","SALT LAKE CITY INTERNATIONAL AIRPORT, UT US","2017-04-17","11.41","0.00","0.0","63","71","54",
"USW00024127","SALT LAKE CITY INTERNATIONAL AIRPORT, UT US","2017-04-18","9.17","0.64","0.0","58","62","45",
"USW00024127","SALT LAKE CITY INTERNATIONAL AIRPORT, UT US","2017-04-19","5.37","0.02","0.0","50","62","45",
"USW00024127","SALT LAKE CITY INTERNATIONAL AIRPORT, UT US","2017-04-20","9.40","0.29","0.0","52","56","43",
"USW00024127","SALT LAKE CITY INTERNATIONAL AIRPORT, UT US","2017-04-21","7.38","0.06","0.0","46","55","40",
"USW00024127","SALT LAKE CITY INTERNATIONAL AIRPORT, UT US","2017-04-22","7.38","0.00","0.0","49","65","38",
"USW00024127","SALT LAKE CITY INTERNATIONAL AIRPORT, UT US","2017-04-23","10.07","0.00","0.0","57","67","48",
"USW00024127","SALT LAKE CITY INTERNATIONAL AIRPORT, UT US","2017-04-24","9.17","0.16","0.0","53","56","43",
"USW00024127","SALT LAKE CITY INTERNATIONAL AIRPORT, UT US","2017-04-25","8.72","0.51","0.0","45","53","35",
"USW00024127","SALT LAKE CITY INTERNATIONAL AIRPORT, UT US","2017-04-26","6.71","0.13","0.0","49","59","42",
"USW00024127","SALT LAKE CITY INTERNATIONAL AIRPORT, UT US","2017-04-27","14.99","0.13","0.0","47","52","39",
"USW00024127","SALT LAKE CITY INTERNATIONAL AIRPORT, UT US","2017-04-28","9.62","0.05","0.0","41","46","36",
"USW00024127","SALT LAKE CITY INTERNATIONAL AIRPORT, UT US","2017-04-29","8.50","0.00","0.0","45","57","36",
"USW00024127","SALT LAKE CITY INTERNATIONAL AIRPORT, UT US","2017-04-30","6.71","0.00","0.0","50","63","38",
"USW00024127","SALT LAKE CITY INTERNATIONAL AIRPORT, UT US","2017-05-01","6.26","0.00","0.0","57","64","47",
"USW00024127","SALT LAKE CITY INTERNATIONAL AIRPORT, UT US","2017-05-02","6.93","0.00","0.0","57","66","51",
"USW00024127","SALT LAKE CITY INTERNATIONAL AIRPORT, UT US","2017-05-03","5.59","0.00","0.0","57","69","44",
"USW00024127","SALT LAKE CITY INTERNATIONAL AIRPORT, UT US","2017-05-04","5.59","0.00","0.0","61","77","46",
"USW00024127","SALT LAKE CITY INTERNATIONAL AIRPORT, UT US","2017-05-05","8.05","0.00","0.0","68","88","52",
"USW00024127","SALT LAKE CITY INTERNATIONAL AIRPORT, UT US","2017-05-06","12.97","0.00","0.0","75","85","64",
"USW00024127","SALT LAKE CITY INTERNATIONAL AIRPORT, UT US","2017-05-07","10.51","0.00","0.0","69","78","59",
"USW00024127","SALT LAKE CITY INTERNATIONAL AIRPORT, UT US","2017-05-08","8.72","0.00","0.0","63","72","55",
"USW00024127","SALT LAKE CITY INTERNATIONAL AIRPORT, UT US","2017-05-09","7.16","0.00","0.0","64","76","53",
"USW00024127","SALT LAKE CITY INTERNATIONAL AIRPORT, UT US","2017-05-10","8.05","0.00","0.0","66","77","54",
"USW00024127","SALT LAKE CITY INTERNATIONAL AIRPORT, UT US","2017-05-11","7.38","0.00","0.0","68","84","54",
"USW00024127","SALT LAKE CITY INTERNATIONAL AIRPORT, UT US","2017-05-12","19.24","0.00","0.0","74","87","52",
"USW00024127","SALT LAKE CITY INTERNATIONAL AIRPORT, UT US","2017-05-13","10.29","0.00","0.0","58","59","45",
"USW00024127","SALT LAKE CITY INTERNATIONAL AIRPORT, UT US","2017-05-14","5.82","0.00","0.0","53","69","42",
"USW00024127","SALT LAKE CITY INTERNATIONAL AIRPORT, UT US","2017-05-15","9.17","0.00","0.0","60","70","47",
"USW00024127","SALT LAKE CITY INTERNATIONAL AIRPORT, UT US","2017-05-16","9.17","0.03","0.0","57","63","53",
"USW00024127","SALT LAKE CITY INTERNATIONAL AIRPORT, UT US","2017-05-17","10.74","0.37","0.1","49","55","34",
"USW00024127","SALT LAKE CITY INTERNATIONAL AIRPORT, UT US","2017-05-18","8.28","0.00","0.0","42","51","37",
"USW00024127","SALT LAKE CITY INTERNATIONAL AIRPORT, UT US","2017-05-19","5.14","0.00","0.0","51","60","46",
"USW00024127","SALT LAKE CITY INTERNATIONAL AIRPORT, UT US","2017-05-20","5.82","0.00","0.0","56","71","44",
"USW00024127","SALT LAKE CITY INTERNATIONAL AIRPORT, UT US","2017-05-21","6.04","0.21","0.0","60","67","53",
"USW00024127","SALT LAKE CITY INTERNATIONAL AIRPORT, UT US","2017-05-22","6.49","0.00","0.0","61","76","49",
"USW00024127","SALT LAKE CITY INTERNATIONAL AIRPORT, UT US","2017-05-23","7.61","0.00","0.0","68","82","56",
"USW00024127","SALT LAKE CITY INTERNATIONAL AIRPORT, UT US","2017-05-24","12.08","0.00","0.0","73","89","60",
"USW00024127","SALT LAKE CITY INTERNATIONAL AIRPORT, UT US","2017-05-25","9.84","0.00","0.0","67","71","56",
"USW00024127","SALT LAKE CITY INTERNATIONAL AIRPORT, UT US","2017-05-26","9.84","0.00","0.0","61","68","52",
"USW00024127","SALT LAKE CITY INTERNATIONAL AIRPORT, UT US","2017-05-27","6.49","0.00","0.0","58","71","46",
"USW00024127","SALT LAKE CITY INTERNATIONAL AIRPORT, UT US","2017-05-28","5.14","0.00","0.0","65","79","51",
"USW00024127","SALT LAKE CITY INTERNATIONAL AIRPORT, UT US","2017-05-29","5.14","0.00","0.0","69","85","54",
"USW00024127","SALT LAKE CITY INTERNATIONAL AIRPORT, UT US","2017-05-30","6.04","0.00","0.0","75","90","61",
"USW00024127","SALT LAKE CITY INTERNATIONAL AIRPORT, UT US","2017-05-31","10.51","0.00","0.0","79","92","66",
"USW00024127","SALT LAKE CITY INTERNATIONAL AIRPORT, UT US","2017-06-01","10.29","0.13","0.0","78","85","67",
"USW00024127","SALT LAKE CITY INTERNATIONAL AIRPORT, UT US","2017-06-02","4.92","0.00","0.0","70","81","57",
"USW00024127","SALT LAKE CITY INTERNATIONAL AIRPORT, UT US","2017-06-03","6.26","0.00","0.0","73","91","58",
"USW00024127","SALT LAKE CITY INTERNATIONAL AIRPORT, UT US","2017-06-04","11.18","0.00","0.0","82","97","66",
"USW00024127","SALT LAKE CITY INTERNATIONAL AIRPORT, UT US","2017-06-05","6.71","0.00","0.0","80","87","66",
"USW00024127","SALT LAKE CITY INTERNATIONAL AIRPORT, UT US","2017-06-06","7.16","0.00","0.0","78","94","63",
"USW00024127","SALT LAKE CITY INTERNATIONAL AIRPORT, UT US","2017-06-07","13.20","0.00","0.0","85","98","73",
"USW00024127","SALT LAKE CITY INTERNATIONAL AIRPORT, UT US","2017-06-08","19.24","0.00","0.0","85","96","71",
"USW00024127","SALT LAKE CITY INTERNATIONAL AIRPORT, UT US","2017-06-09","10.74","0.00","0.0","78","88","59",
"USW00024127","SALT LAKE CITY INTERNATIONAL AIRPORT, UT US","2017-06-10","8.50","0.00","0.0","68","80","54",
"USW00024127","SALT LAKE CITY INTERNATIONAL AIRPORT, UT US","2017-06-11","15.21","0.00","0.0","73","92","57",
"USW00024127","SALT LAKE CITY INTERNATIONAL AIRPORT, UT US","2017-06-12","17.00","0.00","0.0","73","77","55",
"USW00024127","SALT LAKE CITY INTERNATIONAL AIRPORT, UT US","2017-06-13","6.26","0.12","0.0","58","71","50",
"USW00024127","SALT LAKE CITY INTERNATIONAL AIRPORT, UT US","2017-06-14","4.92","0.00","0.0","65","80","52",
"USW00024127","SALT LAKE CITY INTERNATIONAL AIRPORT, UT US","2017-06-15","7.16","0.00","0.0","73","89","58",
"USW00024127","SALT LAKE CITY INTERNATIONAL AIRPORT, UT US","2017-06-16","5.37","0.00","0.0","77","93","63",
"USW00024127","SALT LAKE CITY INTERNATIONAL AIRPORT, UT US","2017-06-17","9.40","0.00","0.0","77","82","66",
"USW00024127","SALT LAKE CITY INTERNATIONAL AIRPORT, UT US","2017-06-18","5.59","0.00","0.0","74","86","60",
"USW00024127","SALT LAKE CITY INTERNATIONAL AIRPORT, UT US","2017-06-19","6.04","0.00","0.0","78","94","65",
"USW00024127","SALT LAKE CITY INTERNATIONAL AIRPORT, UT US","2017-06-20","8.05","0.00","0.0","86","101","74",
"USW00024127","SALT LAKE CITY INTERNATIONAL AIRPORT, UT US","2017-06-21","8.95","0.00","0.0","85","99","71",
"USW00024127","SALT LAKE CITY INTERNATIONAL AIRPORT, UT US","2017-06-22","9.62","0.00","0.0","81","88","67",
"USW00024127","SALT LAKE CITY INTERNATIONAL AIRPORT, UT US","2017-06-23","5.82","0.00","0.0","75","86","59",
"USW00024127","SALT LAKE CITY INTERNATIONAL AIRPORT, UT US","2017-06-24","5.37","0.00","0.0","76","89","61",
"USW00024127","SALT LAKE CITY INTERNATIONAL AIRPORT, UT US","2017-06-25","4.70","0.00","0.0","78","94","63",
"USW00024127","SALT LAKE CITY INTERNATIONAL AIRPORT, UT US","2017-06-26","9.40","0.00","0.0","84","100","69",
"USW00024127","SALT LAKE CITY INTERNATIONAL AIRPORT, UT US","2017-06-27","9.40","0.00","0.0","85","92","69",
"USW00024127","SALT LAKE CITY INTERNATIONAL AIRPORT, UT US","2017-06-28","7.83","0.00","0.0","79","91","67",
"USW00024127","SALT LAKE CITY INTERNATIONAL AIRPORT, UT US","2017-06-29","8.05","0.00","0.0","77","86","64",
"USW00024127","SALT LAKE CITY INTERNATIONAL AIRPORT, UT US","2017-06-30","6.26","0.00","0.0","74","86","60",
"USW00024127","SALT LAKE CITY INTERNATIONAL AIRPORT, UT US","2017-07-01","6.26","0.00","0.0","77","94","63",
"USW00024127","SALT LAKE CITY INTERNATIONAL AIRPORT, UT US","2017-07-02","6.93","0.00","0.0","83","98","68",
"USW00024127","SALT LAKE CITY INTERNATIONAL AIRPORT, UT US","2017-07-03","8.50","0.00","0.0","87","99","75",
"USW00024127","SALT LAKE CITY INTERNATIONAL AIRPORT, UT US","2017-07-04","8.05","0.00","0.0","87","102","72",
"USW00024127","SALT LAKE CITY INTERNATIONAL AIRPORT, UT US","2017-07-05","12.75","0.00","0.0","90","105","76",
"USW00024127","SALT LAKE CITY INTERNATIONAL AIRPORT, UT US","2017-07-06","6.71","0.00","0.0","89","102","71",
"USW00024127","SALT LAKE CITY INTERNATIONAL AIRPORT, UT US","2017-07-07","7.83","0.00","0.0","88","103","71",
"USW00024127","SALT LAKE CITY INTERNATIONAL AIRPORT, UT US","2017-07-08","8.95","0.00","0.0","90","104","77",
"USW00024127","SALT LAKE CITY INTERNATIONAL AIRPORT, UT US","2017-07-09","6.93","0.00","0.0","88","101","76",
"USW00024127","SALT LAKE CITY INTERNATIONAL AIRPORT, UT US","2017-07-10","8.50","0.00","0.0","87","96","79",
"USW00024127","SALT LAKE CITY INTERNATIONAL AIRPORT, UT US","2017-07-11","10.29","0.00","0.0","87","96","79",
"USW00024127","SALT LAKE CITY INTERNATIONAL AIRPORT, UT US","2017-07-12","8.95","0.00","0.0","85","96","75",
"USW00024127","SALT LAKE CITY INTERNATIONAL AIRPORT, UT US","2017-07-13","7.38","0.00","0.0","86","100","74",
"USW00024127","SALT LAKE CITY INTERNATIONAL AIRPORT, UT US","2017-07-14","8.95","0.00","0.0","86","99","73",
"USW00024127","SALT LAKE CITY INTERNATIONAL AIRPORT, UT US","2017-07-15","6.93","0.00","0.0","87","102","73",
"USW00024127","SALT LAKE CITY INTERNATIONAL AIRPORT, UT US","2017-07-16","9.40","0.00","0.0","89","99","77",
"USW00024127","SALT LAKE CITY INTERNATIONAL AIRPORT, UT US","2017-07-17","9.40","0.00","0.0","87","99","76",
"USW00024127","SALT LAKE CITY INTERNATIONAL AIRPORT, UT US","2017-07-18","7.83","0.01","0.0","85","100","74",
"USW00024127","SALT LAKE CITY INTERNATIONAL AIRPORT, UT US","2017-07-19","14.32","0.00","0.0","90","96","79",
"USW00024127","SALT LAKE CITY INTERNATIONAL AIRPORT, UT US","2017-07-20","16.33","0.00","0.0","84","96","77",
"USW00024127","SALT LAKE CITY INTERNATIONAL AIRPORT, UT US","2017-07-21","8.28","0.00","0.0","87","97","77",
"USW00024127","SALT LAKE CITY INTERNATIONAL AIRPORT, UT US","2017-07-22","7.61","0.00","0.0","87","99","76",
"USW00024127","SALT LAKE CITY INTERNATIONAL AIRPORT, UT US","2017-07-23","5.82","0.00","0.0","85","99","71",
"USW00024127","SALT LAKE CITY INTERNATIONAL AIRPORT, UT US","2017-07-24","7.38","0.01","0.0","86","98","74",
"USW00024127","SALT LAKE CITY INTERNATIONAL AIRPORT, UT US","2017-07-25","7.38","0.01","0.0","80","85","69",
"USW00024127","SALT LAKE CITY INTERNATIONAL AIRPORT, UT US","2017-07-26","7.83","0.47","0.0","77","89","66",
"USW00024127","SALT LAKE CITY INTERNATIONAL AIRPORT, UT US","2017-07-27","6.26","0.00","0.0","78","91","67",
"USW00024127","SALT LAKE CITY INTERNATIONAL AIRPORT, UT US","2017-07-28","6.49","0.01","0.0","80","91","68",
"USW00024127","SALT LAKE CITY INTERNATIONAL AIRPORT, UT US","2017-07-29","6.26","0.00","0.0","81","95","69",
"USW00024127","SALT LAKE CITY INTERNATIONAL AIRPORT, UT US","2017-07-30","8.50","0.00","0.0","83","96","71",
"USW00024127","SALT LAKE CITY INTERNATIONAL AIRPORT, UT US","2017-07-31","5.82","0.00","0.0","84","98","68",
"USW00024127","SALT LAKE CITY INTERNATIONAL AIRPORT, UT US","2017-08-01","6.26","0.00","0.0","86","101","69",
"USW00024127","SALT LAKE CITY INTERNATIONAL AIRPORT, UT US","2017-08-02","6.26","0.00","0.0","87","100","72",
"USW00024127","SALT LAKE CITY INTERNATIONAL AIRPORT, UT US","2017-08-03","7.38","0.00","0.0","87","99","77",
"USW00024127","SALT LAKE CITY INTERNATIONAL AIRPORT, UT US","2017-08-04","10.29","0.00","0.0","86","98","76",
"USW00024127","SALT LAKE CITY INTERNATIONAL AIRPORT, UT US","2017-08-05","10.96","0.00","0.0","86","96","74",
"USW00024127","SALT LAKE CITY INTERNATIONAL AIRPORT, UT US","2017-08-06","9.17","0.00","0.0","82","92","68",
"USW00024127","SALT LAKE CITY INTERNATIONAL AIRPORT, UT US","2017-08-07","9.17","0.00","0.0","79","88","71",
"USW00024127","SALT LAKE CITY INTERNATIONAL AIRPORT, UT US","2017-08-08","7.61","0.00","0.0","78","88","70",
"USW00024127","SALT LAKE CITY INTERNATIONAL AIRPORT, UT US","2017-08-09","8.28","0.00","0.0","78","90","69",
"USW00024127","SALT LAKE CITY INTERNATIONAL AIRPORT, UT US","2017-08-10","5.82","0.00","0.0","77","90","66",
"USW00024127","SALT LAKE CITY INTERNATIONAL AIRPORT, UT US","2017-08-11","8.05","0.02","0.0","82","96","71",
"USW00024127","SALT LAKE CITY INTERNATIONAL AIRPORT, UT US","2017-08-12","11.18","0.00","0.0","84","96","74",
"USW00024127","SALT LAKE CITY INTERNATIONAL AIRPORT, UT US","2017-08-13","12.08","0.05","0.0","82","92","70",
"USW00024127","SALT LAKE CITY INTERNATIONAL AIRPORT, UT US","2017-08-14","11.41","0.00","0.0","78","85","67",
"USW00024127","SALT LAKE CITY INTERNATIONAL AIRPORT, UT US","2017-08-15","5.37","0.00","0.0","71","83","60",
"USW00024127","SALT LAKE CITY INTERNATIONAL AIRPORT, UT US","2017-08-16","6.93","0.00","0.0","73","90","60",
"USW00024127","SALT LAKE CITY INTERNATIONAL AIRPORT, UT US","2017-08-17","7.61","0.00","0.0","79","92","67",
"USW00024127","SALT LAKE CITY INTERNATIONAL AIRPORT, UT US","2017-08-18","7.83","0.00","0.0","79","93","65",
"USW00024127","SALT LAKE CITY INTERNATIONAL AIRPORT, UT US","2017-08-19","5.37","0.00","0.0","80","96","65",
"USW00024127","SALT LAKE CITY INTERNATIONAL AIRPORT, UT US","2017-08-20","6.71","0.00","0.0","83","96","70",
"USW00024127","SALT LAKE CITY INTERNATIONAL AIRPORT, UT US","2017-08-21","6.49","0.00","0.0","81","93","69",
"USW00024127","SALT LAKE CITY INTERNATIONAL AIRPORT, UT US","2017-08-22","7.83","0.00","0.0","81","91","71",
"USW00024127","SALT LAKE CITY INTERNATIONAL AIRPORT, UT US","2017-08-23","7.16","0.00","0.0","78","89","69",
"USW00024127","SALT LAKE CITY INTERNATIONAL AIRPORT, UT US","2017-08-24","8.28","0.00","0.0","80","91","68",
"USW00024127","SALT LAKE CITY INTERNATIONAL AIRPORT, UT US","2017-08-25","9.17","0.00","0.0","80","95","69",
"USW00024127","SALT LAKE CITY INTERNATIONAL AIRPORT, UT US","2017-08-26","6.93","0.00","0.0","84","97","71",
"USW00024127","SALT LAKE CITY INTERNATIONAL AIRPORT, UT US","2017-08-27","6.93","0.00","0.0","83","98","67",
"USW00024127","SALT LAKE CITY INTERNATIONAL AIRPORT, UT US","2017-08-28","7.83","0.00","0.0","83","98","67",
"USW00024127","SALT LAKE CITY INTERNATIONAL AIRPORT, UT US","2017-08-29","7.61","0.00","0.0","84","99","71",
"USW00024127","SALT LAKE CITY INTERNATIONAL AIRPORT, UT US","2017-08-30","9.40","0.00","0.0","85","94","73",
"USW00024127","SALT LAKE CITY INTERNATIONAL AIRPORT, UT US","2017-08-31","8.05","0.00","0.0","79","87","71",
"USW00024127","SALT LAKE CITY INTERNATIONAL AIRPORT, UT US","2017-09-01","6.71","0.00","0.0","78","92","66",
"USW00024127","SALT LAKE CITY INTERNATIONAL AIRPORT, UT US","2017-09-02","5.82","0.00","0.0","78","94","64",
"USW00024127","SALT LAKE CITY INTERNATIONAL AIRPORT, UT US","2017-09-03","6.71","0.00","0.0","82","98","68",
"USW00024127","SALT LAKE CITY INTERNATIONAL AIRPORT, UT US","2017-09-04","6.93","0.00","0.0","82","98","67",
"USW00024127","SALT LAKE CITY INTERNATIONAL AIRPORT, UT US","2017-09-05","5.82","0.00","0.0","82","95","65",
"USW00024127","SALT LAKE CITY INTERNATIONAL AIRPORT, UT US","2017-09-06","5.59","0.00","0.0","80","94","66",
"USW00024127","SALT LAKE CITY INTERNATIONAL AIRPORT, UT US","2017-09-07","8.05","0.00","0.0","80","93","67",
"USW00024127","SALT LAKE CITY INTERNATIONAL AIRPORT, UT US","2017-09-08","10.96","0.00","0.0","81","91","70",
"USW00024127","SALT LAKE CITY INTERNATIONAL AIRPORT, UT US","2017-09-09","8.72","0.01","0.0","75","82","67",
"USW00024127","SALT LAKE CITY INTERNATIONAL AIRPORT, UT US","2017-09-10","7.16","0.00","0.0","75","87","63",
"USW00024127","SALT LAKE CITY INTERNATIONAL AIRPORT, UT US","2017-09-11","5.82","0.00","0.0","76","91","65",
"USW00024127","SALT LAKE CITY INTERNATIONAL AIRPORT, UT US","2017-09-12","8.05","0.00","0.0","78","92","66",
"USW00024127","SALT LAKE CITY INTERNATIONAL AIRPORT, UT US","2017-09-13","7.83","0.02","0.0","77","86","68",
"USW00024127","SALT LAKE CITY INTERNATIONAL AIRPORT, UT US","2017-09-14","14.32","0.04","0.0","74","76","63",
"USW00024127","SALT LAKE CITY INTERNATIONAL AIRPORT, UT US","2017-09-15","9.62","0.43","0.0","63","66","53",
"USW00024127","SALT LAKE CITY INTERNATIONAL AIRPORT, UT US","2017-09-16","6.71","0.00","0.0","58","67","48",
"USW00024127","SALT LAKE CITY INTERNATIONAL AIRPORT, UT US","2017-09-17","5.82","0.00","0.0","60","77","48",
"USW00024127","SALT LAKE CITY INTERNATIONAL AIRPORT, UT US","2017-09-18","14.99","0.00","0.0","69","85","59",
"USW00024127","SALT LAKE CITY INTERNATIONAL AIRPORT, UT US","2017-09-19","6.71","0.13","0.0","62","64","49",
"USW00024127","SALT LAKE CITY INTERNATIONAL AIRPORT, UT US","2017-09-20","13.20","0.00","0.0","59","80","47",
"USW00024127","SALT LAKE CITY INTERNATIONAL AIRPORT, UT US","2017-09-21","12.08","0.51","0.0","59","58","41",
"USW00024127","SALT LAKE CITY INTERNATIONAL AIRPORT, UT US","2017-09-22","6.49","0.01","0.0","46","53","41",
"USW00024127","SALT LAKE CITY INTERNATIONAL AIRPORT, UT US","2017-09-23","6.71","0.40","0.0","48","56","40",
"USW00024127","SALT LAKE CITY INTERNATIONAL AIRPORT, UT US","2017-09-24","7.83","0.49","0.0","46","48","43",
"USW00024127","SALT LAKE CITY INTERNATIONAL AIRPORT, UT US","2017-09-25","5.59","0.00","0.0","48","61","42",
"USW00024127","SALT LAKE CITY INTERNATIONAL AIRPORT, UT US","2017-09-26","5.14","0.00","0.0","52","66","43",
"USW00024127","SALT LAKE CITY INTERNATIONAL AIRPORT, UT US","2017-09-27","4.70","0.00","0.0","57","69","45",
"USW00024127","SALT LAKE CITY INTERNATIONAL AIRPORT, UT US","2017-09-28","5.59","0.00","0.0","60","72","50",
"USW00024127","SALT LAKE CITY INTERNATIONAL AIRPORT, UT US","2017-09-29","6.93","0.00","0.0","63","75","54",
"USW00024127","SALT LAKE CITY INTERNATIONAL AIRPORT, UT US","2017-09-30","8.50","0.00","0.0","62","69","53",
"USW00024127","SALT LAKE CITY INTERNATIONAL AIRPORT, UT US","2017-10-01","6.93","0.06","0.0","54","59","44",
"USW00024127","SALT LAKE CITY INTERNATIONAL AIRPORT, UT US","2017-10-02","7.16","0.04","0.0","47","54","40",
"USW00024127","SALT LAKE CITY INTERNATIONAL AIRPORT, UT US","2017-10-03","4.92","0.00","0.0","46","63","35",
"USW00024127","SALT LAKE CITY INTERNATIONAL AIRPORT, UT US","2017-10-04","11.41","0.00","0.0","58","67","46",
"USW00024127","SALT LAKE CITY INTERNATIONAL AIRPORT, UT US","2017-10-05","4.03","0.00","0.0","53","64","41",
"USW00024127","SALT LAKE CITY INTERNATIONAL AIRPORT, UT US","2017-10-06","6.71","0.00","0.0","53","64","43",
"USW00024127","SALT LAKE CITY INTERNATIONAL AIRPORT, UT US","2017-10-07","12.08","0.00","0.0","58","76","48",
"USW00024127","SALT LAKE CITY INTERNATIONAL AIRPORT, UT US","2017-10-08","10.74","0.01","0.0","56","62","40",
"USW00024127","SALT LAKE CITY INTERNATIONAL AIRPORT, UT US","2017-10-09","7.38","0.00","0.0","45","57","34",
"USW00024127","SALT LAKE CITY INTERNATIONAL AIRPORT, UT US","2017-10-10","8.50","0.00","0.0","49","66","37",
"USW00024127","SALT LAKE CITY INTERNATIONAL AIRPORT, UT US","2017-10-11","13.42","0.00","0.0","59","75","51",
"USW00024127","SALT LAKE CITY INTERNATIONAL AIRPORT, UT US","2017-10-12","8.05","0.00","0.0","55","58","43",
"USW00024127","SALT LAKE CITY INTERNATIONAL AIRPORT, UT US","2017-10-13","6.93","0.00","0.0","49","65","38",
"USW00024127","SALT LAKE CITY INTERNATIONAL AIRPORT, UT US","2017-10-14","6.26","0.05","0.0","46","50","38",
"USW00024127","SALT LAKE CITY INTERNATIONAL AIRPORT, UT US","2017-10-15","5.37","0.00","0.0","43","58","32",
"USW00024127","SALT LAKE CITY INTERNATIONAL AIRPORT, UT US","2017-10-16","3.80","0.00","0.0","47","64","35",
"USW00024127","SALT LAKE CITY INTERNATIONAL AIRPORT, UT US","2017-10-17","4.70","0.00","0.0","52","70","39",
"USW00024127","SALT LAKE CITY INTERNATIONAL AIRPORT, UT US","2017-10-18","4.25","0.00","0.0","53","71","40",
"USW00024127","SALT LAKE CITY INTERNATIONAL AIRPORT, UT US","2017-10-19","7.61","0.00","0.0","56","76","43",
"USW00024127","SALT LAKE CITY INTERNATIONAL AIRPORT, UT US","2017-10-20","14.32","0.02","0.0","62","74","39",
"USW00024127","SALT LAKE CITY INTERNATIONAL AIRPORT, UT US","2017-10-21","5.59","0.00","0.0","46","55","39",
"USW00024127","SALT LAKE CITY INTERNATIONAL AIRPORT, UT US","2017-10-22","7.61","0.00","0.0","53","69","45",
"USW00024127","SALT LAKE CITY INTERNATIONAL AIRPORT, UT US","2017-10-23","5.37","0.00","0.0","58","66","46",
"USW00024127","SALT LAKE CITY INTERNATIONAL AIRPORT, UT US","2017-10-24","5.59","0.00","0.0","52","63","40",
"USW00024127","SALT LAKE CITY INTERNATIONAL AIRPORT, UT US","2017-10-25","5.82","0.00","0.0","52","70","41",
"USW00024127","SALT LAKE CITY INTERNATIONAL AIRPORT, UT US","2017-10-26","6.49","0.00","0.0","51","63","41",
"USW00024127","SALT LAKE CITY INTERNATIONAL AIRPORT, UT US","2017-10-27","5.82","0.00","0.0","51","63","39",
"USW00024127","SALT LAKE CITY INTERNATIONAL AIRPORT, UT US","2017-10-28","4.70","0.00","0.0","51","65","40",
"USW00024127","SALT LAKE CITY INTERNATIONAL AIRPORT, UT US","2017-10-29","6.49","0.00","0.0","53","72","42",
"USW00024127","SALT LAKE CITY INTERNATIONAL AIRPORT, UT US","2017-10-30","3.58","0.00","0.0","53","59","42",
"USW00024127","SALT LAKE CITY INTERNATIONAL AIRPORT, UT US","2017-10-31","4.70","0.00","0.0","47","57","36",
"USW00024127","SALT LAKE CITY INTERNATIONAL AIRPORT, UT US","2017-11-01","6.71","0.00","0.0","52","69","43",
"USW00024127","SALT LAKE CITY INTERNATIONAL AIRPORT, UT US","2017-11-02","12.97","0.00","0.0","60","72","49",
"USW00024127","SALT LAKE CITY INTERNATIONAL AIRPORT, UT US","2017-11-03","15.43","0.01","0.0","62","64","48",
"USW00024127","SALT LAKE CITY INTERNATIONAL AIRPORT, UT US","2017-11-04","12.08","0.01","0.0","55","58","44",
"USW00024127","SALT LAKE CITY INTERNATIONAL AIRPORT, UT US","2017-11-05","6.04","0.02","0.0","48","53","41",
"USW00024127","SALT LAKE CITY INTERNATIONAL AIRPORT, UT US","2017-11-06","4.92","0.02","0.0","46","50","34",
"USW00024127","SALT LAKE CITY INTERNATIONAL AIRPORT, UT US","2017-11-07","5.82","0.00","0.0","39","46","32",
"USW00024127","SALT LAKE CITY INTERNATIONAL AIRPORT, UT US","2017-11-08","5.37","0.00","0.0","36","51","26",
"USW00024127","SALT LAKE CITY INTERNATIONAL AIRPORT, UT US","2017-11-09","6.26","0.00","0.0","43","60","34",
"USW00024127","SALT LAKE CITY INTERNATIONAL AIRPORT, UT US","2017-11-10","2.68","0.00","0.0","45","53","37",
"USW00024127","SALT LAKE CITY INTERNATIONAL AIRPORT, UT US","2017-11-11","6.49","0.00","0.0","45","56","36",
"USW00024127","SALT LAKE CITY INTERNATIONAL AIRPORT, UT US","2017-11-12","3.58","0.00","0.0","43","58","32",
"USW00024127","SALT LAKE CITY INTERNATIONAL AIRPORT, UT US","2017-11-13","3.80","0.00","0.0","44","59","33",
"USW00024127","SALT LAKE CITY INTERNATIONAL AIRPORT, UT US","2017-11-14","6.04","0.00","0.0","49","58","39",
"USW00024127","SALT LAKE CITY INTERNATIONAL AIRPORT, UT US","2017-11-15","5.37","0.00","0.0","46","61","36",
"USW00024127","SALT LAKE CITY INTERNATIONAL AIRPORT, UT US","2017-11-16","20.13","0.00","0.0","59","66","53",
"USW00024127","SALT LAKE CITY INTERNATIONAL AIRPORT, UT US","2017-11-17","12.08","0.92","0.0","49","54","32",
"USW00024127","SALT LAKE CITY INTERNATIONAL AIRPORT, UT US","2017-11-18","6.04","0.00","0.0","36","45","30",
"USW00024127","SALT LAKE CITY INTERNATIONAL AIRPORT, UT US","2017-11-19","3.80","0.00","0.0","36","49","30",
"USW00024127","SALT LAKE CITY INTERNATIONAL AIRPORT, UT US","2017-11-20","3.58","0.00","0.0","39","48","34",
"USW00024127","SALT LAKE CITY INTERNATIONAL AIRPORT, UT US","2017-11-21","3.58","0.00","0.0","49","64","44",
"USW00024127","SALT LAKE CITY INTERNATIONAL AIRPORT, UT US","2017-11-22","4.70","0.00","0.0","53","68","44",
"USW00024127","SALT LAKE CITY INTERNATIONAL AIRPORT, UT US","2017-11-23","6.49","0.00","0.0","53","65","46",
"USW00024127","SALT LAKE CITY INTERNATIONAL AIRPORT, UT US","2017-11-24","4.92","0.00","0.0","53","64","44",
"USW00024127","SALT LAKE CITY INTERNATIONAL AIRPORT, UT US","2017-11-25","4.92","0.00","0.0","49","60","41",
"USW00024127","SALT LAKE CITY INTERNATIONAL AIRPORT, UT US","2017-11-26","6.71","0.00","0.0","46","69","39",
"USW00024127","SALT LAKE CITY INTERNATIONAL AIRPORT, UT US","2017-11-27","17.45","0.19","0.0","59","68","38",
"USW00024127","SALT LAKE CITY INTERNATIONAL AIRPORT, UT US","2017-11-28","5.14","0.00","0.0","40","50","32",
"USW00024127","SALT LAKE CITY INTERNATIONAL AIRPORT, UT US","2017-11-29","5.82","0.00","0.0","39","49","32",
"USW00024127","SALT LAKE CITY INTERNATIONAL AIRPORT, UT US","2017-11-30","3.80","0.00","0.0","38","49","28",
"USW00024127","SALT LAKE CITY INTERNATIONAL AIRPORT, UT US","2017-12-01","2.91","0.00","0.0","41","52","36",
"USW00024127","SALT LAKE CITY INTERNATIONAL AIRPORT, UT US","2017-12-02","4.03","0.00","0.0","41","50","32",
"USW00024127","SALT LAKE CITY INTERNATIONAL AIRPORT, UT US","2017-12-03","18.12","0.01","0.0","47","65","33",
"USW00024127","SALT LAKE CITY INTERNATIONAL AIRPORT, UT US","2017-12-04","6.93","0.09","0.9","34","34","26",
"USW00024127","SALT LAKE CITY INTERNATIONAL AIRPORT, UT US","2017-12-05","4.92","0.00","0.0","30","37","24",
"USW00024127","SALT LAKE CITY INTERNATIONAL AIRPORT, UT US","2017-12-06","3.80","0.00","0.0","29","36","23",
"USW00024127","SALT LAKE CITY INTERNATIONAL AIRPORT, UT US","2017-12-07","4.92","0.00","0.0","29","38","23",
"USW00024127","SALT LAKE CITY INTERNATIONAL AIRPORT, UT US","2017-12-08","4.25","0.00","0.0","30","40","23",
"USW00024127","SALT LAKE CITY INTERNATIONAL AIRPORT, UT US","2017-12-09","2.91","0.00","0.0","30","42","22",
"USW00024127","SALT LAKE CITY INTERNATIONAL AIRPORT, UT US","2017-12-10","3.58","0.00","0.0","29","40","21",
"USW00024127","SALT LAKE CITY INTERNATIONAL AIRPORT, UT US","2017-12-11","2.01","0.03","0.3","26","30","21",
"USW00024127","SALT LAKE CITY INTERNATIONAL AIRPORT, UT US","2017-12-12","2.01","0.05","0.6","26","27","24",
"USW00024127","SALT LAKE CITY INTERNATIONAL AIRPORT, UT US","2017-12-13","4.03","0.00","0.1","25","30","22",
"USW00024127","SALT LAKE CITY INTERNATIONAL AIRPORT, UT US","2017-12-14","4.25","0.00","0.0","30","41","24",
"USW00024127","SALT LAKE CITY INTERNATIONAL AIRPORT, UT US","2017-12-15","5.37","0.00","0.0","32","44","25",
"USW00024127","SALT LAKE CITY INTERNATIONAL AIRPORT, UT US","2017-12-16","7.16","0.08","0.8","33","36","30",
"USW00024127","SALT LAKE CITY INTERNATIONAL AIRPORT, UT US","2017-12-17","3.58","0.00","0.0","32","38","27",
"USW00024127","SALT LAKE CITY INTERNATIONAL AIRPORT, UT US","2017-12-18","6.04","0.00","0.0","33","45","27",
"USW00024127","SALT LAKE CITY INTERNATIONAL AIRPORT, UT US","2017-12-19","5.59","0.00","0.0","35","50","28",
"USW00024127","SALT LAKE CITY INTERNATIONAL AIRPORT, UT US","2017-12-20","17.45","0.04","1.0","45","55","29",
"USW00024127","SALT LAKE CITY INTERNATIONAL AIRPORT, UT US","2017-12-21","10.51","0.00","0.0","31","37","25",
"USW00024127","SALT LAKE CITY INTERNATIONAL AIRPORT, UT US","2017-12-22","7.83","0.00","0.0","29","39","23",
"USW00024127","SALT LAKE CITY INTERNATIONAL AIRPORT, UT US","2017-12-23","6.71","0.10","0.0","38","42","25",
"USW00024127","SALT LAKE CITY INTERNATIONAL AIRPORT, UT US","2017-12-24","4.25","0.22","2.0","28","33","22",
"USW00024127","SALT LAKE CITY INTERNATIONAL AIRPORT, UT US","2017-12-25","3.13","0.16","2.0","31","39","27",
"USW00024127","SALT LAKE CITY INTERNATIONAL AIRPORT, UT US","2017-12-26","2.68","0.00","0.0","28","34","18",
"USW00024127","SALT LAKE CITY INTERNATIONAL AIRPORT, UT US","2017-12-27","2.91","0.00","0.0","25","41","14",
"USW00024127","SALT LAKE CITY INTERNATIONAL AIRPORT, UT US","2017-12-28","4.25","0.00","0.0","32","46","20",
"USW00024127","SALT LAKE CITY INTERNATIONAL AIRPORT, UT US","2017-12-29","4.03","0.00","0.0","31","46","19",
"USW00024127","SALT LAKE CITY INTERNATIONAL AIRPORT, UT US","2017-12-30","5.14","0.00","0.0","40","48","32",
"USW00024127","SALT LAKE CITY INTERNATIONAL AIRPORT, UT US","2017-12-31","2.91","0.00","0.0","34","40","25",
"USW00024127","SALT LAKE CITY INTERNATIONAL AIRPORT, UT US","2018-01-01","3.13","0.00","0.0","31","44","23",
"USW00024127","SALT LAKE CITY INTERNATIONAL AIRPORT, UT US","2018-01-02","3.58","0.00","0.0","31","44","24",
"USW00024127","SALT LAKE CITY INTERNATIONAL AIRPORT, UT US","2018-01-03","3.58","0.00","0.0","29","40","22",
"USW00024127","SALT LAKE CITY INTERNATIONAL AIRPORT, UT US","2018-01-04","2.24","0.00","0.0","29","44","19",
"USW00024127","SALT LAKE CITY INTERNATIONAL AIRPORT, UT US","2018-01-05","2.68","0.00","0.0","31","46","23",
"USW00024127","SALT LAKE CITY INTERNATIONAL AIRPORT, UT US","2018-01-06","4.03","0.22","0.3","32","36","29",
"USW00024127","SALT LAKE CITY INTERNATIONAL AIRPORT, UT US","2018-01-07","4.47","0.01","0.0","36","46","32",
"USW00024127","SALT LAKE CITY INTERNATIONAL AIRPORT, UT US","2018-01-08","4.92","0.00","0.0","32","45","26",
"USW00024127","SALT LAKE CITY INTERNATIONAL AIRPORT, UT US","2018-01-09","11.41","0.02","0.0","43","51","42",
"USW00024127","SALT LAKE CITY INTERNATIONAL AIRPORT, UT US","2018-01-10","6.26","0.06","0.0","46","48","34",
"USW00024127","SALT LAKE CITY INTERNATIONAL AIRPORT, UT US","2018-01-11","12.08","0.00","0.0","39","49","33",
"USW00024127","SALT LAKE CITY INTERNATIONAL AIRPORT, UT US","2018-01-12","4.92","0.00","0.0","47","53","36",
"USW00024127","SALT LAKE CITY INTERNATIONAL AIRPORT, UT US","2018-01-13","4.92","0.00","0.0","42","54","35",
"USW00024127","SALT LAKE CITY INTERNATIONAL AIRPORT, UT US","2018-01-14","3.58","0.00","0.0","39","53","30",
"USW00024127","SALT LAKE CITY INTERNATIONAL AIRPORT, UT US","2018-01-15","2.91","0.00","0.0","38","48","30",
"USW00024127","SALT LAKE CITY INTERNATIONAL AIRPORT, UT US","2018-01-16","5.14","0.00","0.0","39","52","31",
"USW00024127","SALT LAKE CITY INTERNATIONAL AIRPORT, UT US","2018-01-17","4.03","0.00","0.0","40","55","31",
"USW00024127","SALT LAKE CITY INTERNATIONAL AIRPORT, UT US","2018-01-18","8.05","0.00","0.0","42","56","32",
"USW00024127","SALT LAKE CITY INTERNATIONAL AIRPORT, UT US","2018-01-19","16.33","0.23","2.2","54","58","33",
"USW00024127","SALT LAKE CITY INTERNATIONAL AIRPORT, UT US","2018-01-20","12.30","0.24","6.7","34","35","27",
"USW00024127","SALT LAKE CITY INTERNATIONAL AIRPORT, UT US","2018-01-21","6.04","0.00","0.0","31","37","24",
"USW00024127","SALT LAKE CITY INTERNATIONAL AIRPORT, UT US","2018-01-22","8.95","0.00","0.0","29","35","24",
"USW00024127","SALT LAKE CITY INTERNATIONAL AIRPORT, UT US","2018-01-23","4.70","0.00","0.0","34","44","27",
"USW00024127","SALT LAKE CITY INTERNATIONAL AIRPORT, UT US","2018-01-24","7.61","0.00","0.0","36","46","28",
"USW00024127","SALT LAKE CITY INTERNATIONAL AIRPORT, UT US","2018-01-25","13.42","0.03","0.2","44","51","33",
"USW00024127","SALT LAKE CITY INTERNATIONAL AIRPORT, UT US","2018-01-26","5.82","0.01","0.2","35","43","30",
"USW00024127","SALT LAKE CITY INTERNATIONAL AIRPORT, UT US","2018-01-27","8.28","0.00","0.0","36","46","31",
"USW00024127","SALT LAKE CITY INTERNATIONAL AIRPORT, UT US","2018-01-28","4.03","0.00","0.0","43","55","39",
"USW00024127","SALT LAKE CITY INTERNATIONAL AIRPORT, UT US","2018-01-29","5.37","0.00","0.0","43","57","34",
"USW00024127","SALT LAKE CITY INTERNATIONAL AIRPORT, UT US","2018-01-30","4.70","0.00","0.0","45","59","35",
"USW00024127","SALT LAKE CITY INTERNATIONAL AIRPORT, UT US","2018-01-31","5.82","0.00","0.0","46","52","40",
"USW00024127","SALT LAKE CITY INTERNATIONAL AIRPORT, UT US","2018-02-01","3.36","0.00","0.0","43","52","37",
"USW00024127","SALT LAKE CITY INTERNATIONAL AIRPORT, UT US","2018-02-02","4.03","0.00","0.0","48","59","42",
"USW00024127","SALT LAKE CITY INTERNATIONAL AIRPORT, UT US","2018-02-03","4.70","0.00","0.0","51","59","43",
"USW00024127","SALT LAKE CITY INTERNATIONAL AIRPORT, UT US","2018-02-04","4.47","0.00","0.0","49","56","41",
"USW00024127","SALT LAKE CITY INTERNATIONAL AIRPORT, UT US","2018-02-05","7.83","0.00","0.0","52","57","44",
"USW00024127","SALT LAKE CITY INTERNATIONAL AIRPORT, UT US","2018-02-06","4.92","0.00","0.0","44","50","35",
"USW00024127","SALT LAKE CITY INTERNATIONAL AIRPORT, UT US","2018-02-07","6.71","0.00","0.0","42","56","34",
"USW00024127","SALT LAKE CITY INTERNATIONAL AIRPORT, UT US","2018-02-08","9.62","0.00","0.0","49","60","39",
"USW00024127","SALT LAKE CITY INTERNATIONAL AIRPORT, UT US","2018-02-09","8.05","0.00","0.0","53","62","46",
"USW00024127","SALT LAKE CITY INTERNATIONAL AIRPORT, UT US","2018-02-10","12.30","0.00","0.0","46","49","31",
"USW00024127","SALT LAKE CITY INTERNATIONAL AIRPORT, UT US","2018-02-11","12.30","0.00","0.0","35","47","27",
"USW00024127","SALT LAKE CITY INTERNATIONAL AIRPORT, UT US","2018-02-12","8.05","0.00","0.0","45","49","32",
"USW00024127","SALT LAKE CITY INTERNATIONAL AIRPORT, UT US","2018-02-13","4.25","0.00","0.0","37","46","28",
"USW00024127","SALT LAKE CITY INTERNATIONAL AIRPORT, UT US","2018-02-14","8.72","0.00","0.0","40","56","32",
"USW00024127","SALT LAKE CITY INTERNATIONAL AIRPORT, UT US","2018-02-15","9.62","0.01","0.2","41","43","29",
"USW00024127","SALT LAKE CITY INTERNATIONAL AIRPORT, UT US","2018-02-16","8.28","0.00","0.0","34","46","26",
"USW00024127","SALT LAKE CITY INTERNATIONAL AIRPORT, UT US","2018-02-17","14.54","0.00","0.0","41","59","31",
"USW00024127","SALT LAKE CITY INTERNATIONAL AIRPORT, UT US","2018-02-18","18.34","0.26","1.0","53","56","33",
"USW00024127","SALT LAKE CITY INTERNATIONAL AIRPORT, UT US","2018-02-19","12.97","0.51","6.5","31","33","22",
"USW00024127","SALT LAKE CITY INTERNATIONAL AIRPORT, UT US","2018-02-20","5.82","0.05","0.9","24","28","16",
"USW00024127","SALT LAKE CITY INTERNATIONAL AIRPORT, UT US","2018-02-21","6.04","0.00","0.0","22","32","15",
"USW00024127","SALT LAKE CITY INTERNATIONAL AIRPORT, UT US","2018-02-22","8.95","0.00","0.0","27","37","19",
"USW00024127","SALT LAKE CITY INTERNATIONAL AIRPORT, UT US","2018-02-23","8.72","0.22","5.5","30","31","12",
"USW00024127","SALT LAKE CITY INTERNATIONAL AIRPORT, UT US","2018-02-24","11.63","0.00","0.0","22","32","13",
"USW00024127","SALT LAKE CITY INTERNATIONAL AIRPORT, UT US","2018-02-25","10.51","0.01","0.1","30","36","26",
"USW00024127","SALT LAKE CITY INTERNATIONAL AIRPORT, UT US","2018-02-26","10.96","0.00","0.0","37","45","32",
"USW00024127","SALT LAKE CITY INTERNATIONAL AIRPORT, UT US","2018-02-27","5.37","0.00","0.0","36","40","30",
"USW00024127","SALT LAKE CITY INTERNATIONAL AIRPORT, UT US","2018-02-28","5.14","0.00","0.1","35","43","29",
"USW00024127","SALT LAKE CITY INTERNATIONAL AIRPORT, UT US","2018-03-01","12.75","0.00","0.0","40","46","36",
"USW00024127","SALT LAKE CITY INTERNATIONAL AIRPORT, UT US","2018-03-02","19.01","0.00","0.0","48","60","36",
"USW00024127","SALT LAKE CITY INTERNATIONAL AIRPORT, UT US","2018-03-03","8.72","0.05","0.7","38","47","31",
"USW00024127","SALT LAKE CITY INTERNATIONAL AIRPORT, UT US","2018-03-04","8.50","0.71","7.6","35","40","30",
"USW00024127","SALT LAKE CITY INTERNATIONAL AIRPORT, UT US","2018-03-05","6.26","0.00","0.0","35","42","28",
"USW00024127","SALT LAKE CITY INTERNATIONAL AIRPORT, UT US","2018-03-06","6.93","0.00","0.0","33","48","24",
"USW00024127","SALT LAKE CITY INTERNATIONAL AIRPORT, UT US","2018-03-07","4.47","0.00","0.0","36","50","27",
"USW00024127","SALT LAKE CITY INTERNATIONAL AIRPORT, UT US","2018-03-08","4.70","0.00","0.0","42","58","31",
"USW00024127","SALT LAKE CITY INTERNATIONAL AIRPORT, UT US","2018-03-09","5.37","0.00","0.0","47","60","38",
"USW00024127","SALT LAKE CITY INTERNATIONAL AIRPORT, UT US","2018-03-10","5.59","0.00","0.0","49","59","39",
"USW00024127","SALT LAKE CITY INTERNATIONAL AIRPORT, UT US","2018-03-11","5.37","0.00","0.0","49","64","38",
"USW00024127","SALT LAKE CITY INTERNATIONAL AIRPORT, UT US","2018-03-12","4.47","0.00","0.0","53","64","43",
"USW00024127","SALT LAKE CITY INTERNATIONAL AIRPORT, UT US","2018-03-13","5.82","0.00","0.0","53","69","39",
"USW00024127","SALT LAKE CITY INTERNATIONAL AIRPORT, UT US","2018-03-14","12.75","0.66","0.0","59","63","38",
"USW00024127","SALT LAKE CITY INTERNATIONAL AIRPORT, UT US","2018-03-15","5.37","0.30","0.1","42","45","36",
"USW00024127","SALT LAKE CITY INTERNATIONAL AIRPORT, UT US","2018-03-16","11.86","0.01","0.0","43","56","35",
"USW00024127","SALT LAKE CITY INTERNATIONAL AIRPORT, UT US","2018-03-17","10.51","0.15","0.5","46","53","36",
"USW00024127","SALT LAKE CITY INTERNATIONAL AIRPORT, UT US","2018-03-18","9.62","0.01","0.0","38","46","33",
"USW00024127","SALT LAKE CITY INTERNATIONAL AIRPORT, UT US","2018-03-19","5.14","0.00","0.0","40","51","33",
"USW00024127","SALT LAKE CITY INTERNATIONAL AIRPORT, UT US","2018-03-20","8.05","0.00","0.0","46","60","38",
"USW00024127","SALT LAKE CITY INTERNATIONAL AIRPORT, UT US","2018-03-21","10.29","0.00","0.0","53","67","44",
"USW00024127","SALT LAKE CITY INTERNATIONAL AIRPORT, UT US","2018-03-22","20.13","0.00","0.0","59","65","53",
"USW00024127","SALT LAKE CITY INTERNATIONAL AIRPORT, UT US","2018-03-23","7.61","0.40","0.0","53","61","44",
"USW00024127","SALT LAKE CITY INTERNATIONAL AIRPORT, UT US","2018-03-24","11.18","0.01","0.0","53","60","42",
"USW00024127","SALT LAKE CITY INTERNATIONAL AIRPORT, UT US","2018-03-25","8.95","0.25","1.2","42","44","35",
"USW00024127","SALT LAKE CITY INTERNATIONAL AIRPORT, UT US","2018-03-26","6.71","0.03","0.4","38","48","32",
"USW00024127","SALT LAKE CITY INTERNATIONAL AIRPORT, UT US","2018-03-27","6.04","0.00","0.0","41","52","31",
"USW00024127","SALT LAKE CITY INTERNATIONAL AIRPORT, UT US","2018-03-28","9.40","0.00","0.0","50","59","42",
"USW00024127","SALT LAKE CITY INTERNATIONAL AIRPORT, UT US","2018-03-29","6.04","0.00","0.0","51","59","41",
"USW00024127","SALT LAKE CITY INTERNATIONAL AIRPORT, UT US","2018-03-30","8.05","0.00","0.0","53","69","44",
"USW00024127","SALT LAKE CITY INTERNATIONAL AIRPORT, UT US","2018-03-31","7.38","0.00","0.0","60","73","48",
"USW00024127","SALT LAKE CITY INTERNATIONAL AIRPORT, UT US","2018-04-01","4.92","0.00","0.0","58","69","46",
"USW00024127","SALT LAKE CITY INTERNATIONAL AIRPORT, UT US","2018-04-02","10.29","0.05","0.0","57","64","32",
"USW00024127","SALT LAKE CITY INTERNATIONAL AIRPORT, UT US","2018-04-03","5.37","0.00","0.0","39","55","29",
"USW00024127","SALT LAKE CITY INTERNATIONAL AIRPORT, UT US","2018-04-04","4.70","0.00","0.0","50","62","42",
"USW00024127","SALT LAKE CITY INTERNATIONAL AIRPORT, UT US","2018-04-05","6.49","0.00","0.0","55","68","44",
"USW00024127","SALT LAKE CITY INTERNATIONAL AIRPORT, UT US","2018-04-06","5.37","0.06","0.0","57","59","51",
"USW00024127","SALT LAKE CITY INTERNATIONAL AIRPORT, UT US","2018-04-07","9.40","0.25","0.0","55","60","50",
"USW00024127","SALT LAKE CITY INTERNATIONAL AIRPORT, UT US","2018-04-08","8.95","0.01","0.0","53","57","43",
"USW00024127","SALT LAKE CITY INTERNATIONAL AIRPORT, UT US","2018-04-09","5.82","0.00","0.0","53","63","42",
"USW00024127","SALT LAKE CITY INTERNATIONAL AIRPORT, UT US","2018-04-10","9.17","0.00","0.0","56","71","45",
"USW00024127","SALT LAKE CITY INTERNATIONAL AIRPORT, UT US","2018-04-11","8.50","0.00","0.0","64","72","53",
"USW00024127","SALT LAKE CITY INTERNATIONAL AIRPORT, UT US","2018-04-12","17.00","0.52","0.2","53","59","36",
"USW00024127","SALT LAKE CITY INTERNATIONAL AIRPORT, UT US","2018-04-13","11.86","0.04","0.3","43","52","37",
"USW00024127","SALT LAKE CITY INTERNATIONAL AIRPORT, UT US","2018-04-14","6.26","0.00","0.0","48","63","37",
"USW00024127","SALT LAKE CITY INTERNATIONAL AIRPORT, UT US","2018-04-15","14.54","0.00","0.0","58","74","50",
"USW00024127","SALT LAKE CITY INTERNATIONAL AIRPORT, UT US","2018-04-16","24.16","0.12","0.4","68","75","35",
"USW00024127","SALT LAKE CITY INTERNATIONAL AIRPORT, UT US","2018-04-17","8.50","0.13","0.5","41","49","33",
"USW00024127","SALT LAKE CITY INTERNATIONAL AIRPORT, UT US","2018-04-18","4.92","0.00","0.0","44","59","34",
"USW00024127","SALT LAKE CITY INTERNATIONAL AIRPORT, UT US","2018-04-19","9.17","0.00","0.0","54","69","45",
"USW00024127","SALT LAKE CITY INTERNATIONAL AIRPORT, UT US","2018-04-20","8.50","0.00","0.0","56","64","45",
"USW00024127","SALT LAKE CITY INTERNATIONAL AIRPORT, UT US","2018-04-21","5.82","0.00","0.0","56","69","43",
"USW00024127","SALT LAKE CITY INTERNATIONAL AIRPORT, UT US","2018-04-22","6.26","0.00","0.0","61","77","47",
"USW00024127","SALT LAKE CITY INTERNATIONAL AIRPORT, UT US","2018-04-23","9.84","0.00","0.0","63","67","50",
"USW00024127","SALT LAKE CITY INTERNATIONAL AIRPORT, UT US","2018-04-24","6.26","0.00","0.0","54","66","42",
"USW00024127","SALT LAKE CITY INTERNATIONAL AIRPORT, UT US","2018-04-25","7.61","0.00","0.0","58","74","48",
"USW00024127","SALT LAKE CITY INTERNATIONAL AIRPORT, UT US","2018-04-26","6.04","0.00","0.0","62","77","47",
"USW00024127","SALT LAKE CITY INTERNATIONAL AIRPORT, UT US","2018-04-27","9.17","0.00","0.0","67","85","51",
"USW00024127","SALT LAKE CITY INTERNATIONAL AIRPORT, UT US","2018-04-28","14.76","0.00","0.0","75","87","59",
"USW00024127","SALT LAKE CITY INTERNATIONAL AIRPORT, UT US","2018-04-29","10.51","0.01","0.0","61","66","47",
"USW00024127","SALT LAKE CITY INTERNATIONAL AIRPORT, UT US","2018-04-30","7.38","0.72","0.0","48","55","36",
"USW00024127","SALT LAKE CITY INTERNATIONAL AIRPORT, UT US","2018-05-01","5.37","0.00","0.0","50","61","41",
"USW00024127","SALT LAKE CITY INTERNATIONAL AIRPORT, UT US","2018-05-02","6.71","0.16","0.0","52","61","45",
"USW00024127","SALT LAKE CITY INTERNATIONAL AIRPORT, UT US","2018-05-03","6.71","0.00","0.0","53","68","46",
"USW00024127","SALT LAKE CITY INTERNATIONAL AIRPORT, UT US","2018-05-04","7.61","0.00","0.0","61","77","50",
"USW00024127","SALT LAKE CITY INTERNATIONAL AIRPORT, UT US","2018-05-05","7.61","0.00","0.0","67","80","53",
"USW00024127","SALT LAKE CITY INTERNATIONAL AIRPORT, UT US","2018-05-06","14.32","0.00","0.0","71","86","60",
"USW00024127","SALT LAKE CITY INTERNATIONAL AIRPORT, UT US","2018-05-07","7.16","0.00","0.0","74","82","60",
"USW00024127","SALT LAKE CITY INTERNATIONAL AIRPORT, UT US","2018-05-08","5.37","0.00","0.0","69","82","54",
"USW00024127","SALT LAKE CITY INTERNATIONAL AIRPORT, UT US","2018-05-09","8.05","0.00","0.0","72","85","61",
"USW00024127","SALT LAKE CITY INTERNATIONAL AIRPORT, UT US","2018-05-10","7.61","0.05","0.0","71","78","57",
"USW00024127","SALT LAKE CITY INTERNATIONAL AIRPORT, UT US","2018-05-11","9.17","0.02","0.0","59","58","48",
"USW00024127","SALT LAKE CITY INTERNATIONAL AIRPORT, UT US","2018-05-12","9.62","0.23","0.0","49","57","44",
"USW00024127","SALT LAKE CITY INTERNATIONAL AIRPORT, UT US","2018-05-13","6.04","0.00","0.0","53","68","41",
"USW00024127","SALT LAKE CITY INTERNATIONAL AIRPORT, UT US","2018-05-14","8.28","0.32","0.0","57","69","47",
"USW00024127","SALT LAKE CITY INTERNATIONAL AIRPORT, UT US","2018-05-15","6.04","0.00","0.0","57","72","47",
"USW00024127","SALT LAKE CITY INTERNATIONAL AIRPORT, UT US","2018-05-16","7.61","0.00","0.0","65","82","52",
"USW00024127","SALT LAKE CITY INTERNATIONAL AIRPORT, UT US","2018-05-17","9.17","0.00","0.0","69","81","54",
"USW00024127","SALT LAKE CITY INTERNATIONAL AIRPORT, UT US","2018-05-18","6.49","0.00","0.0","64","73","55",
"USW00024127","SALT LAKE CITY INTERNATIONAL AIRPORT, UT US","2018-05-19","5.59","0.00","0.0","65","77","53",
"USW00024127","SALT LAKE CITY INTERNATIONAL AIRPORT, UT US","2018-05-20","8.05","0.05","0.0","68","80","56",
"USW00024127","SALT LAKE CITY INTERNATIONAL AIRPORT, UT US","2018-05-21","5.82","0.00","0.0","66","81","54",
"USW00024127","SALT LAKE CITY INTERNATIONAL AIRPORT, UT US","2018-05-22","8.05","0.05","0.0","65","72","56",
"USW00024127","SALT LAKE CITY INTERNATIONAL AIRPORT, UT US","2018-05-23","8.95","0.09","0.0","62","74","54",
"USW00024127","SALT LAKE CITY INTERNATIONAL AIRPORT, UT US","2018-05-24","7.61","0.00","0.0","68","86","56",
"USW00024127","SALT LAKE CITY INTERNATIONAL AIRPORT, UT US","2018-05-25","7.83","0.00","0.0","75","90","59",
"USW00024127","SALT LAKE CITY INTERNATIONAL AIRPORT, UT US","2018-05-26","9.40","0.00","0.0","76","84","61",
"USW00024127","SALT LAKE CITY INTERNATIONAL AIRPORT, UT US","2018-05-27","6.71","0.17","0.0","65","68","55",
"USW00024127","SALT LAKE CITY INTERNATIONAL AIRPORT, UT US","2018-05-28","5.82","0.01","0.0","60","70","54",
"USW00024127","SALT LAKE CITY INTERNATIONAL AIRPORT, UT US","2018-05-29","6.93","0.00","0.0","63","79","54",
"USW00024127","SALT LAKE CITY INTERNATIONAL AIRPORT, UT US","2018-05-30","10.51","0.11","0.0","71","85","60",
"USW00024127","SALT LAKE CITY INTERNATIONAL AIRPORT, UT US","2018-05-31","14.32","0.00","0.0","72","89","57",
"USW00024127","SALT LAKE CITY INTERNATIONAL AIRPORT, UT US","2018-06-01","9.84","0.00","0.0","65","70","54",
"USW00024127","SALT LAKE CITY INTERNATIONAL AIRPORT, UT US","2018-06-02","6.49","0.00","0.0","64","79","50",
"USW00024127","SALT LAKE CITY INTERNATIONAL AIRPORT, UT US","2018-06-03","5.82","0.00","0.0","70","87","55",
"USW00024127","SALT LAKE CITY INTERNATIONAL AIRPORT, UT US","2018-06-04","9.40","0.00","0.0","78","97","62",
"USW00024127","SALT LAKE CITY INTERNATIONAL AIRPORT, UT US","2018-06-05","10.07","0.00","0.0","84","92","71",
"USW00024127","SALT LAKE CITY INTERNATIONAL AIRPORT, UT US","2018-06-06","6.71","0.00","0.0","79","94","62",
"USW00024127","SALT LAKE CITY INTERNATIONAL AIRPORT, UT US","2018-06-07","12.75","0.00","0.0","82","94","69",
"USW00024127","SALT LAKE CITY INTERNATIONAL AIRPORT, UT US","2018-06-08","6.71","0.00","0.0","78","92","62",
"USW00024127","SALT LAKE CITY INTERNATIONAL AIRPORT, UT US","2018-06-09","19.01","0.00","0.0","81","96","68",
"USW00024127","SALT LAKE CITY INTERNATIONAL AIRPORT, UT US","2018-06-10","13.20","0.00","0.0","71","75","55",
"USW00024127","SALT LAKE CITY INTERNATIONAL AIRPORT, UT US","2018-06-11","9.40","0.00","0.0","65","83","52",
"USW00024127","SALT LAKE CITY INTERNATIONAL AIRPORT, UT US","2018-06-12","6.71","0.00","0.0","69","83","54",
"USW00024127","SALT LAKE CITY INTERNATIONAL AIRPORT, UT US","2018-06-13","8.50","0.00","0.0","76","97","61",
"USW00024127","SALT LAKE CITY INTERNATIONAL AIRPORT, UT US","2018-06-14","13.20","0.00","0.0","87","94","71",
"USW00024127","SALT LAKE CITY INTERNATIONAL AIRPORT, UT US","2018-06-15","9.17","0.00","0.0","77","89","61",
"USW00024127","SALT LAKE CITY INTERNATIONAL AIRPORT, UT US","2018-06-16","7.61","0.00","0.0","74","85","62",
"USW00024127","SALT LAKE CITY INTERNATIONAL AIRPORT, UT US","2018-06-17","18.57","0.02","0.0","80","92","62",
"USW00024127","SALT LAKE CITY INTERNATIONAL AIRPORT, UT US","2018-06-18","8.72","0.03","0.0","70","79","61",
"USW00024127","SALT LAKE CITY INTERNATIONAL AIRPORT, UT US","2018-06-19","7.83","0.00","0.0","69","78","60",
"USW00024127","SALT LAKE CITY INTERNATIONAL AIRPORT, UT US","2018-06-20","6.26","0.00","0.0","71","84","60",
"USW00024127","SALT LAKE CITY INTERNATIONAL AIRPORT, UT US","2018-06-21","9.84","0.00","0.0","78","92","65",
"USW00024127","SALT LAKE CITY INTERNATIONAL AIRPORT, UT US","2018-06-22","7.61","0.00","0.0","77","85","62",
"USW00024127","SALT LAKE CITY INTERNATIONAL AIRPORT, UT US","2018-06-23","11.86","0.00","0.0","77","87","65",
"USW00024127","SALT LAKE CITY INTERNATIONAL AIRPORT, UT US","2018-06-24","5.82","0.00","0.0","72","83","58",
"USW00024127","SALT LAKE CITY INTERNATIONAL AIRPORT, UT US","2018-06-25","7.61","0.00","0.0","75","94","62",
"USW00024127","SALT LAKE CITY INTERNATIONAL AIRPORT, UT US","2018-06-26","8.05","0.00","0.0","84","96","69",
"USW00024127","SALT LAKE CITY INTERNATIONAL AIRPORT, UT US","2018-06-27","7.61","0.00","0.0","82","96","68",
"USW00024127","SALT LAKE CITY INTERNATIONAL AIRPORT, UT US","2018-06-28","18.12","0.00","0.0","88","97","70",
"USW00024127","SALT LAKE CITY INTERNATIONAL AIRPORT, UT US","2018-06-29","9.62","0.00","0.0","74","78","61",
"USW00024127","SALT LAKE CITY INTERNATIONAL AIRPORT, UT US","2018-06-30","6.93","0.00","0.0","69","77","57",
"USW00024127","SALT LAKE CITY INTERNATIONAL AIRPORT, UT US","2018-07-01","7.38","0.00","0.0","71","86","59",
"USW00024127","SALT LAKE CITY INTERNATIONAL AIRPORT, UT US","2018-07-02","7.38","0.00","0.0","78","92","65",
"USW00024127","SALT LAKE CITY INTERNATIONAL AIRPORT, UT US","2018-07-03","11.18","0.00","0.0","80","87","66",
"USW00024127","SALT LAKE CITY INTERNATIONAL AIRPORT, UT US","2018-07-04","8.28","0.00","0.0","76","96","60",
"USW00024127","SALT LAKE CITY INTERNATIONAL AIRPORT, UT US","2018-07-05","11.41","0.00","0.0","83","98","70",
"USW00024127","SALT LAKE CITY INTERNATIONAL AIRPORT, UT US","2018-07-06","11.86","0.00","0.0","89","102","76",
"USW00024127","SALT LAKE CITY INTERNATIONAL AIRPORT, UT US","2018-07-07","10.51","0.00","0.0","89","98","78",
"USW00024127","SALT LAKE CITY INTERNATIONAL AIRPORT, UT US","2018-07-08","11.63","0.00","0.0","88","99","76",
"USW00024127","SALT LAKE CITY INTERNATIONAL AIRPORT, UT US","2018-07-09","8.28","0.00","0.0","84","99","74",
"USW00024127","SALT LAKE CITY INTERNATIONAL AIRPORT, UT US","2018-07-10","9.17","0.02","0.0","86","98","75",
"USW00024127","SALT LAKE CITY INTERNATIONAL AIRPORT, UT US","2018-07-11","6.49","0.00","0.0","83","92","71",
"USW00024127","SALT LAKE CITY INTERNATIONAL AIRPORT, UT US","2018-07-12","7.38","0.00","0.0","84","95","77",
"USW00024127","SALT LAKE CITY INTERNATIONAL AIRPORT, UT US","2018-07-13","7.61","0.00","0.0","84","96","71",
"USW00024127","SALT LAKE CITY INTERNATIONAL AIRPORT, UT US","2018-07-14","7.83","0.00","0.0","83","90","74",
"USW00024127","SALT LAKE CITY INTERNATIONAL AIRPORT, UT US","2018-07-15","8.05","0.00","0.0","81","97","70",
"USW00024127","SALT LAKE CITY INTERNATIONAL AIRPORT, UT US","2018-07-16","10.29","0.17","0.0","84","97","72",
"USW00024127","SALT LAKE CITY INTERNATIONAL AIRPORT, UT US","2018-07-17","6.93","0.00","0.0","82","95","70",
"USW00024127","SALT LAKE CITY INTERNATIONAL AIRPORT, UT US","2018-07-18","6.49","0.00","0.0","83","97","68",
"USW00024127","SALT LAKE CITY INTERNATIONAL AIRPORT, UT US","2018-07-19","6.93","0.00","0.0","84","98","70",
"USW00024127","SALT LAKE CITY INTERNATIONAL AIRPORT, UT US","2018-07-20","8.50","0.00","0.0","85","93","75",
"USW00024127","SALT LAKE CITY INTERNATIONAL AIRPORT, UT US","2018-07-21","11.18","0.00","0.0","85","98","72",
"USW00024127","SALT LAKE CITY INTERNATIONAL AIRPORT, UT US","2018-07-22","8.95","0.00","0.0","80","85","70",
"USW00024127","SALT LAKE CITY INTERNATIONAL AIRPORT, UT US","2018-07-23","6.26","0.00","0.0","78","94","65",
"USW00024127","SALT LAKE CITY INTERNATIONAL AIRPORT, UT US","2018-07-24","6.93","0.00","0.0","83","99","69",
"USW00024127","SALT LAKE CITY INTERNATIONAL AIRPORT, UT US","2018-07-25","8.28","0.00","0.0","87","96","77",
"USW00024127","SALT LAKE CITY INTERNATIONAL AIRPORT, UT US","2018-07-26","6.71","0.00","0.0","84","97","73",
"USW00024127","SALT LAKE CITY INTERNATIONAL AIRPORT, UT US","2018-07-27","8.05","0.00","0.0","86","99","72",
"USW00024127","SALT LAKE CITY INTERNATIONAL AIRPORT, UT US","2018-07-28","6.26","0.00","0.0","86","100","72",
"USW00024127","SALT LAKE CITY INTERNATIONAL AIRPORT, UT US","2018-07-29","6.04","0.00","0.0","83","94","68",
"USW00024127","SALT LAKE CITY INTERNATIONAL AIRPORT, UT US","2018-07-30","5.59","0.00","0.0","81","95","69",
"USW00024127","SALT LAKE CITY INTERNATIONAL AIRPORT, UT US","2018-07-31","8.05","0.00","0.0","83","99","67",
"USW00024127","SALT LAKE CITY INTERNATIONAL AIRPORT, UT US","2018-08-01","7.61","0.00","0.0","86","97","75",
"USW00024127","SALT LAKE CITY INTERNATIONAL AIRPORT, UT US","2018-08-02","10.74","0.07","0.0","83","90","74",
"USW00024127","SALT LAKE CITY INTERNATIONAL AIRPORT, UT US","2018-08-03","8.72","0.00","0.0","81","92","70",
"USW00024127","SALT LAKE CITY INTERNATIONAL AIRPORT, UT US","2018-08-04","7.38","0.00","0.0","79","90","65",
"USW00024127","SALT LAKE CITY INTERNATIONAL AIRPORT, UT US","2018-08-05","7.83","0.00","0.0","78","88","63",
"USW00024127","SALT LAKE CITY INTERNATIONAL AIRPORT, UT US","2018-08-06","6.26","0.00","0.0","75","90","61",
"USW00024127","SALT LAKE CITY INTERNATIONAL AIRPORT, UT US","2018-08-07","6.71","0.00","0.0","76","92","61",
"USW00024127","SALT LAKE CITY INTERNATIONAL AIRPORT, UT US","2018-08-08","6.49","0.00","0.0","79","95","64",
"USW00024127","SALT LAKE CITY INTERNATIONAL AIRPORT, UT US","2018-08-09","6.26","0.00","0.0","81","98","65",
"USW00024127","SALT LAKE CITY INTERNATIONAL AIRPORT, UT US","2018-08-10","5.82","0.00","0.0","83","99","67",
"USW00024127","SALT LAKE CITY INTERNATIONAL AIRPORT, UT US","2018-08-11","7.83","0.00","0.0","85","98","71",
"USW00024127","SALT LAKE CITY INTERNATIONAL AIRPORT, UT US","2018-08-12","7.16","0.00","0.0","85","96","72",
"USW00024127","SALT LAKE CITY INTERNATIONAL AIRPORT, UT US","2018-08-13","7.38","0.00","0.0","83","95","73",
"USW00024127","SALT LAKE CITY INTERNATIONAL AIRPORT, UT US","2018-08-14","6.26","0.00","0.0","83","95","69",
"USW00024127","SALT LAKE CITY INTERNATIONAL AIRPORT, UT US","2018-08-15","8.50","0.00","0.0","80","91","69",
"USW00024127","SALT LAKE CITY INTERNATIONAL AIRPORT, UT US","2018-08-16","7.16","0.00","0.0","81","92","71",
"USW00024127","SALT LAKE CITY INTERNATIONAL AIRPORT, UT US","2018-08-17","7.16","0.00","0.0","81","93","69",
"USW00024127","SALT LAKE CITY INTERNATIONAL AIRPORT, UT US","2018-08-18","7.83","0.00","0.0","76","86","63",
"USW00024127","SALT LAKE CITY INTERNATIONAL AIRPORT, UT US","2018-08-19","5.82","0.00","0.0","74","88","61",
"USW00024127","SALT LAKE CITY INTERNATIONAL AIRPORT, UT US","2018-08-20","13.42","0.00","0.0","78","92","67",
"USW00024127","SALT LAKE CITY INTERNATIONAL AIRPORT, UT US","2018-08-21","9.40","0.05","0.0","77","87","66",
"USW00024127","SALT LAKE CITY INTERNATIONAL AIRPORT, UT US","2018-08-22","14.09","0.33","0.0","74","86","62",
"USW00024127","SALT LAKE CITY INTERNATIONAL AIRPORT, UT US","2018-08-23","11.41","0.00","0.0","69","87","61",
"USW00024127","SALT LAKE CITY INTERNATIONAL AIRPORT, UT US","2018-08-24","10.51","0.05","0.0","76","89","66",
"USW00024127","SALT LAKE CITY INTERNATIONAL AIRPORT, UT US","2018-08-25","5.14","0.00","0.0","75","88","61",
"USW00024127","SALT LAKE CITY INTERNATIONAL AIRPORT, UT US","2018-08-26","5.37","0.00","0.0","76","86","59",
"USW00024127","SALT LAKE CITY INTERNATIONAL AIRPORT, UT US","2018-08-27","11.41","0.00","0.0","72","77","60",
"USW00024127","SALT LAKE CITY INTERNATIONAL AIRPORT, UT US","2018-08-28","6.04","0.00","0.0","64","76","51",
"USW00024127","SALT LAKE CITY INTERNATIONAL AIRPORT, UT US","2018-08-29","5.82","0.00","0.0","68","87","55",
"USW00024127","SALT LAKE CITY INTERNATIONAL AIRPORT, UT US","2018-08-30","15.21","0.00","0.0","78","90","67",
"USW00024127","SALT LAKE CITY INTERNATIONAL AIRPORT, UT US","2018-08-31","6.04","0.00","0.0","78","86","62",
"USW00024127","SALT LAKE CITY INTERNATIONAL AIRPORT, UT US","2018-09-01","6.26","0.00","0.0","70","84","56",
"USW00024127","SALT LAKE CITY INTERNATIONAL AIRPORT, UT US","2018-09-02","5.59","0.00","0.0","70","87","56",
"USW00024127","SALT LAKE CITY INTERNATIONAL AIRPORT, UT US","2018-09-03","4.70","0.00","0.0","72","88","57",
"USW00024127","SALT LAKE CITY INTERNATIONAL AIRPORT, UT US","2018-09-04","6.49","0.00","0.0","72","87","60",
"USW00024127","SALT LAKE CITY INTERNATIONAL AIRPORT, UT US","2018-09-05","7.83","0.00","0.0","74","90","60",
"USW00024127","SALT LAKE CITY INTERNATIONAL AIRPORT, UT US","2018-09-06","6.93","0.00","0.0","76","89","63",
"USW00024127","SALT LAKE CITY INTERNATIONAL AIRPORT, UT US","2018-09-07","8.50","0.00","0.0","77","90","65",
"USW00024127","SALT LAKE CITY INTERNATIONAL AIRPORT, UT US","2018-09-08","8.50","0.00","0.0","78","91","63",
"USW00024127","SALT LAKE CITY INTERNATIONAL AIRPORT, UT US","2018-09-09","5.37","0.00","0.0","73","87","59",
"USW00024127","SALT LAKE CITY INTERNATIONAL AIRPORT, UT US","2018-09-10","6.93","0.00","0.0","75","91","61",
"USW00024127","SALT LAKE CITY INTERNATIONAL AIRPORT, UT US","2018-09-11","7.16","0.00","0.0","74","88","58",
"USW00024127","SALT LAKE CITY INTERNATIONAL AIRPORT, UT US","2018-09-12","9.40","0.00","0.0","73","83","59",
"USW00024127","SALT LAKE CITY INTERNATIONAL AIRPORT, UT US","2018-09-13","8.28","0.00","0.0","67","81","53",
"USW00024127","SALT LAKE CITY INTERNATIONAL AIRPORT, UT US","2018-09-14","6.71","0.00","0.0","69","89","51",
"USW00024127","SALT LAKE CITY INTERNATIONAL AIRPORT, UT US","2018-09-15","16.33","0.00","0.0","77","93","64",
"USW00024127","SALT LAKE CITY INTERNATIONAL AIRPORT, UT US","2018-09-16","6.04","0.00","0.0","76","89","58",
"USW00024127","SALT LAKE CITY INTERNATIONAL AIRPORT, UT US","2018-09-17","6.93","0.00","0.0","72","87","58",
"USW00024127","SALT LAKE CITY INTERNATIONAL AIRPORT, UT US","2018-09-18","10.29","0.00","0.0","77","88","63",
"USW00024127","SALT LAKE CITY INTERNATIONAL AIRPORT, UT US","2018-09-19","6.71","0.00","0.0","70","83","54",
"USW00024127","SALT LAKE CITY INTERNATIONAL AIRPORT, UT US","2018-09-20","6.49","0.00","0.0","65","74","54",
"USW00024127","SALT LAKE CITY INTERNATIONAL AIRPORT, UT US","2018-09-21","6.49","0.00","0.0","64","83","51",
"USW00024127","SALT LAKE CITY INTERNATIONAL AIRPORT, UT US","2018-09-22","12.08","0.00","0.0","71","87","59",
"USW00024127","SALT LAKE CITY INTERNATIONAL AIRPORT, UT US","2018-09-23","11.41","0.00","0.0","76","83","60",
"USW00024127","SALT LAKE CITY INTERNATIONAL AIRPORT, UT US","2018-09-24","7.16","0.00","0.0","64","71","51",
"USW00024127","SALT LAKE CITY INTERNATIONAL AIRPORT, UT US","2018-09-25","6.04","0.00","0.0","58","71","45",
"USW00024127","SALT LAKE CITY INTERNATIONAL AIRPORT, UT US","2018-09-26","6.04","0.00","0.0","59","73","47",
"USW00024127","SALT LAKE CITY INTERNATIONAL AIRPORT, UT US","2018-09-27","7.61","0.00","0.0","62","79","50",
"USW00024127","SALT LAKE CITY INTERNATIONAL AIRPORT, UT US","2018-09-28","8.05","0.00","0.0","68","86","53",
"USW00024127","SALT LAKE CITY INTERNATIONAL AIRPORT, UT US","2018-09-29","17.45","0.00","0.0","76","88","66",
"USW00024127","SALT LAKE CITY INTERNATIONAL AIRPORT, UT US","2018-09-30","14.76","0.00","0.0","77","80","56",
"USW00024127","SALT LAKE CITY INTERNATIONAL AIRPORT, UT US","2018-10-01","6.04","0.00","0.0","64","79","51",
"USW00024127","SALT LAKE CITY INTERNATIONAL AIRPORT, UT US","2018-10-02","11.41","0.55","0.0","70","80","58",
"USW00024127","SALT LAKE CITY INTERNATIONAL AIRPORT, UT US","2018-10-03","5.82","0.04","0.0","65","74","58",
"USW00024127","SALT LAKE CITY INTERNATIONAL AIRPORT, UT US","2018-10-04","12.08","0.35","0.0","61","65","52",
"USW00024127","SALT LAKE CITY INTERNATIONAL AIRPORT, UT US","2018-10-05","7.61","0.28","0.0","53","58","48",
"USW00024127","SALT LAKE CITY INTERNATIONAL AIRPORT, UT US","2018-10-06","9.84","0.00","0.0","52","60","47",
"USW00024127","SALT LAKE CITY INTERNATIONAL AIRPORT, UT US","2018-10-07","12.97","0.00","0.0","53","60","48",
"USW00024127","SALT LAKE CITY INTERNATIONAL AIRPORT, UT US","2018-10-08","11.63","0.00","0.0","53","60","46",
"USW00024127","SALT LAKE CITY INTERNATIONAL AIRPORT, UT US","2018-10-09","10.96","0.71","0.0","50","58","43",
"USW00024127","SALT LAKE CITY INTERNATIONAL AIRPORT, UT US","2018-10-10","4.47","0.53","0.0","46","50","41",
"USW00024127","SALT LAKE CITY INTERNATIONAL AIRPORT, UT US","2018-10-11","3.80","0.00","0.0","47","54","41",
"USW00024127","SALT LAKE CITY INTERNATIONAL AIRPORT, UT US","2018-10-12","5.37","0.00","0.0","47","58","39",
"USW00024127","SALT LAKE CITY INTERNATIONAL AIRPORT, UT US","2018-10-13","11.41","0.00","0.0","50","63","39",
"USW00024127","SALT LAKE CITY INTERNATIONAL AIRPORT, UT US","2018-10-14","10.96","0.00","0.0","41","46","33",
"USW00024127","SALT LAKE CITY INTERNATIONAL AIRPORT, UT US","2018-10-15","5.59","0.00","0.0","39","49","29",
"USW00024127","SALT LAKE CITY INTERNATIONAL AIRPORT, UT US","2018-10-16","4.92","0.00","0.0","43","57","34",
"USW00024127","SALT LAKE CITY INTERNATIONAL AIRPORT, UT US","2018-10-17","6.71","0.00","0.0","49","64","38",
"USW00024127","SALT LAKE CITY INTERNATIONAL AIRPORT, UT US","2018-10-18","6.71","0.00","0.0","54","62","46",
"USW00024127","SALT LAKE CITY INTERNATIONAL AIRPORT, UT US","2018-10-19","5.82","0.00","0.0","51","64","41",
"USW00024127","SALT LAKE CITY INTERNATIONAL AIRPORT, UT US","2018-10-20","6.04","0.00","0.0","53","70","40",
"USW00024127","SALT LAKE CITY INTERNATIONAL AIRPORT, UT US","2018-10-21","5.37","0.00","0.0","57","73","46",
"USW00024127","SALT LAKE CITY INTERNATIONAL AIRPORT, UT US","2018-10-22","5.82","0.03","0.0","56","68","47",
"USW00024127","SALT LAKE CITY INTERNATIONAL AIRPORT, UT US","2018-10-23","6.04","0.00","0.0","56","66","47",
"USW00024127","SALT LAKE CITY INTERNATIONAL AIRPORT, UT US","2018-10-24","6.71","0.00","0.0","54","68","44",
"USW00024127","SALT LAKE CITY INTERNATIONAL AIRPORT, UT US","2018-10-25","6.71","0.01","0.0","55","60","45",
"USW00024127","SALT LAKE CITY INTERNATIONAL AIRPORT, UT US","2018-10-26","6.71","0.00","0.0","51","66","42",
"USW00024127","SALT LAKE CITY INTERNATIONAL AIRPORT, UT US","2018-10-27","7.61","0.00","0.0","57","74","46",
"USW00024127","SALT LAKE CITY INTERNATIONAL AIRPORT, UT US","2018-10-28","9.17","0.00","0.0","60","75","50",
"USW00024127","SALT LAKE CITY INTERNATIONAL AIRPORT, UT US","2018-10-29","12.75","0.00","0.0","59","66","43",
"USW00024127","SALT LAKE CITY INTERNATIONAL AIRPORT, UT US","2018-10-30","6.93","0.00","0.0","45","52","35",
"USW00024127","SALT LAKE CITY INTERNATIONAL AIRPORT, UT US","2018-10-31","3.36","0.00","0.0","40","48","32",
"USW00024127","SALT LAKE CITY INTERNATIONAL AIRPORT, UT US","2018-11-01","8.72","0.02","0.0","46","50","42",
"USW00024127","SALT LAKE CITY INTERNATIONAL AIRPORT, UT US","2018-11-02","11.18","0.01","0.0","51","62","46",
"USW00024127","SALT LAKE CITY INTERNATIONAL AIRPORT, UT US","2018-11-03","6.49","0.00","0.0","49","53","37",
"USW00024127","SALT LAKE CITY INTERNATIONAL AIRPORT, UT US","2018-11-04","8.50","0.00","0.0","44","54","39",
"USW00024127","SALT LAKE CITY INTERNATIONAL AIRPORT, UT US","2018-11-05","6.26","0.00","0.0","46","53","36",
"USW00024127","SALT LAKE CITY INTERNATIONAL AIRPORT, UT US","2018-11-06","5.14","0.00","0.0","42","50","35",
"USW00024127","SALT LAKE CITY INTERNATIONAL AIRPORT, UT US","2018-11-07","7.16","0.00","0.0","41","49","32",
"USW00024127","SALT LAKE CITY INTERNATIONAL AIRPORT, UT US","2018-11-08","4.92","0.00","0.0","36","43","26",
"USW00024127","SALT LAKE CITY INTERNATIONAL AIRPORT, UT US","2018-11-09","4.92","0.00","0.0","34","47","26",
"USW00024127","SALT LAKE CITY INTERNATIONAL AIRPORT, UT US","2018-11-10","6.49","0.00","0.0","37","49","30",
"USW00024127","SALT LAKE CITY INTERNATIONAL AIRPORT, UT US","2018-11-11","8.95","0.00","0.0","36","43","29",
"USW00024127","SALT LAKE CITY INTERNATIONAL AIRPORT, UT US","2018-11-12","5.59","0.00","0.0","33","41","22",
"USW00024127","SALT LAKE CITY INTERNATIONAL AIRPORT, UT US","2018-11-13","5.14","0.00","0.0","32","45","24",
"USW00024127","SALT LAKE CITY INTERNATIONAL AIRPORT, UT US","2018-11-14","3.58","0.00","0.0","36","50","27",
"USW00024127","SALT LAKE CITY INTERNATIONAL AIRPORT, UT US","2018-11-15","3.13","0.00","0.0","37","49","27",
"USW00024127","SALT LAKE CITY INTERNATIONAL AIRPORT, UT US","2018-11-16","2.91","0.00","0.0","38","53","29",
"USW00024127","SALT LAKE CITY INTERNATIONAL AIRPORT, UT US","2018-11-17","4.03","0.01","0.0","37","45","27",
"USW00024127","SALT LAKE CITY INTERNATIONAL AIRPORT, UT US","2018-11-18","3.80","0.00","0.0","34","45","24",
"USW00024127","SALT LAKE CITY INTERNATIONAL AIRPORT, UT US","2018-11-19","3.80","0.00","0.0","33","45","23",
"USW00024127","SALT LAKE CITY INTERNATIONAL AIRPORT, UT US","2018-11-20","3.58","0.00","0.0","33","45","23",
"USW00024127","SALT LAKE CITY INTERNATIONAL AIRPORT, UT US","2018-11-21","2.91","0.00","0.0","33","47","22",
"USW00024127","SALT LAKE CITY INTERNATIONAL AIRPORT, UT US","2018-11-22","9.40","0.10","0.0","38","50","33",
"USW00024127","SALT LAKE CITY INTERNATIONAL AIRPORT, UT US","2018-11-23","9.17","0.19","0.0","43","53","42",
"USW00024127","SALT LAKE CITY INTERNATIONAL AIRPORT, UT US","2018-11-24","10.51","0.43","1.7","41","49","31",
"USW00024127","SALT LAKE CITY INTERNATIONAL AIRPORT, UT US","2018-11-25","5.59","0.00","0.0","34","42","27",
"USW00024127","SALT LAKE CITY INTERNATIONAL AIRPORT, UT US","2018-11-26","5.14","0.00","0.0","32","43","25",
"USW00024127","SALT LAKE CITY INTERNATIONAL AIRPORT, UT US","2018-11-27","4.92","0.00","0.0","34","45","28",
"USW00024127","SALT LAKE CITY INTERNATIONAL AIRPORT, UT US","2018-11-28","5.14","0.06","0.0","38","40","36",
"USW00024127","SALT LAKE CITY INTERNATIONAL AIRPORT, UT US","2018-11-29","7.83","0.06","0.0","37","44","33",
"USW00024127","SALT LAKE CITY INTERNATIONAL AIRPORT, UT US","2018-11-30","4.25","0.18","0.0","41","45","34",
"USW00024127","SALT LAKE CITY INTERNATIONAL AIRPORT, UT US","2018-12-01","6.26","0.00","0.0","36","40","31",
"USW00024127","SALT LAKE CITY INTERNATIONAL AIRPORT, UT US","2018-12-02","9.40","0.38","5.9","33","34","29",
"USW00024127","SALT LAKE CITY INTERNATIONAL AIRPORT, UT US","2018-12-03","3.36","0.00","0.0","29","35","21",
"USW00024127","SALT LAKE CITY INTERNATIONAL AIRPORT, UT US","2018-12-04","6.04","0.00","0.0","24","32","19",
"USW00024127","SALT LAKE CITY INTERNATIONAL AIRPORT, UT US","2018-12-05","4.70","0.01","0.1","25","29","23",
"USW00024127","SALT LAKE CITY INTERNATIONAL AIRPORT, UT US","2018-12-06","2.01","0.00","0.0","29","33","26",
"USW00024127","SALT LAKE CITY INTERNATIONAL AIRPORT, UT US","2018-12-07","2.24","0.00","0.0","30","35","27",
"USW00024127","SALT LAKE CITY INTERNATIONAL AIRPORT, UT US","2018-12-08","3.36","0.00","0.0","33","37","31",
"USW00024127","SALT LAKE CITY INTERNATIONAL AIRPORT, UT US","2018-12-09","4.25","0.00","0.0","34","38","32",
"USW00024127","SALT LAKE CITY INTERNATIONAL AIRPORT, UT US","2018-12-10","4.92","0.00","0.0","33","37","30",
"USW00024127","SALT LAKE CITY INTERNATIONAL AIRPORT, UT US","2018-12-11","4.70","0.00","0.0","32","33","30",
"USW00024127","SALT LAKE CITY INTERNATIONAL AIRPORT, UT US","2018-12-12","6.49","0.10","1.0","31","37","24",
"USW00024127","SALT LAKE CITY INTERNATIONAL AIRPORT, UT US","2018-12-13","5.14","0.00","0.0","29","38","22",
"USW00024127","SALT LAKE CITY INTERNATIONAL AIRPORT, UT US","2018-12-14","4.70","0.00","0.0","29","40","23",
"USW00024127","SALT LAKE CITY INTERNATIONAL AIRPORT, UT US","2018-12-15","5.59","0.00","0.0","33","43","25",
"USW00024127","SALT LAKE CITY INTERNATIONAL AIRPORT, UT US","2018-12-16","3.13","0.00","0.0","32","43","25",
"USW00024127","SALT LAKE CITY INTERNATIONAL AIRPORT, UT US","2018-12-17","5.14","0.00","0.0","33","43","28",
"USW00024127","SALT LAKE CITY INTERNATIONAL AIRPORT, UT US","2018-12-18","3.80","0.00","0.0","38","48","32",
"USW00024127","SALT LAKE CITY INTERNATIONAL AIRPORT, UT US","2018-12-19","6.71","0.00","0.0","42","47","34",
"USW00024127","SALT LAKE CITY INTERNATIONAL AIRPORT, UT US","2018-12-20","5.14","0.00","0.0","38","50","29",
"USW00024127","SALT LAKE CITY INTERNATIONAL AIRPORT, UT US","2018-12-21","5.37","0.10","0.0","38","49","33",
"USW00024127","SALT LAKE CITY INTERNATIONAL AIRPORT, UT US","2018-12-22","5.59","0.00","0.0","34","38","25",
"USW00024127","SALT LAKE CITY INTERNATIONAL AIRPORT, UT US","2018-12-23","5.82","0.00","0.0","31","39","28",
"USW00024127","SALT LAKE CITY INTERNATIONAL AIRPORT, UT US","2018-12-24","4.25","0.02","0.0","35","46","30",
"USW00024127","SALT LAKE CITY INTERNATIONAL AIRPORT, UT US","2018-12-25","4.92","0.29","2.1","35","41","32",
"USW00024127","SALT LAKE CITY INTERNATIONAL AIRPORT, UT US","2018-12-26","9.40","0.26","2.4","33","34","21",
"USW00024127","SALT LAKE CITY INTERNATIONAL AIRPORT, UT US","2018-12-27","6.71","0.10","1.2","26","28","21",
"USW00024127","SALT LAKE CITY INTERNATIONAL AIRPORT, UT US","2018-12-28","6.26","0.00","0.0","25","31","15",
"USW00024127","SALT LAKE CITY INTERNATIONAL AIRPORT, UT US","2018-12-29","5.59","0.00","0.0","22","30","14",
"USW00024127","SALT LAKE CITY INTERNATIONAL AIRPORT, UT US","2018-12-30","8.72","0.02","0.5","28","34","24",
"USW00024127","SALT LAKE CITY INTERNATIONAL AIRPORT, UT US","2018-12-31","9.62","0.00","0.0","25","29","13",
"USW00024127","SALT LAKE CITY INTERNATIONAL AIRPORT, UT US","2019-01-01","3.13","0.00","0.0","17","23","6",
"USW00024127","SALT LAKE CITY INTERNATIONAL AIRPORT, UT US","2019-01-02","5.59","0.00","0.0","16","25","11",
"USW00024127","SALT LAKE CITY INTERNATIONAL AIRPORT, UT US","2019-01-03","5.14","0.00","0.0","19","30","13",
"USW00024127","SALT LAKE CITY INTERNATIONAL AIRPORT, UT US","2019-01-04","3.58","0.00","0.0","21","30","13",
"USW00024127","SALT LAKE CITY INTERNATIONAL AIRPORT, UT US","2019-01-05","2.68","0.00","0.0","21","30","13",
"USW00024127","SALT LAKE CITY INTERNATIONAL AIRPORT, UT US","2019-01-06","6.71","0.22","1.0","32","37","28",
"USW00024127","SALT LAKE CITY INTERNATIONAL AIRPORT, UT US","2019-01-07","10.74","0.07","0.4","35","40","32",
"USW00024127","SALT LAKE CITY INTERNATIONAL AIRPORT, UT US","2019-01-08","2.68","0.00","0.0","33","39","27",
"USW00024127","SALT LAKE CITY INTERNATIONAL AIRPORT, UT US","2019-01-09","4.03","0.00","0.0","33","40","27",
"USW00024127","SALT LAKE CITY INTERNATIONAL AIRPORT, UT US","2019-01-10","3.36","0.00","0.0","31","39","27",
"USW00024127","SALT LAKE CITY INTERNATIONAL AIRPORT, UT US","2019-01-11","3.36","0.00","0.0","33","34","32",
"USW00024127","SALT LAKE CITY INTERNATIONAL AIRPORT, UT US","2019-01-12","4.92","0.00","0.0","32","33","29",
"USW00024127","SALT LAKE CITY INTERNATIONAL AIRPORT, UT US","2019-01-13","6.71","0.00","0.0","29","31","26",
"USW00024127","SALT LAKE CITY INTERNATIONAL AIRPORT, UT US","2019-01-14","3.80","0.00","0.0","26","30","20",
"USW00024127","SALT LAKE CITY INTERNATIONAL AIRPORT, UT US","2019-01-15","3.58","0.04","0.5","25","32","19",
"USW00024127","SALT LAKE CITY INTERNATIONAL AIRPORT, UT US","2019-01-16","4.92","0.04","0.5","31","44","28",
"USW00024127","SALT LAKE CITY INTERNATIONAL AIRPORT, UT US","2019-01-17","12.30","0.76","0.0","42","46","36",
"USW00024127","SALT LAKE CITY INTERNATIONAL AIRPORT, UT US","2019-01-18","4.92","0.01","0.0","37","39","31",
"USW00024127","SALT LAKE CITY INTERNATIONAL AIRPORT, UT US","2019-01-19","8.72","0.00","0.0","34","43","29",
"USW00024127","SALT LAKE CITY INTERNATIONAL AIRPORT, UT US","2019-01-20","7.61","0.00","0.0","39","45","32",
"USW00024127","SALT LAKE CITY INTERNATIONAL AIRPORT, UT US","2019-01-21","13.87","0.61","4.0","37","47","26",
"USW00024127","SALT LAKE CITY INTERNATIONAL AIRPORT, UT US","2019-01-22","5.82","0.00","0.0","26","32","17",
"USW00024127","SALT LAKE CITY INTERNATIONAL AIRPORT, UT US","2019-01-23","8.50","0.01","0.2","24","33","18",
"USW00024127","SALT LAKE CITY INTERNATIONAL AIRPORT, UT US","2019-01-24","2.91","0.00","0.0","33","42","30",
"USW00024127","SALT LAKE CITY INTERNATIONAL AIRPORT, UT US","2019-01-25","4.47","0.00","0.0","35","43","27",
"USW00024127","SALT LAKE CITY INTERNATIONAL AIRPORT, UT US","2019-01-26","4.03","0.00","0.0","32","41","25",
"USW00024127","SALT LAKE CITY INTERNATIONAL AIRPORT, UT US","2019-01-27","6.04","0.00","0.0","34","44","29",
"USW00024127","SALT LAKE CITY INTERNATIONAL AIRPORT, UT US","2019-01-28","5.82","0.00","0.0","34","41","26",
"USW00024127","SALT LAKE CITY INTERNATIONAL AIRPORT, UT US","2019-01-29","4.70","0.00","0.0","32","40","27",
"USW00024127","SALT LAKE CITY INTERNATIONAL AIRPORT, UT US","2019-01-30","5.14","0.00","0.0","31","42","24",
"USW00024127","SALT LAKE CITY INTERNATIONAL AIRPORT, UT US","2019-01-31","3.36","0.00","0.0","33","47","26",
"USW00024127","SALT LAKE CITY INTERNATIONAL AIRPORT, UT US","2019-02-01","4.47","0.00","0.0","35","52","26",
"USW00024127","SALT LAKE CITY INTERNATIONAL AIRPORT, UT US","2019-02-02","13.42","0.00","0.0","43","54","39",
"USW00024127","SALT LAKE CITY INTERNATIONAL AIRPORT, UT US","2019-02-03","18.34","0.07","0.0","45","48","40",
"USW00024127","SALT LAKE CITY INTERNATIONAL AIRPORT, UT US","2019-02-04","22.59","0.01","0.0","46","51","39",
"USW00024127","SALT LAKE CITY INTERNATIONAL AIRPORT, UT US","2019-02-05","12.53","0.06","1.2","40","41","29",
"USW00024127","SALT LAKE CITY INTERNATIONAL AIRPORT, UT US","2019-02-06","13.87","0.33","4.1","28","29","22",
"USW00024127","SALT LAKE CITY INTERNATIONAL AIRPORT, UT US","2019-02-07","7.38","0.04","1.5","23","27","15",
"USW00024127","SALT LAKE CITY INTERNATIONAL AIRPORT, UT US","2019-02-08","4.70","0.00","0.0","20","32","12",
"USW00024127","SALT LAKE CITY INTERNATIONAL AIRPORT, UT US","2019-02-09","11.18","0.00","0.0","26","37","16",
"USW00024127","SALT LAKE CITY INTERNATIONAL AIRPORT, UT US","2019-02-10","18.79","0.16","3.0","36","42","23",
"USW00024127","SALT LAKE CITY INTERNATIONAL AIRPORT, UT US","2019-02-11","7.16","0.00","0.3","26","30","19",
"USW00024127","SALT LAKE CITY INTERNATIONAL AIRPORT, UT US","2019-02-12","8.72","0.00","0.0","28","39","23",
"USW00024127","SALT LAKE CITY INTERNATIONAL AIRPORT, UT US","2019-02-13","16.33","0.17","0.0","37","46","29",
"USW00024127","SALT LAKE CITY INTERNATIONAL AIRPORT, UT US","2019-02-14","19.69","0.02","0.0","43","51","39",
"USW00024127","SALT LAKE CITY INTERNATIONAL AIRPORT, UT US","2019-02-15","13.87","0.23","2.4","43","52","29",
"USW00024127","SALT LAKE CITY INTERNATIONAL AIRPORT, UT US","2019-02-16","5.59","0.00","0.0","33","37","27",
"USW00024127","SALT LAKE CITY INTERNATIONAL AIRPORT, UT US","2019-02-17","7.16","0.04","0.6","31","38","26",
"USW00024127","SALT LAKE CITY INTERNATIONAL AIRPORT, UT US","2019-02-18","9.40","0.00","0.0","29","34","23",
"USW00024127","SALT LAKE CITY INTERNATIONAL AIRPORT, UT US","2019-02-19","10.74","0.00","0.0","26","27","22",
"USW00024127","SALT LAKE CITY INTERNATIONAL AIRPORT, UT US","2019-02-20","11.63","0.00","0.0","25","33","22",
"USW00024127","SALT LAKE CITY INTERNATIONAL AIRPORT, UT US","2019-02-21","7.38","0.01","0.1","28","34","22",
"USW00024127","SALT LAKE CITY INTERNATIONAL AIRPORT, UT US","2019-02-22","6.04","0.06","0.7","27","32","20",
"USW00024127","SALT LAKE CITY INTERNATIONAL AIRPORT, UT US","2019-02-23","10.51","0.00","0.0","26","36","19",
"USW00024127","SALT LAKE CITY INTERNATIONAL AIRPORT, UT US","2019-02-24","15.21","0.00","0.0","34","46","27",
"USW00024127","SALT LAKE CITY INTERNATIONAL AIRPORT, UT US","2019-02-25","20.36","0.00","0.0","44","54","39",
"USW00024127","SALT LAKE CITY INTERNATIONAL AIRPORT, UT US","2019-02-26","19.91","0.00","0.0","50","57","47",
"USW00024127","SALT LAKE CITY INTERNATIONAL AIRPORT, UT US","2019-02-27","11.41","0.02","0.0","49","52","42",
"USW00024127","SALT LAKE CITY INTERNATIONAL AIRPORT, UT US","2019-02-28","8.95","0.04","0.0","48","56","42",
"USW00024127","SALT LAKE CITY INTERNATIONAL AIRPORT, UT US","2019-03-01","8.28","0.00","0.0","43","49","33",
"USW00024127","SALT LAKE CITY INTERNATIONAL AIRPORT, UT US","2019-03-02","5.14","0.30","1.3","38","40","32",
"USW00024127","SALT LAKE CITY INTERNATIONAL AIRPORT, UT US","2019-03-03","6.04","0.06","0.8","34","41","30",
"USW00024127","SALT LAKE CITY INTERNATIONAL AIRPORT, UT US","2019-03-04","2.68","0.00","0.0","34","43","27",
"USW00024127","SALT LAKE CITY INTERNATIONAL AIRPORT, UT US","2019-03-05","7.83","0.00","0.0","40","52","32",
"USW00024127","SALT LAKE CITY INTERNATIONAL AIRPORT, UT US","2019-03-06","14.99","0.14","0.0","48","52","43",
"USW00024127","SALT LAKE CITY INTERNATIONAL AIRPORT, UT US","2019-03-07","7.61","0.36","0.0","44","51","37",
"USW00024127","SALT LAKE CITY INTERNATIONAL AIRPORT, UT US","2019-03-08","8.72","0.30","0.6","41","42","32",
"USW00024127","SALT LAKE CITY INTERNATIONAL AIRPORT, UT US","2019-03-09","4.47","0.02","0.5","34","43","29",
"USW00024127","SALT LAKE CITY INTERNATIONAL AIRPORT, UT US","2019-03-10","5.82","0.02","0.0","37","43","32",
"USW00024127","SALT LAKE CITY INTERNATIONAL AIRPORT, UT US","2019-03-11","4.70","0.00","0.0","38","49","30",
"USW00024127","SALT LAKE CITY INTERNATIONAL AIRPORT, UT US","2019-03-12","6.26","0.21","0.0","41","53","31",
"USW00024127","SALT LAKE CITY INTERNATIONAL AIRPORT, UT US","2019-03-13","16.55","0.12","2.9","37","41","28",
"USW00024127","SALT LAKE CITY INTERNATIONAL AIRPORT, UT US","2019-03-14","7.83","0.00","0.0","34","42","29",
"USW00024127","SALT LAKE CITY INTERNATIONAL AIRPORT, UT US","2019-03-15","6.26","0.00","0.0","35","47","28",
"USW00024127","SALT LAKE CITY INTERNATIONAL AIRPORT, UT US","2019-03-16","5.37","0.00","0.0","39","51","29",
"USW00024127","SALT LAKE CITY INTERNATIONAL AIRPORT, UT US","2019-03-17","5.82","0.00","0.0","42","56","31",
"USW00024127","SALT LAKE CITY INTERNATIONAL AIRPORT, UT US","2019-03-18","5.37","0.00","0.0","45","58","34",
"USW00024127","SALT LAKE CITY INTERNATIONAL AIRPORT, UT US","2019-03-19","5.82","0.00","0.0","45","58","33",
"USW00024127","SALT LAKE CITY INTERNATIONAL AIRPORT, UT US","2019-03-20","13.87","0.00","0.0","50","63","40",
"USW00024127","SALT LAKE CITY INTERNATIONAL AIRPORT, UT US","2019-03-21","10.96","0.21","0.0","50","54","40",
"USW00024127","SALT LAKE CITY INTERNATIONAL AIRPORT, UT US","2019-03-22","9.17","0.11","0.0","46","50","43",
"USW00024127","SALT LAKE CITY INTERNATIONAL AIRPORT, UT US","2019-03-23","4.03","0.07","0.0","46","54","43",
"USW00024127","SALT LAKE CITY INTERNATIONAL AIRPORT, UT US","2019-03-24","6.49","0.44","0.0","44","49","38",
"USW00024127","SALT LAKE CITY INTERNATIONAL AIRPORT, UT US","2019-03-25","7.16","0.00","0.0","44","61","34",
"USW00024127","SALT LAKE CITY INTERNATIONAL AIRPORT, UT US","2019-03-26","13.20","0.00","0.0","54","66","48",
"USW00024127","SALT LAKE CITY INTERNATIONAL AIRPORT, UT US","2019-03-27","14.99","0.00","0.0","56","66","48",
"USW00024127","SALT LAKE CITY INTERNATIONAL AIRPORT, UT US","2019-03-28","12.75","0.85","1.0","56","59","32",
"USW00024127","SALT LAKE CITY INTERNATIONAL AIRPORT, UT US","2019-03-29","5.59","0.75","3.6","38","49","32",
"USW00024127","SALT LAKE CITY INTERNATIONAL AIRPORT, UT US","2019-03-30","4.25","0.00","0.0","42","52","36",
"USW00024127","SALT LAKE CITY INTERNATIONAL AIRPORT, UT US","2019-03-31","4.03","0.00","0.0","43","53","32",
"USW00024127","SALT LAKE CITY INTERNATIONAL AIRPORT, UT US","2019-04-01","6.49","0.00","0.0","46","59","36",
"USW00024127","SALT LAKE CITY INTERNATIONAL AIRPORT, UT US","2019-04-02","8.72","0.01","0.0","52","55","46",
"USW00024127","SALT LAKE CITY INTERNATIONAL AIRPORT, UT US","2019-04-03","3.58","0.32","0.0","48","57","44",
"USW00024127","SALT LAKE CITY INTERNATIONAL AIRPORT, UT US","2019-04-04","9.62","0.00","0.0","53","66","44",
"USW00024127","SALT LAKE CITY INTERNATIONAL AIRPORT, UT US","2019-04-05","12.30","0.00","0.0","58","66","51",
"USW00024127","SALT LAKE CITY INTERNATIONAL AIRPORT, UT US","2019-04-06","6.49","0.19","0.0","52","58","44",
"USW00024127","SALT LAKE CITY INTERNATIONAL AIRPORT, UT US","2019-04-07","9.17","0.00","0.0","52","67","42",
"USW00024127","SALT LAKE CITY INTERNATIONAL AIRPORT, UT US","2019-04-08","7.38","0.00","0.0","58","71","47",
"USW00024127","SALT LAKE CITY INTERNATIONAL AIRPORT, UT US","2019-04-09","10.96","0.49","0.0","57","62","39",
"USW00024127","SALT LAKE CITY INTERNATIONAL AIRPORT, UT US","2019-04-10","18.79","0.10","0.0","41","47","36",
"USW00024127","SALT LAKE CITY INTERNATIONAL AIRPORT, UT US","2019-04-11","10.29","0.00","0.0","42","49","38",
"USW00024127","SALT LAKE CITY INTERNATIONAL AIRPORT, UT US","2019-04-12","6.93","0.23","0.2","42","49","33",
"USW00024127","SALT LAKE CITY INTERNATIONAL AIRPORT, UT US","2019-04-13","6.93","0.11","0.0","43","54","34",
"USW00024127","SALT LAKE CITY INTERNATIONAL AIRPORT, UT US","2019-04-14","10.96","0.00","0.0","50","62","44",
"USW00024127","SALT LAKE CITY INTERNATIONAL AIRPORT, UT US","2019-04-15","6.49","0.47","0.0","52","53","45",
"USW00024127","SALT LAKE CITY INTERNATIONAL AIRPORT, UT US","2019-04-16","6.93","0.49","0.0","47","53","41",
"USW00024127","SALT LAKE CITY INTERNATIONAL AIRPORT, UT US","2019-04-17","4.70","0.00","0.0","46","57","38",
"USW00024127","SALT LAKE CITY INTERNATIONAL AIRPORT, UT US","2019-04-18","5.82","0.00","0.0","53","64","40",
"USW00024127","SALT LAKE CITY INTERNATIONAL AIRPORT, UT US","2019-04-19","6.26","0.00","0.0","58","76","45",
"USW00024127","SALT LAKE CITY INTERNATIONAL AIRPORT, UT US","2019-04-20","12.08","0.08","0.0","66","76","53",
"USW00024127","SALT LAKE CITY INTERNATIONAL AIRPORT, UT US","2019-04-21","5.82","0.57","0.0","56","61","50",
"USW00024127","SALT LAKE CITY INTERNATIONAL AIRPORT, UT US","2019-04-22","6.49","0.00","0.0","53","63","48",
"USW00024127","SALT LAKE CITY INTERNATIONAL AIRPORT, UT US","2019-04-23","6.49","0.00","0.0","55","66","45",
"USW00024127","SALT LAKE CITY INTERNATIONAL AIRPORT, UT US","2019-04-24","8.28","0.00","0.0","59","72","49",
"USW00024127","SALT LAKE CITY INTERNATIONAL AIRPORT, UT US","2019-04-25","6.04","0.00","0.0","60","73","51",
"USW00024127","SALT LAKE CITY INTERNATIONAL AIRPORT, UT US","2019-04-26","10.96","0.01","0.0","65","74","53",
"USW00024127","SALT LAKE CITY INTERNATIONAL AIRPORT, UT US","2019-04-27","5.14","0.00","0.0","57","70","43",
"USW00024127","SALT LAKE CITY INTERNATIONAL AIRPORT, UT US","2019-04-28","13.20","0.00","0.0","57","58","43",
"USW00024127","SALT LAKE CITY INTERNATIONAL AIRPORT, UT US","2019-04-29","6.93","0.00","0.0","49","63","39",
"USW00024127","SALT LAKE CITY INTERNATIONAL AIRPORT, UT US","2019-04-30","6.93","0.38","0.0","49","54","35",
"USW00024127","SALT LAKE CITY INTERNATIONAL AIRPORT, UT US","2019-05-01","5.82","0.02","0.0","41","53","35",
"USW00024127","SALT LAKE CITY INTERNATIONAL AIRPORT, UT US","2019-05-02","8.05","0.00","0.0","49","64","40",
"USW00024127","SALT LAKE CITY INTERNATIONAL AIRPORT, UT US","2019-05-03","7.83","0.00","0.0","56","68","44",
"USW00024127","SALT LAKE CITY INTERNATIONAL AIRPORT, UT US","2019-05-04","7.38","0.00","0.0","60","74","46",
"USW00024127","SALT LAKE CITY INTERNATIONAL AIRPORT, UT US","2019-05-05","10.07","0.00","0.0","65","77","55",
"USW00024127","SALT LAKE CITY INTERNATIONAL AIRPORT, UT US","2019-05-06","8.95","0.00","0.0","63","77","53",
"USW00024127","SALT LAKE CITY INTERNATIONAL AIRPORT, UT US","2019-05-07","9.17","0.18","0.0","58","64","50",
"USW00024127","SALT LAKE CITY INTERNATIONAL AIRPORT, UT US","2019-05-08","9.62","0.00","0.0","55","64","48",
"USW00024127","SALT LAKE CITY INTERNATIONAL AIRPORT, UT US","2019-05-09","7.38","0.00","0.0","53","62","42",
"USW00024127","SALT LAKE CITY INTERNATIONAL AIRPORT, UT US","2019-05-10","6.04","0.00","0.0","55","67","42",
"USW00024127","SALT LAKE CITY INTERNATIONAL AIRPORT, UT US","2019-05-11","7.61","0.00","0.0","59","73","46",
"USW00024127","SALT LAKE CITY INTERNATIONAL AIRPORT, UT US","2019-05-12","7.38","0.00","0.0","63","79","50",
"USW00024127","SALT LAKE CITY INTERNATIONAL AIRPORT, UT US","2019-05-13","7.16","0.00","0.0","70","85","57",
"USW00024127","SALT LAKE CITY INTERNATIONAL AIRPORT, UT US","2019-05-14","9.40","0.00","0.0","72","82","60",
"USW00024127","SALT LAKE CITY INTERNATIONAL AIRPORT, UT US","2019-05-15","14.76","0.00","0.0","74","82","64",
"USW00024127","SALT LAKE CITY INTERNATIONAL AIRPORT, UT US","2019-05-16","13.87","0.24","0.0","72","78","48",
"USW00024127","SALT LAKE CITY INTERNATIONAL AIRPORT, UT US","2019-05-17","9.40","0.65","0.0","51","57","44",
"USW00024127","SALT LAKE CITY INTERNATIONAL AIRPORT, UT US","2019-05-18","5.82","0.35","0.0","48","57","43",
"USW00024127","SALT LAKE CITY INTERNATIONAL AIRPORT, UT US","2019-05-19","13.87","0.00","0.0","55","63","49",
"USW00024127","SALT LAKE CITY INTERNATIONAL AIRPORT, UT US","2019-05-20","8.28","0.00","0.0","51","59","45",
"USW00024127","SALT LAKE CITY INTERNATIONAL AIRPORT, UT US","2019-05-21","9.17","0.56","0.0","51","55","44",
"USW00024127","SALT LAKE CITY INTERNATIONAL AIRPORT, UT US","2019-05-22","5.37","0.34","0.0","47","55","43",
"USW00024127","SALT LAKE CITY INTERNATIONAL AIRPORT, UT US","2019-05-23","12.30","0.19","0.0","50","57","45",
"USW00024127","SALT LAKE CITY INTERNATIONAL AIRPORT, UT US","2019-05-24","8.28","0.04","0.0","50","62","46",
"USW00024127","SALT LAKE CITY INTERNATIONAL AIRPORT, UT US","2019-05-25","12.53","0.00","0.0","59","73","51",
"USW00024127","SALT LAKE CITY INTERNATIONAL AIRPORT, UT US","2019-05-26","11.86","0.00","0.0","60","76","48",
"USW00024127","SALT LAKE CITY INTERNATIONAL AIRPORT, UT US","2019-05-27","7.83","0.40","0.0","58","61","47",
"USW00024127","SALT LAKE CITY INTERNATIONAL AIRPORT, UT US","2019-05-28","4.70","0.51","0.0","54","63","49",
"USW00024127","SALT LAKE CITY INTERNATIONAL AIRPORT, UT US","2019-05-29","5.14","0.11","0.0","58","68","49",
"USW00024127","SALT LAKE CITY INTERNATIONAL AIRPORT, UT US","2019-05-30","8.50","0.18","0.0","61","75","51",
"USW00024127","SALT LAKE CITY INTERNATIONAL AIRPORT, UT US","2019-05-31","6.26","0.01","0.0","63","76","54",
"USW00024127","SALT LAKE CITY INTERNATIONAL AIRPORT, UT US","2019-06-01","9.84","0.00","0.0","66","79","58",
"USW00024127","SALT LAKE CITY INTERNATIONAL AIRPORT, UT US","2019-06-02","9.84","0.00","0.0","66","74","55",
"USW00024127","SALT LAKE CITY INTERNATIONAL AIRPORT, UT US","2019-06-03","6.71","0.00","0.0","66","79","53",
"USW00024127","SALT LAKE CITY INTERNATIONAL AIRPORT, UT US","2019-06-04","7.61","0.00","0.0","70","82","57",
"USW00024127","SALT LAKE CITY INTERNATIONAL AIRPORT, UT US","2019-06-05","6.93","0.00","0.0","73","84","61",
"USW00024127","SALT LAKE CITY INTERNATIONAL AIRPORT, UT US","2019-06-06","11.63","0.09","0.0","73","88","64",
"USW00024127","SALT LAKE CITY INTERNATIONAL AIRPORT, UT US","2019-06-07","14.76","0.01","0.0","72","84","48",
"USW00024127","SALT LAKE CITY INTERNATIONAL AIRPORT, UT US","2019-06-08","9.17","0.00","0.0","55","61","46",
"USW00024127","SALT LAKE CITY INTERNATIONAL AIRPORT, UT US","2019-06-09","6.49","0.00","0.0","56","69","43",
"USW00024127","SALT LAKE CITY INTERNATIONAL AIRPORT, UT US","2019-06-10","6.49","0.00","0.0","63","78","50",
"USW00024127","SALT LAKE CITY INTERNATIONAL AIRPORT, UT US","2019-06-11","7.16","0.00","0.0","69","82","56",
"USW00024127","SALT LAKE CITY INTERNATIONAL AIRPORT, UT US","2019-06-12","6.04","0.00","0.0","73","86","58",
"USW00024127","SALT LAKE CITY INTERNATIONAL AIRPORT, UT US","2019-06-13","8.05","0.01","0.0","76","88","64",
"USW00024127","SALT LAKE CITY INTERNATIONAL AIRPORT, UT US","2019-06-14","5.82","0.00","0.0","72","82","62",
"USW00024127","SALT LAKE CITY INTERNATIONAL AIRPORT, UT US","2019-06-15","7.38","0.00","0.0","74","88","63",
"USW00024127","SALT LAKE CITY INTERNATIONAL AIRPORT, UT US","2019-06-16","6.71","0.00","0.0","75","85","62",
"USW00024127","SALT LAKE CITY INTERNATIONAL AIRPORT, UT US","2019-06-17","8.28","0.01","0.0","73","84","62",
"USW00024127","SALT LAKE CITY INTERNATIONAL AIRPORT, UT US","2019-06-18","6.93","0.00","0.0","71","84","61",
"USW00024127","SALT LAKE CITY INTERNATIONAL AIRPORT, UT US","2019-06-19","8.50","0.00","0.0","75","87","63",
"USW00024127","SALT LAKE CITY INTERNATIONAL AIRPORT, UT US","2019-06-20","10.96","0.03","0.0","72","82","54",
"USW00024127","SALT LAKE CITY INTERNATIONAL AIRPORT, UT US","2019-06-21","9.17","0.00","0.0","58","67","48",
"USW00024127","SALT LAKE CITY INTERNATIONAL AIRPORT, UT US","2019-06-22","9.17","0.00","0.0","60","69","50",
"USW00024127","SALT LAKE CITY INTERNATIONAL AIRPORT, UT US","2019-06-23","8.28","0.00","0.0","63","80","52",
"USW00024127","SALT LAKE CITY INTERNATIONAL AIRPORT, UT US","2019-06-24","7.16","0.00","0.0","72","84","59",
"USW00024127","SALT LAKE CITY INTERNATIONAL AIRPORT, UT US","2019-06-25","8.05","0.00","0.0","76","89","63",
"USW00024127","SALT LAKE CITY INTERNATIONAL AIRPORT, UT US","2019-06-26","15.43","0.00","0.0","79","91","64",
"USW00024127","SALT LAKE CITY INTERNATIONAL AIRPORT, UT US","2019-06-27","18.12","0.00","0.0","82","93","74",
"USW00024127","SALT LAKE CITY INTERNATIONAL AIRPORT, UT US","2019-06-28","14.32","0.00","0.0","84","95","70",
"USW00024127","SALT LAKE CITY INTERNATIONAL AIRPORT, UT US","2019-06-29","9.17","0.00","0.0","79","92","60",
"USW00024127","SALT LAKE CITY INTERNATIONAL AIRPORT, UT US","2019-06-30","15.21","0.00","0.0","82","86","69",
"USW00024127","SALT LAKE CITY INTERNATIONAL AIRPORT, UT US","2019-07-01","8.95","0.00","0.0","77","93","65",
"USW00024127","SALT LAKE CITY INTERNATIONAL AIRPORT, UT US","2019-07-02","12.08","0.00","0.0","84","96","69",
"USW00024127","SALT LAKE CITY INTERNATIONAL AIRPORT, UT US","2019-07-03","8.50","0.00","0.0","79","90","65",
"USW00024127","SALT LAKE CITY INTERNATIONAL AIRPORT, UT US","2019-07-04","6.93","0.11","0.0","73","83","60",
"USW00024127","SALT LAKE CITY INTERNATIONAL AIRPORT, UT US","2019-07-05","5.82","0.00","0.0","67","86","56",
"USW00024127","SALT LAKE CITY INTERNATIONAL AIRPORT, UT US","2019-07-06","5.82","0.00","0.0","77","93","63",
"USW00024127","SALT LAKE CITY INTERNATIONAL AIRPORT, UT US","2019-07-07","14.32","0.00","0.0","83","94","69",
"USW00024127","SALT LAKE CITY INTERNATIONAL AIRPORT, UT US","2019-07-08","8.50","0.00","0.0","78","89","63",
"USW00024127","SALT LAKE CITY INTERNATIONAL AIRPORT, UT US","2019-07-09","4.92","0.00","0.0","74","88","60",
"USW00024127","SALT LAKE CITY INTERNATIONAL AIRPORT, UT US","2019-07-10","11.41","0.00","0.0","82","99","70",
"USW00024127","SALT LAKE CITY INTERNATIONAL AIRPORT, UT US","2019-07-11","12.75","0.00","0.0","87","101","74",
"USW00024127","SALT LAKE CITY INTERNATIONAL AIRPORT, UT US","2019-07-12","10.96","0.00","0.0","86","100","73",
"USW00024127","SALT LAKE CITY INTERNATIONAL AIRPORT, UT US","2019-07-13","9.84","0.00","0.0","86","94","75",
"USW00024127","SALT LAKE CITY INTERNATIONAL AIRPORT, UT US","2019-07-14","10.96","0.00","0.0","83","99","69",
"USW00024127","SALT LAKE CITY INTERNATIONAL AIRPORT, UT US","2019-07-15","6.93","0.00","0.0","87","99","70",
"USW00024127","SALT LAKE CITY INTERNATIONAL AIRPORT, UT US","2019-07-16","8.95","0.00","0.0","84","99","68",
"USW00024127","SALT LAKE CITY INTERNATIONAL AIRPORT, UT US","2019-07-17","6.26","0.00","0.0","82","94","68",
"USW00024127","SALT LAKE CITY INTERNATIONAL AIRPORT, UT US","2019-07-18","12.30","0.00","0.0","86","99","74",
"USW00024127","SALT LAKE CITY INTERNATIONAL AIRPORT, UT US","2019-07-19","10.07","0.00","0.0","89","98","72",
"USW00024127","SALT LAKE CITY INTERNATIONAL AIRPORT, UT US","2019-07-20","4.92","0.00","0.0","81","95","67",
"USW00024127","SALT LAKE CITY INTERNATIONAL AIRPORT, UT US","2019-07-21","5.82","0.00","0.0","84","100","69",
"USW00024127","SALT LAKE CITY INTERNATIONAL AIRPORT, UT US","2019-07-22","7.83","0.00","0.0","87","103","74",
"USW00024127","SALT LAKE CITY INTERNATIONAL AIRPORT, UT US","2019-07-23","11.18","0.00","0.0","90","101","79",
"USW00024127","SALT LAKE CITY INTERNATIONAL AIRPORT, UT US","2019-07-24","6.71","0.00","0.0","87","95","77",
"USW00024127","SALT LAKE CITY INTERNATIONAL AIRPORT, UT US","2019-07-25","6.04","0.00","0.0","84","94","72",
"USW00024127","SALT LAKE CITY INTERNATIONAL AIRPORT, UT US","2019-07-26","9.17","0.26","0.0","81","89","69",
"USW00024127","SALT LAKE CITY INTERNATIONAL AIRPORT, UT US","2019-07-27","6.04","0.02","0.0","75","88","69",
"USW00024127","SALT LAKE CITY INTERNATIONAL AIRPORT, UT US","2019-07-28","7.61","0.00","0.0","81","95","69",
"USW00024127","SALT LAKE CITY INTERNATIONAL AIRPORT, UT US","2019-07-29","9.17","0.00","0.0","86","101","74",
"USW00024127","SALT LAKE CITY INTERNATIONAL AIRPORT, UT US","2019-07-30","7.61","0.00","0.0","88","101","68",
"USW00024127","SALT LAKE CITY INTERNATIONAL AIRPORT, UT US","2019-07-31","14.54","0.02","0.0","86","92","67",
"USW00024127","SALT LAKE CITY INTERNATIONAL AIRPORT, UT US","2019-08-01","7.61","0.00","0.0","74","93","65",
"USW00024127","SALT LAKE CITY INTERNATIONAL AIRPORT, UT US","2019-08-02","4.70","0.00","0.0","83","99","69",
"USW00024127","SALT LAKE CITY INTERNATIONAL AIRPORT, UT US","2019-08-03","11.41","0.00","0.0","86","98","77",
"USW00024127","SALT LAKE CITY INTERNATIONAL AIRPORT, UT US","2019-08-04","10.07","0.00","0.0","83","98","71",
"USW00024127","SALT LAKE CITY INTERNATIONAL AIRPORT, UT US","2019-08-05","8.28","0.00","0.0","87","100","75",
"USW00024127","SALT LAKE CITY INTERNATIONAL AIRPORT, UT US","2019-08-06","10.74","0.00","0.0","89","102","77",
"USW00024127","SALT LAKE CITY INTERNATIONAL AIRPORT, UT US","2019-08-07","9.62","0.00","0.0","88","89","73",
"USW00024127","SALT LAKE CITY INTERNATIONAL AIRPORT, UT US","2019-08-08","9.62","0.35","0.0","74","79","64",
"USW00024127","SALT LAKE CITY INTERNATIONAL AIRPORT, UT US","2019-08-09","5.59","0.14","0.0","70","90","60",
"USW00024127","SALT LAKE CITY INTERNATIONAL AIRPORT, UT US","2019-08-10","11.18","0.00","0.0","81","94","71",
"USW00024127","SALT LAKE CITY INTERNATIONAL AIRPORT, UT US","2019-08-11","10.29","0.00","0.0","81","87","67",
"USW00024127","SALT LAKE CITY INTERNATIONAL AIRPORT, UT US","2019-08-12","5.59","0.00","0.0","74","85","61",
"USW00024127","SALT LAKE CITY INTERNATIONAL AIRPORT, UT US","2019-08-13","6.49","0.00","0.0","77","93","64",
"USW00024127","SALT LAKE CITY INTERNATIONAL AIRPORT, UT US","2019-08-14","6.49","0.00","0.0","80","95","65",
"USW00024127","SALT LAKE CITY INTERNATIONAL AIRPORT, UT US","2019-08-15","5.59","0.00","0.0","82","96","67",
"USW00024127","SALT LAKE CITY INTERNATIONAL AIRPORT, UT US","2019-08-16","5.14","0.00","0.0","81","91","67",
"USW00024127","SALT LAKE CITY INTERNATIONAL AIRPORT, UT US","2019-08-17","5.14","0.00","0.0","78","91","66",
"USW00024127","SALT LAKE CITY INTERNATIONAL AIRPORT, UT US","2019-08-18","6.93","0.00","0.0","80","96","63",
"USW00024127","SALT LAKE CITY INTERNATIONAL AIRPORT, UT US","2019-08-19","12.53","0.00","0.0","86","97","73",
"USW00024127","SALT LAKE CITY INTERNATIONAL AIRPORT, UT US","2019-08-20","10.74","0.00","0.0","84","98","71",
"USW00024127","SALT LAKE CITY INTERNATIONAL AIRPORT, UT US","2019-08-21","6.71","0.00","0.0","82","99","67",
"USW00024127","SALT LAKE CITY INTERNATIONAL AIRPORT, UT US","2019-08-22","9.84","0.00","0.0","83","93","69",
"USW00024127","SALT LAKE CITY INTERNATIONAL AIRPORT, UT US","2019-08-23","5.37","0.00","0.0","76","86","61",
"USW00024127","SALT LAKE CITY INTERNATIONAL AIRPORT, UT US","2019-08-24","7.61","0.00","0.0","78","94","64",
"USW00024127","SALT LAKE CITY INTERNATIONAL AIRPORT, UT US","2019-08-25","7.83","0.00","0.0","83","94","71",
"USW00024127","SALT LAKE CITY INTERNATIONAL AIRPORT, UT US","2019-08-26","6.93","0.00","0.0","77","82","62",
"USW00024127","SALT LAKE CITY INTERNATIONAL AIRPORT, UT US","2019-08-27","5.82","0.00","0.0","72","88","59",
"USW00024127","SALT LAKE CITY INTERNATIONAL AIRPORT, UT US","2019-08-28","6.26","0.00","0.0","76","96","62",
"USW00024127","SALT LAKE CITY INTERNATIONAL AIRPORT, UT US","2019-08-29","7.16","0.00","0.0","82","96","69",
"USW00024127","SALT LAKE CITY INTERNATIONAL AIRPORT, UT US","2019-08-30","7.61","0.00","0.0","85","97","72",
"USW00024127","SALT LAKE CITY INTERNATIONAL AIRPORT, UT US","2019-08-31","6.04","0.00","0.0","82","95","68",
"USW00024127","SALT LAKE CITY INTERNATIONAL AIRPORT, UT US","2019-09-01","9.17","0.00","0.0","83","100","70",
"USW00024127","SALT LAKE CITY INTERNATIONAL AIRPORT, UT US","2019-09-02","7.83","0.00","0.0","84","98","69",
"USW00024127","SALT LAKE CITY INTERNATIONAL AIRPORT, UT US","2019-09-03","6.26","0.03","0.0","85","94","74",
"USW00024127","SALT LAKE CITY INTERNATIONAL AIRPORT, UT US","2019-09-04","7.38","0.00","0.0","82","98","70",
"USW00024127","SALT LAKE CITY INTERNATIONAL AIRPORT, UT US","2019-09-05","8.28","0.07","0.0","85","95","71",
"USW00024127","SALT LAKE CITY INTERNATIONAL AIRPORT, UT US","2019-09-06","8.50","0.01","0.0","76","85","67",
"USW00024127","SALT LAKE CITY INTERNATIONAL AIRPORT, UT US","2019-09-07","6.26","0.00","0.0","75","88","64",
"USW00024127","SALT LAKE CITY INTERNATIONAL AIRPORT, UT US","2019-09-08","8.95","0.17","0.0","73","79","58",
"USW00024127","SALT LAKE CITY INTERNATIONAL AIRPORT, UT US","2019-09-09","5.59","0.00","0.0","65","80","55",
"USW00024127","SALT LAKE CITY INTERNATIONAL AIRPORT, UT US","2019-09-10","9.62","0.02","0.0","67","79","56",
"USW00024127","SALT LAKE CITY INTERNATIONAL AIRPORT, UT US","2019-09-11","7.83","0.81","0.0","59","63","51",
"USW00024127","SALT LAKE CITY INTERNATIONAL AIRPORT, UT US","2019-09-12","6.71","0.00","0.0","59","73","50",
"USW00024127","SALT LAKE CITY INTERNATIONAL AIRPORT, UT US","2019-09-13","6.49","0.00","0.0","65","81","53",
"USW00024127","SALT LAKE CITY INTERNATIONAL AIRPORT, UT US","2019-09-14","8.05","0.00","0.0","70","90","56",
"USW00024127","SALT LAKE CITY INTERNATIONAL AIRPORT, UT US","2019-09-15","13.65","0.00","0.0","77","92","65",
"USW00024127","SALT LAKE CITY INTERNATIONAL AIRPORT, UT US","2019-09-16","18.79","0.00","0.0","80","87","74",
"USW00024127","SALT LAKE CITY INTERNATIONAL AIRPORT, UT US","2019-09-17","8.95","0.05","0.0","68","78","53",
"USW00024127","SALT LAKE CITY INTERNATIONAL AIRPORT, UT US","2019-09-18","11.18","0.00","0.0","63","83","51",
"USW00024127","SALT LAKE CITY INTERNATIONAL AIRPORT, UT US","2019-09-19","9.62","0.00","0.0","66","76","49",
"USW00024127","SALT LAKE CITY INTERNATIONAL AIRPORT, UT US","2019-09-20","6.04","0.24","0.0","56","59","48",
"USW00024127","SALT LAKE CITY INTERNATIONAL AIRPORT, UT US","2019-09-21","6.71","0.00","0.0","54","65","46",
"USW00024127","SALT LAKE CITY INTERNATIONAL AIRPORT, UT US","2019-09-22","6.93","0.00","0.0","57","74","47",
"USW00024127","SALT LAKE CITY INTERNATIONAL AIRPORT, UT US","2019-09-23","6.71","0.00","0.0","67","78","57",
"USW00024127","SALT LAKE CITY INTERNATIONAL AIRPORT, UT US","2019-09-24","5.59","0.00","0.0","64","75","52",
"USW00024127","SALT LAKE CITY INTERNATIONAL AIRPORT, UT US","2019-09-25","4.92","0.00","0.0","65","77","53",
"USW00024127","SALT LAKE CITY INTERNATIONAL AIRPORT, UT US","2019-09-26","7.61","0.00","0.0","66","82","54",
"USW00024127","SALT LAKE CITY INTERNATIONAL AIRPORT, UT US","2019-09-27","7.16","0.01","0.0","67","73","59",
"USW00024127","SALT LAKE CITY INTERNATIONAL AIRPORT, UT US","2019-09-28","11.41","0.01","0.0","61","63","49",
"USW00024127","SALT LAKE CITY INTERNATIONAL AIRPORT, UT US","2019-09-29","7.61","0.13","0.0","48","51","42",
"USW00024127","SALT LAKE CITY INTERNATIONAL AIRPORT, UT US","2019-09-30","6.26","0.00","0.0","46","58","38",
"USW00024127","SALT LAKE CITY INTERNATIONAL AIRPORT, UT US","2019-10-01","6.71","0.00","0.0","48","59","39",
"USW00024127","SALT LAKE CITY INTERNATIONAL AIRPORT, UT US","2019-10-02","5.82","0.00","0.0","50","58","44",
"USW00024127","SALT LAKE CITY INTERNATIONAL AIRPORT, UT US","2019-10-03","6.26","0.00","0.0","51","69","39",
"USW00024127","SALT LAKE CITY INTERNATIONAL AIRPORT, UT US","2019-10-04","9.40","0.00","0.0","55","64","42",
"USW00024127","SALT LAKE CITY INTERNATIONAL AIRPORT, UT US","2019-10-05","6.04","0.00","0.0","48","61","37",
"USW00024127","SALT LAKE CITY INTERNATIONAL AIRPORT, UT US","2019-10-06","4.25","0.00","0.0","49","62","38",
"USW00024127","SALT LAKE CITY INTERNATIONAL AIRPORT, UT US","2019-10-07","6.26","0.00","0.0","51","67","38",
"USW00024127","SALT LAKE CITY INTERNATIONAL AIRPORT, UT US","2019-10-08","5.59","0.00","0.0","55","77","41",
"USW00024127","SALT LAKE CITY INTERNATIONAL AIRPORT, UT US","2019-10-09","15.21","0.00","0.0","56","65","36",
"USW00024127","SALT LAKE CITY INTERNATIONAL AIRPORT, UT US","2019-10-10","8.95","0.00","0.0","37","42","30",
"USW00024127","SALT LAKE CITY INTERNATIONAL AIRPORT, UT US","2019-10-11","5.37","0.00","0.0","37","51","28",
"USW00024127","SALT LAKE CITY INTERNATIONAL AIRPORT, UT US","2019-10-12","5.14","0.00","0.0","41","57","29",
"USW00024127","SALT LAKE CITY INTERNATIONAL AIRPORT, UT US","2019-10-13","6.04","0.00","0.0","47","67","34",
"USW00024127","SALT LAKE CITY INTERNATIONAL AIRPORT, UT US","2019-10-14","4.47","0.00","0.0","51","69","35",
"USW00024127","SALT LAKE CITY INTERNATIONAL AIRPORT, UT US","2019-10-15","5.59","0.00","0.0","53","72","40",
"USW00024127","SALT LAKE CITY INTERNATIONAL AIRPORT, UT US","2019-10-16","8.95","0.00","0.0","58","78","44",
"USW00024127","SALT LAKE CITY INTERNATIONAL AIRPORT, UT US","2019-10-17","16.78","0.18","0.0","64","73","44",
"USW00024127","SALT LAKE CITY INTERNATIONAL AIRPORT, UT US","2019-10-18","5.37","0.00","0.0","50","56","41",
"USW00024127","SALT LAKE CITY INTERNATIONAL AIRPORT, UT US","2019-10-19","10.51","0.28","0.0","47","55","36",
"USW00024127","SALT LAKE CITY INTERNATIONAL AIRPORT, UT US","2019-10-20","9.84","0.00","0.0","42","48","40",
"USW00024127","SALT LAKE CITY INTERNATIONAL AIRPORT, UT US","2019-10-21","7.61","0.00","0.0","47","56","42",
"USW00024127","SALT LAKE CITY INTERNATIONAL AIRPORT, UT US","2019-10-22","5.59","0.00","0.0","51","63","43",
"USW00024127","SALT LAKE CITY INTERNATIONAL AIRPORT, UT US","2019-10-23","9.17","0.00","0.0","53","58","39",
"USW00024127","SALT LAKE CITY INTERNATIONAL AIRPORT, UT US","2019-10-24","5.37","0.00","0.0","44","53","33",
"USW00024127","SALT LAKE CITY INTERNATIONAL AIRPORT, UT US","2019-10-25","4.70","0.00","0.0","45","62","35",
"USW00024127","SALT LAKE CITY INTERNATIONAL AIRPORT, UT US","2019-10-26","11.63","0.00","0.0","49","61","37",
"USW00024127","SALT LAKE CITY INTERNATIONAL AIRPORT, UT US","2019-10-27","9.17","0.03","0.0","39","41","28",
"USW00024127","SALT LAKE CITY INTERNATIONAL AIRPORT, UT US","2019-10-28","8.50","0.00","0.0","31","40","22",
"USW00024127","SALT LAKE CITY INTERNATIONAL AIRPORT, UT US","2019-10-29","9.40","0.00","0.0","31","34","17",
"USW00024127","SALT LAKE CITY INTERNATIONAL AIRPORT, UT US","2019-10-30","4.70","0.00","0.0","22","34","14",
"USW00024127","SALT LAKE CITY INTERNATIONAL AIRPORT, UT US","2019-10-31","4.70","0.00","0.0","29","45","20",
"USW00024127","SALT LAKE CITY INTERNATIONAL AIRPORT, UT US","2019-11-01","4.25","0.00","0.0","33","46","24",
"USW00024127","SALT LAKE CITY INTERNATIONAL AIRPORT, UT US","2019-11-02","5.37","0.00","0.0","36","51","26",
"USW00024127","SALT LAKE CITY INTERNATIONAL AIRPORT, UT US","2019-11-03","3.58","0.00","0.0","39","56","28",
"USW00024127","SALT LAKE CITY INTERNATIONAL AIRPORT, UT US","2019-11-04","3.58","0.00","0.0","41","57","30",
"USW00024127","SALT LAKE CITY INTERNATIONAL AIRPORT, UT US","2019-11-05","6.04","0.00","0.0","45","62","33",
"USW00024127","SALT LAKE CITY INTERNATIONAL AIRPORT, UT US","2019-11-06","5.37","0.00","0.0","47","62","36",
"USW00024127","SALT LAKE CITY INTERNATIONAL AIRPORT, UT US","2019-11-07","4.92","0.00","0.0","45","60","34",
"USW00024127","SALT LAKE CITY INTERNATIONAL AIRPORT, UT US","2019-11-08","2.46","0.00","0.0","45","62","33",
"USW00024127","SALT LAKE CITY INTERNATIONAL AIRPORT, UT US","2019-11-09","3.80","0.00","0.0","45","62","32",
"USW00024127","SALT LAKE CITY INTERNATIONAL AIRPORT, UT US","2019-11-10","4.92","0.00","0.0","44","62","30",
"USW00024127","SALT LAKE CITY INTERNATIONAL AIRPORT, UT US","2019-11-11","6.26","0.00","0.0","46","55","35",
"USW00024127","SALT LAKE CITY INTERNATIONAL AIRPORT, UT US","2019-11-12","4.92","0.00","0.0","41","57","31",
"USW00024127","SALT LAKE CITY INTERNATIONAL AIRPORT, UT US","2019-11-13","3.36","0.00","0.0","45","61","36",
"USW00024127","SALT LAKE CITY INTERNATIONAL AIRPORT, UT US","2019-11-14","4.47","0.00","0.0","46","61","36",
"USW00024127","SALT LAKE CITY INTERNATIONAL AIRPORT, UT US","2019-11-15","3.36","0.00","0.0","47","64","35",
"USW00024127","SALT LAKE CITY INTERNATIONAL AIRPORT, UT US","2019-11-16","4.92","0.00","0.0","47","57","36",
"USW00024127","SALT LAKE CITY INTERNATIONAL AIRPORT, UT US","2019-11-17","4.92","0.00","0.0","44","58","34",
"USW00024127","SALT LAKE CITY INTERNATIONAL AIRPORT, UT US","2019-11-18","3.80","0.00","0.0","45","60","32",
"USW00024127","SALT LAKE CITY INTERNATIONAL AIRPORT, UT US","2019-11-19","4.70","0.00","0.0","44","58","33",
"USW00024127","SALT LAKE CITY INTERNATIONAL AIRPORT, UT US","2019-11-20","4.25","0.12","0.0","44","49","39",
"USW00024127","SALT LAKE CITY INTERNATIONAL AIRPORT, UT US","2019-11-21","7.83","0.00","0.0","43","48","34",
"USW00024127","SALT LAKE CITY INTERNATIONAL AIRPORT, UT US","2019-11-22","3.80","0.00","0.0","39","43","34",
"USW00024127","SALT LAKE CITY INTERNATIONAL AIRPORT, UT US","2019-11-23","4.03","0.00","0.0","39","49","30",
"USW00024127","SALT LAKE CITY INTERNATIONAL AIRPORT, UT US","2019-11-24","6.04","0.00","0.0","38","48","29",
"USW00024127","SALT LAKE CITY INTERNATIONAL AIRPORT, UT US","2019-11-25","12.08","0.12","0.6","35","39","25",
"USW00024127","SALT LAKE CITY INTERNATIONAL AIRPORT, UT US","2019-11-26","5.37","0.00","0.0","27","32","20",
"USW00024127","SALT LAKE CITY INTERNATIONAL AIRPORT, UT US","2019-11-27","10.07","0.11","1.6","32","39","30",
"USW00024127","SALT LAKE CITY INTERNATIONAL AIRPORT, UT US","2019-11-28","6.49","0.44","4.5","33","38","32",
"USW00024127","SALT LAKE CITY INTERNATIONAL AIRPORT, UT US","2019-11-29","8.05","0.38","3.5","34","39","30",
"USW00024127","SALT LAKE CITY INTERNATIONAL AIRPORT, UT US","2019-11-30","5.37","0.00",,"31","36","22",
"USW00024127","SALT LAKE CITY INTERNATIONAL AIRPORT, UT US","2019-12-01","4.47","0.00","0.0","27","37","22",
"USW00024127","SALT LAKE CITY INTERNATIONAL AIRPORT, UT US","2019-12-02","3.36","0.00","0.0","29","36","24",
"USW00024127","SALT LAKE CITY INTERNATIONAL AIRPORT, UT US","2019-12-03","3.13","0.00","0.0","34","40","29",
"USW00024127","SALT LAKE CITY INTERNATIONAL AIRPORT, UT US","2019-12-04","2.91","0.11","0.0","30","33","24",
"USW00024127","SALT LAKE CITY INTERNATIONAL AIRPORT, UT US","2019-12-05","2.91","0.15","0.0","33","38","33",
"USW00024127","SALT LAKE CITY INTERNATIONAL AIRPORT, UT US","2019-12-06","3.58","0.00","0.0","38","48","33",
"USW00024127","SALT LAKE CITY INTERNATIONAL AIRPORT, UT US","2019-12-07","3.36","0.00","0.0","32","37","28",
"USW00024127","SALT LAKE CITY INTERNATIONAL AIRPORT, UT US","2019-12-08","4.70","0.25","0.1","35","42","31",
"USW00024127","SALT LAKE CITY INTERNATIONAL AIRPORT, UT US","2019-12-09","5.37","0.00","0.0","39","43","31",
"USW00024127","SALT LAKE CITY INTERNATIONAL AIRPORT, UT US","2019-12-10","5.82","0.00","0.0","35","47","29",
"USW00024127","SALT LAKE CITY INTERNATIONAL AIRPORT, UT US","2019-12-11","4.70","0.00","0.0","33","43","27",
"USW00024127","SALT LAKE CITY INTERNATIONAL AIRPORT, UT US","2019-12-12","8.50","0.16","0.0","40","46","38",
"USW00024127","SALT LAKE CITY INTERNATIONAL AIRPORT, UT US","2019-12-13","6.71","0.14","0.0","41","45","37",
"USW00024127","SALT LAKE CITY INTERNATIONAL AIRPORT, UT US","2019-12-14","6.93","0.33","0.8","38","42","30",
"USW00024127","SALT LAKE CITY INTERNATIONAL AIRPORT, UT US","2019-12-15","5.82","0.00","0.0","30","33","24",
"USW00024127","SALT LAKE CITY INTERNATIONAL AIRPORT, UT US","2019-12-16","6.93","0.03","0.4","29","33","23",
"USW00024127","SALT LAKE CITY INTERNATIONAL AIRPORT, UT US","2019-12-17","4.70","0.00","0.0","26","35","20",
"USW00024127","SALT LAKE CITY INTERNATIONAL AIRPORT, UT US","2019-12-18","3.80","0.00","0.0","26","37","21",
"USW00024127","SALT LAKE CITY INTERNATIONAL AIRPORT, UT US","2019-12-19","4.25","0.00","0.0","29","38","24",
"USW00024127","SALT LAKE CITY INTERNATIONAL AIRPORT, UT US","2019-12-20","4.70","0.00","0.0","33","44","26",
"USW00024127","SALT LAKE CITY INTERNATIONAL AIRPORT, UT US","2019-12-21","2.68","0.00","0.0","31","40","25",
"USW00024127","SALT LAKE CITY INTERNATIONAL AIRPORT, UT US","2019-12-22","14.54","0.00","0.0","43","55","31",
"USW00024127","SALT LAKE CITY INTERNATIONAL AIRPORT, UT US","2019-12-23","9.62","0.00","0.0","47","51","42",
"USW00024127","SALT LAKE CITY INTERNATIONAL AIRPORT, UT US","2019-12-24","8.72","0.17","0.0","46","51","37",
"USW00024127","SALT LAKE CITY INTERNATIONAL AIRPORT, UT US","2019-12-25","4.03","0.24","0.2","38","40","33",
"USW00024127","SALT LAKE CITY INTERNATIONAL AIRPORT, UT US","2019-12-26","4.03","0.02","0.2","35","40","30",
"USW00024127","SALT LAKE CITY INTERNATIONAL AIRPORT, UT US","2019-12-27","9.17","0.00","0.0","30","34","20",
"USW00024127","SALT LAKE CITY INTERNATIONAL AIRPORT, UT US","2019-12-28","7.38","0.00","0.0","26","31","20",
"USW00024127","SALT LAKE CITY INTERNATIONAL AIRPORT, UT US","2019-12-29","8.05","0.00","0.0","25","29","22",
"USW00024127","SALT LAKE CITY INTERNATIONAL AIRPORT, UT US","2019-12-30","2.46","0.03","1.0","29","33","27",
"USW00024127","SALT LAKE CITY INTERNATIONAL AIRPORT, UT US","2019-12-31","4.03","0.00","0.0","30","33","27",
