ID_state,ID_year,Quarter,cddc,hddc,pcpn,pdsi,phdi,pmdi,sp01,tmax,tmin,tmpc,zndx
1,2015,Q1,13.666666666666666,564.6666666666666,4.223333333333334,-0.8700000000000001,-0.47333333333333333,-0.8533333333333334,-0.48,58.666666666666664,36.43333333333333,47.56666666666666,-1.0566666666666666
1,2015,Q2,234.66666666666666,31.333333333333332,4.91,-0.75,-0.75,-0.023333333333333334,0.21999999999999997,83.26666666666667,61.23333333333333,72.2,0.11666666666666663
1,2015,Q3,396.0,1.6666666666666667,4.12,-1.1833333333333333,-1.1833333333333333,-1.07,-0.09999999999999999,88.93333333333332,67.66666666666667,78.33333333333333,-0.7166666666666668
1,2015,Q4,51.0,211.33333333333334,7.2,0.59,0.59,0.59,1.3133333333333335,70.89999999999999,49.833333333333336,60.36666666666667,2.3333333333333335
1,2016,Q1,20.0,469.0,5.11,-0.27999999999999997,1.6033333333333335,1.0833333333333333,-0.05000000000000001,62.1,39.56666666666667,50.833333333333336,-0.5233333333333333
1,2016,Q2,215.0,45.333333333333336,3.876666666666667,-0.75,-0.24333333333333337,-0.46666666666666673,-0.2866666666666667,82.96666666666667,59.1,71.0,-0.79
1,2016,Q3,472.3333333333333,0.0,3.5233333333333334,-2.01,-2.01,-2.01,-0.5033333333333334,91.66666666666667,69.7,80.73333333333333,-1.96
1,2016,Q4,60.333333333333336,270.0,2.493333333333333,-3.7266666666666666,-3.7266666666666666,-3.7266666666666666,-0.9100000000000001,72.3,45.26666666666667,58.800000000000004,-2.22
1,2017,Q1,32.333333333333336,345.6666666666667,5.68,-2.7533333333333334,-2.7533333333333334,-2.1366666666666667,0.14000000000000004,67.13333333333333,43.800000000000004,55.46666666666667,-0.2833333333333332
1,2017,Q2,195.33333333333334,27.0,7.266666666666666,0.32,-0.6466666666666668,-0.2266666666666667,1.1933333333333334,82.36666666666666,59.56666666666666,70.96666666666668,2.893333333333333
1,2017,Q3,374.3333333333333,3.3333333333333335,4.793333333333333,3.0866666666666664,3.0866666666666664,3.0499999999999994,0.2866666666666667,87.73333333333333,67.43333333333334,77.6,0.8066666666666666
1,2017,Q4,37.666666666666664,333.6666666666667,3.6566666666666667,2.84,2.84,2.0566666666666666,-0.44999999999999996,67.36666666666667,44.833333333333336,56.1,-3.700743415417188e-17
1,2018,Q1,21.0,472.0,4.576666666666667,1.0066666666666666,1.0066666666666666,-1.0166666666666668,-0.4433333333333333,62.43333333333334,40.03333333333334,51.26666666666667,-1.0066666666666666
1,2018,Q2,240.33333333333334,70.33333333333333,5.346666666666667,1.0133333333333334,1.0133333333333334,-0.43,0.5333333333333333,82.89999999999999,59.20000000000001,71.06666666666666,0.7133333333333333
1,2018,Q3,443.0,0.0,5.233333333333333,0.83,0.83,-0.32,0.42,89.8,69.93333333333332,79.86666666666666,0.36999999999999994
1,2018,Q4,44.666666666666664,355.6666666666667,6.31,1.8666666666666665,1.8666666666666665,1.3399999999999999,1.04,65.63333333333334,45.6,55.6,2.1466666666666665
1,2019,Q1,19.666666666666668,431.6666666666667,5.206666666666666,1.59,2.39,2.0400000000000005,0.013333333333333272,63.133333333333326,41.93333333333334,52.53333333333333,-0.42
1,2019,Q2,232.33333333333334,39.0,4.766666666666667,-0.5800000000000001,1.3666666666666665,0.37333333333333335,0.21999999999999997,83.56666666666666,60.23333333333333,71.93333333333332,-0.02999999999999999
1,2019,Q3,461.6666666666667,0.0,3.14,-1.5233333333333334,-1.5233333333333334,-1.4866666666666666,-0.8833333333333333,92.0,68.96666666666667,80.46666666666665,-2.0733333333333337
1,2019,Q4,48.666666666666664,328.6666666666667,5.653333333333333,1.05,-0.3166666666666667,0.6166666666666666,0.8300000000000001,67.83333333333333,45.26666666666667,56.56666666666666,1.3933333333333333
1,2020,Q1,40.0,376.0,7.996666666666666,2.3433333333333333,2.3433333333333333,2.1833333333333336,1.1833333333333333,64.96666666666667,44.366666666666674,54.666666666666664,1.75
1,2020,Q2,173.33333333333334,66.33333333333333,5.3,2.526666666666667,2.526666666666667,2.473333333333333,0.45,80.83333333333333,57.70000000000001,69.26666666666667,0.9366666666666666
1,2020,Q3,400.6666666666667,2.0,5.6933333333333325,2.6,2.6,2.566666666666667,0.7133333333333333,88.10000000000001,68.8,78.46666666666668,1.2866666666666666
1,2020,Q4,48.333333333333336,317.0,3.9,2.9233333333333333,2.9233333333333333,2.473333333333333,0.06999999999999995,68.8,45.333333333333336,57.06666666666667,0.22333333333333336
1,2021,Q1,21.333333333333332,466.3333333333333,5.33,1.3966666666666665,1.3966666666666665,-0.043333333333333335,-0.07000000000000002,61.93333333333334,40.06666666666667,50.96666666666667,-0.38999999999999996
1,2021,Q2,174.0,63.333333333333336,6.323333333333333,1.9933333333333334,1.9933333333333334,1.3733333333333333,0.8733333333333334,80.8,57.866666666666674,69.33333333333333,2.0533333333333332
1,2021,Q3,379.0,2.3333333333333335,6.583333333333333,4.169999999999999,4.169999999999999,4.169999999999999,1.1766666666666665,87.2,68.3,77.73333333333333,2.706666666666667
1,2021,Q4,55.333333333333336,266.6666666666667,3.483333333333333,1.0966666666666665,3.8433333333333333,3.1833333333333336,-0.38333333333333336,70.36666666666667,47.133333333333326,58.76666666666667,-0.20666666666666675
1,2022,Q1,15.0,479.0,5.88,-0.66,2.483333333333333,1.3466666666666667,0.29000000000000004,63.26666666666666,37.666666666666664,50.46666666666667,0.18666666666666665
1,2022,Q2,247.0,47.666666666666664,4.62,-0.2866666666666667,1.99,1.0566666666666666,0.1433333333333333,84.03333333333335,60.26666666666667,72.16666666666667,-0.14
1,2022,Q3,398.6666666666667,2.6666666666666665,4.783333333333334,0.07000000000000002,1.36,0.31666666666666665,0.26333333333333325,88.3,68.13333333333333,78.23333333333333,0.06999999999999991
1,2022,Q4,20.0,341.3333333333333,4.0,0.24666666666666667,1.03,0.09000000000000001,0.17333333333333334,66.96666666666667,43.43333333333334,55.199999999999996,0.09666666666666664
1,2023,Q1,33.666666666666664,345.3333333333333,5.576666666666667,-0.21000000000000005,0.3666666666666667,-0.22666666666666668,0.16999999999999996,67.0,44.1,55.53333333333334,-0.39000000000000007
1,2023,Q2,186.33333333333334,50.0,4.926666666666667,-0.21666666666666667,-0.21666666666666667,-0.21666666666666667,0.32,81.46666666666665,58.63333333333333,70.06666666666666,0.5566666666666666
1,2023,Q3,432.0,1.0,3.893333333333333,-0.09666666666666668,-0.09666666666666668,0.09000000000000001,-0.25666666666666665,90.7,68.5,79.60000000000001,-0.6666666666666666
1,2023,Q4,35.0,318.3333333333333,2.643333333333333,-1.5566666666666666,-1.5566666666666666,-1.5566666666666666,-0.5766666666666667,68.03333333333335,44.300000000000004,56.166666666666664,-1.54
1,2024,Q1,18.666666666666668,453.0,6.22,0.01666666666666668,-1.0999999999999999,-0.26,0.42333333333333334,63.0,39.599999999999994,51.333333333333336,0.42333333333333334
1,2024,Q2,249.33333333333334,35.0,4.55,-0.33,-0.9466666666666667,-0.26,0.13333333333333333,83.66666666666667,61.23333333333333,72.43333333333332,-0.10666666666666665
1,2024,Q3,425.6666666666667,1.0,4.9433333333333325,-0.15666666666666665,-0.15666666666666665,-0.013333333333333308,-0.040000000000000036,89.73333333333333,68.86666666666667,79.3,-0.15333333333333346
1,2024,Q4,54.0,269.6666666666667,3.0933333333333333,-1.0033333333333332,-1.0033333333333332,-1.0033333333333332,-0.52,70.43333333333332,46.93333333333334,58.666666666666664,-1.2866666666666666
1,2025,Q1,18.333333333333332,489.6666666666667,4.29,-1.6566666666666665,-1.6566666666666665,-1.6566666666666665,-0.49333333333333335,62.833333333333336,37.86666666666667,50.333333333333336,-1.2233333333333334
1,2025,Q2,228.66666666666666,27.666666666666668,7.44,1.4666666666666668,0.9066666666666666,0.9366666666666665,1.3833333333333335,83.1,61.5,72.3,2.7433333333333336
1,2025,Q3,-3029.0,-3333.0,-1.0733333333333335,-32.39666666666667,-32.39666666666667,-33.13333333333333,-34.04,26.7,13.633333333333335,20.166666666666668,-34.24666666666666
1,2025,Q4,-9999.0,-9999.0,-9.99,-99.99,-99.99,-99.99,-99.99,-99.90000000000002,-99.90000000000002,-99.90000000000002,-99.99
2,2015,Q1,43.0,253.33333333333334,1.1833333333333333,-2.123333333333333,-2.123333333333333,-1.29,0.26666666666666666,64.6,37.666666666666664,51.133333333333326,-0.7166666666666668
2,2015,Q2,305.0,49.666666666666664,0.7399999999999999,-0.6966666666666667,-2.2100000000000004,-1.8966666666666667,1.2466666666666668,81.66666666666667,51.46666666666667,66.56666666666666,-0.15
2,2015,Q3,615.6666666666666,0.3333333333333333,1.7933333333333332,0.2933333333333333,-1.4433333333333334,-0.7533333333333333,0.2733333333333334,91.46666666666665,64.63333333333334,78.06666666666666,-0.01
2,2015,Q4,79.33333333333333,289.3333333333333,1.0799999999999998,0.13666666666666663,-0.3266666666666667,0.3866666666666667,0.35000000000000003,64.13333333333333,38.300000000000004,51.23333333333333,0.2333333333333333
2,2016,Q1,35.333333333333336,294.6666666666667,0.6,-1.1233333333333333,-1.1233333333333333,-0.92,-0.71,63.699999999999996,34.5,49.1,-1.8366666666666667
2,2016,Q2,338.0,43.666666666666664,0.5833333333333334,-2.47,-2.47,-2.47,0.8066666666666666,83.10000000000001,52.5,67.8,-1.4000000000000001
2,2016,Q3,590.0,1.3333333333333333,1.7700000000000002,-2.4766666666666666,-2.4766666666666666,-2.0833333333333335,0.22,90.93333333333332,63.366666666666674,77.16666666666667,-0.07666666666666665
2,2016,Q4,109.66666666666667,201.66666666666666,1.14,-2.1533333333333333,-2.1533333333333333,-1.9266666666666667,0.2933333333333334,68.0,41.266666666666666,54.633333333333326,-0.33666666666666667
2,2017,Q1,36.333333333333336,297.0,1.2466666666666668,-0.9233333333333333,-0.9233333333333333,0.36333333333333345,0.24333333333333332,61.93333333333333,36.93333333333333,49.43333333333333,0.006666666666666672
2,2017,Q2,357.0,34.0,0.21999999999999997,-1.61,-1.61,-1.3933333333333333,-0.3466666666666667,84.83333333333333,52.26666666666667,68.60000000000001,-0.8266666666666667
2,2017,Q3,594.6666666666666,1.0,1.6300000000000001,-1.2133333333333332,-1.2133333333333332,-0.6633333333333333,-0.07999999999999996,91.60000000000001,63.699999999999996,77.66666666666667,-0.36000000000000004
2,2017,Q4,124.66666666666667,159.0,0.06,-3.1233333333333335,-3.1233333333333335,-3.1233333333333335,-1.4100000000000001,71.56666666666666,41.26666666666666,56.43333333333333,-2.84
2,2018,Q1,22.0,285.0,0.6900000000000001,-4.180000000000001,-4.180000000000001,-4.180000000000001,-0.3233333333333333,62.9,34.833333333333336,48.866666666666674,-1.8266666666666669
2,2018,Q2,369.0,21.0,0.17333333333333334,-5.576666666666665,-5.576666666666665,-5.576666666666665,-0.6866666666666666,86.46666666666665,53.53333333333334,70.0,-3.073333333333333
2,2018,Q3,643.0,0.3333333333333333,1.8,-4.596666666666667,-4.596666666666667,-4.263333333333333,0.2166666666666667,93.60000000000001,65.33333333333333,79.5,-0.24000000000000002
2,2018,Q4,48.0,271.3333333333333,1.2266666666666668,0.9833333333333334,-2.6799999999999997,-1.3366666666666667,0.31666666666666665,63.20000000000001,38.166666666666664,50.699999999999996,0.7433333333333333
2,2019,Q1,10.666666666666666,399.3333333333333,1.82,1.3399999999999999,-1.3033333333333335,0.5866666666666667,0.8766666666666666,57.166666666666664,32.86666666666667,45.0,1.4666666666666668
2,2019,Q2,273.0,49.0,0.42333333333333334,1.8233333333333333,1.1166666666666665,1.79,0.18333333333333332,80.80000000000001,49.96666666666667,65.39999999999999,0.91
2,2019,Q3,645.6666666666666,0.6666666666666666,1.1166666666666665,-1.38,-0.7699999999999999,-1.0,-0.7766666666666665,93.69999999999999,64.7,79.2,-1.6733333333333336
2,2019,Q4,62.333333333333336,246.66666666666666,1.5366666666666664,0.4266666666666667,0.4266666666666667,0.4266666666666667,0.4033333333333333,65.0,37.9,51.43333333333334,1.1933333333333336
2,2020,Q1,10.666666666666666,355.6666666666667,1.3099999999999998,1.4066666666666665,1.4066666666666665,1.0233333333333334,0.35000000000000003,59.9,33.833333333333336,46.86666666666667,0.5499999999999999
2,2020,Q2,360.0,34.0,0.17,1.2466666666666668,1.8633333333333333,1.7733333333333334,-0.62,85.2,52.5,68.86666666666667,0.42333333333333334
2,2020,Q3,705.0,0.3333333333333333,0.4733333333333334,-2.39,-2.39,-2.39,-1.8233333333333335,96.33333333333333,65.3,80.83333333333333,-3.6466666666666665
2,2020,Q4,110.0,221.33333333333334,0.2333333333333333,-4.13,-4.13,-4.13,-0.9266666666666666,69.3,38.43333333333333,53.9,-2.12
2,2021,Q1,10.666666666666666,353.3333333333333,0.7566666666666667,-4.093333333333334,-4.093333333333334,-4.09,-0.3333333333333333,60.0,32.36666666666667,46.166666666666664,-1.0899999999999999
2,2021,Q2,379.0,27.0,0.15,-5.1499999999999995,-5.1499999999999995,-5.1499999999999995,-0.63,86.09999999999998,53.666666666666664,69.9,-2.896666666666667
2,2021,Q3,591.3333333333334,0.3333333333333333,2.43,-3.1366666666666667,-3.1366666666666667,-1.39,0.9100000000000001,91.89999999999999,65.23333333333333,78.56666666666666,1.4733333333333334
2,2021,Q4,69.66666666666667,193.66666666666666,0.8533333333333334,-2.9266666666666663,-2.9266666666666663,-1.8933333333333333,-0.1333333333333333,67.60000000000001,39.86666666666667,53.76666666666666,-0.8266666666666667
2,2022,Q1,15.333333333333334,354.3333333333333,0.4266666666666666,-3.276666666666667,-3.276666666666667,-3.143333333333333,-0.7233333333333333,61.1,31.733333333333334,46.43333333333334,-1.6066666666666667
2,2022,Q2,364.0,29.333333333333332,0.24,-4.523333333333333,-4.523333333333333,-4.523333333333333,-1.0699999999999998,85.66666666666667,52.833333333333336,69.23333333333333,-2.5066666666666664
2,2022,Q3,623.0,0.3333333333333333,2.32,0.6933333333333334,-3.0833333333333335,-2.146666666666667,0.8799999999999999,92.06666666666666,65.96666666666668,79.03333333333333,1.02
2,2022,Q4,60.0,303.0,1.0366666666666666,0.8300000000000001,-1.8966666666666665,-0.5166666666666667,0.27666666666666667,63.333333333333336,37.199999999999996,50.23333333333333,0.13
2,2023,Q1,3.6666666666666665,443.0,1.7833333333333332,1.7033333333333334,0.9766666666666667,1.6500000000000001,0.8666666666666666,55.23333333333333,31.0,43.133333333333326,1.7833333333333332
2,2023,Q2,275.6666666666667,43.0,0.19000000000000003,2.1966666666666668,2.1966666666666668,2.15,-1.0433333333333332,82.03333333333333,49.5,65.76666666666667,0.8766666666666666
2,2023,Q3,682.3333333333334,1.0,1.1766666666666667,-1.2866666666666664,-0.5766666666666667,-1.0933333333333335,-0.6833333333333332,94.7,65.13333333333333,79.9,-1.5966666666666667
2,2023,Q4,96.66666666666667,200.33333333333334,0.5266666666666667,-2.143333333333333,-2.143333333333333,-2.143333333333333,-0.4366666666666667,68.3,39.93333333333333,54.13333333333333,-1.5166666666666666
2,2024,Q1,9.333333333333334,377.0,1.57,-1.45,-1.45,-0.7800000000000001,0.7233333333333333,58.5,34.03333333333333,46.26666666666667,0.7666666666666666
2,2024,Q2,343.3333333333333,47.333333333333336,0.39666666666666667,-0.7399999999999999,-0.7399999999999999,0.38333333333333336,0.1566666666666667,84.26666666666667,52.300000000000004,68.3,-0.023333333333333327
2,2024,Q3,698.0,0.3333333333333333,1.05,-1.8933333333333333,-1.8933333333333333,-1.7533333333333332,-0.8166666666666668,95.53333333333335,65.96666666666665,80.76666666666667,-2.263333333333333
2,2024,Q4,114.0,213.0,0.26333333333333336,-3.2733333333333334,-3.2733333333333334,-3.2733333333333334,-0.8333333333333334,69.93333333333332,39.5,54.70000000000001,-2.06
2,2025,Q1,23.333333333333332,328.3333333333333,0.44333333333333336,-4.586666666666666,-4.586666666666666,-4.586666666666666,-0.81,62.333333333333336,33.3,47.800000000000004,-2.3733333333333335
2,2025,Q2,335.6666666666667,39.333333333333336,0.44,-5.2299999999999995,-5.2299999999999995,-5.2299999999999995,0.5333333333333333,83.86666666666667,52.23333333333333,68.06666666666666,-2.063333333333333
2,2025,Q3,-2844.6666666666665,-3333.0,-2.6533333333333338,-37.3,-37.3,-37.3,-34.15,31.0,11.666666666666657,21.333333333333332,-35.29666666666667
2,2025,Q4,-9999.0,-9999.0,-9.99,-99.99,-99.99,-99.99,-99.99,-99.90000000000002,-99.90000000000002,-99.90000000000002,-99.99
3,2015,Q1,3.0,720.3333333333334,4.8966666666666665,-0.09000000000000001,0.3366666666666666,-0.023333333333333355,0.41,51.5,31.46666666666667,41.46666666666667,0.7466666666666667
3,2015,Q2,191.0,58.333333333333336,6.766666666666668,1.8366666666666667,1.8366666666666667,1.7966666666666666,0.8533333333333334,79.93333333333334,60.0,69.96666666666667,1.553333333333333
3,2015,Q3,399.0,3.6666666666666665,3.1366666666666667,1.7866666666666668,1.7866666666666668,1.4266666666666667,-0.20666666666666667,89.3,67.26666666666667,78.26666666666667,-0.3166666666666667
3,2015,Q4,25.666666666666668,326.3333333333333,7.636666666666667,2.1633333333333336,2.1633333333333336,1.7866666666666668,1.4466666666666665,66.73333333333333,45.03333333333334,55.9,2.533333333333333
3,2016,Q1,9.0,560.0,4.78,2.2266666666666666,2.2266666666666666,1.5566666666666666,0.16999999999999993,58.133333333333326,36.50000000000001,47.300000000000004,0.3
3,2016,Q2,185.0,66.0,4.4799999999999995,2.2233333333333336,2.2233333333333336,1.9233333333333331,-0.09333333333333334,80.10000000000001,58.96666666666667,69.53333333333333,-0.25333333333333335
3,2016,Q3,426.3333333333333,2.3333333333333335,4.680000000000001,1.3466666666666667,2.21,1.78,0.5599999999999999,89.26666666666667,69.23333333333333,79.26666666666667,0.9933333333333332
3,2016,Q4,43.333333333333336,368.3333333333333,2.873333333333333,-1.5633333333333335,-0.7866666666666666,-1.3366666666666667,-0.49333333333333335,66.5,43.633333333333326,55.06666666666666,-1.63
3,2017,Q1,14.333333333333334,454.3333333333333,3.4466666666666668,-2.203333333333333,-2.203333333333333,-2.203333333333333,-0.26666666666666666,61.70000000000001,40.53333333333334,51.13333333333333,-1.1500000000000001
3,2017,Q2,161.33333333333334,54.0,6.523333333333333,1.1866666666666668,-0.13999999999999999,0.9133333333333334,0.7600000000000001,79.9,58.366666666666674,69.13333333333334,1.5366666666666668
3,2017,Q3,360.0,5.666666666666667,4.076666666666667,1.2666666666666668,2.0866666666666664,1.8266666666666669,0.22999999999999998,87.0,66.73333333333333,76.89999999999999,1.1733333333333336
3,2017,Q4,21.0,406.3333333333333,2.706666666666667,-1.5466666666666666,-0.8099999999999999,-1.2533333333333332,-0.6766666666666666,64.5,41.53333333333333,53.0,-1.5233333333333334
3,2018,Q1,6.666666666666667,625.3333333333334,6.653333333333333,0.9233333333333332,0.9233333333333332,0.9233333333333332,0.8933333333333334,55.800000000000004,34.5,45.166666666666664,2.1866666666666665
3,2018,Q2,249.0,107.33333333333333,3.76,0.033333333333333215,0.7066666666666666,0.32333333333333325,-0.4366666666666667,81.56666666666666,58.666666666666664,70.1,-1.1533333333333333
3,2018,Q3,406.0,3.3333333333333335,4.996666666666667,0.09999999999999998,-0.4466666666666667,0.003333333333333336,0.7566666666666668,88.33333333333333,68.66666666666667,78.53333333333333,0.71
3,2018,Q4,17.333333333333332,471.6666666666667,6.03,2.0433333333333334,2.0433333333333334,2.0433333333333334,0.9633333333333334,60.333333333333336,41.36666666666667,50.866666666666674,1.9033333333333333
3,2019,Q1,2.3333333333333335,623.3333333333334,5.416666666666667,2.936666666666667,2.936666666666667,2.83,0.5933333333333334,54.800000000000004,35.6,45.23333333333333,1.0766666666666667
3,2019,Q2,170.33333333333334,65.33333333333333,7.8500000000000005,4.033333333333334,4.033333333333334,4.033333333333334,1.3766666666666667,79.39999999999999,58.56666666666666,68.99999999999999,2.676666666666667
3,2019,Q3,437.6666666666667,0.6666666666666666,3.7733333333333334,4.4799999999999995,4.4799999999999995,4.226666666666667,0.19666666666666666,89.89999999999999,69.43333333333334,79.66666666666667,0.8366666666666666
3,2019,Q4,11.666666666666666,462.0,4.843333333333333,4.216666666666667,4.216666666666667,3.98,0.2733333333333334,62.1,39.8,50.96666666666666,0.9900000000000001
3,2020,Q1,11.0,532.6666666666666,6.443333333333334,3.85,3.85,3.81,1.0966666666666667,57.366666666666674,39.26666666666666,48.300000000000004,1.6666666666666667
3,2020,Q2,149.0,96.33333333333333,5.906666666666666,4.069999999999999,4.069999999999999,4.069999999999999,0.5966666666666667,77.93333333333334,56.76666666666666,67.33333333333333,1.24
3,2020,Q3,364.3333333333333,7.666666666666667,5.343333333333334,4.3933333333333335,4.3933333333333335,4.3933333333333335,0.9333333333333332,86.63333333333333,67.33333333333333,76.96666666666665,2.2066666666666666
3,2020,Q4,10.333333333333334,426.6666666666667,3.5799999999999996,4.2299999999999995,4.2299999999999995,3.813333333333334,-0.1566666666666667,63.4,40.699999999999996,52.0,0.15333333333333335
3,2021,Q1,8.333333333333334,658.6666666666666,4.556666666666667,3.0366666666666666,3.0366666666666666,2.4266666666666663,0.2966666666666667,53.666666666666664,33.93333333333334,43.79999999999999,0.2233333333333333
3,2021,Q2,152.33333333333334,99.0,5.713333333333334,2.98,2.98,2.893333333333333,0.5366666666666666,77.86666666666666,56.866666666666674,67.36666666666666,1.0766666666666667
3,2021,Q3,398.3333333333333,2.6666666666666665,3.203333333333333,1.9433333333333334,2.8733333333333335,2.62,-0.13999999999999999,88.90000000000002,67.36666666666666,78.13333333333334,0.15000000000000005
3,2021,Q4,35.666666666666664,324.3333333333333,3.27,-1.0333333333333334,0.5433333333333333,-0.21333333333333335,-0.30333333333333334,67.46666666666667,44.699999999999996,56.1,-1.2
3,2022,Q1,4.666666666666667,644.0,4.5200000000000005,-0.34333333333333343,-1.2166666666666666,-0.8633333333333334,0.3,56.76666666666666,31.900000000000002,44.333333333333336,0.2366666666666667
3,2022,Q2,195.0,73.0,5.4433333333333325,0.5266666666666667,0.5266666666666667,0.8166666666666668,0.33666666666666667,80.56666666666666,58.73333333333333,69.7,0.5033333333333333
3,2022,Q3,432.3333333333333,4.0,2.9566666666666666,-0.68,-0.68,-0.4466666666666667,-0.38000000000000006,90.43333333333334,67.73333333333333,79.10000000000001,-0.9833333333333334
3,2022,Q4,13.666666666666666,448.3333333333333,4.31,-0.6766666666666667,-1.0033333333333334,-0.84,0.25333333333333335,62.666666666666664,40.199999999999996,51.46666666666666,-0.04
3,2023,Q1,9.333333333333334,502.0,6.276666666666666,0.9533333333333333,0.9533333333333333,0.9533333333333333,1.03,59.76666666666667,39.099999999999994,49.43333333333334,1.4966666666666668
3,2023,Q2,183.0,70.0,4.433333333333334,0.3866666666666667,1.1400000000000001,0.6466666666666666,-0.06333333333333332,80.56666666666668,57.833333333333336,69.2,-0.22666666666666666
3,2023,Q3,428.6666666666667,2.3333333333333335,3.5733333333333337,-0.01666666666666668,0.6000000000000001,0.4066666666666667,0.11666666666666664,90.33333333333333,67.99999999999999,79.16666666666667,-0.04666666666666671
3,2023,Q4,24.333333333333332,381.3333333333333,3.16,-0.8066666666666666,-0.8066666666666666,-0.8066666666666666,-0.38999999999999996,65.16666666666667,42.6,53.9,-1.09
3,2024,Q1,12.333333333333334,553.3333333333334,5.13,-0.08,-0.08,-0.08,0.3833333333333333,58.6,36.8,47.70000000000001,0.35666666666666663
3,2024,Q2,225.66666666666666,44.333333333333336,4.933333333333334,-0.47666666666666674,-0.47666666666666674,-0.47666666666666674,0.11333333333333336,81.83333333333333,61.1,71.46666666666665,-0.16333333333333333
3,2024,Q3,389.6666666666667,4.333333333333333,3.64,-0.31,-0.31,-0.12,0.08333333333333333,88.43333333333334,67.33333333333333,77.86666666666666,0.08000000000000003
3,2024,Q4,39.333333333333336,327.0,4.546666666666667,-0.19666666666666657,-0.6066666666666666,-0.5166666666666666,0.14333333333333328,67.73333333333333,44.76666666666667,56.26666666666667,-0.29666666666666663
3,2025,Q1,12.0,612.3333333333334,3.623333333333333,0.1733333333333333,0.1733333333333333,0.1733333333333333,-0.18666666666666665,57.0,34.5,45.76666666666667,-0.7366666666666667
3,2025,Q2,196.66666666666666,52.0,7.903333333333333,1.846666666666667,1.846666666666667,1.846666666666667,1.3066666666666666,80.66666666666667,60.366666666666674,70.5,2.5266666666666664
3,2025,Q3,-3010.0,-3332.6666666666665,-1.3133333333333332,-32.25,-32.25,-32.53333333333333,-33.53333333333333,27.766666666666662,13.566666666666663,20.666666666666657,-33.61666666666667
3,2025,Q4,-9999.0,-9999.0,-9.99,-99.99,-99.99,-99.99,-99.99,-99.90000000000002,-99.90000000000002,-99.90000000000002,-99.99
4,2015,Q1,12.666666666666666,293.0,1.43,-5.123333333333333,-5.123333333333333,-5.123333333333333,-1.1500000000000001,64.86666666666667,41.0,52.900000000000006,-3.106666666666667
4,2015,Q2,79.33333333333333,148.33333333333334,0.7400000000000001,-5.256666666666667,-5.256666666666667,-5.256666666666667,-0.06333333333333334,77.53333333333333,50.333333333333336,63.96666666666667,-1.1366666666666667
4,2015,Q3,256.6666666666667,2.6666666666666665,0.3566666666666667,-4.693333333333333,-4.693333333333333,-4.693333333333333,0.6433333333333334,88.56666666666666,60.46666666666667,74.53333333333333,-0.8633333333333333
4,2015,Q4,37.0,338.3333333333333,2.486666666666667,-4.116666666666667,-4.116666666666667,-3.99,0.0666666666666667,62.73333333333333,40.56666666666667,51.633333333333326,-0.45999999999999996
4,2016,Q1,5.333333333333333,372.3333333333333,4.16,-2.4566666666666666,-2.4566666666666666,-1.4466666666666665,0.25333333333333335,60.26666666666667,38.9,49.6,0.5766666666666668
4,2016,Q2,85.33333333333333,128.66666666666666,0.8533333333333334,-1.9566666666666668,-1.9566666666666668,-1.0999999999999999,0.07,77.83333333333333,51.23333333333333,64.53333333333333,-0.4200000000000001
4,2016,Q3,231.33333333333334,7.333333333333333,0.07333333333333333,-2.5166666666666666,-2.5166666666666666,-2.433333333333333,-1.03,89.10000000000001,59.20000000000001,74.16666666666667,-1.5066666666666666
4,2016,Q4,19.0,306.6666666666667,3.49,1.3966666666666665,-0.7766666666666667,1.1233333333333333,0.8533333333333334,62.9,41.56666666666666,52.23333333333333,1.67
4,2017,Q1,3.3333333333333335,433.0,6.77,2.6399999999999997,4.06,3.8699999999999997,1.0433333333333332,57.0,38.199999999999996,47.63333333333333,3.4333333333333336
4,2017,Q2,82.33333333333333,131.66666666666666,1.1500000000000001,0.0,3.353333333333333,3.03,0.1366666666666667,77.39999999999999,50.5,63.93333333333334,0.20666666666666664
4,2017,Q3,272.3333333333333,5.333333333333333,0.26333333333333336,-0.8966666666666666,1.6333333333333335,0.26333333333333336,0.043333333333333335,89.63333333333333,61.36666666666667,75.5,-0.9133333333333334
4,2017,Q4,31.0,246.33333333333334,1.2066666666666666,-1.8633333333333333,-1.8633333333333333,-1.8499999999999999,-0.8266666666666667,66.63333333333333,41.9,54.300000000000004,-2.066666666666667
4,2018,Q1,3.0,406.6666666666667,3.0066666666666664,-3.4433333333333334,-3.4433333333333334,-3.17,-0.22000000000000006,59.1,37.16666666666667,48.166666666666664,-1.4533333333333331
4,2018,Q2,64.33333333333333,143.33333333333334,0.9533333333333333,-2.4466666666666668,-2.4466666666666668,-1.5233333333333334,-0.17,77.46666666666667,50.23333333333333,63.866666666666674,-0.06333333333333334
4,2018,Q3,282.0,6.333333333333333,0.10666666666666667,-2.6833333333333336,-2.6833333333333336,-2.513333333333333,-0.7233333333333333,90.33333333333333,61.0,75.7,-1.4000000000000001
4,2018,Q4,17.666666666666668,292.3333333333333,1.9633333333333332,-2.9633333333333334,-2.9633333333333334,-2.9633333333333334,-0.17666666666666667,63.93333333333334,41.56666666666667,52.76666666666667,-1.04
4,2019,Q1,0.3333333333333333,499.0,5.95,1.54,0.6233333333333334,0.7400000000000001,0.96,54.53333333333334,35.833333333333336,45.199999999999996,2.533333333333333
4,2019,Q2,56.666666666666664,162.33333333333334,1.2699999999999998,2.466666666666667,2.466666666666667,2.2733333333333334,0.29333333333333333,75.26666666666667,49.96666666666667,62.63333333333333,1.3733333333333333
4,2019,Q3,227.66666666666666,8.666666666666666,0.2733333333333334,-0.19666666666666668,2.2066666666666666,1.8266666666666669,-0.15,88.0,59.46666666666666,73.73333333333333,-0.19666666666666668
4,2019,Q4,14.0,313.3333333333333,2.2133333333333334,-0.9933333333333333,-0.35333333333333333,-0.59,-0.38666666666666655,63.69999999999999,40.43333333333333,52.06666666666666,-0.9700000000000001
4,2020,Q1,0.0,444.6666666666667,1.82,-2.256666666666667,-2.256666666666667,-2.24,-0.8066666666666666,58.5,36.53333333333334,47.5,-2.0933333333333333
4,2020,Q2,72.33333333333333,130.66666666666666,1.1166666666666667,-1.7433333333333334,-1.7433333333333334,-1.2533333333333332,0.2433333333333334,77.3,50.46666666666667,63.86666666666667,0.37000000000000005
4,2020,Q3,288.0,1.0,0.06333333333333334,-1.87,-1.87,-1.7433333333333334,-1.17,91.46666666666665,61.46666666666667,76.5,-1.2666666666666666
4,2020,Q4,41.666666666666664,280.3333333333333,1.0233333333333334,-3.4333333333333336,-3.4333333333333336,-3.4333333333333336,-1.0833333333333333,67.03333333333335,41.333333333333336,54.199999999999996,-2.57
4,2021,Q1,0.0,453.6666666666667,2.2566666666666664,-4.48,-4.48,-4.48,-0.5466666666666667,58.20000000000001,35.800000000000004,47.03333333333334,-2.19
4,2021,Q2,91.66666666666667,122.33333333333333,0.18000000000000002,-5.91,-5.91,-5.91,-1.4366666666666665,80.39999999999999,51.4,65.86666666666667,-3.53
4,2021,Q3,277.3333333333333,3.6666666666666665,0.25,-6.763333333333333,-6.763333333333333,-6.763333333333333,0.16000000000000003,90.86666666666667,61.800000000000004,76.33333333333333,-1.8133333333333332
4,2021,Q4,13.0,316.6666666666667,3.6233333333333335,-3.923333333333334,-3.923333333333334,-2.3733333333333335,0.73,62.9,41.43333333333333,52.166666666666664,1.6600000000000001
4,2022,Q1,3.0,400.6666666666667,0.58,-4.75,-4.75,-4.533333333333332,-1.6833333333333333,61.76666666666667,35.9,48.833333333333336,-3.453333333333333
4,2022,Q2,80.0,138.66666666666666,0.8166666666666668,-4.993333333333333,-4.993333333333333,-4.993333333333333,-0.0433333333333333,77.50000000000001,49.300000000000004,63.43333333333334,-1.2433333333333334
4,2022,Q3,297.6666666666667,1.0,0.4533333333333333,-4.676666666666667,-4.676666666666667,-4.5633333333333335,0.6366666666666666,90.93333333333332,62.300000000000004,76.60000000000001,-0.54
4,2022,Q4,21.0,350.3333333333333,2.85,-2.6266666666666665,-3.8966666666666665,-3.543333333333333,-0.10999999999999995,62.800000000000004,39.86666666666667,51.333333333333336,-0.20999999999999996
4,2023,Q1,0.0,563.3333333333334,6.349999999999999,3.043333333333333,0.8799999999999999,2.9,1.0733333333333333,52.699999999999996,33.63333333333333,43.166666666666664,3.8766666666666665
4,2023,Q2,31.666666666666668,189.0,0.6366666666666666,-0.5599999999999999,2.783333333333333,1.9766666666666666,-0.09666666666666664,74.33333333333333,48.5,61.43333333333334,-0.6633333333333333
4,2023,Q3,235.33333333333334,13.0,0.45999999999999996,-0.3433333333333333,2.0733333333333337,1.2233333333333334,0.36000000000000004,88.23333333333335,60.36666666666667,74.33333333333333,0.3
4,2023,Q4,21.666666666666668,263.0,1.68,-1.1833333333333333,-0.54,-0.9666666666666668,-0.49333333333333335,65.5,42.6,54.06666666666666,-1.6900000000000002
4,2024,Q1,0.0,461.6666666666667,5.153333333333333,0.3233333333333333,0.3233333333333333,0.3233333333333333,0.7366666666666667,56.166666666666664,37.699999999999996,46.96666666666666,1.4533333333333331
4,2024,Q2,75.33333333333333,158.0,0.6766666666666666,-0.38000000000000006,0.4133333333333333,0.04666666666666667,-0.47000000000000003,77.86666666666667,50.366666666666674,64.10000000000001,-0.6966666666666667
4,2024,Q3,288.6666666666667,3.3333333333333335,0.14666666666666667,-1.7299999999999998,-1.7299999999999998,-1.7299999999999998,-0.41333333333333333,91.60000000000001,61.79999999999999,76.73333333333333,-1.7599999999999998
4,2024,Q4,33.333333333333336,280.3333333333333,2.723333333333333,-2.03,-2.03,-1.5233333333333334,0.07666666666666665,65.76666666666667,42.43333333333333,54.1,-0.32666666666666666
4,2025,Q1,1.3333333333333333,435.3333333333333,3.26,-1.9633333333333332,-1.9633333333333332,-1.4333333333333333,-0.10999999999999999,58.86666666666667,36.766666666666666,47.833333333333336,-0.37666666666666676
4,2025,Q2,74.33333333333333,139.33333333333334,0.40666666666666673,-2.1666666666666665,-2.1666666666666665,-2.0366666666666666,-0.9,78.3,50.699999999999996,64.46666666666667,-1.7666666666666668
4,2025,Q3,-3162.0,-3331.0,-3.18,-35.333333333333336,-35.333333333333336,-35.333333333333336,-33.13333333333333,27.366666666666664,7.666666666666667,17.5,-34.22666666666667
4,2025,Q4,-9999.0,-9999.0,-9.99,-99.99,-99.99,-99.99,-99.99,-99.90000000000002,-99.90000000000002,-99.90000000000002,-99.99
5,2015,Q1,0.0,934.0,0.9533333333333333,-0.42333333333333334,0.28666666666666657,-0.09666666666666668,-0.4033333333333333,46.96666666666667,21.0,33.96666666666667,-0.9533333333333333
5,2015,Q2,28.0,388.6666666666667,3.03,1.4333333333333333,1.4333333333333333,1.4333333333333333,1.373333333333333,66.3,40.03333333333333,53.166666666666664,2.823333333333333
5,2015,Q3,84.66666666666667,57.333333333333336,1.5999999999999999,2.5633333333333335,2.5633333333333335,2.2233333333333336,-0.33,79.96666666666667,50.70000000000001,65.36666666666666,-0.006666666666666747
5,2015,Q4,0.0,842.6666666666666,1.66,2.0366666666666666,2.0366666666666666,1.6766666666666667,0.94,49.833333333333336,24.700000000000003,37.266666666666666,1.0133333333333334
5,2016,Q1,0.0,973.0,1.05,1.7999999999999998,1.7999999999999998,1.5766666666666669,-0.22666666666666668,45.26666666666667,18.7,31.96666666666667,-0.21000000000000005
5,2016,Q2,36.333333333333336,383.0,2.0533333333333332,1.2566666666666666,1.8333333333333333,1.7733333333333332,0.4133333333333333,67.73333333333333,39.53333333333333,53.63333333333333,0.8033333333333332
5,2016,Q3,82.66666666666667,79.33333333333333,1.57,-0.49,0.49333333333333335,0.013333333333333345,-0.37333333333333335,79.23333333333333,49.70000000000001,64.46666666666665,-0.7333333333333334
5,2016,Q4,0.3333333333333333,788.6666666666666,1.02,-1.1266666666666667,-1.74,-1.6233333333333333,-0.13666666666666663,52.96666666666667,25.133333333333336,39.06666666666667,-1.3499999999999999
5,2017,Q1,0.0,908.0,1.4933333333333334,-0.04999999999999997,-0.9633333333333333,0.05666666666666672,0.48999999999999994,47.06666666666666,21.766666666666666,34.4,-0.17333333333333342
5,2017,Q2,25.666666666666668,375.6666666666667,1.8933333333333333,0.29666666666666663,-0.15,-0.22666666666666668,0.08000000000000007,67.86666666666667,39.13333333333333,53.53333333333333,0.1433333333333333
5,2017,Q3,80.33333333333333,84.33333333333333,2.3000000000000003,0.8000000000000002,0.8000000000000002,0.8000000000000002,0.7433333333333333,78.66666666666666,50.166666666666664,64.4,1.1233333333333333
5,2017,Q4,0.0,791.6666666666666,0.6166666666666667,-1.14,-0.8333333333333334,-1.0466666666666666,-1.1033333333333333,53.43333333333334,25.299999999999997,39.36666666666667,-2.09
5,2018,Q1,0.0,986.3333333333334,0.9466666666666667,-2.9266666666666663,-2.9266666666666663,-2.9266666666666663,-0.39666666666666667,45.833333333333336,18.266666666666666,32.03333333333333,-2.46
5,2018,Q2,42.0,325.3333333333333,1.2966666666666666,-4.743333333333333,-4.743333333333333,-4.743333333333333,-0.5266666666666667,71.13333333333334,40.63333333333333,55.9,-3.223333333333334
5,2018,Q3,89.66666666666667,60.333333333333336,1.4066666666666665,-6.296666666666667,-6.296666666666667,-6.296666666666667,-0.6566666666666666,81.10000000000001,50.86666666666667,66.03333333333333,-2.8533333333333335
5,2018,Q4,0.0,918.6666666666666,1.3366666666666667,0.6266666666666667,-4.743333333333333,-3.873333333333333,0.14,47.1,22.333333333333332,34.699999999999996,0.4633333333333333
5,2019,Q1,0.0,1095.0,1.9133333333333333,0.9466666666666667,-2.9333333333333336,-1.4833333333333334,1.2566666666666666,40.666666666666664,15.800000000000002,28.23333333333333,1.5633333333333335
5,2019,Q2,11.0,429.3333333333333,2.02,1.86,-0.10333333333333335,1.4033333333333333,0.45,65.03333333333335,37.56666666666667,51.333333333333336,1.1033333333333333
5,2019,Q3,113.0,46.333333333333336,1.2533333333333332,0.17666666666666667,0.82,0.6066666666666667,-0.9133333333333334,82.10000000000001,51.43333333333334,66.76666666666667,-1.1666666666666667
5,2019,Q4,0.0,928.6666666666666,1.1166666666666667,-0.9700000000000001,-0.9700000000000001,-0.7866666666666666,0.10666666666666665,48.333333333333336,21.099999999999998,34.73333333333333,-0.01
5,2020,Q1,0.0,1006.6666666666666,1.0533333333333335,-1.39,-1.39,-1.39,-0.21333333333333335,43.63333333333333,18.1,30.866666666666664,-1.21
5,2020,Q2,32.666666666666664,353.6666666666667,1.0066666666666666,-3.1999999999999997,-3.1999999999999997,-3.1999999999999997,-1.11,69.9,39.43333333333333,54.666666666666664,-2.94
5,2020,Q3,118.0,71.33333333333333,1.2066666666666668,-5.16,-5.16,-5.16,-0.98,81.83333333333333,50.300000000000004,66.06666666666666,-3.0766666666666667
5,2020,Q4,0.0,839.6666666666666,0.8099999999999999,-5.613333333333333,-5.613333333333333,-5.613333333333333,-0.5033333333333334,51.76666666666666,23.166666666666668,37.43333333333333,-1.7333333333333334
5,2021,Q1,0.0,1074.3333333333333,1.3066666666666666,-5.666666666666667,-5.666666666666667,-5.666666666666667,0.19333333333333333,41.43333333333333,16.766666666666666,29.099999999999998,-1.6766666666666667
5,2021,Q2,32.333333333333336,383.3333333333333,1.7299999999999998,-4.989999999999999,-4.989999999999999,-4.796666666666667,-0.0666666666666667,68.36666666666667,39.43333333333333,53.9,-0.8766666666666666
5,2021,Q3,110.33333333333333,49.0,1.593333333333333,-4.836666666666667,-4.836666666666667,-4.836666666666667,-0.33,81.8,51.300000000000004,66.60000000000001,-1.6566666666666665
5,2021,Q4,0.0,734.3333333333334,1.07,-4.8933333333333335,-4.8933333333333335,-4.816666666666666,-0.13000000000000003,54.23333333333333,26.366666666666664,40.300000000000004,-1.2700000000000002
5,2022,Q1,0.0,1077.3333333333333,1.0533333333333335,-4.786666666666666,-4.786666666666666,-4.786666666666666,-0.2333333333333333,42.96666666666667,14.966666666666669,28.96666666666667,-1.6433333333333333
5,2022,Q2,26.0,369.0,1.2466666666666668,-5.446666666666665,-5.446666666666665,-5.446666666666665,-0.8233333333333333,68.86666666666667,38.833333333333336,53.9,-2.3633333333333337
5,2022,Q3,122.0,46.0,1.9933333333333332,-4.996666666666667,-4.996666666666667,-4.996666666666667,0.32,81.73333333333333,52.1,66.89999999999999,-0.9666666666666667
5,2022,Q4,0.0,911.6666666666666,1.2,-2.91,-4.2,-4.083333333333333,0.2233333333333333,48.56666666666666,21.46666666666667,35.00000000000001,-0.09333333333333334
5,2023,Q1,0.0,1152.0,1.6166666666666665,1.01,-2.11,-0.7199999999999999,0.7633333333333333,38.4,14.166666666666666,26.3,1.3133333333333332
5,2023,Q2,10.0,405.6666666666667,2.2666666666666666,1.6833333333333333,0.09666666666666668,1.3233333333333333,0.7033333333333333,65.89999999999999,37.73333333333333,51.833333333333336,1.54
5,2023,Q3,89.33333333333333,66.0,1.5833333333333333,1.61,2.3633333333333333,2.2133333333333334,-0.35000000000000003,81.16666666666667,50.53333333333333,65.86666666666667,0.25333333333333335
5,2023,Q4,0.0,803.6666666666666,0.8833333333333334,-0.93,0.35333333333333333,-0.43,-0.3933333333333333,52.23333333333333,24.46666666666667,38.36666666666667,-1.1266666666666667
5,2024,Q1,0.0,1016.6666666666666,1.5899999999999999,-1.0,-1.0,-0.5933333333333334,0.8233333333333334,43.53333333333333,18.53333333333333,31.033333333333335,0.12666666666666665
5,2024,Q2,40.333333333333336,353.6666666666667,1.67,-0.9966666666666667,-0.9966666666666667,-0.8166666666666668,0.03999999999999998,69.36666666666666,39.6,54.5,-0.3933333333333333
5,2024,Q3,100.0,51.333333333333336,1.7566666666666666,-1.0533333333333335,-1.0533333333333335,-0.7999999999999999,-0.08666666666666663,81.39999999999999,50.53333333333333,65.96666666666665,-0.6466666666666666
5,2024,Q4,0.3333333333333333,760.3333333333334,1.39,-0.25,-0.25,-0.25,0.2866666666666667,52.93333333333334,25.700000000000003,39.300000000000004,0.3299999999999999
5,2025,Q1,0.0,1045.0,0.9433333333333334,-0.8133333333333334,-0.8133333333333334,-1.05,-0.4533333333333333,43.699999999999996,16.633333333333333,30.2,-1.3333333333333333
5,2025,Q2,25.666666666666668,361.0,1.5133333333333334,-2.31,-2.31,-2.31,-0.3033333333333334,68.73333333333333,39.1,53.93333333333334,-1.49
5,2025,Q3,-3246.6666666666665,-3321.6666666666665,-2.08,-35.29333333333333,-35.29333333333333,-35.29333333333333,-33.51333333333333,22.433333333333326,2.099999999999999,12.26666666666666,-34.346666666666664
5,2025,Q4,-9999.0,-9999.0,-9.99,-99.99,-99.99,-99.99,-99.99,-99.90000000000002,-99.90000000000002,-99.90000000000002,-99.99
6,2015,Q1,0.0,1215.3333333333333,2.8433333333333337,-1.3066666666666666,-1.3066666666666666,-1.14,-0.47000000000000003,33.53333333333333,13.233333333333334,23.366666666666664,-0.8700000000000001
6,2015,Q2,36.666666666666664,227.66666666666666,3.4333333333333336,-2.19,-2.19,-1.8499999999999999,-0.4400000000000001,69.66666666666667,46.93333333333334,58.333333333333336,-0.9266666666666667
6,2015,Q3,201.66666666666666,7.333333333333333,2.856666666666667,-2.43,-2.43,-2.233333333333333,-0.5966666666666667,81.83333333333333,59.43333333333334,70.66666666666667,-1.57
6,2015,Q4,0.0,529.0,3.2266666666666666,-3.206666666666667,-3.206666666666667,-3.206666666666667,-0.2966666666666667,56.73333333333333,37.233333333333334,47.0,-1.6466666666666667
6,2016,Q1,0.0,877.6666666666666,3.08,-3.063333333333334,-3.063333333333334,-2.736666666666667,-0.31,44.9,24.96666666666667,34.96666666666667,-0.6533333333333334
6,2016,Q2,38.666666666666664,255.0,2.6566666666666667,-3.39,-3.39,-3.39,-0.7366666666666667,68.8,46.300000000000004,57.53333333333333,-1.5333333333333332
6,2016,Q3,226.66666666666666,12.0,2.98,-3.973333333333333,-3.973333333333333,-3.973333333333333,-0.42,82.06666666666666,60.70000000000001,71.39999999999999,-1.8266666666666669
6,2016,Q4,0.0,643.3333333333334,3.526666666666667,-4.166666666666667,-4.166666666666667,-4.166666666666667,-0.14333333333333334,53.03333333333333,33.4,43.199999999999996,-1.0599999999999998
6,2017,Q1,0.0,918.0,3.0100000000000002,-3.7533333333333334,-3.7533333333333334,-3.7533333333333334,-0.3433333333333333,42.43333333333333,24.8,33.56666666666667,-0.7933333333333333
6,2017,Q2,35.0,218.33333333333334,4.533333333333332,-2.7566666666666664,-2.7566666666666664,-2.3866666666666667,0.47666666666666674,68.9,48.06666666666666,58.5,0.2733333333333333
6,2017,Q3,156.33333333333334,16.0,3.1,-2.2533333333333334,-2.2533333333333334,-1.8733333333333333,-0.3466666666666667,79.13333333333333,58.633333333333326,68.86666666666666,-0.8933333333333334
6,2017,Q4,6.0,661.0,4.056666666666666,-1.8166666666666664,-1.8166666666666664,-1.1833333333333333,-0.2433333333333334,52.23333333333333,33.3,42.76666666666666,-0.19666666666666668
6,2018,Q1,0.0,954.6666666666666,4.203333333333334,0.48666666666666664,-1.31,-0.51,0.47000000000000003,41.26666666666667,23.76666666666667,32.5,0.64
6,2018,Q2,42.333333333333336,259.0,3.9499999999999993,-0.09666666666666668,-0.09666666666666668,-0.09666666666666668,0.10666666666666669,68.10000000000001,46.6,57.333333333333336,-0.16666666666666666
6,2018,Q3,231.66666666666666,12.0,6.5200000000000005,0.9700000000000001,0.9700000000000001,0.9700000000000001,1.09,80.66666666666667,62.300000000000004,71.46666666666667,1.9799999999999998
6,2018,Q4,0.0,687.3333333333334,6.046666666666667,2.9499999999999997,2.9499999999999997,2.9499999999999997,1.0666666666666667,49.86666666666667,33.56666666666667,41.733333333333334,2.203333333333333
6,2019,Q1,0.0,1002.3333333333334,3.89,3.1266666666666665,3.1266666666666665,2.8333333333333335,0.16333333333333333,39.666666666666664,21.866666666666664,30.733333333333334,0.19666666666666663
6,2019,Q2,32.333333333333336,243.33333333333334,5.1866666666666665,3.0100000000000002,3.0100000000000002,2.9333333333333336,0.7666666666666666,67.43333333333334,47.666666666666664,57.56666666666666,1.1166666666666667
6,2019,Q3,189.66666666666666,27.666666666666668,3.34,1.86,1.86,1.1566666666666667,-0.21,80.43333333333334,58.699999999999996,69.56666666666666,-0.8066666666666666
6,2019,Q4,0.0,705.6666666666666,5.553333333333334,1.8233333333333335,1.8233333333333335,1.4666666666666668,0.7200000000000001,49.9,32.4,41.13333333333333,1.47
6,2020,Q1,0.0,840.3333333333334,3.0566666666666666,-0.61,1.1166666666666665,0.13333333333333336,-0.2866666666666667,44.86666666666667,27.36666666666667,36.1,-0.8533333333333334
6,2020,Q2,43.333333333333336,293.3333333333333,3.4500000000000006,-0.64,0.23666666666666658,-0.37000000000000005,-0.19333333333333336,67.33333333333333,45.46666666666667,56.4,-0.5333333333333333
6,2020,Q3,214.0,25.333333333333332,2.5500000000000003,-2.24,-2.24,-2.24,-0.71,81.03333333333333,60.03333333333334,70.56666666666666,-2.22
6,2020,Q4,0.0,622.3333333333334,5.3999999999999995,-1.9166666666666667,-1.9166666666666667,-1.3399999999999999,0.7799999999999999,53.6,34.56666666666667,44.06666666666666,0.8333333333333334
6,2021,Q1,0.0,955.0,2.6033333333333335,-1.7033333333333334,-1.7033333333333334,-1.32,-0.5800000000000001,40.96666666666667,23.7,32.333333333333336,-1.2033333333333334
6,2021,Q2,51.666666666666664,236.0,3.51,-2.0166666666666666,-2.0166666666666666,-1.8066666666666666,-0.20333333333333337,69.9,47.26666666666666,58.56666666666666,-0.8166666666666665
6,2021,Q3,180.33333333333334,16.333333333333332,7.539999999999999,2.316666666666667,2.316666666666667,2.316666666666667,1.45,78.66666666666667,60.73333333333333,69.69999999999999,3.5
6,2021,Q4,3.3333333333333335,596.0,3.3699999999999997,0.5433333333333333,2.533333333333333,1.7133333333333332,-0.4266666666666667,53.93333333333333,35.96666666666667,44.93333333333334,-0.57
6,2022,Q1,0.0,988.0,3.1733333333333333,-1.2566666666666666,1.0266666666666666,-0.7666666666666666,-0.16333333333333333,41.56666666666666,21.033333333333335,31.266666666666666,-0.5066666666666667
6,2022,Q2,36.0,229.33333333333334,3.6199999999999997,-1.39,-0.7799999999999999,-1.3266666666666667,-0.06333333333333334,69.03333333333333,47.43333333333334,58.20000000000001,-0.61
6,2022,Q3,222.0,24.0,3.6366666666666667,-2.4333333333333336,-2.4333333333333336,-2.2233333333333336,-0.3999999999999999,81.43333333333332,60.13333333333333,70.76666666666667,-1.2833333333333334
6,2022,Q4,0.0,634.3333333333334,4.183333333333334,-1.7266666666666666,-1.7266666666666666,-0.9866666666666667,0.20333333333333334,53.56666666666666,33.800000000000004,43.73333333333333,0.11666666666666665
6,2023,Q1,0.0,829.6666666666666,3.65,-1.24,-1.24,-0.36333333333333334,-0.2866666666666667,45.199999999999996,27.833333333333332,36.53333333333334,-0.49000000000000005
6,2023,Q2,23.666666666666668,232.66666666666666,3.53,-1.5166666666666666,-1.5166666666666666,-1.2,-0.12333333333333334,69.39999999999999,46.13333333333333,57.76666666666667,-0.63
6,2023,Q3,184.33333333333334,19.666666666666668,8.590000000000002,2.9033333333333338,2.9033333333333338,2.9033333333333338,1.68,79.16666666666667,60.4,69.8,4.583333333333333
6,2023,Q4,2.3333333333333335,603.6666666666666,4.736666666666667,3.356666666666667,3.356666666666667,3.0233333333333334,0.38999999999999996,53.9,35.56666666666667,44.73333333333333,0.75
6,2024,Q1,0.0,860.6666666666666,5.903333333333333,4.176666666666667,4.176666666666667,3.9166666666666665,0.8533333333333334,43.833333333333336,27.333333333333332,35.56666666666666,1.8633333333333333
6,2024,Q2,62.333333333333336,215.33333333333334,4.470000000000001,3.66,3.66,3.606666666666667,0.4366666666666667,70.33333333333333,48.93333333333334,59.63333333333333,0.07999999999999999
6,2024,Q3,177.0,28.0,4.256666666666667,2.146666666666667,3.2933333333333334,2.9633333333333334,-0.036666666666666625,79.06666666666666,59.333333333333336,69.23333333333333,0.47666666666666674
6,2024,Q4,0.0,629.3333333333334,2.75,-2.0933333333333333,-1.0666666666666667,-1.7,-0.9566666666666666,54.23333333333333,33.333333333333336,43.800000000000004,-1.7233333333333334
6,2025,Q1,0.0,962.6666666666666,2.6766666666666663,-2.5266666666666664,-2.5266666666666664,-2.5266666666666664,-0.7533333333333333,40.86666666666667,23.26666666666667,32.06666666666667,-1.2
6,2025,Q2,52.0,218.66666666666666,4.336666666666667,-1.9766666666666668,-1.9766666666666668,-1.2933333333333332,0.24,69.16666666666667,49.03333333333333,59.1,-0.07666666666666659
6,2025,Q3,-3177.6666666666665,-3327.3333333333335,-1.0766666666666669,-34.72,-34.72,-34.593333333333334,-33.48333333333333,21.899999999999995,7.166666666666662,14.533333333333331,-34.10333333333333
6,2025,Q4,-9999.0,-9999.0,-9.99,-99.99,-99.99,-99.99,-99.99,-99.90000000000002,-99.90000000000002,-99.90000000000002,-99.99
7,2015,Q1,0.0,983.3333333333334,3.936666666666666,0.6733333333333333,0.6733333333333333,0.6733333333333333,0.36999999999999994,42.13333333333333,23.366666666666664,32.800000000000004,0.6900000000000001
7,2015,Q2,124.33333333333333,122.0,4.546666666666667,0.10666666666666669,0.10666666666666669,0.33,0.3033333333333334,75.63333333333333,54.866666666666674,65.23333333333333,0.52
7,2015,Q3,300.0,1.6666666666666667,3.1133333333333333,-0.61,0.38333333333333325,-0.10666666666666665,-0.3833333333333333,84.39999999999999,64.83333333333333,74.66666666666667,-1.0833333333333333
7,2015,Q4,6.333333333333333,386.3333333333333,3.8266666666666667,-0.8733333333333334,-0.8733333333333334,-0.7600000000000001,0.42,62.76666666666667,43.20000000000001,52.96666666666666,-0.10666666666666667
7,2016,Q1,1.0,743.3333333333334,2.73,-1.0666666666666667,-1.0666666666666667,-0.8233333333333334,-0.4366666666666667,50.43333333333334,31.26666666666667,40.833333333333336,-1.0266666666666666
7,2016,Q2,83.33333333333333,168.33333333333334,4.11,-0.10666666666666669,-1.1033333333333333,-0.32666666666666666,0.33,72.56666666666668,52.166666666666664,62.400000000000006,0.45333333333333337
7,2016,Q3,359.6666666666667,1.0,6.18,1.11,1.11,0.84,0.86,86.23333333333335,67.26666666666667,76.73333333333333,1.6433333333333333
7,2016,Q4,8.666666666666666,499.3333333333333,2.2033333333333336,-0.49666666666666665,1.2433333333333332,0.4266666666666667,-0.6533333333333333,59.46666666666667,39.46666666666666,49.5,-0.8333333333333331
7,2017,Q1,0.0,702.6666666666666,2.9,-1.4033333333333333,-1.4033333333333333,-1.3,-0.4266666666666667,51.699999999999996,33.13333333333333,42.43333333333333,-1.0733333333333333
7,2017,Q2,98.66666666666667,106.0,3.543333333333333,-0.46,-1.5966666666666667,-1.2166666666666668,-0.09666666666666668,75.33333333333333,55.333333333333336,65.33333333333333,-0.61
7,2017,Q3,274.0,4.333333333333333,6.173333333333333,0.91,1.5,1.3666666666666665,0.8466666666666667,83.16666666666667,65.0,74.06666666666666,1.8299999999999998
7,2017,Q4,16.333333333333332,531.6666666666666,2.2266666666666666,-0.5533333333333333,0.4499999999999999,0.0433333333333333,-0.7066666666666667,58.333333333333336,39.06666666666666,48.666666666666664,-0.9266666666666667
7,2018,Q1,0.0,813.0,4.013333333333333,0.09333333333333331,0.09333333333333331,0.09333333333333331,0.48666666666666664,48.03333333333333,29.633333333333336,38.833333333333336,0.6633333333333332
7,2018,Q2,113.33333333333333,153.66666666666666,4.786666666666667,1.1433333333333333,1.1433333333333333,1.1433333333333333,0.7433333333333333,74.3,54.06666666666666,64.16666666666667,0.9466666666666667
7,2018,Q3,342.6666666666667,1.0,5.636666666666667,1.8133333333333332,1.8133333333333332,1.7666666666666668,0.7999999999999999,85.10000000000001,67.8,76.46666666666667,1.2766666666666666
7,2018,Q4,8.333333333333334,523.0,5.57,3.5866666666666664,3.5866666666666664,3.5866666666666664,1.28,57.73333333333333,40.5,49.1,2.8333333333333335
7,2019,Q1,0.0,808.6666666666666,3.5033333333333334,2.336666666666667,3.366666666666667,3.283333333333333,0.17333333333333334,48.23333333333334,29.96666666666667,39.06666666666667,0.02
7,2019,Q2,117.0,92.0,4.3533333333333335,0.05000000000000001,2.3266666666666667,1.89,0.56,76.49999999999999,56.43333333333334,66.46666666666667,0.23333333333333328
7,2019,Q3,330.0,2.6666666666666665,2.6233333333333335,-0.9433333333333334,0.4266666666666667,-0.15333333333333332,-0.7666666666666666,86.2,65.7,75.93333333333332,-1.8733333333333333
7,2019,Q4,11.333333333333334,545.6666666666666,3.1933333333333334,-2.0166666666666666,-2.0166666666666666,-2.0166666666666666,-0.0166666666666667,57.96666666666667,38.733333333333334,48.36666666666667,-0.9466666666666668
7,2020,Q1,0.6666666666666666,654.0,3.3699999999999997,-2.0233333333333334,-2.0233333333333334,-2.02,0.07666666666666665,53.199999999999996,34.53333333333334,43.86666666666667,-0.5733333333333334
7,2020,Q2,88.66666666666667,193.66666666666666,3.033333333333333,-1.83,-1.83,-1.7033333333333334,-0.26666666666666666,72.16666666666667,51.9,62.03333333333334,-0.58
7,2020,Q3,321.6666666666667,8.333333333333334,6.523333333333333,1.02,0.3966666666666667,0.5266666666666667,1.04,84.76666666666667,66.26666666666667,75.53333333333335,1.6966666666666665
7,2020,Q4,7.666666666666667,477.0,5.713333333333334,3.0199999999999996,3.0199999999999996,3.0199999999999996,1.3633333333333333,60.5,40.5,50.5,2.9166666666666665
7,2021,Q1,0.0,772.0,4.153333333333333,2.2600000000000002,3.393333333333333,3.2066666666666666,0.5,48.300000000000004,31.3,39.800000000000004,0.7733333333333333
7,2021,Q2,97.0,141.0,2.8466666666666662,-0.8033333333333333,1.9799999999999998,0.85,-0.4466666666666666,75.36666666666667,52.9,64.13333333333333,-1.1233333333333333
7,2021,Q3,302.0,4.0,4.8533333333333335,-0.5733333333333334,1.4333333333333333,0.3,0.4666666666666666,84.36666666666666,65.36666666666666,74.9,0.25666666666666665
7,2021,Q4,19.0,471.0,1.7800000000000002,-1.5833333333333333,-1.05,-1.4666666666666668,-1.0633333333333332,60.56666666666667,40.86666666666667,50.76666666666667,-2.3666666666666667
7,2022,Q1,0.0,792.0,3.013333333333333,-2.563333333333333,-2.563333333333333,-2.52,-0.24000000000000002,49.53333333333334,29.066666666666666,39.300000000000004,-1.0066666666666666
7,2022,Q2,95.33333333333333,147.66666666666666,3.823333333333333,-2.1833333333333336,-2.1833333333333336,-1.9166666666666667,0.27999999999999997,73.7,53.43333333333333,63.56666666666666,0.06999999999999999
7,2022,Q3,324.0,5.333333333333333,2.9433333333333334,-2.63,-2.63,-2.63,-0.5166666666666667,85.33333333333333,65.56666666666666,75.46666666666665,-1.6633333333333333
7,2022,Q4,2.3333333333333335,548.6666666666666,3.9766666666666666,-2.1733333333333333,-2.1733333333333333,-1.7633333333333334,0.48666666666666664,57.73333333333334,37.86666666666667,47.79999999999999,0.37666666666666665
7,2023,Q1,1.0,656.6666666666666,2.02,-2.6566666666666667,-2.6566666666666667,-2.6433333333333335,-1.0233333333333332,53.56666666666666,33.9,43.699999999999996,-2.0933333333333333
7,2023,Q2,62.333333333333336,124.33333333333333,4.02,0.11666666666666668,-2.3000000000000003,-1.8,0.4200000000000001,74.43333333333332,52.166666666666664,63.29999999999999,0.35333333333333333
7,2023,Q3,288.0,5.333333333333333,4.77,0.5433333333333333,-1.33,-0.3166666666666666,0.3866666666666667,83.16666666666667,65.6,74.36666666666666,0.5366666666666666
7,2023,Q4,7.666666666666667,494.6666666666667,3.92,-0.10666666666666669,-0.6433333333333334,-0.38666666666666666,0.2766666666666666,59.833333333333336,39.4,49.63333333333333,0.3099999999999999
7,2024,Q1,0.0,715.3333333333334,5.08,1.99,1.99,1.6966666666666665,0.8733333333333334,50.800000000000004,32.56666666666666,41.733333333333334,1.3966666666666665
7,2024,Q2,119.33333333333333,126.33333333333333,2.6566666666666667,-0.9800000000000001,0.3233333333333333,-0.45,-0.5633333333333334,74.96666666666667,55.26666666666666,65.10000000000001,-1.5099999999999998
7,2024,Q3,284.0,6.666666666666667,3.15,-1.6733333333333331,-1.6733333333333331,-1.5533333333333335,-0.6733333333333333,83.33333333333333,65.06666666666666,74.23333333333333,-1.5599999999999998
7,2024,Q4,6.666666666666667,499.3333333333333,1.6533333333333333,-4.276666666666666,-4.276666666666666,-4.276666666666666,-1.16,60.03333333333334,38.86666666666667,49.43333333333334,-3.2466666666666666
7,2025,Q1,0.0,807.3333333333334,3.28,-4.533333333333333,-4.533333333333333,-4.43,-0.20666666666666664,47.96666666666666,29.23333333333333,38.6,-0.7599999999999999
7,2025,Q2,116.66666666666667,124.66666666666667,3.93,-3.1133333333333333,-3.1133333333333333,-2.606666666666667,0.22333333333333336,74.93333333333334,55.6,65.26666666666667,-0.12666666666666662
7,2025,Q3,-3109.6666666666665,-3333.0,-0.1966666666666672,-34.79666666666667,-34.79666666666667,-34.25333333333333,-33.269999999999996,23.3,11.099999999999994,17.233333333333338,-33.24333333333333
7,2025,Q4,-9999.0,-9999.0,-9.99,-99.99,-99.99,-99.99,-99.99,-99.90000000000002,-99.90000000000002,-99.90000000000002,-99.99
8,2015,Q1,132.0,141.33333333333334,2.69,0.3866666666666667,0.3866666666666667,0.36000000000000004,-0.17666666666666667,72.36666666666666,50.76666666666667,61.53333333333333,-0.7033333333333333
8,2015,Q2,421.3333333333333,0.3333333333333333,4.239999999999999,-1.3433333333333335,-1.3433333333333335,-1.3433333333333335,-0.14666666666666667,88.39999999999999,67.83333333333333,78.10000000000001,-1.3299999999999998
8,2015,Q3,526.3333333333334,0.0,7.646666666666666,-1.6866666666666665,-1.6866666666666665,-1.5133333333333334,0.41,90.73333333333335,72.76666666666667,81.73333333333333,-0.20333333333333334
8,2015,Q4,303.6666666666667,19.666666666666668,3.043333333333333,-1.97,-1.97,-1.9299999999999997,0.22999999999999995,81.10000000000001,62.96666666666666,72.06666666666668,-1.0
8,2016,Q1,120.0,142.66666666666666,4.243333333333333,0.6433333333333334,0.38999999999999996,0.6933333333333334,0.6966666666666667,72.26666666666667,51.1,61.699999999999996,0.8566666666666668
8,2016,Q2,373.6666666666667,2.0,4.886666666666667,-0.2933333333333333,-0.2933333333333333,-0.2933333333333333,0.20333333333333334,87.09999999999998,65.7,76.43333333333334,0.04666666666666667
8,2016,Q3,554.0,0.0,6.806666666666666,-1.02,-1.02,-0.8033333333333333,-0.26999999999999996,91.89999999999999,73.46666666666667,82.7,-0.8700000000000001
8,2016,Q4,234.0,42.333333333333336,1.8666666666666665,-1.8566666666666667,-1.8566666666666667,-1.8566666666666667,-0.8133333333333334,79.93333333333334,58.199999999999996,69.03333333333333,-1.9566666666666668
8,2017,Q1,143.66666666666666,92.33333333333333,2.276666666666667,-2.6233333333333335,-2.6233333333333335,-2.5733333333333333,-0.5266666666666667,76.76666666666667,52.9,64.83333333333333,-1.5999999999999999
8,2017,Q2,384.3333333333333,1.0,6.109999999999999,-1.8033333333333337,-2.85,-2.2166666666666672,0.62,87.10000000000001,65.89999999999999,76.53333333333332,0.6
8,2017,Q3,542.6666666666666,0.0,8.32,1.9066666666666665,0.1299999999999999,1.5766666666666669,0.66,90.69999999999999,73.23333333333333,82.0,1.3366666666666667
8,2017,Q4,222.33333333333334,57.0,2.8366666666666664,0.5333333333333333,2.0066666666666664,1.5166666666666666,-0.10333333333333335,78.06666666666666,57.93333333333334,68.0,-0.2566666666666667
8,2018,Q1,126.33333333333333,135.33333333333334,2.5033333333333334,-1.0366666666666666,-0.41,-0.6966666666666667,-0.31,73.63333333333333,51.23333333333334,62.4,-1.0466666666666666
8,2018,Q2,367.6666666666667,3.6666666666666665,6.546666666666667,1.3966666666666667,0.9466666666666668,1.0433333333333332,0.9400000000000001,86.26666666666665,65.83333333333333,76.03333333333335,2.1066666666666665
8,2018,Q3,542.0,0.0,6.973333333333334,1.1500000000000001,1.7766666666666666,1.4266666666666667,0.09666666666666668,91.06666666666666,73.5,82.33333333333334,-0.08333333333333341
8,2018,Q4,241.0,58.666666666666664,4.1499999999999995,0.04666666666666671,-0.3966666666666667,-0.3533333333333333,0.6833333333333335,78.26666666666667,58.4,68.33333333333333,0.7566666666666665
8,2019,Q1,143.33333333333334,108.66666666666667,2.6333333333333333,-0.10333333333333328,0.45,0.05666666666666672,-0.2633333333333333,74.63333333333333,53.06666666666666,63.866666666666674,-1.03
8,2019,Q2,409.0,2.3333333333333335,4.84,-1.5133333333333334,-1.5133333333333334,-1.4566666666666668,0.16333333333333333,88.10000000000001,66.83333333333333,77.43333333333334,-0.5466666666666667
8,2019,Q3,547.3333333333334,0.0,6.016666666666667,-1.6333333333333335,-1.6333333333333335,-1.3666666666666665,-0.5933333333333334,91.63333333333333,73.43333333333334,82.53333333333333,-1.4666666666666666
8,2019,Q4,251.66666666666666,54.666666666666664,3.8766666666666665,-2.3000000000000003,-2.3000000000000003,-2.17,0.58,78.83333333333333,58.96666666666667,68.9,-0.25333333333333335
8,2020,Q1,169.33333333333334,88.66666666666667,1.86,-2.713333333333333,-2.713333333333333,-2.713333333333333,-0.8733333333333334,76.63333333333334,54.23333333333333,65.46666666666667,-2.11
8,2020,Q2,390.3333333333333,1.0,5.583333333333333,0.22,-2.5633333333333335,-2.1666666666666665,0.6066666666666666,87.10000000000001,66.10000000000001,76.63333333333333,0.3233333333333333
8,2020,Q3,547.3333333333334,0.0,8.403333333333334,0.6933333333333334,-0.7166666666666665,-0.18333333333333335,0.6966666666666667,90.93333333333334,73.60000000000001,82.26666666666667,1.11
8,2020,Q4,250.0,74.66666666666667,3.48,1.2633333333333334,1.2633333333333334,1.2066666666666668,0.49333333333333323,78.23333333333333,58.76666666666667,68.53333333333333,0.43
8,2021,Q1,142.0,112.0,2.5500000000000003,-0.5033333333333333,0.25,-0.15333333333333332,-0.31,74.13333333333334,52.63333333333333,63.4,-1.03
8,2021,Q2,365.0,4.0,4.8533333333333335,-0.4433333333333333,-0.8133333333333334,-0.3,0.08,86.06666666666668,65.10000000000001,75.56666666666666,-0.09000000000000001
8,2021,Q3,520.6666666666666,0.0,8.226666666666667,1.1300000000000001,1.1300000000000001,1.1300000000000001,0.7433333333333333,89.80000000000001,72.99999999999999,81.39999999999999,1.2533333333333332
8,2021,Q4,225.0,52.333333333333336,2.8299999999999996,0.6766666666666667,1.1033333333333333,0.7233333333333333,0.033333333333333326,78.63333333333333,58.20000000000001,68.39999999999999,-0.20333333333333328
8,2022,Q1,144.33333333333334,118.0,2.9499999999999997,-0.6266666666666667,-1.06,-0.9033333333333333,-0.26333333333333336,74.60000000000001,51.699999999999996,63.13333333333333,-0.7833333333333333
8,2022,Q2,397.6666666666667,1.3333333333333333,4.896666666666667,0.07666666666666666,-0.91,-0.40666666666666673,0.22666666666666666,87.8,66.63333333333333,77.23333333333333,-0.11666666666666668
8,2022,Q3,542.0,0.0,8.06,0.11333333333333333,-0.31000000000000005,-0.10000000000000002,0.45333333333333337,91.0,73.03333333333335,82.06666666666666,0.6833333333333332
8,2022,Q4,217.0,56.0,2.35,-0.6166666666666666,-0.6166666666666666,-0.6166666666666666,-0.26333333333333336,77.8,57.53333333333334,67.66666666666667,-0.82
8,2023,Q1,178.0,80.0,1.9733333333333334,-1.8099999999999998,-1.8099999999999998,-1.8099999999999998,-0.71,77.93333333333334,54.23333333333333,66.1,-2.12
8,2023,Q2,388.0,1.0,5.8933333333333335,-1.5199999999999998,-1.5199999999999998,-0.79,0.7433333333333333,87.06666666666666,66.2,76.66666666666667,0.9
8,2023,Q3,569.0,0.0,6.353333333333333,-1.3800000000000001,-1.3800000000000001,-0.8333333333333334,-0.38000000000000006,92.53333333333335,73.8,83.16666666666667,-1.0433333333333334
8,2023,Q4,208.66666666666666,62.0,3.9299999999999997,0.013333333333333272,-0.5366666666666667,-0.31666666666666665,0.7200000000000001,76.8,57.43333333333334,67.13333333333334,1.12
8,2024,Q1,132.66666666666666,123.66666666666667,3.41,0.3366666666666667,1.2366666666666666,0.8566666666666668,0.22999999999999998,73.43333333333334,51.76666666666666,62.6,-0.11333333333333333
8,2024,Q2,410.3333333333333,3.0,4.523333333333333,-0.8233333333333333,-0.44333333333333336,-0.8033333333333333,-0.013333333333333336,88.26666666666667,66.83333333333333,77.56666666666666,-0.82
8,2024,Q3,570.6666666666666,0.0,8.21,-0.17333333333333326,-0.5933333333333333,-0.52,0.5433333333333333,91.66666666666667,74.63333333333333,83.13333333333334,0.2933333333333334
8,2024,Q4,226.0,56.666666666666664,2.8033333333333332,-0.07000000000000002,0.2966666666666667,-0.06000000000000002,-0.13,78.53333333333333,58.166666666666664,68.33333333333333,-0.4466666666666667
8,2025,Q1,121.0,144.66666666666666,2.603333333333333,-1.17,-1.17,-1.17,-0.26999999999999996,73.46666666666665,49.73333333333333,61.56666666666667,-0.8666666666666667
8,2025,Q2,422.3333333333333,0.6666666666666666,4.26,-2.17,-2.17,-2.1533333333333338,-0.26666666666666666,88.73333333333333,67.3,78.03333333333333,-1.3766666666666667
8,2025,Q3,-2943.0,-3333.0,1.3133333333333332,-35.126666666666665,-35.126666666666665,-35.126666666666665,-33.46333333333333,28.333333333333332,16.333333333333325,22.333333333333325,-34.35333333333333
8,2025,Q4,-9999.0,-9999.0,-9.99,-99.99,-99.99,-99.99,-99.99,-99.90000000000002,-99.90000000000002,-99.90000000000002,-99.99
9,2015,Q1,11.0,579.0,3.646666666666667,0.22666666666666668,0.47333333333333333,-0.013333333333333308,-0.4166666666666667,60.166666666666664,37.833333333333336,48.96666666666666,-0.8400000000000002
9,2015,Q2,211.66666666666666,40.0,4.206666666666667,-0.7000000000000001,-0.7000000000000001,-0.45,0.09999999999999999,84.2,61.5,72.83333333333333,-0.41
9,2015,Q3,356.3333333333333,3.0,4.726666666666667,-0.45333333333333337,-1.32,-1.1433333333333333,0.07000000000000002,88.26666666666667,68.3,78.26666666666667,-0.5533333333333333
9,2015,Q4,38.333333333333336,235.66666666666666,6.0,1.0966666666666667,0.7300000000000001,0.8633333333333334,1.36,71.36666666666666,50.93333333333334,61.166666666666664,2.2533333333333334
9,2016,Q1,16.666666666666668,496.3333333333333,3.893333333333333,-0.27999999999999997,1.4500000000000002,0.8966666666666666,-0.28,63.366666666666674,40.166666666666664,51.76666666666667,-0.8300000000000001
9,2016,Q2,194.33333333333334,55.666666666666664,3.653333333333333,-0.9966666666666667,-0.5233333333333333,-0.9433333333333334,-0.12333333333333334,83.56666666666666,59.300000000000004,71.46666666666665,-0.64
9,2016,Q3,439.0,0.0,3.4133333333333336,-2.8366666666666664,-2.8366666666666664,-2.8366666666666664,-1.0433333333333332,91.7,69.5,80.63333333333333,-2.65
9,2016,Q4,42.666666666666664,296.0,2.6733333333333333,-3.9133333333333336,-3.9133333333333336,-3.8533333333333335,-0.4566666666666667,72.03333333333333,46.5,59.300000000000004,-1.7166666666666668
9,2017,Q1,22.666666666666668,378.6666666666667,3.9733333333333327,-3.1933333333333334,-3.1933333333333334,-2.703333333333333,-0.35333333333333333,68.26666666666667,43.46666666666667,55.9,-1.1233333333333333
9,2017,Q2,182.33333333333334,33.0,5.233333333333333,-0.5766666666666668,-2.7399999999999998,-1.8566666666666665,0.7833333333333332,83.33333333333333,60.4,71.83333333333333,1.2133333333333334
9,2017,Q3,341.6666666666667,4.333333333333333,4.816666666666667,1.2666666666666666,-1.21,0.5833333333333334,0.07999999999999997,88.06666666666666,67.89999999999999,78.0,0.44
9,2017,Q4,31.0,339.0,2.5766666666666667,0.06333333333333335,0.5633333333333334,0.23,-0.42999999999999994,68.8,46.300000000000004,57.56666666666666,-0.61
9,2018,Q1,15.0,492.6666666666667,3.5533333333333332,-1.4400000000000002,-1.4400000000000002,-1.4400000000000002,-0.49333333333333335,63.56666666666666,40.56666666666667,52.06666666666666,-1.21
9,2018,Q2,210.66666666666666,76.33333333333333,5.296666666666667,0.7866666666666666,0.27,0.37999999999999995,0.7766666666666667,82.86666666666666,59.56666666666666,71.2,1.2866666666666664
9,2018,Q3,403.0,0.0,4.8500000000000005,1.3,1.3,1.0133333333333334,0.16,89.66666666666667,69.93333333333332,79.80000000000001,0.19666666666666663
9,2018,Q4,37.666666666666664,363.6666666666667,6.566666666666667,2.3533333333333335,2.3533333333333335,2.16,1.5866666666666667,67.56666666666666,46.96666666666667,57.26666666666667,3.3066666666666666
9,2019,Q1,14.0,452.3333333333333,3.7166666666666663,0.5866666666666666,2.6466666666666665,1.8366666666666667,-0.3866666666666667,64.63333333333334,42.4,53.53333333333334,-1.1066666666666667
9,2019,Q2,214.66666666666666,41.333333333333336,4.06,-1.4966666666666668,-0.6233333333333334,-0.9833333333333334,0.10999999999999999,84.73333333333333,60.866666666666674,72.8,-0.5533333333333332
9,2019,Q3,423.6666666666667,0.0,3.116666666666667,-2.526666666666667,-2.526666666666667,-2.526666666666667,-1.1433333333333333,91.7,68.86666666666667,80.26666666666667,-2.6833333333333336
9,2019,Q4,46.0,325.3333333333333,5.07,0.8099999999999999,-1.9933333333333334,-0.8833333333333333,1.0366666666666668,69.56666666666666,47.0,58.26666666666667,1.3833333333333335
9,2020,Q1,29.0,399.0,6.353333333333333,1.9533333333333334,1.2033333333333334,1.67,0.9799999999999999,65.93333333333334,44.96666666666666,55.46666666666667,1.2966666666666669
9,2020,Q2,148.66666666666666,76.66666666666667,4.84,2.59,2.59,2.37,0.4100000000000001,81.56666666666666,58.03333333333333,69.8,0.93
9,2020,Q3,372.6666666666667,2.6666666666666665,5.78,1.7433333333333334,1.7433333333333334,1.0333333333333334,0.48666666666666664,88.5,68.93333333333334,78.73333333333333,0.7300000000000001
9,2020,Q4,45.0,322.6666666666667,3.18,2.0966666666666667,2.0966666666666667,1.9266666666666667,0.08333333333333333,69.96666666666665,46.9,58.43333333333334,0.0733333333333333
9,2021,Q1,16.0,468.0,5.026666666666666,1.6833333333333333,1.6833333333333333,1.4366666666666668,0.3166666666666667,63.43333333333334,41.300000000000004,52.36666666666667,0.25333333333333335
9,2021,Q2,150.66666666666666,73.33333333333333,4.223333333333334,1.1866666666666668,1.1866666666666668,0.6233333333333333,0.23,81.63333333333334,57.366666666666674,69.5,0.41
9,2021,Q3,346.0,2.6666666666666665,6.523333333333333,2.8266666666666667,2.8266666666666667,2.8266666666666667,1.0200000000000002,87.36666666666667,68.0,77.7,2.67
9,2021,Q4,40.0,290.0,3.2733333333333334,1.0866666666666667,3.3333333333333335,2.9899999999999998,-0.00999999999999999,70.73333333333333,46.9,58.833333333333336,0.42
9,2022,Q1,14.0,470.6666666666667,4.043333333333334,-0.71,1.86,0.7399999999999999,-0.22333333333333336,65.10000000000001,39.93333333333333,52.56666666666666,-0.77
9,2022,Q2,213.0,59.333333333333336,3.36,-1.2866666666666664,0.01666666666666668,-1.0566666666666666,-0.3566666666666667,84.76666666666667,59.43333333333334,72.1,-1.1066666666666667
9,2022,Q3,362.0,2.6666666666666665,4.946666666666666,-1.5933333333333335,-1.5933333333333335,-1.5166666666666666,0.21999999999999997,88.36666666666667,68.06666666666666,78.23333333333333,-0.3933333333333333
9,2022,Q4,16.0,361.3333333333333,2.9266666666666663,-1.71,-1.71,-1.616666666666667,-0.10666666666666665,68.13333333333333,44.333333333333336,56.23333333333333,-0.6033333333333334
9,2023,Q1,26.0,367.3333333333333,4.983333333333333,-1.21,-1.21,-0.7066666666666667,0.2466666666666667,68.3,44.36666666666667,56.333333333333336,-0.15666666666666662
9,2023,Q2,144.0,62.333333333333336,4.886666666666667,0.5066666666666667,-0.34333333333333343,-0.003333333333333336,0.5966666666666667,81.3,58.36666666666667,69.83333333333333,1.0866666666666667
9,2023,Q3,384.3333333333333,1.6666666666666667,4.61,0.5033333333333334,0.82,0.40666666666666673,-0.006666666666666654,90.03333333333335,68.49999999999999,79.3,-0.029999999999999954
9,2023,Q4,25.0,332.6666666666667,2.8366666666666664,-0.4166666666666667,-0.4166666666666667,-0.6699999999999999,-0.16666666666666666,68.86666666666666,45.06666666666666,56.93333333333334,-0.6433333333333334
9,2024,Q1,15.0,458.6666666666667,5.48,0.45,0.45,0.24333333333333337,0.48666666666666664,64.7,40.63333333333333,52.666666666666664,0.5933333333333334
9,2024,Q2,216.66666666666666,40.333333333333336,4.23,0.24333333333333332,0.24333333333333332,0.24333333333333332,-0.03333333333333336,84.39999999999999,61.1,72.76666666666667,-0.10333333333333335
9,2024,Q3,391.3333333333333,1.3333333333333333,6.78,0.17333333333333334,0.17333333333333334,0.17333333333333334,0.96,89.33333333333333,69.16666666666667,79.23333333333333,1.5933333333333335
9,2024,Q4,40.666666666666664,292.6666666666667,2.3333333333333335,-0.6966666666666667,0.19333333333333336,-0.57,-0.5766666666666665,70.76666666666667,47.23333333333333,59.03333333333333,-0.91
9,2025,Q1,13.0,500.3333333333333,3.3733333333333335,-1.5,-1.5,-1.5,-0.6166666666666666,64.10000000000001,38.53333333333333,51.333333333333336,-1.37
9,2025,Q2,209.0,34.333333333333336,5.340000000000001,0.15666666666666673,-0.4166666666666666,0.10666666666666673,0.7866666666666666,84.39999999999999,61.56666666666666,73.0,1.11
9,2025,Q3,-3047.3333333333335,-3333.0,0.38333333333333347,-32.67666666666667,-32.67666666666667,-33.07,-33.23,26.866666666666664,13.733333333333329,20.3,-33.056666666666665
9,2025,Q4,-9999.0,-9999.0,-9.99,-99.99,-99.99,-99.99,-99.99,-99.90000000000002,-99.90000000000002,-99.90000000000002,-99.99
10,2015,Q1,0.0,824.0,1.8099999999999998,-1.89,-1.89,-1.6066666666666667,-0.7033333333333333,45.0,24.8,34.9,-1.8399999999999999
10,2015,Q2,62.666666666666664,303.3333333333333,1.6300000000000001,-2.65,-2.65,-2.486666666666667,-0.4633333333333334,66.36666666666666,39.56666666666666,52.93333333333334,-1.0533333333333335
10,2015,Q3,138.66666666666666,82.33333333333333,1.1466666666666667,-2.6133333333333337,-2.6133333333333337,-2.6133333333333337,0.55,77.63333333333334,47.76666666666667,62.69999999999999,-0.4266666666666667
10,2015,Q4,1.6666666666666667,824.6666666666666,2.9199999999999995,-2.3066666666666666,-2.3066666666666666,-2.06,0.4266666666666667,44.26666666666667,25.600000000000005,34.96666666666666,-0.08999999999999993
10,2016,Q1,0.0,907.0,2.6300000000000003,-1.4766666666666666,-1.4766666666666666,-0.7333333333333333,0.16666666666666666,40.333333333333336,22.766666666666666,31.566666666666666,0.13999999999999999
10,2016,Q2,37.333333333333336,281.0,1.5533333333333335,-1.6833333333333336,-1.6833333333333336,-1.4100000000000001,-0.4566666666666666,66.36666666666667,39.43333333333334,52.93333333333334,-1.3699999999999999
10,2016,Q3,114.33333333333333,104.66666666666667,0.8966666666666666,-1.7066666666666663,-2.6066666666666665,-2.4499999999999997,-0.27666666666666667,76.56666666666666,46.23333333333333,61.36666666666667,-1.0899999999999999
10,2016,Q4,0.0,850.3333333333334,3.2133333333333334,1.51,-0.020000000000000018,1.3566666666666667,0.8033333333333333,43.73333333333333,25.3,34.5,1.4833333333333334
10,2017,Q1,0.0,1015.0,4.126666666666666,2.78,2.78,2.78,1.4266666666666665,37.43333333333333,20.266666666666666,28.833333333333332,2.7133333333333334
10,2017,Q2,25.666666666666668,362.3333333333333,2.08,0.9899999999999999,3.1633333333333336,2.7600000000000002,0.32999999999999996,62.73333333333333,37.266666666666666,50.0,0.12
10,2017,Q3,179.33333333333334,79.0,0.9233333333333332,-1.4033333333333333,1.0899999999999999,-0.8233333333333333,-0.23666666666666666,79.43333333333334,48.9,64.2,-1.0733333333333335
10,2017,Q4,0.0,872.0,2.48,-0.91,0.8866666666666667,-0.6333333333333333,0.08666666666666667,43.5,24.433333333333337,34.0,-0.0366666666666667
10,2018,Q1,0.0,940.6666666666666,2.6199999999999997,-0.7233333333333333,-0.24333333333333332,-0.7200000000000001,0.19333333333333336,38.96666666666667,21.26666666666667,30.099999999999998,0.19666666666666666
10,2018,Q2,28.0,315.0,2.2166666666666663,-0.20333333333333337,-0.20333333333333337,0.5,0.4633333333333334,63.833333333333336,38.833333333333336,51.366666666666674,0.11666666666666665
10,2018,Q3,152.33333333333334,85.66666666666667,0.27,-1.4266666666666667,-1.4266666666666667,-1.4266666666666667,-1.5,79.13333333333333,47.166666666666664,63.20000000000001,-2.0366666666666666
10,2018,Q4,0.0,874.0,2.186666666666667,-1.8866666666666667,-1.8866666666666667,-1.8233333333333335,-0.10666666666666665,42.9,24.0,33.43333333333333,-0.6166666666666667
10,2019,Q1,0.0,1025.0,2.8000000000000003,-0.04333333333333337,-1.4100000000000001,-0.33,0.11333333333333329,36.666666666666664,18.033333333333335,27.3,0.4366666666666666
10,2019,Q2,19.666666666666668,349.6666666666667,2.3733333333333335,0.8833333333333333,1.3866666666666667,1.1666666666666667,0.6133333333333333,61.96666666666667,37.93333333333334,49.96666666666666,0.7000000000000001
10,2019,Q3,131.33333333333334,96.0,1.0766666666666667,-0.26999999999999996,0.18000000000000002,-0.13666666666666663,0.21666666666666665,76.7,47.6,62.166666666666664,0.0
10,2019,Q4,0.0,906.6666666666666,1.5533333333333335,-0.5866666666666667,-0.5866666666666667,-0.5866666666666667,-0.7766666666666667,42.36666666666667,22.7,32.5,-1.36
10,2020,Q1,0.0,947.0,2.6966666666666668,-1.3366666666666667,-1.3366666666666667,-1.19,0.15666666666666665,38.833333333333336,20.2,29.53333333333333,-0.3466666666666667
10,2020,Q2,17.333333333333332,362.0,2.2933333333333334,-0.18666666666666665,-0.6833333333333332,-0.5733333333333333,0.36333333333333334,62.23333333333333,36.733333333333334,49.46666666666667,0.6133333333333334
10,2020,Q3,145.0,71.0,0.4533333333333333,-0.04333333333333337,0.3,0.009999999999999972,-0.87,79.5,47.63333333333333,63.56666666666666,-0.6
10,2020,Q4,0.0,840.3333333333334,1.9533333333333334,-1.3266666666666667,-1.3266666666666667,-1.3266666666666667,-0.37000000000000005,45.29999999999999,24.299999999999997,34.766666666666666,-1.2366666666666666
10,2021,Q1,0.0,969.3333333333334,2.19,-2.0233333333333334,-2.0233333333333334,-1.8133333333333332,-0.4066666666666667,38.36666666666667,19.46666666666667,28.933333333333334,-1.0499999999999998
10,2021,Q2,61.666666666666664,317.0,0.9333333333333332,-3.19,-3.19,-3.19,-1.383333333333333,66.39999999999999,38.13333333333333,52.29999999999999,-2.4366666666666665
10,2021,Q3,181.0,78.66666666666667,0.8866666666666666,-4.706666666666666,-4.706666666666666,-4.706666666666666,0.09000000000000001,79.9,48.699999999999996,64.3,-2.1
10,2021,Q4,0.0,794.6666666666666,2.9933333333333336,-3.34,-3.34,-2.7566666666666664,0.6166666666666667,44.96666666666666,27.233333333333334,36.13333333333333,0.4833333333333334
10,2022,Q1,0.0,1025.0,1.5533333333333335,-3.2866666666666666,-3.2866666666666666,-3.0833333333333335,-1.04,38.4,18.099999999999998,28.23333333333333,-1.8
10,2022,Q2,18.0,440.0,2.5500000000000003,-1.9466666666666665,-1.9466666666666665,-0.49666666666666676,0.77,59.166666666666664,34.766666666666666,46.96666666666666,1.6366666666666667
10,2022,Q3,221.33333333333334,44.0,0.65,-1.55,-1.55,-0.26,-0.48666666666666664,82.43333333333334,50.666666666666664,66.53333333333335,-0.9866666666666667
10,2022,Q4,0.0,917.6666666666666,2.5933333333333333,-1.9766666666666668,-1.9766666666666668,-1.4366666666666668,0.14333333333333334,42.699999999999996,22.066666666666666,32.4,-0.46666666666666673
10,2023,Q1,0.0,1091.3333333333333,2.263333333333333,-1.11,-1.7566666666666668,-1.2866666666666666,-0.19666666666666668,33.96666666666666,15.566666666666668,24.766666666666666,-0.10333333333333321
10,2023,Q2,27.0,348.0,2.0033333333333334,0.10333333333333333,-1.0366666666666668,-0.056666666666666664,0.15333333333333332,62.699999999999996,37.266666666666666,50.03333333333334,-0.05999999999999998
10,2023,Q3,164.33333333333334,76.0,1.2266666666666668,0.17666666666666667,-0.4533333333333333,0.08333333333333337,0.17,78.56666666666666,48.833333333333336,63.66666666666666,0.10333333333333335
10,2023,Q4,0.0,784.0,1.8833333333333335,-0.8766666666666666,-0.8766666666666666,-0.8766666666666666,-0.42333333333333334,46.199999999999996,27.066666666666666,36.599999999999994,-1.5966666666666667
10,2024,Q1,0.0,948.6666666666666,2.8333333333333335,-1.2966666666666666,-1.2966666666666666,-0.7133333333333334,0.38666666666666666,38.8,21.099999999999998,29.933333333333334,0.1333333333333333
10,2024,Q2,30.0,368.3333333333333,1.5933333333333335,-1.0366666666666668,-1.0366666666666668,-0.42,-0.32666666666666666,63.26666666666667,36.46666666666666,49.866666666666674,-0.6566666666666666
10,2024,Q3,174.66666666666666,59.0,0.7233333333333333,-2.02,-2.02,-2.02,-0.27,80.73333333333333,48.9,64.8,-1.4633333333333332
10,2024,Q4,0.0,781.3333333333334,2.296666666666667,-2.53,-2.53,-2.53,-0.13,46.70000000000001,26.833333333333332,36.73333333333333,-0.9533333333333333
10,2025,Q1,0.0,992.6666666666666,2.6833333333333336,-2.02,-2.02,-1.23,0.1433333333333334,38.0,19.066666666666666,28.53333333333333,0.15000000000000002
10,2025,Q2,35.333333333333336,309.0,1.0466666666666666,-2.4899999999999998,-2.4899999999999998,-2.32,-1.1966666666666665,65.76666666666667,37.833333333333336,51.833333333333336,-2.23
10,2025,Q3,-3193.0,-3318.3333333333335,-2.7533333333333334,-35.86,-35.86,-35.86,-33.14,21.899999999999995,0.9666666666666686,11.433333333333328,-34.65
10,2025,Q4,-9999.0,-9999.0,-9.99,-99.99,-99.99,-99.99,-99.99,-99.90000000000002,-99.90000000000002,-99.90000000000002,-99.99
11,2015,Q1,0.0,1202.3333333333333,1.7599999999999998,1.9933333333333334,1.9933333333333334,1.54,-0.4166666666666667,37.199999999999996,18.366666666666667,27.799999999999997,-0.45999999999999996
11,2015,Q2,81.33333333333333,199.0,6.080000000000001,2.0,2.0,1.43,1.1,74.2,53.1,63.63333333333333,2.263333333333333
11,2015,Q3,195.33333333333334,18.333333333333332,3.8833333333333333,3.5400000000000005,3.5400000000000005,3.5400000000000005,0.2866666666666666,82.66666666666667,61.633333333333326,72.13333333333334,0.9500000000000001
11,2015,Q4,4.0,581.6666666666666,4.543333333333333,3.396666666666667,3.396666666666667,3.203333333333333,1.1433333333333333,57.4,38.43333333333334,47.9,2.243333333333333
11,2016,Q1,1.3333333333333333,945.6666666666666,1.8399999999999999,3.1733333333333333,3.1733333333333333,2.43,-0.5099999999999999,44.699999999999996,27.333333333333332,36.0,-0.7433333333333335
11,2016,Q2,97.33333333333333,222.0,3.59,1.866666666666667,1.866666666666667,0.5533333333333333,-0.19333333333333333,74.39999999999999,52.133333333333326,63.26666666666667,-0.5866666666666667
11,2016,Q3,256.0,9.666666666666666,5.696666666666666,3.23,3.23,3.0833333333333335,1.4566666666666663,83.76666666666667,64.33333333333333,74.03333333333335,2.9233333333333333
11,2016,Q4,8.333333333333334,670.6666666666666,2.1199999999999997,2.7566666666666664,2.7566666666666664,2.5500000000000003,-0.3433333333333333,55.03333333333333,36.233333333333334,45.63333333333333,-0.14333333333333334
11,2017,Q1,0.3333333333333333,880.6666666666666,2.14,1.6766666666666667,1.6766666666666667,0.9166666666666666,-0.2833333333333334,48.1,29.53333333333333,38.800000000000004,-0.41999999999999993
11,2017,Q2,85.33333333333333,198.66666666666666,5.08,1.4399999999999997,2.1666666666666665,1.9866666666666666,0.6533333333333333,74.8,52.6,63.70000000000001,1.0966666666666667
11,2017,Q3,188.0,25.666666666666668,2.6799999999999997,-0.4000000000000001,0.7566666666666667,0.5733333333333334,-0.8966666666666666,83.36666666666666,60.26666666666667,71.8,-0.9533333333333333
11,2017,Q4,6.333333333333333,742.6666666666666,2.6999999999999997,-0.9066666666666666,-0.9066666666666666,-0.3066666666666667,-0.20666666666666664,52.9,33.63333333333333,43.26666666666667,-0.25666666666666665
11,2018,Q1,0.0,1076.6666666666667,3.3633333333333333,0.64,0.64,0.64,0.8633333333333334,41.13333333333333,22.2,31.700000000000003,1.6966666666666665
11,2018,Q2,132.66666666666666,265.3333333333333,4.17,1.2033333333333334,1.2033333333333334,0.6233333333333332,0.10000000000000002,74.56666666666668,52.29999999999999,63.46666666666667,-0.03333333333333336
11,2018,Q3,231.66666666666666,15.333333333333334,4.416666666666667,1.7166666666666668,1.7166666666666668,1.61,0.6366666666666666,83.73333333333333,62.96666666666667,73.33333333333333,1.22
11,2018,Q4,1.0,785.0,3.313333333333333,2.8433333333333337,2.8433333333333337,2.8433333333333337,0.5933333333333333,49.833333333333336,32.93333333333334,41.400000000000006,1.78
11,2019,Q1,0.0,1121.0,3.526666666666666,3.8200000000000003,3.8200000000000003,3.8200000000000003,1.0133333333333334,39.3,22.066666666666663,30.666666666666668,1.9833333333333332
11,2019,Q2,68.33333333333333,239.0,5.966666666666666,4.67,4.67,4.67,1.1166666666666665,72.26666666666667,51.70000000000001,61.96666666666667,2.3033333333333332
11,2019,Q3,242.66666666666666,14.666666666666666,4.033333333333333,4.21,4.21,4.096666666666667,0.35000000000000003,84.23333333333333,63.599999999999994,73.93333333333332,0.6
11,2019,Q4,1.0,768.6666666666666,3.0933333333333337,4.663333333333333,4.663333333333333,4.646666666666667,0.2966666666666667,51.4,32.26666666666667,41.833333333333336,1.53
11,2020,Q1,0.6666666666666666,940.6666666666666,3.436666666666667,4.69,4.69,4.69,0.7933333333333333,43.866666666666674,28.2,36.03333333333333,1.5166666666666666
11,2020,Q2,92.66666666666667,256.0,4.403333333333333,4.133333333333334,4.133333333333334,4.023333333333333,0.3133333333333333,72.06666666666666,50.5,61.26666666666667,0.6333333333333334
11,2020,Q3,223.33333333333334,33.666666666666664,3.5933333333333337,3.293333333333333,3.293333333333333,2.8266666666666667,-0.020000000000000042,82.5,61.26666666666666,71.89999999999999,0.18000000000000002
11,2020,Q4,0.3333333333333333,694.3333333333334,2.5433333333333334,2.2066666666666666,2.2066666666666666,1.3966666666666665,0.003333333333333318,54.23333333333333,33.83333333333333,44.03333333333333,-0.20999999999999996
11,2021,Q1,1.0,1050.3333333333333,2.6999999999999997,1.763333333333333,1.763333333333333,1.05,0.34333333333333327,40.36666666666667,23.900000000000002,32.166666666666664,0.47
11,2021,Q2,100.66666666666667,212.33333333333334,4.173333333333333,1.3133333333333332,1.3133333333333332,0.56,0.17333333333333334,73.3,51.9,62.56666666666666,0.20333333333333337
11,2021,Q3,241.66666666666666,13.333333333333334,3.6633333333333327,1.7899999999999998,1.7899999999999998,1.5733333333333333,0.17333333333333337,83.86666666666667,62.633333333333326,73.23333333333333,0.49999999999999994
11,2021,Q4,11.0,618.6666666666666,3.1333333333333333,1.9733333333333334,1.9733333333333334,1.7166666666666668,0.17,56.76666666666667,37.4,47.1,0.9333333333333332
11,2022,Q1,0.3333333333333333,1096.0,2.856666666666667,1.7766666666666666,1.7766666666666666,1.5233333333333334,0.4466666666666666,41.13333333333333,21.066666666666666,31.100000000000005,0.9066666666666666
11,2022,Q2,104.0,236.0,3.4633333333333334,0.3766666666666667,1.51,1.04,-0.2833333333333333,73.56666666666666,52.0,62.800000000000004,-0.6666666666666666
11,2022,Q3,204.66666666666666,25.666666666666668,3.9599999999999995,0.3733333333333333,1.3399999999999999,1.0,0.3866666666666667,82.7,61.56666666666666,72.13333333333333,0.5933333333333333
11,2022,Q4,0.6666666666666666,750.6666666666666,2.1366666666666667,-0.77,-0.35666666666666663,-0.6433333333333334,-0.24999999999999997,52.6,31.76666666666667,42.199999999999996,-0.8633333333333333
11,2023,Q1,0.0,920.3333333333334,3.263333333333333,0.7466666666666667,0.7466666666666667,0.4533333333333333,0.8366666666666668,46.0,28.399999999999995,37.199999999999996,1.32
11,2023,Q2,82.66666666666667,204.33333333333334,2.306666666666666,-1.19,-0.8266666666666667,-1.1766666666666665,-1.1500000000000001,75.83333333333333,50.199999999999996,63.03333333333333,-2.0766666666666667
11,2023,Q3,207.0,22.333333333333332,3.72,-1.42,-1.42,-1.07,0.2333333333333333,83.2,61.56666666666666,72.36666666666667,-0.15666666666666673
11,2023,Q4,4.0,626.3333333333334,2.26,-2.1066666666666665,-2.1066666666666665,-2.0833333333333335,-0.2733333333333334,56.0,36.733333333333334,46.36666666666667,-1.5133333333333334
11,2024,Q1,1.0,874.3333333333334,2.53,-2.0066666666666664,-2.0066666666666664,-1.6433333333333333,-0.22000000000000006,47.5,28.5,38.0,-0.39000000000000007
11,2024,Q2,125.66666666666667,170.33333333333334,4.56,0.51,-1.3466666666666667,-0.48000000000000004,0.38000000000000006,76.3,54.53333333333333,65.39999999999999,0.23666666666666666
11,2024,Q3,209.0,18.333333333333332,4.0,0.2333333333333334,0.9500000000000001,0.5233333333333333,0.30666666666666664,83.00000000000001,61.26666666666666,72.16666666666667,0.75
11,2024,Q4,8.0,626.3333333333334,2.533333333333333,-1.0766666666666667,-1.0766666666666667,-0.8766666666666668,-0.0666666666666667,56.4,36.46666666666667,46.43333333333334,-0.7866666666666666
11,2025,Q1,1.3333333333333333,1014.0,1.6866666666666668,-1.3033333333333335,-1.3033333333333335,-1.3033333333333335,-0.6,43.26666666666667,23.333333333333332,33.300000000000004,-0.9499999999999998
11,2025,Q2,100.33333333333333,215.66666666666666,4.246666666666667,-0.48333333333333334,-0.9433333333333334,-0.2833333333333333,0.24333333333333332,73.93333333333334,52.666666666666664,63.29999999999999,0.21333333333333335
11,2025,Q3,-3131.6666666666665,-3329.0,-0.6766666666666667,-33.163333333333334,-33.163333333333334,-33.163333333333334,-33.32333333333333,23.933333333333326,10.5,17.2,-32.946666666666665
11,2025,Q4,-9999.0,-9999.0,-9.99,-99.99,-99.99,-99.99,-99.99,-99.90000000000002,-99.90000000000002,-99.90000000000002,-99.99
12,2015,Q1,0.0,1143.6666666666667,2.35,2.0933333333333333,2.0933333333333333,1.61,-0.26666666666666666,36.666666666666664,17.833333333333332,27.26666666666667,-0.32666666666666666
12,2015,Q2,99.0,173.33333333333334,5.946666666666666,2.3033333333333332,2.3033333333333332,2.0100000000000002,1.0833333333333333,73.73333333333333,52.1,62.96666666666667,2.1366666666666667
12,2015,Q3,188.33333333333334,20.333333333333332,3.7300000000000004,3.6466666666666665,3.6466666666666665,3.4,0.08666666666666667,81.76666666666667,59.76666666666667,70.76666666666667,0.7600000000000001
12,2015,Q4,4.666666666666667,531.0,3.81,2.663333333333333,2.663333333333333,2.1633333333333336,0.64,57.9,38.6,48.23333333333333,0.8533333333333332
12,2016,Q1,2.6666666666666665,875.6666666666666,2.86,2.313333333333333,2.313333333333333,1.9633333333333332,0.09666666666666668,45.166666666666664,27.3,36.23333333333333,-0.026666666666666634
12,2016,Q2,95.66666666666667,203.33333333333334,3.9933333333333336,1.7766666666666666,1.7766666666666666,1.4133333333333333,0.04333333333333334,73.3,50.366666666666674,61.833333333333336,-0.08000000000000002
12,2016,Q3,260.0,9.0,5.09,2.733333333333333,2.733333333333333,2.733333333333333,1.12,83.53333333333335,63.26666666666666,73.4,2.27
12,2016,Q4,10.666666666666666,623.0,2.516666666666666,2.52,2.52,2.4066666666666667,-0.23666666666666666,55.1,35.800000000000004,45.43333333333334,-0.006666666666666668
12,2017,Q1,0.3333333333333333,789.0,3.0233333333333334,1.89,1.89,1.3800000000000001,0.11999999999999998,48.300000000000004,30.2,39.23333333333333,-3.700743415417188e-17
12,2017,Q2,86.66666666666667,160.0,5.366666666666667,2.0833333333333335,2.0833333333333335,1.8866666666666667,0.8300000000000001,74.26666666666667,51.699999999999996,63.0,1.2833333333333334
12,2017,Q3,185.66666666666666,26.666666666666668,3.453333333333333,2.48,2.48,2.063333333333333,-0.15666666666666665,81.60000000000001,59.300000000000004,70.46666666666665,0.36000000000000004
12,2017,Q4,6.666666666666667,686.3333333333334,3.36,2.2500000000000004,2.2500000000000004,1.9433333333333334,0.20666666666666664,52.5,33.86666666666667,43.199999999999996,0.7966666666666665
12,2018,Q1,0.0,989.3333333333334,3.9599999999999995,2.5866666666666664,2.5866666666666664,2.3233333333333333,0.8466666666666667,41.73333333333333,23.5,32.6,1.7599999999999998
12,2018,Q2,148.33333333333334,225.33333333333334,4.52,2.453333333333333,2.453333333333333,2.1466666666666665,0.31666666666666665,73.8,51.699999999999996,62.73333333333334,0.32666666666666666
12,2018,Q3,239.0,12.0,4.7,2.783333333333333,2.783333333333333,2.6999999999999997,0.8300000000000001,82.86666666666666,62.53333333333333,72.66666666666667,1.6433333333333333
12,2018,Q4,3.6666666666666665,707.0,3.4966666666666666,3.8299999999999996,3.8299999999999996,3.8299999999999996,0.46,50.666666666666664,34.06666666666666,42.36666666666667,1.7066666666666668
12,2019,Q1,0.0,1003.6666666666666,4.043333333333333,4.3999999999999995,4.3999999999999995,4.3999999999999995,0.9333333333333332,40.8,23.46666666666667,32.166666666666664,1.843333333333333
12,2019,Q2,79.33333333333333,197.0,5.920000000000001,4.9866666666666655,4.9866666666666655,4.9866666666666655,1.1633333333333333,72.06666666666666,51.06666666666666,61.56666666666667,2.22
12,2019,Q3,252.0,11.0,3.1266666666666665,4.056666666666666,4.056666666666666,3.6833333333333336,-0.17999999999999997,84.16666666666667,62.1,73.13333333333333,-0.5766666666666667
12,2019,Q4,4.0,696.6666666666666,3.4166666666666665,3.2133333333333334,3.2133333333333334,2.9966666666666666,0.37333333333333335,52.53333333333334,32.9,42.73333333333333,0.8333333333333334
12,2020,Q1,1.6666666666666667,844.6666666666666,4.026666666666667,3.516666666666667,3.516666666666667,3.516666666666667,0.82,45.133333333333326,29.366666666666664,37.23333333333333,1.4033333333333333
12,2020,Q2,86.33333333333333,240.66666666666666,3.8800000000000003,1.8800000000000001,2.783333333333333,2.5533333333333332,-0.06666666666666667,71.33333333333333,49.133333333333326,60.23333333333333,-0.046666666666666634
12,2020,Q3,216.66666666666666,31.333333333333332,3.14,-0.2833333333333333,1.9033333333333333,1.3466666666666667,-0.2133333333333333,82.36666666666666,60.13333333333333,71.23333333333333,-0.49999999999999994
12,2020,Q4,1.6666666666666667,643.0,3.0866666666666673,-0.21666666666666667,1.3633333333333333,0.6766666666666666,0.0766666666666667,54.333333333333336,34.53333333333333,44.46666666666667,0.20666666666666667
12,2021,Q1,2.0,954.3333333333334,2.8266666666666667,-0.3366666666666666,0.8033333333333333,-0.10333333333333333,0.14666666666666667,41.93333333333333,24.76666666666667,33.333333333333336,-0.04666666666666666
12,2021,Q2,91.66666666666667,210.66666666666666,4.196666666666666,-0.24,-0.24,-0.24,0.12000000000000004,72.63333333333334,50.166666666666664,61.4,0.24000000000000007
12,2021,Q3,236.0,15.0,4.306666666666666,1.4666666666666668,1.4666666666666668,1.4666666666666668,0.5933333333333334,82.86666666666666,61.866666666666674,72.36666666666666,1.3099999999999998
12,2021,Q4,13.0,577.6666666666666,3.8200000000000003,2.6300000000000003,2.6300000000000003,2.5833333333333335,0.47333333333333333,56.46666666666667,37.333333333333336,46.9,1.7166666666666668
12,2022,Q1,0.6666666666666666,985.3333333333334,3.41,2.606666666666667,2.606666666666667,2.473333333333333,0.5166666666666666,42.6,22.566666666666666,32.6,0.89
12,2022,Q2,109.0,206.0,3.5666666666666664,-0.24,1.9566666666666663,1.4966666666666668,-0.31333333333333335,73.63333333333333,50.63333333333333,62.1,-0.7166666666666667
12,2022,Q3,217.66666666666666,25.666666666666668,3.86,0.26999999999999996,1.49,0.9566666666666667,0.3166666666666667,82.2,60.70000000000001,71.46666666666667,0.3200000000000001
12,2022,Q4,1.3333333333333333,698.3333333333334,1.89,-1.4333333333333336,-0.9866666666666667,-1.4266666666666665,-0.7366666666666667,52.76666666666667,32.333333333333336,42.53333333333334,-1.836666666666667
12,2023,Q1,0.3333333333333333,808.0,4.076666666666667,0.6166666666666667,-0.4833333333333332,-0.15666666666666665,0.9033333333333333,47.633333333333326,29.46666666666667,38.53333333333333,1.3699999999999999
12,2023,Q2,72.66666666666667,193.33333333333334,2.63,-1.01,-0.6166666666666667,-0.9266666666666667,-0.9333333333333335,73.89999999999999,48.666666666666664,61.300000000000004,-1.6533333333333333
12,2023,Q3,200.66666666666666,24.0,3.48,-0.9400000000000001,-0.9400000000000001,-0.2833333333333334,0.020000000000000018,82.10000000000001,59.93333333333333,71.03333333333333,-0.16
12,2023,Q4,5.0,581.6666666666666,2.1633333333333336,-1.9799999999999998,-1.9799999999999998,-1.9266666666666667,-0.6366666666666666,56.26666666666666,36.56666666666666,46.43333333333334,-1.7699999999999998
12,2024,Q1,2.0,830.0,3.0033333333333334,-2.026666666666667,-2.026666666666667,-1.5766666666666669,-0.06333333333333335,47.13333333333333,28.566666666666663,37.86666666666667,-0.43333333333333335
12,2024,Q2,126.66666666666667,142.66666666666666,4.756666666666667,-1.3033333333333335,-1.3033333333333335,-0.25,0.4166666666666667,75.73333333333333,53.699999999999996,64.73333333333333,0.34
12,2024,Q3,210.66666666666666,17.666666666666668,3.67,-1.07,-1.07,-0.18000000000000002,0.10666666666666667,82.96666666666667,60.133333333333326,71.53333333333333,0.04999999999999993
12,2024,Q4,7.0,584.3333333333334,2.8666666666666667,-1.4400000000000002,-2.1433333333333335,-1.9800000000000002,-0.15000000000000005,56.6,36.43333333333333,46.53333333333333,-1.2100000000000002
12,2025,Q1,2.3333333333333335,964.3333333333334,2.5433333333333334,-0.31666666666666665,-1.7566666666666666,-1.5899999999999999,-0.10333333333333335,43.0,23.566666666666666,33.266666666666666,-0.3933333333333333
12,2025,Q2,102.0,194.66666666666666,5.233333333333333,0.9533333333333335,0.47,0.9533333333333335,0.77,73.10000000000001,51.46666666666667,62.333333333333336,1.3333333333333333
12,2025,Q3,-3135.0,-3328.3333333333335,-0.8200000000000003,-32.419999999999995,-32.419999999999995,-32.666666666666664,-33.473333333333336,23.46666666666667,9.466666666666669,16.46666666666667,-33.14333333333333
12,2025,Q4,-9999.0,-9999.0,-9.99,-99.99,-99.99,-99.99,-99.99,-99.90000000000002,-99.90000000000002,-99.90000000000002,-99.99
13,2015,Q1,0.0,1219.0,0.7300000000000001,2.3866666666666667,2.3866666666666667,1.9966666666666668,-0.7733333333333333,35.0,13.933333333333332,24.46666666666667,-0.5933333333333334
13,2015,Q2,73.33333333333333,219.66666666666666,4.9366666666666665,2.0500000000000003,2.0500000000000003,1.6733333333333331,0.65,70.93333333333334,49.300000000000004,60.166666666666664,1.3633333333333333
13,2015,Q3,178.33333333333334,31.666666666666668,4.986666666666667,3.5866666666666664,3.5866666666666664,3.5866666666666664,0.8000000000000002,80.13333333333333,59.36666666666667,69.76666666666667,2.2566666666666664
13,2015,Q4,3.0,678.0,3.516666666666667,4.59,4.59,4.566666666666666,1.4799999999999998,51.73333333333333,33.699999999999996,42.666666666666664,3.4433333333333334
13,2016,Q1,1.6666666666666667,1043.3333333333333,1.25,4.8566666666666665,4.8566666666666665,4.706666666666667,-0.11,38.5,21.833333333333332,30.2,-0.06666666666666668
13,2016,Q2,98.66666666666667,226.66666666666666,3.75,3.53,3.53,3.2266666666666666,-0.016666666666666646,72.2,49.53333333333334,60.86666666666667,-0.21999999999999997
13,2016,Q3,208.0,26.333333333333332,6.06,4.1866666666666665,4.1866666666666665,4.1866666666666665,1.2633333333333334,80.73333333333333,60.70000000000001,70.7,3.1300000000000003
13,2016,Q4,5.666666666666667,733.3333333333334,1.64,4.053333333333334,4.053333333333334,3.9800000000000004,0.11,50.9,31.233333333333334,41.1,0.36000000000000004
13,2017,Q1,0.0,983.6666666666666,1.7033333333333331,3.7533333333333334,3.7533333333333334,3.7533333333333334,0.62,40.766666666666666,23.400000000000002,32.06666666666667,0.8766666666666666
13,2017,Q2,81.66666666666667,225.0,4.033333333333333,3.3033333333333332,3.3033333333333332,3.0766666666666667,0.16999999999999996,71.56666666666666,48.9,60.23333333333333,0.26999999999999996
13,2017,Q3,184.0,40.666666666666664,3.026666666666667,1.6533333333333333,1.6533333333333333,0.26000000000000006,-0.30666666666666664,81.23333333333333,58.23333333333333,69.73333333333333,-1.0399999999999998
13,2017,Q4,3.3333333333333335,826.6666666666666,2.02,1.3499999999999999,1.3499999999999999,0.21333333333333337,-0.3033333333333334,47.833333333333336,28.099999999999998,37.96666666666667,0.19333333333333327
13,2018,Q1,0.0,1203.3333333333333,1.6133333333333333,1.0033333333333332,1.0033333333333332,-0.04999999999999999,0.5333333333333333,33.46666666666667,15.566666666666668,24.5,0.7166666666666668
13,2018,Q2,136.66666666666666,287.6666666666667,4.596666666666667,1.16,1.16,0.43,0.2133333333333333,70.8,48.800000000000004,59.79999999999999,0.8300000000000001
13,2018,Q3,198.33333333333334,34.0,5.97,2.7166666666666663,2.7166666666666663,2.533333333333333,1.09,80.66666666666667,59.800000000000004,70.26666666666667,2.9966666666666666
13,2018,Q4,0.0,894.6666666666666,2.8466666666666662,5.21,5.21,5.21,1.07,43.86666666666667,26.933333333333334,35.4,2.6999999999999997
13,2019,Q1,0.0,1285.6666666666667,1.9366666666666668,5.349999999999999,5.349999999999999,5.349999999999999,0.9766666666666666,30.5,12.9,21.7,1.6133333333333333
13,2019,Q2,63.0,263.0,5.05,5.5200000000000005,5.5200000000000005,5.406666666666666,0.5866666666666666,69.06666666666666,47.699999999999996,58.366666666666674,1.8
13,2019,Q3,213.66666666666666,27.666666666666668,4.373333333333334,4.433333333333334,4.433333333333334,4.01,0.3766666666666667,81.03333333333335,60.86666666666667,70.96666666666665,0.5233333333333333
13,2019,Q4,0.0,873.0,2.516666666666667,5.199999999999999,5.199999999999999,5.199999999999999,0.6666666666666666,45.46666666666667,26.96666666666667,36.233333333333334,2.056666666666667
13,2020,Q1,0.3333333333333333,1055.6666666666667,1.5833333333333333,4.39,4.39,4.303333333333334,0.25999999999999995,38.06666666666666,20.8,29.433333333333334,0.5633333333333334
13,2020,Q2,91.33333333333333,274.6666666666667,3.723333333333334,-0.013333333333333336,3.1666666666666665,2.8633333333333333,-0.18000000000000002,70.0,48.099999999999994,59.06666666666667,-0.04333333333333334
13,2020,Q3,201.33333333333334,52.333333333333336,2.7433333333333336,-1.0333333333333332,1.3733333333333333,-0.10666666666666669,-0.79,81.06666666666666,58.4,69.7,-1.4366666666666668
13,2020,Q4,0.0,811.6666666666666,1.71,-1.2433333333333334,-0.6,-1.1866666666666668,0.10333333333333333,48.93333333333334,27.833333333333332,38.4,-0.37333333333333335
13,2021,Q1,1.6666666666666667,1156.3333333333333,1.6033333333333335,-0.86,-0.86,-0.37666666666666665,0.39999999999999997,34.699999999999996,17.766666666666666,26.23333333333333,0.28
13,2021,Q2,103.0,233.0,2.9033333333333338,-1.3166666666666667,-1.3166666666666667,-1.2633333333333334,-0.7133333333333334,71.93333333333334,49.26666666666667,60.6,-1.3166666666666667
13,2021,Q3,215.33333333333334,28.333333333333332,3.49,-1.43,-1.43,-1.1866666666666668,-0.05000000000000001,82.46666666666667,59.43333333333334,70.96666666666667,-0.5366666666666666
13,2021,Q4,5.666666666666667,699.6666666666666,2.2833333333333337,0.040000000000000015,-0.8833333333333333,0.10999999999999999,0.31,52.36666666666667,31.96666666666667,42.199999999999996,0.42666666666666675
13,2022,Q1,0.0,1217.6666666666667,1.2366666666666666,-0.25666666666666665,-0.9066666666666667,-0.24333333333333332,-0.3233333333333333,35.699999999999996,13.133333333333335,24.433333333333337,0.020000000000000018
13,2022,Q2,95.33333333333333,276.3333333333333,3.4466666666666668,-0.05333333333333331,-0.05333333333333331,0.16333333333333333,-0.20666666666666667,70.03333333333333,47.76666666666667,58.9,-0.2966666666666667
13,2022,Q3,204.33333333333334,36.666666666666664,2.8733333333333335,-1.2466666666666668,-1.2466666666666668,-1.2466666666666668,-0.4166666666666667,81.76666666666667,59.1,70.43333333333332,-1.3466666666666667
13,2022,Q4,1.0,872.3333333333334,1.55,-1.5766666666666669,-2.2933333333333334,-2.2733333333333334,0.033333333333333326,47.23333333333333,25.299999999999997,36.266666666666666,-1.0466666666666666
13,2023,Q1,0.0,1086.3333333333333,1.883333333333333,0.5166666666666666,0.24666666666666667,0.3666666666666667,0.9833333333333333,37.0,19.233333333333334,28.133333333333336,1.1533333333333333
13,2023,Q2,96.33333333333333,214.33333333333334,2.5400000000000005,-1.11,-1.11,-1.11,-0.9333333333333332,73.93333333333334,48.333333333333336,61.1,-1.8233333333333333
13,2023,Q3,202.66666666666666,27.666666666666668,2.7566666666666664,-2.4666666666666663,-2.4666666666666663,-2.4666666666666663,-0.48666666666666664,82.1,59.0,70.56666666666666,-1.89
13,2023,Q4,3.3333333333333335,694.3333333333334,1.7966666666666669,-3.103333333333333,-3.103333333333333,-3.0499999999999994,0.07666666666666666,52.46666666666667,32.1,42.266666666666666,-1.1
13,2024,Q1,0.6666666666666666,967.6666666666666,1.5433333333333337,-2.8966666666666665,-2.8966666666666665,-2.78,0.1433333333333333,42.70000000000001,22.46666666666667,32.6,-0.6533333333333333
13,2024,Q2,104.66666666666667,202.66666666666666,5.7299999999999995,1.4400000000000002,0.5599999999999999,0.7966666666666665,1.08,73.03333333333333,50.20000000000001,61.63333333333333,2.15
13,2024,Q3,187.66666666666666,32.333333333333336,2.9433333333333334,0.4033333333333334,1.7833333333333334,1.1833333333333333,-0.67,81.33333333333333,58.73333333333333,70.06666666666666,-0.42333333333333334
13,2024,Q4,7.333333333333333,712.3333333333334,2.1333333333333333,-1.1766666666666665,-1.1766666666666665,-0.7500000000000001,0.4366666666666667,52.166666666666664,31.433333333333334,41.800000000000004,-0.15000000000000005
13,2025,Q1,2.3333333333333335,1118.6666666666667,1.1300000000000001,-1.1466666666666667,-1.1466666666666667,-0.96,-0.5933333333333334,38.46666666666667,16.233333333333334,27.366666666666664,-0.48333333333333334
13,2025,Q2,95.66666666666667,226.0,3.94,-0.5266666666666667,-0.88,-0.41,0.03333333333333336,72.10000000000001,49.03333333333333,60.53333333333333,0.04999999999999997
13,2025,Q3,-3160.6666666666665,-3323.0,0.7666666666666663,-31.673333333333332,-31.673333333333332,-31.673333333333332,-32.64333333333333,21.766666666666662,8.6,15.199999999999998,-31.013333333333332
13,2025,Q4,-9999.0,-9999.0,-9.99,-99.99,-99.99,-99.99,-99.99,-99.90000000000002,-99.90000000000002,-99.90000000000002,-99.99
14,2015,Q1,3.0,864.0,0.5633333333333334,-0.6266666666666667,-1.0933333333333335,-0.36333333333333334,-0.6433333333333332,50.166666666666664,23.2,36.699999999999996,-1.06
14,2015,Q2,142.0,130.66666666666666,4.793333333333333,0.7966666666666667,0.6733333333333335,0.7466666666666667,0.7133333333333334,76.56666666666666,52.666666666666664,64.63333333333333,1.7133333333333332
14,2015,Q3,348.6666666666667,8.666666666666666,3.1533333333333338,1.9533333333333331,1.9533333333333331,1.6566666666666665,-0.006666666666666672,88.5,63.633333333333326,76.10000000000001,0.47666666666666674
14,2015,Q4,11.0,502.6666666666667,2.4133333333333336,1.7400000000000002,1.7400000000000002,1.2666666666666666,1.0666666666666667,59.6,36.0,47.76666666666667,1.47
14,2016,Q1,6.333333333333333,725.3333333333334,0.6,1.75,1.75,1.2966666666666666,-0.5433333333333333,53.93333333333334,27.666666666666668,40.833333333333336,-0.66
14,2016,Q2,160.33333333333334,127.66666666666667,4.073333333333333,2.2433333333333336,2.2433333333333336,1.9833333333333334,0.4766666666666666,77.86666666666666,52.400000000000006,65.13333333333334,1.3299999999999998
14,2016,Q3,357.3333333333333,10.333333333333334,4.6866666666666665,2.8433333333333333,2.8433333333333333,2.84,1.1566666666666665,87.46666666666668,63.833333333333336,75.63333333333334,2.1733333333333333
14,2016,Q4,21.0,544.3333333333334,0.8666666666666666,1.9033333333333333,1.9033333333333333,0.8833333333333333,-0.38333333333333336,60.6,33.53333333333333,47.06666666666667,-1.0633333333333332
14,2017,Q1,7.666666666666667,685.6666666666666,1.53,1.2566666666666668,1.2566666666666668,0.08666666666666663,0.47000000000000003,54.666666666666664,28.7,41.666666666666664,0.03999999999999998
14,2017,Q2,133.33333333333334,134.66666666666666,4.366666666666667,1.5099999999999998,2.28,2.1233333333333335,0.6933333333333334,76.83333333333333,51.666666666666664,64.3,1.7266666666666666
14,2017,Q3,318.6666666666667,15.333333333333334,2.78,0.05333333333333332,1.7700000000000002,1.406666666666667,-0.10999999999999999,87.16666666666667,61.93333333333333,74.56666666666666,-0.019999999999999945
14,2017,Q4,9.0,585.3333333333334,1.0,-0.4633333333333333,0.4666666666666666,0.04666666666666671,-0.8333333333333334,58.366666666666674,32.56666666666667,45.46666666666667,-0.9100000000000001
14,2018,Q1,2.3333333333333335,870.0,0.6699999999999999,-1.6866666666666665,-1.6866666666666665,-1.6866666666666665,-0.4666666666666666,49.4,22.366666666666664,35.9,-1.383333333333333
14,2018,Q2,222.0,177.66666666666666,3.043333333333333,-2.6366666666666663,-2.6366666666666663,-2.6366666666666663,-0.3433333333333333,79.26666666666667,52.03333333333334,65.63333333333333,-1.6766666666666667
14,2018,Q3,338.3333333333333,13.333333333333334,3.9499999999999997,-0.7000000000000001,-2.31,-1.9266666666666667,0.7066666666666667,86.5,63.16666666666666,74.83333333333333,0.3166666666666667
14,2018,Q4,3.3333333333333335,685.3333333333334,2.953333333333333,2.27,2.27,2.2666666666666666,1.2466666666666668,53.4,30.666666666666668,42.03333333333334,2.8233333333333337
14,2019,Q1,0.0,942.3333333333334,1.39,3.186666666666666,3.186666666666666,3.186666666666666,0.5966666666666667,43.0,22.666666666666668,32.86666666666667,1.5433333333333337
14,2019,Q2,111.0,147.66666666666666,5.543333333333333,4.553333333333334,4.553333333333334,4.3933333333333335,0.8266666666666667,75.3,50.26666666666667,62.76666666666667,3.23
14,2019,Q3,376.0,5.333333333333333,3.78,5.496666666666666,5.496666666666666,5.3566666666666665,0.49000000000000005,88.89999999999999,65.06666666666666,76.96666666666665,1.593333333333333
14,2019,Q4,1.0,663.6666666666666,1.2966666666666666,4.503333333333333,4.503333333333333,4.253333333333333,0.13,55.5,29.799999999999997,42.666666666666664,0.37333333333333335
14,2020,Q1,4.333333333333333,774.3333333333334,1.5599999999999998,4.1433333333333335,4.1433333333333335,4.1433333333333335,0.8633333333333334,50.4,27.433333333333337,38.93333333333334,1.0999999999999999
14,2020,Q2,148.66666666666666,169.33333333333334,2.73,2.9800000000000004,2.9800000000000004,2.58,-0.5166666666666667,77.43333333333334,50.56666666666666,64.03333333333335,-0.3966666666666667
14,2020,Q3,310.0,27.333333333333332,3.216666666666667,0.8433333333333333,2.7699999999999996,2.3533333333333335,-0.14,86.53333333333335,61.366666666666674,73.96666666666668,0.5399999999999999
14,2020,Q4,2.0,581.3333333333334,1.11,-0.8866666666666667,1.3233333333333333,-0.03333333333333335,-0.06333333333333334,58.79999999999999,32.23333333333333,45.53333333333333,-0.5633333333333334
14,2021,Q1,5.0,864.0,1.88,-0.18666666666666668,1.1633333333333333,0.10000000000000002,0.6166666666666667,46.63333333333333,24.133333333333336,35.4,0.7133333333333334
14,2021,Q2,138.33333333333334,166.33333333333334,3.2899999999999996,0.4366666666666666,1.3833333333333335,0.6733333333333333,-0.17999999999999997,75.6,51.20000000000001,63.4,0.31333333333333324
14,2021,Q3,373.3333333333333,6.333333333333333,2.6999999999999997,-0.47666666666666674,0.4533333333333333,-0.15000000000000002,-0.18333333333333332,89.8,63.56666666666667,76.7,-0.47000000000000003
14,2021,Q4,13.333333333333334,474.0,1.2133333333333334,-0.8466666666666667,-0.8466666666666667,-0.6,-0.43,63.06666666666666,34.9,48.96666666666667,-0.9666666666666665
14,2022,Q1,2.0,875.6666666666666,0.9666666666666668,-1.9466666666666665,-1.9466666666666665,-1.9466666666666665,-0.27999999999999997,49.56666666666666,20.933333333333334,35.199999999999996,-1.0866666666666667
14,2022,Q2,153.33333333333334,138.66666666666666,3.266666666666667,-2.2966666666666664,-2.2966666666666664,-2.18,-0.3466666666666667,78.06666666666666,51.633333333333326,64.83333333333333,-0.9633333333333333
14,2022,Q3,394.0,8.333333333333334,1.866666666666667,-3.2533333333333334,-3.2533333333333334,-3.2533333333333334,-1.01,91.60000000000001,63.23333333333333,77.43333333333334,-2.433333333333333
14,2022,Q4,7.666666666666667,657.3333333333334,0.9800000000000001,-3.9000000000000004,-3.9000000000000004,-3.893333333333333,-0.27,56.800000000000004,29.46666666666667,43.13333333333333,-0.9900000000000001
14,2023,Q1,0.3333333333333333,802.6666666666666,0.9133333333333332,-3.1333333333333333,-3.1333333333333333,-3.046666666666667,0.046666666666666634,49.26666666666667,24.3,36.800000000000004,-0.6266666666666666
14,2023,Q2,143.66666666666666,125.66666666666667,2.98,-3.6033333333333335,-3.6033333333333335,-3.6033333333333335,-0.3499999999999999,78.23333333333333,50.96666666666667,64.60000000000001,-1.4033333333333333
14,2023,Q3,379.6666666666667,7.0,2.9766666666666666,-3.1999999999999997,-3.1999999999999997,-3.126666666666667,-0.10000000000000002,90.16666666666667,62.79999999999999,76.5,-0.8866666666666667
14,2023,Q4,10.0,522.3333333333334,1.6633333333333333,-3.0766666666666667,-3.0766666666666667,-2.8699999999999997,0.5033333333333333,60.16666666666666,34.733333333333334,47.46666666666667,-0.12333333333333336
14,2024,Q1,7.333333333333333,770.3333333333334,1.0566666666666666,-2.23,-2.23,-1.6866666666666668,0.2833333333333333,51.4,26.366666666666664,38.9,-0.6766666666666666
14,2024,Q2,172.33333333333334,101.66666666666667,3.606666666666667,-2.4899999999999998,-2.4899999999999998,-2.4899999999999998,0.21,79.83333333333333,53.36666666666667,66.60000000000001,-0.6566666666666667
14,2024,Q3,340.6666666666667,11.666666666666666,2.6566666666666667,-2.426666666666667,-2.426666666666667,-2.4033333333333338,-0.26,88.93333333333334,62.333333333333336,75.63333333333333,-0.96
14,2024,Q4,24.333333333333332,497.0,1.8200000000000003,-1.26,-2.21,-1.3333333333333333,-0.07333333333333332,62.06666666666667,35.9,49.0,-0.0033333333333334103
14,2025,Q1,7.333333333333333,889.3333333333334,0.7000000000000001,-1.82,-1.82,-1.0633333333333332,-0.36333333333333334,48.46666666666667,22.133333333333336,35.266666666666666,-0.86
14,2025,Q2,132.66666666666666,134.33333333333334,4.1033333333333335,-1.4800000000000002,-1.4800000000000002,-0.77,0.5533333333333333,77.0,51.699999999999996,64.36666666666667,0.6266666666666666
14,2025,Q3,-3065.3333333333335,-3330.0,-0.7600000000000003,-32.56333333333333,-32.56333333333333,-32.56333333333333,-33.01,26.233333333333338,10.699999999999998,18.5,-32.449999999999996
14,2025,Q4,-9999.0,-9999.0,-9.99,-99.99,-99.99,-99.99,-99.99,-99.90000000000002,-99.90000000000002,-99.90000000000002,-99.99
15,2015,Q1,1.0,920.3333333333334,3.856666666666667,1.26,1.26,0.4166666666666667,-0.10999999999999999,44.73333333333334,24.0,34.333333333333336,-0.07666666666666666
15,2015,Q2,142.66666666666666,105.33333333333333,5.473333333333333,2.2733333333333334,2.2733333333333334,1.8133333333333332,0.6099999999999999,77.86666666666666,54.76666666666667,66.3,1.22
15,2015,Q3,260.0,9.666666666666666,5.1499999999999995,3.483333333333334,3.483333333333334,3.4166666666666665,0.7566666666666668,84.03333333333335,62.36666666666665,73.16666666666667,1.9466666666666663
15,2015,Q4,12.0,399.0,4.953333333333333,3.5233333333333334,3.5233333333333334,3.5233333333333334,0.8966666666666666,63.13333333333333,41.766666666666666,52.46666666666666,1.7566666666666666
15,2016,Q1,6.666666666666667,735.6666666666666,3.69,2.646666666666667,2.646666666666667,1.9866666666666666,-0.20333333333333334,50.86666666666667,30.600000000000005,40.766666666666666,-0.6166666666666667
15,2016,Q2,126.66666666666667,128.0,4.4799999999999995,1.8666666666666665,1.8666666666666665,1.0399999999999998,0.12666666666666665,76.93333333333332,53.13333333333333,65.03333333333333,0.14
15,2016,Q3,343.0,4.666666666666667,5.173333333333333,1.9566666666666668,2.9466666666666668,2.7433333333333336,0.8633333333333333,86.66666666666667,65.33333333333333,76.03333333333335,1.6133333333333333
15,2016,Q4,23.0,490.0,3.0533333333333332,-1.4366666666666668,-0.5499999999999999,-0.8433333333333334,-0.3666666666666667,61.56666666666666,38.166666666666664,49.86666666666667,-1.1033333333333335
15,2017,Q1,7.666666666666667,614.0,3.61,-1.5133333333333334,-1.5133333333333334,-1.25,-0.22999999999999998,55.23333333333334,34.73333333333334,45.0,-0.93
15,2017,Q2,116.66666666666667,85.0,5.18,-0.0833333333333333,-0.59,-0.29,0.59,77.53333333333335,54.633333333333326,66.06666666666666,0.79
15,2017,Q3,252.33333333333334,15.666666666666666,4.48,1.2933333333333332,1.2933333333333332,1.2933333333333332,0.5,83.56666666666666,61.9,72.76666666666667,1.1266666666666667
15,2017,Q4,10.333333333333334,552.6666666666666,3.483333333333333,2.353333333333333,2.353333333333333,2.1333333333333333,0.013333333333333308,58.33333333333334,36.5,47.43333333333334,0.9433333333333334
15,2018,Q1,2.0,776.0,5.546666666666667,2.3000000000000003,2.3000000000000003,1.9533333333333334,0.5666666666666665,49.46666666666666,29.666666666666668,39.56666666666666,1.42
15,2018,Q2,184.33333333333334,151.66666666666666,5.163333333333333,2.6233333333333335,2.6233333333333335,2.5233333333333334,0.62,77.36666666666666,54.699999999999996,66.0,0.8133333333333334
15,2018,Q3,314.6666666666667,3.6666666666666665,5.710000000000001,3.09,3.09,3.0533333333333332,1.07,84.96666666666668,65.36666666666666,75.16666666666666,2.23
15,2018,Q4,9.0,557.3333333333334,4.826666666666667,4.723333333333333,4.723333333333333,4.723333333333333,0.7933333333333333,56.46666666666667,37.699999999999996,47.1,2.263333333333333
15,2019,Q1,0.0,755.3333333333334,5.933333333333334,5.366666666666666,5.366666666666666,5.239999999999999,0.7433333333333335,49.9,30.46666666666667,40.166666666666664,1.7833333333333334
15,2019,Q2,129.33333333333334,97.66666666666667,5.823333333333333,4.803333333333334,4.803333333333334,4.583333333333333,0.9666666666666667,77.30000000000001,54.833333333333336,66.03333333333335,1.62
15,2019,Q3,338.6666666666667,2.0,2.9700000000000006,4.153333333333333,4.153333333333333,3.5866666666666664,-0.73,87.83333333333333,64.06666666666666,75.93333333333334,-1.0766666666666664
15,2019,Q4,11.666666666666666,541.6666666666666,5.710000000000001,3.9233333333333333,3.9233333333333333,3.8066666666666666,1.26,58.93333333333333,36.5,47.76666666666667,2.5933333333333333
15,2020,Q1,7.333333333333333,649.0,5.91,4.233333333333333,4.233333333333333,4.233333333333333,0.9266666666666667,52.86666666666667,34.56666666666666,43.76666666666667,1.4733333333333334
15,2020,Q2,98.33333333333333,175.66666666666666,5.23,4.45,4.45,4.45,0.6366666666666667,73.93333333333332,51.133333333333326,62.53333333333333,1.3933333333333333
15,2020,Q3,290.3333333333333,14.0,4.78,4.413333333333333,4.413333333333333,4.413333333333333,0.7200000000000001,84.13333333333334,63.73333333333333,73.93333333333334,1.3833333333333335
15,2020,Q4,6.666666666666667,520.6666666666666,3.4499999999999997,4.43,4.43,4.22,0.023333333333333355,59.333333333333336,37.3,48.333333333333336,0.8433333333333333
15,2021,Q1,5.0,771.3333333333334,5.136666666666667,3.573333333333333,3.573333333333333,3.4499999999999997,0.6133333333333334,48.86666666666667,30.099999999999998,39.46666666666667,0.9166666666666666
15,2021,Q2,107.66666666666667,157.0,3.89,2.6633333333333336,2.6633333333333336,2.143333333333333,-0.17000000000000004,75.10000000000001,51.76666666666667,63.46666666666667,-0.18000000000000002
15,2021,Q3,282.6666666666667,11.666666666666666,5.236666666666667,3.4433333333333334,3.4433333333333334,3.4433333333333334,0.9933333333333332,84.06666666666666,63.5,73.76666666666667,2.0799999999999996
15,2021,Q4,24.333333333333332,448.3333333333333,3.533333333333333,3.6733333333333333,3.6733333333333333,3.5366666666666666,0.06,62.333333333333336,40.0,51.13333333333333,0.7466666666666667
15,2022,Q1,4.333333333333333,771.0,5.04,3.4066666666666667,3.4066666666666667,3.1533333333333338,0.4633333333333334,50.833333333333336,28.366666666666664,39.6,0.75
15,2022,Q2,138.66666666666666,132.0,3.983333333333333,2.3266666666666667,2.3266666666666667,1.4733333333333334,-0.20666666666666664,77.06666666666668,53.46666666666666,65.3,-0.3933333333333333
15,2022,Q3,288.0,14.666666666666666,4.84,1.7566666666666666,2.6366666666666667,2.4466666666666668,0.6533333333333333,84.5,63.26666666666667,73.86666666666666,1.2966666666666669
15,2022,Q4,3.6666666666666665,573.6666666666666,2.5733333333333337,-0.9866666666666667,1.1466666666666667,-0.2866666666666667,-0.54,58.166666666666664,34.86666666666667,46.53333333333333,-0.9266666666666666
15,2023,Q1,8.0,608.3333333333334,4.846666666666667,-0.63,0.91,-0.30000000000000004,0.46666666666666673,55.6,34.63333333333333,45.133333333333326,0.30333333333333334
15,2023,Q2,90.33333333333333,131.0,3.59,-0.5966666666666667,-0.9166666666666666,-0.7966666666666667,-0.37000000000000005,76.0,51.43333333333334,63.73333333333333,-0.54
15,2023,Q3,279.0,9.666666666666666,4.09,0.4266666666666667,0.4266666666666667,0.4266666666666667,0.24,84.5,62.93333333333333,73.73333333333333,0.56
15,2023,Q4,10.333333333333334,478.0,2.16,-1.38,-1.38,-1.38,-0.84,61.03333333333334,38.50000000000001,49.76666666666666,-1.7666666666666666
15,2024,Q1,6.333333333333333,678.3333333333334,3.9866666666666664,-1.6266666666666667,-1.6266666666666667,-1.2,-0.053333333333333344,53.699999999999996,32.1,42.86666666666667,-0.6266666666666667
15,2024,Q2,154.0,84.33333333333333,5.126666666666666,0.17333333333333334,-1.2933333333333332,-0.5233333333333333,0.39333333333333337,78.4,56.166666666666664,67.26666666666667,0.48000000000000015
15,2024,Q3,299.0,6.666666666666667,4.756666666666667,0.030000000000000027,-0.37333333333333335,0.09666666666666668,0.47000000000000003,85.7,63.1,74.39999999999999,0.75
15,2024,Q4,13.0,455.0,3.36,-0.15333333333333332,-0.45333333333333337,-0.36666666666666664,-0.3033333333333333,61.5,39.86666666666667,50.70000000000001,-0.5266666666666665
15,2025,Q1,5.666666666666667,780.0,5.273333333333333,1.1066666666666667,1.1066666666666667,0.91,0.5666666666666667,50.5,28.433333333333334,39.46666666666667,0.9733333333333333
15,2025,Q2,136.66666666666666,109.0,7.233333333333333,3.2000000000000006,3.2000000000000006,3.2000000000000006,1.5866666666666667,76.66666666666667,55.4,66.03333333333333,3.11
15,2025,Q3,-3084.0,-3333.0,-1.3499999999999999,-31.653333333333332,-31.653333333333332,-32.1,-34.083333333333336,25.099999999999994,10.933333333333328,18.03333333333333,-34.26333333333333
15,2025,Q4,-9999.0,-9999.0,-9.99,-99.99,-99.99,-99.99,-99.99,-99.90000000000002,-99.90000000000002,-99.90000000000002,-99.99
16,2015,Q1,32.333333333333336,382.0,4.913333333333333,-0.3,0.09999999999999999,-0.4033333333333333,0.06,62.23333333333333,41.233333333333334,51.73333333333333,0.010000000000000009
16,2015,Q2,330.6666666666667,5.666666666666667,7.283333333333334,1.4033333333333333,1.4033333333333333,1.4033333333333333,1.0,84.16666666666666,65.96666666666667,75.03333333333333,1.7766666666666666
16,2015,Q3,520.3333333333334,0.0,2.8066666666666666,-1.51,-1.0033333333333332,-1.43,-1.1133333333333333,92.23333333333335,71.33333333333333,81.76666666666667,-2.3766666666666665
16,2015,Q4,111.33333333333333,117.66666666666667,7.433333333333334,1.5366666666666664,0.9,1.2733333333333332,1.1433333333333333,74.06666666666668,53.53333333333334,63.833333333333336,1.9866666666666666
16,2016,Q1,48.666666666666664,297.6666666666667,6.04,1.3066666666666666,1.3066666666666666,0.6699999999999999,0.45666666666666655,66.60000000000001,45.20000000000001,55.9,0.6800000000000002
16,2016,Q2,299.6666666666667,10.0,6.086666666666667,2.21,2.21,2.21,0.6,83.46666666666667,64.76666666666667,74.13333333333334,0.96
16,2016,Q3,531.3333333333334,0.0,7.010000000000001,2.06,3.393333333333333,3.2066666666666666,0.8033333333333333,91.16666666666667,73.03333333333335,82.10000000000001,2.4133333333333336
16,2016,Q4,112.66666666666667,148.0,3.223333333333333,-1.2533333333333332,1.9799999999999998,0.3166666666666667,-0.6433333333333334,74.06666666666666,51.56666666666666,62.833333333333336,-1.3966666666666667
16,2017,Q1,85.66666666666667,185.0,4.2,-1.6766666666666667,-0.8133333333333335,-1.3166666666666667,-0.3466666666666667,71.03333333333335,50.86666666666667,60.96666666666667,-1.3933333333333333
16,2017,Q2,270.0,7.666666666666667,7.903333333333333,1.3033333333333335,0.6233333333333334,0.6966666666666667,1.1633333333333333,82.86666666666666,63.599999999999994,73.23333333333333,2.6333333333333333
16,2017,Q3,474.6666666666667,0.0,6.1933333333333325,2.07,3.5033333333333334,3.153333333333333,-0.1566666666666666,89.2,71.13333333333334,80.13333333333334,2.06
16,2017,Q4,85.33333333333333,196.0,3.0566666666666666,-1.4766666666666666,2.0000000000000004,0.09000000000000001,-0.49333333333333335,71.4,49.633333333333326,60.53333333333334,-1.4433333333333334
16,2018,Q1,58.333333333333336,307.6666666666667,5.933333333333334,-1.0599999999999998,1.45,-0.29999999999999993,0.5666666666666667,65.86666666666667,45.43333333333334,55.63333333333333,0.5966666666666667
16,2018,Q2,325.3333333333333,32.333333333333336,3.4866666666666664,-1.4100000000000001,-0.7399999999999999,-1.1833333333333333,-0.5566666666666666,84.96666666666667,63.36666666666667,74.2,-1.593333333333333
16,2018,Q3,527.6666666666666,0.0,5.726666666666667,-1.336666666666667,-2.0500000000000003,-1.7233333333333336,0.3933333333333333,91.10000000000001,72.66666666666666,81.89999999999999,-0.0433333333333333
16,2018,Q4,90.66666666666667,220.33333333333334,6.983333333333334,1.7933333333333332,1.1533333333333333,1.6666666666666667,1.12,68.73333333333333,50.06666666666666,59.36666666666667,2.2133333333333334
16,2019,Q1,40.333333333333336,294.6666666666667,4.0633333333333335,1.7733333333333334,1.7733333333333334,1.1400000000000001,-0.38999999999999996,65.10000000000001,45.4,55.23333333333333,-0.93
16,2019,Q2,310.0,19.333333333333332,7.646666666666667,2.2333333333333334,2.2333333333333334,2.13,1.14,83.46666666666665,64.13333333333333,73.8,2.1933333333333334
16,2019,Q3,543.6666666666666,0.0,4.71,2.683333333333333,2.683333333333333,2.333333333333333,-0.11000000000000003,92.06666666666666,72.89999999999999,82.5,0.25
16,2019,Q4,78.66666666666667,214.0,4.203333333333334,2.033333333333333,2.033333333333333,1.2699999999999998,-0.41333333333333333,70.43333333333334,48.166666666666664,59.300000000000004,-0.09666666666666668
16,2020,Q1,81.0,236.66666666666666,5.740000000000001,1.3633333333333333,1.3633333333333333,0.3833333333333333,0.4233333333333334,67.60000000000001,49.06666666666666,58.333333333333336,0.13666666666666671
16,2020,Q2,285.3333333333333,14.0,5.78,1.2366666666666666,1.2366666666666666,0.47333333333333333,0.47666666666666674,82.96666666666667,63.26666666666667,73.10000000000001,0.8633333333333333
16,2020,Q3,497.3333333333333,0.0,5.833333333333333,2.0533333333333332,2.0533333333333332,1.97,0.6466666666666666,89.73333333333335,71.99999999999999,80.86666666666666,1.43
16,2020,Q4,88.33333333333333,194.66666666666666,4.966666666666667,2.436666666666666,2.436666666666666,2.216666666666667,0.33666666666666667,71.43333333333334,49.199999999999996,60.333333333333336,0.6433333333333333
16,2021,Q1,39.0,342.3333333333333,4.36,1.2299999999999998,1.2299999999999998,0.17,-0.14666666666666667,63.29999999999999,43.699999999999996,53.53333333333334,-0.5666666666666667
16,2021,Q2,265.0,22.333333333333332,8.9,3.14,3.14,3.1300000000000003,1.49,81.53333333333332,63.4,72.46666666666667,3.4599999999999995
16,2021,Q3,479.6666666666667,0.0,6.63,4.456666666666667,4.456666666666667,4.456666666666667,0.9199999999999999,89.46666666666665,71.36666666666666,80.43333333333332,2.4566666666666666
16,2021,Q4,117.33333333333333,138.66666666666666,2.2033333333333336,-0.92,3.14,1.9799999999999998,-1.17,74.16666666666667,52.800000000000004,63.5,-1.9299999999999997
16,2022,Q1,25.333333333333332,355.0,3.78,-2.3533333333333335,-1.27,-2.1,-0.49,65.2,40.4,52.800000000000004,-0.96
16,2022,Q2,351.6666666666667,11.333333333333334,3.7633333333333336,-2.3433333333333333,-2.3433333333333333,-2.33,-0.42333333333333334,86.23333333333335,65.2,75.7,-1.1733333333333333
16,2022,Q3,494.0,0.0,5.96,0.06333333333333331,-1.42,-0.1433333333333334,0.31666666666666665,90.56666666666666,71.39999999999999,81.0,0.9633333333333334
16,2022,Q4,59.0,195.66666666666666,5.023333333333333,0.9400000000000001,-0.25333333333333335,0.6066666666666667,0.33666666666666667,70.73333333333333,48.26666666666667,59.5,0.49666666666666665
16,2023,Q1,72.33333333333333,209.0,4.616666666666666,-0.05999999999999998,0.4033333333333333,0.09000000000000001,-0.12333333333333334,69.46666666666668,49.199999999999996,59.333333333333336,-0.8566666666666666
16,2023,Q2,321.6666666666667,15.0,4.376666666666666,-1.1033333333333333,-1.1033333333333333,-0.7999999999999999,-0.1366666666666667,84.46666666666665,64.23333333333333,74.33333333333333,-0.6466666666666666
16,2023,Q3,606.0,0.0,2.513333333333333,-3.4166666666666665,-3.4166666666666665,-3.4166666666666665,-1.5666666666666664,95.66666666666667,73.26666666666667,84.5,-3.4499999999999997
16,2023,Q4,78.33333333333333,196.0,3.046666666666667,-4.63,-4.63,-4.63,-0.49000000000000005,71.43333333333334,49.300000000000004,60.366666666666674,-1.7833333333333332
16,2024,Q1,45.333333333333336,296.3333333333333,6.516666666666667,0.9266666666666667,-2.7866666666666666,-1.5266666666666666,0.6466666666666666,66.53333333333333,44.9,55.699999999999996,1.0033333333333334
16,2024,Q2,357.3333333333333,7.0,6.913333333333334,1.626666666666667,-1.0533333333333335,1.1199999999999999,0.8566666666666668,85.40000000000002,66.5,75.99999999999999,1.3366666666666667
16,2024,Q3,526.3333333333334,0.0,5.796666666666667,2.0066666666666664,2.0066666666666664,1.7533333333333332,0.4266666666666666,91.0,72.23333333333333,81.60000000000001,0.9433333333333334
16,2024,Q4,128.0,128.66666666666666,4.613333333333333,-0.41333333333333333,1.2733333333333332,0.52,0.07333333333333336,75.23333333333333,52.9,64.1,-0.26999999999999996
16,2025,Q1,46.0,318.0,4.886666666666667,-0.21,1.01,0.3233333333333334,0.11,65.8,43.9,54.866666666666674,-0.2633333333333333
16,2025,Q2,335.6666666666667,4.0,6.036666666666666,0.43,0.43,0.43,0.49,84.93333333333334,66.10000000000001,75.53333333333335,0.7933333333333333
16,2025,Q3,-2956.6666666666665,-3333.0,0.020000000000000167,-33.33,-33.33,-32.91,-33.336666666666666,28.53333333333333,15.566666666666663,22.066666666666663,-33.47
16,2025,Q4,-9999.0,-9999.0,-9.99,-99.99,-99.99,-99.99,-99.99,-99.90000000000002,-99.90000000000002,-99.90000000000002,-99.99
17,2015,Q1,0.0,1451.0,2.23,-0.5966666666666667,1.6166666666666665,0.7333333333333334,-0.7600000000000001,23.933333333333334,1.7,12.833333333333334,-1.28
17,2015,Q2,1.3333333333333333,397.6666666666667,3.89,-0.58,0.009999999999999934,-0.57,0.24666666666666667,61.56666666666666,39.13333333333333,50.333333333333336,0.4233333333333333
17,2015,Q3,83.0,51.0,4.11,1.02,1.02,1.02,0.3433333333333333,75.56666666666666,53.56666666666666,64.60000000000001,0.35666666666666663
17,2015,Q4,0.0,774.6666666666666,4.156666666666666,1.17,1.17,0.6066666666666666,0.19333333333333336,45.300000000000004,28.899999999999995,37.13333333333333,0.5000000000000001
17,2016,Q1,0.0,1118.6666666666667,3.66,1.4800000000000002,1.4800000000000002,1.2066666666666668,0.49333333333333335,33.199999999999996,14.200000000000001,23.733333333333334,0.9900000000000001
17,2016,Q2,4.666666666666667,400.6666666666667,2.8333333333333335,-0.6833333333333335,0.3666666666666667,-0.24333333333333332,-0.43999999999999995,61.833333333333336,38.53333333333333,50.199999999999996,-1.04
17,2016,Q3,93.0,59.0,3.17,-1.1566666666666667,-1.1566666666666667,-1.1566666666666667,-0.3433333333333333,75.30000000000001,53.06666666666666,64.23333333333333,-1.19
17,2016,Q4,0.0,844.3333333333334,4.123333333333334,-1.22,-1.86,-1.6633333333333333,0.27999999999999997,43.36666666666667,26.333333333333332,34.86666666666667,-0.2833333333333334
17,2017,Q1,0.0,1189.6666666666667,3.2099999999999995,0.6033333333333334,-0.9466666666666667,0.11666666666666668,0.19999999999999998,30.833333333333332,12.033333333333333,21.433333333333334,0.21000000000000005
17,2017,Q2,7.0,376.3333333333333,4.503333333333334,0.6433333333333333,0.65,0.9766666666666666,0.7266666666666667,61.36666666666667,41.03333333333333,51.23333333333333,1.0833333333333333
17,2017,Q3,64.66666666666667,64.0,2.7900000000000005,-0.9333333333333332,-0.5566666666666666,-0.8266666666666667,-0.6866666666666666,74.53333333333335,51.900000000000006,63.199999999999996,-1.6499999999999997
17,2017,Q4,0.0,869.6666666666666,4.603333333333333,0.4633333333333334,0.4633333333333334,-0.010000000000000009,0.39999999999999997,42.96666666666667,24.200000000000003,33.6,0.41999999999999993
17,2018,Q1,0.0,1180.3333333333333,3.5833333333333335,0.9499999999999998,0.9499999999999998,0.8233333333333333,0.45333333333333337,31.5,12.9,22.2,0.7366666666666667
17,2018,Q2,3.0,405.6666666666667,3.42,-0.043333333333333335,0.40666666666666673,-0.04,-0.02333333333333337,61.76666666666667,37.56666666666667,49.666666666666664,-0.14
17,2018,Q3,108.33333333333333,63.333333333333336,3.6633333333333336,-1.0033333333333332,-1.0033333333333332,-1.0033333333333332,0.10333333333333335,76.06666666666666,53.76666666666667,64.9,-0.71
17,2018,Q4,0.0,962.3333333333334,4.816666666666666,0.87,0.48666666666666664,0.6566666666666666,0.6666666666666666,37.96666666666667,22.566666666666666,30.3,1.3033333333333335
17,2019,Q1,0.0,1271.6666666666667,3.436666666666667,1.6466666666666665,1.6466666666666665,1.37,0.27999999999999997,28.766666666666666,8.0,18.366666666666664,0.49
17,2019,Q2,3.3333333333333335,439.0,4.8500000000000005,2.35,2.35,2.35,0.9633333333333334,59.03333333333334,38.56666666666667,48.800000000000004,2.11
17,2019,Q3,81.66666666666667,94.66666666666667,3.856666666666667,2.2433333333333336,2.2433333333333336,2.08,0.18000000000000002,74.03333333333335,51.36666666666667,62.70000000000001,0.2466666666666667
17,2019,Q4,0.0,893.6666666666666,4.5200000000000005,1.84,2.626666666666667,2.62,0.4766666666666666,40.96666666666666,24.633333333333336,32.833333333333336,1.0166666666666668
17,2020,Q1,0.0,1118.0,2.8699999999999997,-0.11666666666666668,1.8233333333333333,1.5233333333333334,-0.07333333333333333,33.13333333333333,13.933333333333332,23.5,-0.27666666666666667
17,2020,Q2,11.333333333333334,402.6666666666667,3.026666666666667,-0.3533333333333333,0.62,0.38666666666666666,-0.35333333333333333,62.0,38.9,50.46666666666667,-0.7166666666666668
17,2020,Q3,92.66666666666667,76.0,2.5533333333333332,-2.063333333333333,-2.063333333333333,-2.063333333333333,-0.91,75.0,52.56666666666666,63.76666666666667,-2.396666666666667
17,2020,Q4,0.0,798.0,5.093333333333333,-1.9133333333333333,-1.9133333333333333,-1.03,0.7966666666666667,44.6,28.0,36.300000000000004,1.0466666666666666
17,2021,Q1,0.0,1148.0,2.2566666666666664,-1.7466666666666668,-1.7466666666666668,-1.17,-0.6366666666666667,32.233333333333334,14.0,23.099999999999998,-1.1566666666666667
17,2021,Q2,25.333333333333332,321.0,2.733333333333334,-2.4899999999999998,-2.4899999999999998,-2.4899999999999998,-0.58,65.39999999999999,41.53333333333333,53.5,-1.7299999999999998
17,2021,Q3,76.33333333333333,69.0,4.86,0.5666666666666667,-1.8866666666666667,-1.03,0.77,73.7,53.6,63.63333333333333,1.03
17,2021,Q4,0.0,781.6666666666666,3.4,-0.04,-1.3133333333333332,-0.32,-0.19999999999999998,45.06666666666666,28.23333333333333,36.666666666666664,-0.6066666666666666
17,2022,Q1,0.0,1234.3333333333333,3.19,0.07000000000000002,-1.14,-0.25999999999999995,0.17333333333333334,30.2,9.166666666666666,19.666666666666668,0.26
17,2022,Q2,4.666666666666667,357.3333333333333,3.516666666666666,0.45333333333333337,0.45333333333333337,-0.06666666666666667,0.08,63.199999999999996,40.166666666666664,51.699999999999996,-0.2866666666666666
17,2022,Q3,107.33333333333333,71.66666666666667,4.683333333333334,0.7000000000000001,0.7000000000000001,0.47666666666666674,0.7966666666666665,74.89999999999999,53.20000000000001,64.10000000000001,1.0999999999999999
17,2022,Q4,0.0,749.3333333333334,5.260000000000001,1.9433333333333334,1.9433333333333334,1.9433333333333334,0.9166666666666666,47.199999999999996,28.866666666666664,38.06666666666666,1.7233333333333334
17,2023,Q1,0.0,1100.3333333333333,3.143333333333333,2.29,2.29,1.57,-0.10666666666666662,33.166666666666664,15.233333333333334,24.166666666666668,-7.401486830834377e-17
17,2023,Q2,2.6666666666666665,383.6666666666667,4.346666666666667,1.26,1.26,-0.11333333333333336,0.48666666666666664,61.9,40.03333333333334,50.96666666666667,0.9500000000000001
17,2023,Q3,93.66666666666667,57.333333333333336,5.793333333333333,3.66,3.66,3.66,1.4966666666666668,74.36666666666666,55.1,64.73333333333333,3.016666666666667
17,2023,Q4,0.0,767.3333333333334,4.766666666666667,3.966666666666667,3.966666666666667,3.723333333333333,0.52,45.23333333333333,29.599999999999998,37.4,1.2166666666666666
17,2024,Q1,0.0,1086.3333333333333,4.18,3.8266666666666667,3.8266666666666667,3.4666666666666663,0.23666666666666666,34.03333333333333,16.900000000000002,25.5,1.6066666666666667
17,2024,Q2,18.333333333333332,335.0,3.443333333333334,-0.3466666666666667,3.2366666666666664,2.4266666666666663,0.003333333333333336,64.33333333333333,42.26666666666667,53.300000000000004,-0.7066666666666667
17,2024,Q3,100.0,63.333333333333336,3.5733333333333337,0.036666666666666625,2.4600000000000004,1.663333333333333,-0.023333333333333355,75.39999999999999,54.166666666666664,64.8,-0.3633333333333333
17,2024,Q4,0.0,803.3333333333334,3.106666666666667,-2.4299999999999997,-2.4299999999999997,-2.2366666666666664,-0.44666666666666677,45.03333333333334,27.8,36.400000000000006,-1.8333333333333333
17,2025,Q1,0.0,1227.3333333333333,2.86,-1.58,-2.35,-2.0833333333333335,-0.2166666666666667,30.233333333333334,11.533333333333331,20.9,-0.24333333333333326
17,2025,Q2,9.0,370.6666666666667,4.49,0.8233333333333333,0.5833333333333334,1.0233333333333334,0.7366666666666667,61.76666666666667,41.13333333333333,51.43333333333333,1.09
17,2025,Q3,-3252.6666666666665,-3314.0,-1.89,-34.13,-34.13,-34.13,-34.28333333333333,19.066666666666663,3.0333333333333314,11.066666666666663,-35.04
17,2025,Q4,-9999.0,-9999.0,-9.99,-99.99,-99.99,-99.99,-99.99,-99.90000000000002,-99.90000000000002,-99.90000000000002,-99.99
18,2015,Q1,0.0,996.3333333333334,3.36,-0.22333333333333336,0.11666666666666665,0.013333333333333327,0.12999999999999998,41.46666666666666,22.133333333333336,31.8,0.24666666666666667
18,2015,Q2,130.66666666666666,119.33333333333333,5.16,0.35333333333333333,0.35333333333333333,0.47333333333333333,0.66,75.53333333333333,54.26666666666667,64.86666666666666,1.2066666666666668
18,2015,Q3,278.3333333333333,3.0,3.466666666666667,-0.35000000000000003,1.3,0.68,-0.21666666666666665,83.63333333333334,63.43333333333334,73.53333333333335,-0.59
18,2015,Q4,5.0,417.6666666666667,3.6333333333333333,-0.30000000000000004,0.14333333333333334,-0.35333333333333333,0.38000000000000006,61.43333333333334,41.76666666666667,51.56666666666666,-0.06999999999999999
18,2016,Q1,1.0,767.3333333333334,2.936666666666667,-0.1166666666666667,-0.1166666666666667,-0.31333333333333335,-0.18666666666666668,49.300000000000004,29.566666666666663,39.46666666666667,-0.6166666666666666
18,2016,Q2,86.33333333333333,167.0,4.076666666666666,0.04666666666666667,-0.4033333333333333,0.04,0.17666666666666667,72.5,51.666666666666664,62.06666666666666,0.36666666666666664
18,2016,Q3,347.3333333333333,2.0,4.7299999999999995,0.6766666666666666,0.6766666666666666,0.3933333333333333,0.36333333333333334,85.73333333333333,66.16666666666667,75.96666666666667,0.26999999999999996
18,2016,Q4,8.333333333333334,518.0,2.143333333333333,-1.1033333333333333,-1.1033333333333333,-1.1033333333333333,-0.6633333333333333,58.43333333333333,38.300000000000004,48.36666666666667,-1.6733333333333331
18,2017,Q1,0.0,703.0,2.6633333333333336,-1.9766666666666666,-1.9766666666666666,-1.9633333333333336,-0.4799999999999999,51.1,32.26666666666667,41.699999999999996,-1.18
18,2017,Q2,100.66666666666667,103.33333333333333,3.7266666666666666,-0.7833333333333333,-1.9133333333333333,-1.5433333333333332,-0.09666666666666668,75.10000000000001,54.43333333333334,64.76666666666667,-0.4433333333333333
18,2017,Q3,256.3333333333333,9.333333333333334,5.113333333333333,0.7633333333333333,0.65,0.9600000000000001,0.6066666666666666,82.46666666666667,63.23333333333334,72.83333333333333,1.2766666666666666
18,2017,Q4,13.666666666666666,552.3333333333334,2.2333333333333334,-0.7833333333333333,-0.36000000000000004,-0.5933333333333334,-0.6933333333333334,57.166666666666664,37.666666666666664,47.43333333333334,-1.07
18,2018,Q1,0.0,835.3333333333334,3.3033333333333332,-0.17,-1.0366666666666666,-0.41333333333333333,0.06999999999999999,46.6,27.966666666666665,37.3,0.09333333333333334
18,2018,Q2,123.33333333333333,152.33333333333334,5.486666666666667,1.26,0.8933333333333334,1.24,1.0966666666666667,74.06666666666666,53.6,63.86666666666667,1.7233333333333334
18,2018,Q3,323.0,1.6666666666666667,7.43,3.776666666666667,3.776666666666667,3.776666666666667,1.5566666666666666,84.06666666666666,66.63333333333334,75.33333333333333,3.89
18,2018,Q4,7.333333333333333,559.6666666666666,5.32,5.669999999999999,5.669999999999999,5.669999999999999,1.2733333333333334,55.56666666666666,38.86666666666667,47.20000000000001,2.9299999999999997
18,2019,Q1,0.0,819.0,3.6466666666666665,5.223333333333334,5.223333333333334,5.213333333333334,0.39333333333333337,47.06666666666666,28.733333333333334,37.9,0.44999999999999996
18,2019,Q2,121.66666666666667,90.33333333333333,4.153333333333333,0.03000000000000001,3.716666666666667,3.3200000000000003,0.34,76.16666666666667,55.53333333333333,65.86666666666666,-0.08333333333333337
18,2019,Q3,323.0,2.3333333333333335,2.913333333333334,-0.5399999999999999,2.3000000000000003,1.32,-1.0233333333333332,85.86666666666666,64.56666666666666,75.2,-1.5133333333333334
18,2019,Q4,10.666666666666666,558.0,3.52,-1.31,0.86,-0.9899999999999999,0.19999999999999998,56.63333333333333,37.9,47.26666666666667,-0.1233333333333333
18,2020,Q1,1.0,655.3333333333334,3.0500000000000003,-1.4633333333333332,-1.4633333333333332,-1.45,-0.05333333333333332,52.333333333333336,33.93333333333333,43.133333333333326,-0.7833333333333333
18,2020,Q2,91.0,186.0,3.8499999999999996,0.02,-1.0133333333333334,-0.26666666666666666,0.21000000000000005,71.76666666666667,51.46666666666666,61.6,0.27666666666666667
18,2020,Q3,317.6666666666667,12.666666666666666,5.776666666666666,0.8000000000000002,0.5800000000000001,0.6866666666666666,0.8133333333333334,84.26666666666667,65.06666666666666,74.66666666666667,1.4766666666666666
18,2020,Q4,7.333333333333333,486.3333333333333,4.9399999999999995,2.6233333333333335,2.6233333333333335,2.6233333333333335,1.1266666666666667,59.166666666666664,39.63333333333333,49.4,2.2866666666666666
18,2021,Q1,0.0,773.0,3.276666666666667,1.6433333333333335,2.49,2.126666666666667,0.016666666666666646,47.56666666666666,30.366666666666664,38.93333333333333,-0.11000000000000006
18,2021,Q2,102.0,140.33333333333334,3.313333333333334,-0.7466666666666667,1.3,0.14,-0.19666666666666666,74.60000000000001,52.23333333333333,63.43333333333334,-0.6566666666666666
18,2021,Q3,311.6666666666667,5.333333333333333,5.423333333333333,0.48666666666666675,1.3466666666666667,0.5833333333333334,0.7433333333333333,84.56666666666666,64.76666666666667,74.63333333333334,1.1500000000000001
18,2021,Q4,20.666666666666668,467.6666666666667,1.843333333333333,-0.68,0.3866666666666667,-0.05999999999999998,-1.0033333333333332,60.166666666666664,40.53333333333333,50.36666666666667,-1.4833333333333334
18,2022,Q1,0.0,787.3333333333334,2.94,-1.32,-1.32,-1.1333333333333333,-0.17666666666666664,49.1,28.2,38.666666666666664,-0.6333333333333333
18,2022,Q2,100.33333333333333,145.0,4.35,0.39999999999999997,-0.9466666666666667,-0.19000000000000003,0.4833333333333334,73.89999999999999,52.666666666666664,63.26666666666666,0.5399999999999999
18,2022,Q3,302.3333333333333,8.0,3.7699999999999996,-0.21,-0.21,-0.21,0.016666666666666673,84.39999999999999,64.2,74.3,-0.59
18,2022,Q4,1.3333333333333333,565.3333333333334,3.64,-0.5333333333333333,-0.5333333333333333,-0.2933333333333334,0.39999999999999997,56.79999999999999,36.46666666666666,46.63333333333333,0.24666666666666662
18,2023,Q1,1.0,647.0,2.0066666666666664,-1.43,-1.43,-1.43,-0.9899999999999999,53.166666666666664,33.5,43.333333333333336,-2.0733333333333337
18,2023,Q2,64.0,126.0,3.02,-2.23,-2.23,-2.23,-0.3866666666666667,74.39999999999999,50.96666666666667,62.70000000000001,-0.9333333333333332
18,2023,Q3,294.6666666666667,6.0,4.18,-2.0966666666666667,-2.0966666666666667,-1.95,0.20666666666666667,83.83333333333333,64.36666666666666,74.13333333333333,-0.3466666666666667
18,2023,Q4,8.666666666666666,496.6666666666667,3.486666666666667,-1.656666666666667,-2.566666666666667,-2.2333333333333334,0.2133333333333333,59.29999999999999,38.766666666666666,49.03333333333333,-0.77
18,2024,Q1,0.6666666666666666,695.6666666666666,4.613333333333333,1.4866666666666666,-0.0633333333333334,1.2366666666666666,0.8766666666666666,51.1,32.266666666666666,41.7,1.1900000000000002
18,2024,Q2,137.66666666666666,105.66666666666667,3.1633333333333336,-0.6366666666666667,0.26333333333333325,-0.23000000000000007,-0.3466666666666667,76.10000000000001,55.23333333333333,65.66666666666667,-1.1900000000000002
18,2024,Q3,301.6666666666667,8.333333333333334,3.6,-1.7,-1.7,-1.7,-0.14333333333333334,83.83333333333333,64.26666666666667,74.10000000000001,-1.3
18,2024,Q4,6.0,508.6666666666667,1.7966666666666669,-3.75,-3.75,-3.75,-0.94,59.1,38.333333333333336,48.699999999999996,-3.23
18,2025,Q1,1.0,796.3333333333334,2.3833333333333333,-4.593333333333333,-4.593333333333333,-4.593333333333333,-0.83,48.1,28.5,38.300000000000004,-1.6866666666666665
18,2025,Q2,121.33333333333333,112.66666666666667,5.006666666666667,-3.11,-3.11,-2.1466666666666665,0.79,75.26666666666667,55.166666666666664,65.23333333333333,0.9566666666666667
18,2025,Q3,-3104.3333333333335,-3332.6666666666665,-0.7966666666666665,-34.699999999999996,-34.699999999999996,-33.76,-33.64333333333333,23.566666666666663,10.833333333333334,17.2,-33.68
18,2025,Q4,-9999.0,-9999.0,-9.99,-99.99,-99.99,-99.99,-99.99,-99.90000000000002,-99.90000000000002,-99.90000000000002,-99.99
19,2015,Q1,0.0,1249.0,3.2866666666666666,0.32,1.1600000000000001,0.7999999999999999,-0.09666666666666666,32.300000000000004,11.5,21.900000000000002,-0.2866666666666667
19,2015,Q2,24.333333333333332,257.0,3.36,-1.3533333333333335,-1.3533333333333335,-0.94,-0.5099999999999999,68.53333333333333,45.43333333333334,56.96666666666667,-0.9699999999999999
19,2015,Q3,172.33333333333334,12.666666666666666,3.4299999999999997,-1.2733333333333334,-1.2733333333333334,-0.6133333333333333,-0.10333333333333335,80.8,58.06666666666666,69.43333333333334,-0.7033333333333333
19,2015,Q4,0.0,570.6666666666666,3.72,-1.4966666666666668,-1.4966666666666668,-1.24,-0.00666666666666671,55.1,35.9,45.53333333333334,-0.57
19,2016,Q1,0.0,917.3333333333334,3.4033333333333338,-1.3633333333333333,-1.3633333333333333,-0.9133333333333334,-0.003333333333333318,43.166666666666664,23.8,33.46666666666667,-0.32
19,2016,Q2,28.666666666666668,288.0,2.563333333333333,-1.9366666666666665,-1.9366666666666665,-1.9366666666666665,-0.7400000000000001,67.53333333333333,44.63333333333333,56.1,-1.4966666666666668
19,2016,Q3,193.33333333333334,18.333333333333332,2.6033333333333335,-3.3533333333333335,-3.3533333333333335,-3.3533333333333335,-0.6766666666666667,81.23333333333333,58.56666666666666,69.89999999999999,-2.2966666666666664
19,2016,Q4,0.0,680.0,3.706666666666667,-3.436666666666667,-3.436666666666667,-3.356666666666667,-0.06000000000000002,51.300000000000004,32.3,41.800000000000004,-0.7199999999999999
19,2017,Q1,0.0,960.6666666666666,3.306666666666667,-2.8633333333333333,-2.8633333333333333,-2.793333333333333,-0.09333333333333334,40.833333333333336,23.166666666666668,32.0,-0.3133333333333333
19,2017,Q2,27.333333333333332,254.0,5.246666666666666,0.89,-1.3466666666666667,-0.09333333333333338,0.9699999999999999,67.43333333333334,46.833333333333336,57.13333333333333,1.3499999999999999
19,2017,Q3,127.66666666666667,23.0,3.2600000000000002,0.7433333333333333,-0.8666666666666667,0.4533333333333333,-0.16333333333333333,78.10000000000001,57.300000000000004,67.7,-0.51
19,2017,Q4,4.0,694.3333333333334,3.793333333333333,-0.19000000000000003,-0.19000000000000003,-0.19000000000000003,-0.20333333333333337,50.800000000000004,32.1,41.46666666666667,-0.25333333333333335
19,2018,Q1,0.0,984.0,4.609999999999999,0.7766666666666667,0.45999999999999996,0.7066666666666667,0.7766666666666667,40.06666666666667,22.366666666666664,31.2,1.2033333333333334
19,2018,Q2,28.666666666666668,285.6666666666667,3.6966666666666668,0.23,0.23,-0.016666666666666646,0.026666666666666655,66.86666666666666,45.1,55.96666666666666,-0.27
19,2018,Q3,208.66666666666666,16.0,6.163333333333334,1.0266666666666666,1.0266666666666666,0.8033333333333333,1.1666666666666667,80.2,61.06666666666666,70.66666666666667,2.0500000000000003
19,2018,Q4,0.0,734.6666666666666,5.873333333333334,3.3233333333333337,3.3233333333333337,3.3233333333333337,1.0233333333333332,48.133333333333326,32.0,40.06666666666666,2.5
19,2019,Q1,0.0,1035.3333333333333,3.6733333333333333,3.266666666666667,3.266666666666667,3.016666666666667,0.09666666666666672,38.5,20.2,29.366666666666664,0.10666666666666669
19,2019,Q2,24.333333333333332,281.3333333333333,4.9366666666666665,3.06,3.06,3.0366666666666666,0.7733333333333333,66.23333333333333,46.03333333333333,56.166666666666664,1.2166666666666668
19,2019,Q3,168.0,34.666666666666664,3.426666666666667,2.46,2.46,2.1766666666666663,-0.06999999999999999,79.76666666666667,57.300000000000004,68.53333333333333,-0.22333333333333338
19,2019,Q4,0.0,730.3333333333334,5.543333333333333,2.5033333333333334,2.5033333333333334,2.4233333333333333,0.8733333333333334,48.9,31.333333333333332,40.1,1.88
19,2020,Q1,0.0,871.3333333333334,2.9533333333333336,-0.68,1.7599999999999998,0.7566666666666667,-0.4033333333333334,43.73333333333333,26.03333333333333,34.86666666666667,-0.9066666666666666
19,2020,Q2,38.666666666666664,311.0,3.4633333333333334,-0.5166666666666667,1.2433333333333334,0.21999999999999997,-0.10000000000000002,66.39999999999999,44.833333333333336,55.63333333333333,-0.36999999999999994
19,2020,Q3,195.33333333333334,28.666666666666668,2.6033333333333335,-2.14,-2.14,-2.14,-0.6033333333333334,80.33333333333333,59.06666666666666,69.7,-2.1933333333333334
19,2020,Q4,0.0,634.0,5.113333333333333,-1.9200000000000002,-1.9200000000000002,-1.3766666666666667,0.7200000000000001,52.9,33.9,43.4,0.77
19,2021,Q1,0.0,966.3333333333334,2.5566666666666666,-1.7,-1.7,-1.2833333333333334,-0.6466666666666666,40.4,22.766666666666666,31.566666666666666,-1.2866666666666668
19,2021,Q2,53.0,247.33333333333334,3.99,-1.58,-1.58,-1.2933333333333332,0.2533333333333333,69.26666666666667,47.1,58.20000000000001,-0.17333333333333334
19,2021,Q3,166.66666666666666,18.0,7.686666666666667,3.1666666666666665,3.1666666666666665,3.1666666666666665,1.6600000000000001,78.0,60.199999999999996,69.10000000000001,4.4799999999999995
19,2021,Q4,2.6666666666666665,606.6666666666666,4.04,1.07,3.703333333333333,3.0866666666666664,-0.010000000000000009,53.199999999999996,35.43333333333334,44.36666666666667,0.22666666666666666
19,2022,Q1,0.0,999.0,3.61,-0.6133333333333333,2.4066666666666663,1.3133333333333332,0.15333333333333335,40.9,20.166666666666668,30.5,0.043333333333333224
19,2022,Q2,30.333333333333332,243.66666666666666,3.0233333333333334,-1.12,0.4099999999999999,-0.5800000000000001,-0.36000000000000004,68.43333333333334,46.5,57.46666666666666,-1.2133333333333332
19,2022,Q3,205.66666666666666,30.333333333333332,3.456666666666667,-1.6733333333333331,-2.5866666666666664,-2.4233333333333333,-0.38000000000000006,80.7,59.03333333333333,69.86666666666666,-1.5433333333333332
19,2022,Q4,0.0,629.6666666666666,4.423333333333333,0.4466666666666666,-1.7633333333333334,-0.9733333333333333,0.37333333333333335,53.26666666666666,33.56666666666667,43.36666666666667,0.42
19,2023,Q1,0.0,869.0,4.193333333333334,0.08999999999999997,1.0266666666666666,0.25,0.17333333333333334,43.53333333333333,26.46666666666667,35.03333333333333,0.33666666666666667
19,2023,Q2,19.0,255.0,3.83,-0.5333333333333333,-0.8466666666666667,-0.5566666666666666,0.13,68.26666666666667,45.46666666666667,56.86666666666667,-0.19999999999999996
19,2023,Q3,166.0,23.333333333333332,7.18,3.1366666666666667,3.1366666666666667,3.1366666666666667,1.5333333333333332,78.3,59.666666666666664,69.0,4.1
19,2023,Q4,2.3333333333333335,614.0,4.023333333333333,2.9266666666666663,2.9266666666666663,2.533333333333333,0.11000000000000003,53.23333333333333,35.13333333333333,44.166666666666664,0.21333333333333337
19,2024,Q1,0.0,891.6666666666666,5.7700000000000005,3.6733333333333333,3.6733333333333333,3.34,0.7966666666666665,42.56666666666666,26.333333333333332,34.46666666666667,2.0566666666666666
19,2024,Q2,53.333333333333336,239.33333333333334,4.033333333333334,2.2466666666666666,3.2699999999999996,3.09,0.30666666666666664,69.33333333333333,48.0,58.666666666666664,-0.19333333333333336
19,2024,Q3,172.0,30.666666666666668,3.283333333333333,-0.64,1.836666666666667,0.8500000000000001,-0.17333333333333337,79.03333333333332,58.76666666666667,68.93333333333334,-0.91
19,2024,Q4,0.0,659.0,2.936666666666667,-2.57,-2.57,-2.5033333333333334,-0.6133333333333333,53.06666666666666,32.23333333333333,42.666666666666664,-2.09
19,2025,Q1,0.0,1003.6666666666666,2.97,-2.766666666666667,-2.766666666666667,-2.74,-0.44,39.63333333333333,21.233333333333334,30.466666666666665,-0.8700000000000001
19,2025,Q2,43.0,239.0,4.723333333333334,-1.5533333333333335,-1.5533333333333335,-0.6266666666666666,0.5733333333333333,68.3,47.93333333333334,58.13333333333333,0.5833333333333331
19,2025,Q3,-3201.0,-3324.6666666666665,-1.4666666666666668,-34.589999999999996,-34.589999999999996,-34.406666666666666,-33.70666666666666,21.3,6.1333333333333355,13.73333333333334,-34.419999999999995
19,2025,Q4,-9999.0,-9999.0,-9.99,-99.99,-99.99,-99.99,-99.99,-99.90000000000002,-99.90000000000002,-99.90000000000002,-99.99
20,2015,Q1,0.0,1316.3333333333333,1.04,-0.7799999999999999,2.433333333333333,1.3499999999999999,-1.0866666666666667,27.53333333333333,7.933333333333333,17.733333333333334,-1.46
20,2015,Q2,51.666666666666664,268.3333333333333,3.5533333333333332,-0.8366666666666666,1.4833333333333334,0.04,0.5466666666666667,65.96666666666667,42.70000000000001,54.300000000000004,0.7233333333333333
20,2015,Q3,134.66666666666666,32.0,2.9033333333333338,-0.4666666666666666,1.2033333333333334,0.06666666666666665,-0.26,77.39999999999999,55.46666666666667,66.46666666666667,-0.6633333333333333
20,2015,Q4,1.0,621.0,3.0833333333333335,-0.47666666666666657,-0.47666666666666657,-0.47666666666666657,0.7866666666666666,50.1,33.733333333333334,41.93333333333333,0.26333333333333336
20,2016,Q1,0.0,1011.0,2.4166666666666665,1.1633333333333333,1.1633333333333333,1.1633333333333333,0.7933333333333333,35.833333333333336,19.96666666666667,27.900000000000002,1.1466666666666667
20,2016,Q2,53.0,304.6666666666667,2.63,0.1633333333333334,0.7000000000000001,0.5033333333333334,-0.3666666666666667,65.43333333333334,41.9,53.633333333333326,-0.7466666666666667
20,2016,Q3,201.0,23.666666666666668,4.3066666666666675,0.79,0.79,0.47666666666666674,1.1266666666666667,78.93333333333334,57.43333333333334,68.2,1.1066666666666667
20,2016,Q4,3.0,712.6666666666666,2.6,0.24333333333333337,0.24333333333333337,0.07333333333333338,0.13333333333333336,47.86666666666667,31.633333333333336,39.733333333333334,-0.13333333333333333
20,2017,Q1,0.0,978.6666666666666,2.58,1.3,1.3,1.3,1.0333333333333334,36.333333333333336,20.900000000000002,28.599999999999998,1.7733333333333332
20,2017,Q2,52.666666666666664,250.0,4.156666666666666,2.473333333333333,2.473333333333333,2.473333333333333,1.0999999999999999,66.2,44.13333333333333,55.166666666666664,1.6900000000000002
20,2017,Q3,130.33333333333334,43.666666666666664,2.6033333333333335,2.0966666666666667,2.0966666666666667,1.57,-0.5433333333333333,76.7,54.166666666666664,65.43333333333332,-0.8233333333333334
20,2017,Q4,4.0,802.6666666666666,3.75,2.8833333333333333,2.8833333333333333,2.8833333333333333,0.8466666666666668,44.0,27.933333333333334,35.96666666666667,2.4133333333333336
20,2018,Q1,0.0,1117.6666666666667,1.9433333333333334,2.783333333333333,2.783333333333333,2.5166666666666666,0.22999999999999998,32.833333333333336,15.566666666666665,24.2,0.4933333333333334
20,2018,Q2,75.33333333333333,318.6666666666667,3.4033333333333338,2.686666666666667,2.686666666666667,2.5233333333333334,0.4166666666666667,65.10000000000001,41.96666666666666,53.53333333333334,0.6566666666666666
20,2018,Q3,184.0,28.0,3.543333333333333,1.71,1.71,0.9933333333333333,0.35333333333333333,78.5,56.6,67.56666666666668,-0.14333333333333334
20,2018,Q4,0.0,820.3333333333334,3.1666666666666665,2.73,2.73,2.723333333333333,0.47,41.666666666666664,28.566666666666666,35.13333333333333,1.903333333333333
20,2019,Q1,0.0,1173.3333333333333,2.3433333333333337,3.1333333333333333,3.1333333333333333,3.0666666666666664,0.7599999999999999,30.166666666666668,12.733333333333333,21.400000000000002,1.3166666666666667
20,2019,Q2,35.0,315.0,4.170000000000001,3.936666666666666,3.936666666666666,3.936666666666666,1.1366666666666667,62.96666666666667,41.56666666666666,52.26666666666667,2.3000000000000003
20,2019,Q3,175.33333333333334,31.666666666666668,3.546666666666667,3.5,3.5,3.3166666666666664,0.24000000000000002,77.39999999999999,55.56666666666666,66.5,0.37999999999999995
20,2019,Q4,1.0,801.0,3.8833333333333333,5.18,5.18,5.18,1.2633333333333334,42.76666666666667,28.299999999999997,35.56666666666666,3.4933333333333336
20,2020,Q1,0.0,980.3333333333334,2.2333333333333334,5.133333333333334,5.133333333333334,4.97,0.48666666666666664,36.06666666666667,21.03333333333333,28.566666666666666,0.82
20,2020,Q2,56.666666666666664,323.6666666666667,3.3866666666666667,4.496666666666667,4.496666666666667,4.36,0.41,64.53333333333335,41.666666666666664,53.13333333333333,0.7233333333333333
20,2020,Q3,176.33333333333334,54.666666666666664,3.6133333333333333,3.686666666666667,3.686666666666667,3.5933333333333337,0.5,77.46666666666665,55.333333333333336,66.43333333333334,0.44333333333333336
20,2020,Q4,0.0,733.3333333333334,2.5366666666666666,1.03,3.0566666666666666,2.8000000000000003,-0.03666666666666666,46.0,30.066666666666666,38.03333333333333,0.39333333333333337
20,2021,Q1,0.0,1055.0,1.31,-0.9233333333333333,1.3966666666666667,0.029999999999999954,-0.71,35.3,17.5,26.399999999999995,-1.2166666666666666
20,2021,Q2,68.66666666666667,269.3333333333333,3.013333333333333,-1.0733333333333335,-1.7133333333333336,-1.4066666666666665,-0.08666666666666667,67.16666666666667,44.06666666666666,55.633333333333326,-0.5200000000000001
20,2021,Q3,178.33333333333334,33.0,3.9066666666666667,1.5066666666666666,1.5066666666666666,1.4933333333333332,0.7733333333333333,78.03333333333333,56.06666666666666,67.03333333333333,1.2166666666666666
20,2021,Q4,7.0,669.0,2.7300000000000004,1.5,1.5,1.3499999999999999,0.22666666666666666,48.333333333333336,32.766666666666666,40.53333333333333,0.58
20,2022,Q1,0.0,1156.6666666666667,2.1166666666666667,1.3633333333333333,1.3633333333333333,0.9400000000000001,0.3066666666666667,30.96666666666667,13.0,21.96666666666667,0.8033333333333332
20,2022,Q2,63.333333333333336,290.0,3.1366666666666667,0.5733333333333333,2.013333333333333,1.5966666666666667,0.1566666666666667,65.3,43.23333333333333,54.26666666666667,0.050000000000000044
20,2022,Q3,159.66666666666666,39.666666666666664,3.17,-0.7033333333333335,0.4533333333333333,-0.19000000000000003,0.03666666666666666,77.06666666666668,55.13333333333333,66.10000000000001,-0.5733333333333334
20,2022,Q4,0.0,749.6666666666666,2.4499999999999997,-1.376666666666667,-1.376666666666667,-1.376666666666667,0.006666666666666664,46.300000000000004,29.633333333333336,37.93333333333334,-0.8733333333333332
20,2023,Q1,0.0,970.3333333333334,2.59,1.0799999999999998,0.6166666666666666,0.8399999999999999,1.0633333333333332,36.1,21.366666666666664,28.7,1.8166666666666667
20,2023,Q2,43.666666666666664,274.0,2.5833333333333335,-0.1266666666666667,0.5166666666666667,0.12000000000000004,-0.52,67.2,42.666666666666664,54.9,-1.1133333333333335
20,2023,Q3,131.66666666666666,44.666666666666664,3.4600000000000004,0.23000000000000007,-0.27999999999999997,0.17,0.3833333333333333,76.16666666666667,54.666666666666664,65.43333333333332,-0.09000000000000001
20,2023,Q4,2.0,666.6666666666666,2.51,-1.3866666666666667,-1.3866666666666667,-1.2166666666666666,-0.06666666666666665,48.0,33.36666666666667,40.666666666666664,-0.9
20,2024,Q1,0.0,934.6666666666666,2.0466666666666664,0.33,-1.0966666666666667,-0.4266666666666667,0.18999999999999995,38.800000000000004,23.099999999999998,30.933333333333334,0.31666666666666665
20,2024,Q2,78.66666666666667,215.33333333333334,4.113333333333333,0.8333333333333334,0.8333333333333334,0.8333333333333334,1.0666666666666667,68.10000000000001,45.599999999999994,56.833333333333336,1.2366666666666666
20,2024,Q3,156.0,30.0,2.7866666666666666,0.8266666666666665,0.8266666666666665,0.8266666666666665,-0.3333333333333333,78.33333333333333,55.43333333333334,66.9,-0.49666666666666676
20,2024,Q4,3.0,675.0,2.5866666666666664,-2.283333333333333,-2.283333333333333,-2.216666666666667,0.2733333333333333,48.866666666666674,32.03333333333333,40.46666666666667,-1.2966666666666666
20,2025,Q1,0.0,1088.0,2.19,-1.0566666666666669,-1.6866666666666668,-1.1466666666666667,0.38333333333333336,33.56666666666666,16.433333333333334,25.0,0.7033333333333333
20,2025,Q2,62.666666666666664,286.0,3.203333333333333,0.98,-0.08666666666666667,0.93,0.2233333333333333,65.83333333333333,42.86666666666667,54.333333333333336,0.14
20,2025,Q3,-3196.0,-3322.3333333333335,-1.2533333333333332,-32.62333333333333,-32.62333333333333,-32.87333333333333,-33.31333333333333,20.03333333333333,5.13333333333333,12.566666666666672,-33.25666666666667
20,2025,Q4,-9999.0,-9999.0,-9.99,-99.99,-99.99,-99.99,-99.99,-99.90000000000002,-99.90000000000002,-99.90000000000002,-99.99
21,2015,Q1,0.0,1402.6666666666667,0.52,-1.8733333333333333,-1.8733333333333333,-1.8733333333333333,-0.8333333333333334,26.766666666666666,6.633333333333333,16.666666666666668,-1.4666666666666668
21,2015,Q2,37.0,334.0,3.496666666666666,-0.13999999999999999,-1.7133333333333336,-0.6533333333333332,0.17666666666666672,66.5,42.56666666666667,54.5,0.4666666666666666
21,2015,Q3,118.33333333333333,58.666666666666664,3.556666666666667,1.32,0.6533333333333333,1.0999999999999999,0.28,77.4,55.4,66.39999999999999,0.44333333333333336
21,2015,Q4,0.0,834.3333333333334,2.2466666666666666,1.7333333333333332,1.7333333333333332,1.5466666666666666,1.2533333333333332,44.699999999999996,28.133333333333336,36.4,1.8699999999999999
21,2016,Q1,0.0,1230.6666666666667,1.08,2.44,2.44,2.44,0.3833333333333333,31.3,14.200000000000001,22.733333333333334,0.73
21,2016,Q2,44.666666666666664,332.0,2.9433333333333334,1.7233333333333334,1.7233333333333334,1.16,-0.10333333333333333,66.3,43.53333333333333,54.93333333333334,-0.5499999999999999
21,2016,Q3,124.33333333333333,66.66666666666667,5.333333333333333,3.483333333333333,3.483333333333333,3.483333333333333,1.586666666666667,76.23333333333333,55.833333333333336,66.03333333333332,3.7133333333333334
21,2016,Q4,0.3333333333333333,902.0,1.8233333333333333,4.3566666666666665,4.3566666666666665,4.3566666666666665,0.7999999999999999,43.099999999999994,25.933333333333334,34.56666666666667,1.6600000000000001
21,2017,Q1,0.0,1235.6666666666667,0.9199999999999999,4.34,4.34,4.25,0.21,31.333333333333332,13.133333333333335,22.233333333333334,0.6766666666666667
21,2017,Q2,37.666666666666664,340.0,3.1566666666666663,3.2466666666666666,3.2466666666666666,2.9933333333333336,0.12,65.7,42.9,54.333333333333336,0.053333333333333344
21,2017,Q3,95.66666666666667,85.33333333333333,3.8633333333333337,2.763333333333333,2.763333333333333,2.473333333333333,0.47333333333333333,75.8,53.5,64.66666666666667,1.12
21,2017,Q4,0.3333333333333333,1054.0,1.4933333333333332,3.353333333333333,3.353333333333333,3.3200000000000003,-0.06666666666666665,38.199999999999996,20.433333333333334,29.3,1.04
21,2018,Q1,0.0,1437.0,0.9199999999999999,2.9599999999999995,2.9599999999999995,2.9599999999999995,0.17666666666666667,25.7,5.266666666666667,15.5,0.6699999999999999
21,2018,Q2,67.66666666666667,396.0,3.2133333333333334,2.1133333333333333,2.1133333333333333,1.7166666666666668,-0.1433333333333333,65.43333333333334,41.86666666666667,53.6,-0.003333333333333336
21,2018,Q3,118.0,76.0,3.91,2.35,2.35,2.2633333333333336,0.51,75.89999999999999,54.79999999999999,65.36666666666667,1.1500000000000001
21,2018,Q4,0.0,1093.6666666666667,1.9833333333333334,3.7733333333333334,3.7733333333333334,3.7733333333333334,0.7233333333333333,35.4,20.366666666666667,27.900000000000002,2.3966666666666665
21,2019,Q1,0.0,1540.0,1.3433333333333335,4.173333333333333,4.173333333333333,4.173333333333333,0.9533333333333335,21.433333333333337,1.5666666666666664,11.5,1.67
21,2019,Q2,31.0,404.6666666666667,3.453333333333333,4.3999999999999995,4.3999999999999995,4.286666666666667,0.3633333333333333,62.93333333333334,41.233333333333334,52.1,1.0533333333333332
21,2019,Q3,114.33333333333333,79.0,4.683333333333334,4.473333333333333,4.473333333333333,4.473333333333333,1.01,75.5,54.96666666666667,65.26666666666667,2.4266666666666667
21,2019,Q4,0.0,1085.0,2.4033333333333333,6.483333333333333,6.483333333333333,6.483333333333333,1.1666666666666667,35.9,20.766666666666666,28.333333333333332,3.313333333333333
21,2020,Q1,0.0,1299.0,0.7999999999999999,2.1166666666666667,5.69,5.609999999999999,-0.2433333333333333,29.266666666666666,9.733333333333333,19.5,0.3566666666666667
21,2020,Q2,53.0,373.0,2.466666666666667,-0.7166666666666668,3.4133333333333336,2.3833333333333333,-0.6533333333333334,65.13333333333334,41.93333333333333,53.53333333333334,-1.11
21,2020,Q3,131.0,97.33333333333333,3.6400000000000006,0.36999999999999994,2.8833333333333333,2.1700000000000004,0.2866666666666666,76.53333333333333,54.13333333333333,65.33333333333333,0.5533333333333332
21,2020,Q4,0.0,1000.6666666666666,1.2233333333333334,-0.3499999999999999,2.026666666666667,1.1466666666666667,-0.11333333333333334,40.46666666666666,22.066666666666666,31.266666666666666,0.10666666666666667
21,2021,Q1,0.0,1304.3333333333333,0.77,-0.3866666666666667,1.3333333333333333,0.31,-0.39333333333333337,29.46666666666667,10.766666666666667,20.099999999999998,-0.11
21,2021,Q2,72.0,330.0,2.02,-1.1733333333333336,-0.7133333333333334,-0.9933333333333335,-0.8333333333333334,68.10000000000001,43.43333333333334,55.76666666666667,-2.26
21,2021,Q3,142.66666666666666,58.333333333333336,2.9299999999999997,-3.73,-3.73,-3.73,-0.4266666666666666,79.53333333333335,55.20000000000001,67.36666666666666,-2.293333333333333
21,2021,Q4,2.3333333333333335,916.0,2.1366666666666667,-2.0933333333333333,-3.123333333333333,-2.8699999999999997,1.0433333333333332,42.96666666666667,24.899999999999995,33.96666666666667,0.06999999999999999
21,2022,Q1,0.0,1532.3333333333333,0.8466666666666667,0.13,-2.3699999999999997,-1.9666666666666668,0.016666666666666663,23.26666666666667,0.8666666666666671,12.066666666666668,-0.3333333333333333
21,2022,Q2,48.666666666666664,399.0,3.8466666666666662,1.0433333333333332,1.7666666666666666,1.4133333333333333,0.6866666666666665,62.63333333333333,42.06666666666666,52.366666666666674,1.7366666666666664
21,2022,Q3,116.66666666666667,74.33333333333333,2.7866666666666666,-1.25,-0.02333333333333328,-1.0,-0.40666666666666657,76.8,54.76666666666666,65.76666666666667,-1.3066666666666666
21,2022,Q4,0.0,1035.3333333333333,1.4633333333333336,-1.5033333333333332,-2.233333333333333,-1.9899999999999995,0.4433333333333333,38.56666666666666,21.099999999999998,29.8,-0.58
21,2023,Q1,0.0,1376.0,1.29,1.0266666666666666,-0.21666666666666679,0.6433333333333332,0.9333333333333335,26.733333333333334,6.966666666666666,16.8,1.0966666666666667
21,2023,Q2,69.33333333333333,334.3333333333333,2.3966666666666665,-0.38666666666666655,0.1433333333333334,-0.2966666666666666,-0.49666666666666676,67.2,43.79999999999999,55.5,-1.6199999999999999
21,2023,Q3,124.33333333333333,55.0,2.513333333333333,-3.483333333333333,-3.483333333333333,-3.483333333333333,-0.7566666666666667,77.63333333333333,54.833333333333336,66.23333333333333,-2.6133333333333333
21,2023,Q4,0.3333333333333333,837.6666666666666,1.8533333333333335,-3.31,-3.31,-3.0100000000000002,0.63,44.9,28.166666666666668,36.5,-0.2566666666666666
21,2024,Q1,0.0,1155.3333333333333,0.7366666666666667,-3.073333333333333,-3.073333333333333,-3.013333333333333,-0.33666666666666667,33.53333333333333,16.066666666666666,24.76666666666667,-1.0933333333333335
21,2024,Q2,41.666666666666664,317.3333333333333,5.113333333333333,1.7100000000000002,-0.03666666666666677,0.9033333333333333,1.5366666666666668,66.13333333333334,43.96666666666667,55.06666666666666,3.1999999999999997
21,2024,Q3,133.66666666666666,47.0,2.596666666666667,1.26,2.06,1.36,-0.6599999999999999,78.60000000000001,56.166666666666664,67.36666666666666,-1.2566666666666666
21,2024,Q4,2.6666666666666665,886.0,1.4166666666666667,-2.0700000000000003,-2.0700000000000003,-1.9333333333333333,0.19999999999999998,43.56666666666666,26.233333333333334,34.93333333333333,-0.9700000000000001
21,2025,Q1,0.0,1358.3333333333333,0.7833333333333333,-2.3066666666666666,-2.3066666666666666,-2.3066666666666666,-0.45999999999999996,28.433333333333334,7.199999999999999,17.866666666666667,-1.0633333333333335
21,2025,Q2,43.0,338.3333333333333,3.4233333333333333,-1.09,-1.6966666666666665,-1.2833333333333332,0.3,66.56666666666666,42.93333333333334,54.76666666666667,0.29000000000000004
21,2025,Q3,-3223.0,-3312.0,-0.6466666666666665,-32.50666666666667,-32.50666666666667,-32.63333333333333,-33.056666666666665,19.2,5.466666666666664,12.333333333333323,-32.51
21,2025,Q4,-9999.0,-9999.0,-9.99,-99.99,-99.99,-99.99,-99.99,-99.90000000000002,-99.90000000000002,-99.90000000000002,-99.99
22,2015,Q1,18.0,514.3333333333334,5.0633333333333335,-0.25333333333333335,0.8633333333333333,-0.03000000000000001,-0.06333333333333334,58.5,37.1,47.79999999999999,-0.30666666666666664
22,2015,Q2,259.3333333333333,19.666666666666668,5.44,0.3633333333333333,0.9266666666666667,0.3066666666666667,0.41333333333333333,83.2,62.46666666666666,72.83333333333333,0.5133333333333333
22,2015,Q3,451.0,0.6666666666666666,3.0400000000000005,-0.6933333333333334,-0.4033333333333333,-0.68,-0.6266666666666667,90.96666666666665,68.43333333333334,79.73333333333333,-1.3499999999999999
22,2015,Q4,65.0,187.0,6.646666666666667,0.9766666666666666,0.6,0.9533333333333333,1.0833333333333335,71.5,50.03333333333333,60.800000000000004,1.4333333333333333
22,2016,Q1,27.666666666666668,420.3333333333333,6.613333333333333,1.0366666666666666,1.0366666666666666,0.4766666666666666,0.5066666666666667,62.86666666666667,40.400000000000006,51.6,0.7566666666666668
22,2016,Q2,241.66666666666666,30.0,3.9800000000000004,0.08999999999999997,0.5833333333333334,0.2733333333333333,-0.29333333333333333,82.93333333333334,60.93333333333334,71.96666666666665,-0.7933333333333333
22,2016,Q3,494.3333333333333,0.0,4.163333333333334,-0.46,-0.46,-0.46,0.07000000000000002,91.73333333333335,70.60000000000001,81.13333333333334,-0.6533333333333333
22,2016,Q4,68.66666666666667,246.66666666666666,2.953333333333333,-1.9066666666666665,-1.9066666666666665,-1.9066666666666665,-0.6266666666666667,72.03333333333333,45.9,58.93333333333334,-1.68
22,2017,Q1,47.0,288.6666666666667,4.543333333333334,-2.223333333333333,-2.223333333333333,-2.0933333333333333,-0.3933333333333333,67.73333333333333,45.666666666666664,56.699999999999996,-1.3566666666666667
22,2017,Q2,214.33333333333334,20.666666666666668,7.203333333333333,1.0,-0.5866666666666668,-0.2866666666666666,1.0933333333333333,82.19999999999999,60.56666666666666,71.36666666666666,2.4233333333333333
22,2017,Q3,411.3333333333333,1.3333333333333333,4.796666666666667,1.9033333333333335,2.94,2.9133333333333336,0.43,88.16666666666667,68.46666666666665,78.33333333333333,1.5233333333333334
22,2017,Q4,46.333333333333336,295.3333333333333,3.1,-0.5966666666666667,1.9300000000000004,1.0366666666666666,-0.56,68.26666666666667,45.13333333333333,56.699999999999996,-1.0
22,2018,Q1,28.333333333333332,431.3333333333333,6.460000000000001,0.31,1.4533333333333334,0.48,0.4266666666666665,62.199999999999996,40.5,51.36666666666667,0.69
22,2018,Q2,274.0,65.0,4.686666666666667,0.010000000000000009,1.3099999999999998,0.48333333333333334,0.053333333333333344,83.39999999999999,60.13333333333333,71.76666666666667,-0.3066666666666667
22,2018,Q3,469.6666666666667,0.0,5.263333333333334,-0.04666666666666667,-0.35999999999999993,-0.25333333333333335,0.5933333333333334,90.06666666666668,70.5,80.33333333333333,0.47
22,2018,Q4,50.333333333333336,326.6666666666667,5.859999999999999,1.1333333333333335,1.1333333333333335,1.1333333333333335,0.77,65.5,45.76666666666667,55.63333333333333,1.1933333333333334
22,2019,Q1,22.666666666666668,404.0,5.736666666666667,1.7433333333333334,1.7433333333333334,1.39,0.17333333333333334,62.400000000000006,41.6,52.0,0.07999999999999992
22,2019,Q2,248.33333333333334,36.333333333333336,6.646666666666666,2.103333333333333,2.103333333333333,2.103333333333333,0.8700000000000001,82.60000000000001,61.199999999999996,71.89999999999999,1.5733333333333335
22,2019,Q3,492.0,0.0,4.17,2.62,2.62,2.1733333333333333,-0.30666666666666664,91.89999999999999,70.43333333333334,81.13333333333333,0.4633333333333334
22,2019,Q4,46.333333333333336,318.3333333333333,6.133333333333333,3.0966666666666662,3.0966666666666662,2.7466666666666666,0.6433333333333332,66.93333333333334,44.76666666666667,55.86666666666667,1.6033333333333333
22,2020,Q1,52.0,334.6666666666667,8.153333333333334,3.5499999999999994,3.5499999999999994,3.4099999999999997,1.1666666666666667,64.8,45.46666666666666,55.1,1.7733333333333334
22,2020,Q2,212.33333333333334,42.333333333333336,5.776666666666666,3.34,3.34,3.2433333333333336,0.53,81.36666666666666,59.53333333333333,70.43333333333332,1.1300000000000001
22,2020,Q3,439.3333333333333,1.0,4.74,3.6566666666666663,3.6566666666666663,3.6566666666666663,0.4633333333333333,88.8,69.66666666666667,79.2,1.23
22,2020,Q4,50.333333333333336,283.0,4.276666666666666,3.1633333333333336,3.1633333333333336,2.6433333333333335,0.12333333333333335,68.96666666666668,45.1,57.06666666666666,0.029999999999999954
22,2021,Q1,25.333333333333332,449.6666666666667,5.523333333333333,1.8,1.8,0.56,0.12333333333333334,60.86666666666667,39.666666666666664,50.26666666666667,-0.06333333333333335
22,2021,Q2,203.66666666666666,50.0,7.16,2.6599999999999997,2.6599999999999997,2.33,1.0433333333333332,80.76666666666667,59.03333333333333,69.93333333333332,2.4966666666666666
22,2021,Q3,423.3333333333333,1.0,6.506666666666668,5.106666666666667,5.106666666666667,5.106666666666667,1.31,88.36666666666667,69.0,78.66666666666667,3.32
22,2021,Q4,72.33333333333333,220.0,2.643333333333333,1.0133333333333334,3.9999999999999996,3.0933333333333333,-0.8466666666666667,71.4,48.333333333333336,59.86666666666667,-1.3399999999999999
22,2022,Q1,17.0,455.0,5.283333333333333,-1.4733333333333334,1.9533333333333331,-0.08666666666666667,0.026666666666666655,62.900000000000006,37.1,50.0,-0.19999999999999998
22,2022,Q2,290.3333333333333,31.666666666666668,4.526666666666666,-1.0233333333333334,1.45,-0.2733333333333334,-0.06333333333333331,85.16666666666666,61.56666666666666,73.39999999999999,-0.4633333333333333
22,2022,Q3,442.6666666666667,0.6666666666666666,5.44,0.5366666666666666,1.54,0.19666666666666663,0.5933333333333333,89.96666666666668,68.63333333333334,79.30000000000001,1.2066666666666668
22,2022,Q4,29.0,297.6666666666667,4.609999999999999,1.01,1.406666666666667,0.30333333333333334,0.31,67.8,44.1,55.96666666666667,0.21999999999999997
22,2023,Q1,42.666666666666664,306.0,5.803333333333334,0.20000000000000004,1.2233333333333334,0.23333333333333336,0.26999999999999996,66.96666666666665,44.76666666666666,55.86666666666667,-0.2066666666666667
22,2023,Q2,247.66666666666666,33.333333333333336,5.006666666666667,-0.2866666666666667,0.10000000000000002,0.06666666666666665,0.19333333333333333,83.0,60.833333333333336,71.89999999999999,0.15666666666666665
22,2023,Q3,517.3333333333334,0.3333333333333333,2.77,-1.24,-1.24,-1.24,-0.93,93.10000000000001,70.36666666666666,81.76666666666667,-2.0366666666666666
22,2023,Q4,48.666666666666664,274.6666666666667,2.3266666666666667,-2.99,-2.99,-2.99,-0.9233333333333333,69.60000000000001,45.26666666666667,57.43333333333334,-2.05
22,2024,Q1,24.666666666666668,413.6666666666667,6.626666666666668,-2.1633333333333336,-2.1633333333333336,-1.3533333333333335,0.5566666666666666,63.199999999999996,40.46666666666666,51.800000000000004,0.6099999999999999
22,2024,Q2,290.0,22.333333333333332,5.003333333333333,-1.4733333333333334,-1.4733333333333334,-0.49333333333333335,0.20333333333333337,84.36666666666666,63.13333333333333,73.76666666666667,-0.05999999999999998
22,2024,Q3,465.6666666666667,0.6666666666666666,3.98,-1.793333333333333,-1.793333333333333,-1.3333333333333333,-0.45999999999999996,90.56666666666666,69.60000000000001,80.06666666666666,-0.7200000000000001
22,2024,Q4,76.0,215.66666666666666,3.6333333333333333,-2.28,-2.28,-2.28,-0.3766666666666667,71.96666666666668,48.43333333333334,60.23333333333334,-1.1633333333333333
22,2025,Q1,28.333333333333332,430.0,4.763333333333334,-2.186666666666667,-2.186666666666667,-2.186666666666667,-0.19000000000000003,63.03333333333334,39.63333333333333,51.333333333333336,-0.8066666666666666
22,2025,Q2,278.0,15.0,6.823333333333333,0.20333333333333337,-0.44,0.1100000000000001,0.9633333333333334,84.2,63.166666666666664,73.66666666666666,1.6366666666666667
22,2025,Q3,-2983.3333333333335,-3333.0,-0.9400000000000001,-32.73,-32.73,-33.276666666666664,-33.68,28.266666666666662,14.466666666666669,21.366666666666664,-33.88666666666666
22,2025,Q4,-9999.0,-9999.0,-9.99,-99.99,-99.99,-99.99,-99.99,-99.90000000000002,-99.90000000000002,-99.90000000000002,-99.99
23,2015,Q1,1.3333333333333333,951.6666666666666,2.0433333333333334,1.11,1.11,0.6433333333333334,-0.2733333333333334,44.800000000000004,23.066666666666663,33.96666666666667,-0.24333333333333332
23,2015,Q2,130.33333333333334,121.66666666666667,6.0633333333333335,1.4233333333333331,1.4233333333333331,1.1166666666666665,0.8366666666666666,75.83333333333334,55.4,65.60000000000001,1.5200000000000002
23,2015,Q3,285.6666666666667,11.666666666666666,4.69,3.51,3.51,3.353333333333333,0.43999999999999995,84.43333333333334,63.76666666666667,74.13333333333334,1.8833333333333335
23,2015,Q4,6.333333333333333,491.0,5.710000000000001,3.693333333333333,3.693333333333333,3.3200000000000003,1.4100000000000001,60.19999999999999,39.166666666666664,49.666666666666664,3.1533333333333338
23,2016,Q1,6.0,775.0,1.6366666666666667,3.5833333333333335,3.5833333333333335,2.6533333333333333,-0.7433333333333333,50.53333333333334,29.76666666666667,40.13333333333333,-1.16
23,2016,Q2,146.66666666666666,136.0,3.973333333333333,2.1466666666666665,2.1466666666666665,0.66,-0.24666666666666667,77.03333333333332,54.300000000000004,65.63333333333334,-0.48
23,2016,Q3,322.3333333333333,8.666666666666666,5.853333333333333,2.856666666666667,2.856666666666667,2.5433333333333334,1.2233333333333334,85.59999999999998,65.4,75.5,2.3233333333333333
23,2016,Q4,20.333333333333332,546.6666666666666,1.6833333333333336,-0.8300000000000001,1.6766666666666665,0.5266666666666667,-0.7433333333333333,59.333333333333336,37.6,48.5,-1.3866666666666667
23,2017,Q1,6.333333333333333,696.6666666666666,2.11,-1.0133333333333334,-0.9199999999999999,-1.4366666666666665,-0.39666666666666667,53.5,32.4,42.96666666666667,-0.8466666666666667
23,2017,Q2,121.66666666666667,121.0,6.62,2.1599999999999997,2.1599999999999997,2.11,1.0266666666666668,76.66666666666667,54.1,65.36666666666666,2.4266666666666663
23,2017,Q3,278.6666666666667,16.666666666666668,3.186666666666667,1.1033333333333333,1.8099999999999998,1.3299999999999998,-0.4466666666666666,85.1,62.36666666666667,73.76666666666667,-0.16
23,2017,Q4,9.333333333333334,596.0,1.8999999999999997,-1.4633333333333336,-0.8300000000000001,-1.2166666666666668,-0.7466666666666667,57.466666666666676,35.56666666666667,46.5,-1.58
23,2018,Q1,1.0,902.3333333333334,3.436666666666666,-1.2433333333333334,-1.2433333333333334,-0.08666666666666667,0.8433333333333333,46.36666666666667,25.433333333333337,35.86666666666667,1.0266666666666666
23,2018,Q2,206.0,182.66666666666666,3.3033333333333332,-1.32,-1.32,-0.5766666666666667,-0.7466666666666667,77.5,54.5,66.03333333333335,-1.4266666666666667
23,2018,Q3,320.6666666666667,9.333333333333334,3.89,-0.43999999999999995,-1.61,-1.1866666666666665,0.15,86.06666666666666,64.5,75.30000000000001,-0.2833333333333334
23,2018,Q4,5.0,679.0,3.703333333333333,0.7933333333333333,-0.14666666666666664,0.58,0.6933333333333334,53.20000000000001,34.06666666666667,43.6,1.1133333333333333
23,2019,Q1,0.0,934.3333333333334,3.6133333333333333,2.143333333333333,2.143333333333333,2.143333333333333,0.9799999999999999,44.1,25.833333333333332,34.96666666666667,1.8933333333333333
23,2019,Q2,111.0,136.66666666666666,6.506666666666667,3.25,3.25,3.15,0.9700000000000001,75.13333333333334,53.9,64.53333333333335,2.17
23,2019,Q3,333.0,6.0,4.64,4.21,4.21,4.15,0.6333333333333333,86.09999999999998,65.76666666666667,75.89999999999999,1.51
23,2019,Q4,2.3333333333333335,650.3333333333334,3.1799999999999997,4.293333333333333,4.293333333333333,4.206666666666666,0.24666666666666673,55.03333333333333,33.9,44.5,1.1366666666666667
23,2020,Q1,4.333333333333333,792.3333333333334,4.1433333333333335,4.533333333333333,4.533333333333333,4.533333333333333,1.1566666666666667,48.666666666666664,30.46666666666667,39.56666666666667,2.1166666666666667
23,2020,Q2,120.33333333333333,180.0,4.626666666666667,4.223333333333334,4.223333333333334,4.07,0.15000000000000002,74.16666666666667,52.599999999999994,63.4,0.4866666666666666
23,2020,Q3,280.3333333333333,26.333333333333332,3.9266666666666663,3.606666666666667,3.606666666666667,3.4299999999999997,0.11333333333333336,84.13333333333334,62.96666666666667,73.56666666666666,0.5233333333333332
23,2020,Q4,2.3333333333333335,589.6666666666666,2.75,2.65,2.65,2.36,0.010000000000000009,57.833333333333336,35.13333333333333,46.5,0.033333333333333326
23,2021,Q1,5.333333333333333,890.0,3.236666666666667,2.39,2.39,2.25,0.4533333333333333,44.96666666666667,26.933333333333337,35.96666666666667,0.9466666666666667
23,2021,Q2,122.33333333333333,165.66666666666666,4.973333333333334,2.436666666666667,2.436666666666667,2.436666666666667,0.3666666666666667,74.36666666666666,53.199999999999996,63.800000000000004,0.75
23,2021,Q3,317.3333333333333,8.333333333333334,3.393333333333333,2.3433333333333333,2.3433333333333333,2.0433333333333334,-0.17666666666666667,86.13333333333333,64.2,75.2,0.08333333333333326
23,2021,Q4,14.333333333333334,484.3333333333333,3.0666666666666664,1.7566666666666666,1.7566666666666666,1.2133333333333332,0.10666666666666667,61.300000000000004,39.199999999999996,50.23333333333333,0.13
23,2022,Q1,2.3333333333333335,909.0,3.026666666666667,1.5233333333333334,1.5233333333333334,1.0866666666666667,0.54,47.46666666666666,23.900000000000002,35.666666666666664,0.9633333333333333
23,2022,Q2,141.33333333333334,160.33333333333334,4.506666666666667,1.2133333333333332,1.8899999999999997,1.5866666666666667,0.06666666666666665,75.73333333333333,53.699999999999996,64.73333333333333,0.20333333333333328
23,2022,Q3,318.6666666666667,15.0,3.186666666666666,-0.8033333333333333,0.35000000000000003,-0.2966666666666667,-0.3066666666666667,86.83333333333333,63.56666666666667,75.23333333333333,-0.82
23,2022,Q4,4.0,654.3333333333334,2.7000000000000006,-1.4833333333333334,-1.4833333333333334,-1.4833333333333334,0.06333333333333334,55.96666666666667,32.93333333333333,44.46666666666667,-0.7033333333333333
23,2023,Q1,1.0,770.3333333333334,3.5,0.6933333333333334,-0.18666666666666662,0.34333333333333327,0.8666666666666667,50.70000000000001,29.933333333333334,40.3,1.3066666666666666
23,2023,Q2,131.66666666666666,129.66666666666666,2.1599999999999997,-1.5533333333333335,-1.5533333333333335,-1.5533333333333335,-1.5566666666666666,78.16666666666667,52.56666666666666,65.39999999999999,-2.5433333333333334
23,2023,Q3,309.6666666666667,12.333333333333334,4.136666666666667,-1.6233333333333333,-1.6233333333333333,-1.1466666666666667,0.29666666666666663,86.36666666666667,63.53333333333334,74.93333333333334,0.020000000000000018
23,2023,Q4,8.666666666666666,514.3333333333334,2.1366666666666667,-2.4766666666666666,-2.4766666666666666,-2.4766666666666666,-0.35333333333333333,59.83333333333332,38.03333333333334,48.96666666666667,-1.843333333333333
23,2024,Q1,7.666666666666667,755.6666666666666,2.296666666666667,-2.77,-2.77,-2.6166666666666667,-0.27999999999999997,52.199999999999996,29.8,41.0,-1.01
23,2024,Q2,164.66666666666666,100.33333333333333,5.44,0.6200000000000001,-1.8800000000000001,-0.9633333333333333,0.6033333333333334,78.56666666666666,56.36666666666667,67.46666666666665,0.7466666666666666
23,2024,Q3,281.0,15.333333333333334,3.76,0.8133333333333334,0.5433333333333333,0.9933333333333333,0.030000000000000027,84.76666666666667,63.06666666666666,73.93333333333332,0.6033333333333332
23,2024,Q4,16.0,516.6666666666666,3.15,0.04666666666666667,0.04666666666666667,0.04666666666666667,0.20666666666666664,60.699999999999996,37.93333333333333,49.36666666666667,-0.07666666666666666
23,2025,Q1,7.0,874.6666666666666,1.7133333333333336,-0.21333333333333335,-0.21333333333333335,-0.21333333333333335,-0.5566666666666666,48.0,25.566666666666666,36.800000000000004,-0.9733333333333333
23,2025,Q2,127.0,135.66666666666666,6.096666666666667,1.3766666666666667,1.3766666666666667,1.3533333333333333,0.87,75.60000000000001,54.56666666666666,65.10000000000001,1.82
23,2025,Q3,-3083.0,-3330.0,-1.3,-32.306666666666665,-32.306666666666665,-32.64333333333333,-33.75333333333333,25.366666666666664,11.033333333333331,18.2,-33.42666666666667
23,2025,Q4,-9999.0,-9999.0,-9.99,-99.99,-99.99,-99.99,-99.99,-99.90000000000002,-99.90000000000002,-99.90000000000002,-99.99
24,2015,Q1,0.0,998.6666666666666,1.0233333333333334,0.20666666666666667,1.4833333333333334,1.0266666666666666,-0.3566666666666667,41.6,19.133333333333333,30.366666666666664,-0.57
24,2015,Q2,19.333333333333332,445.6666666666667,1.76,-1.2366666666666666,-1.2366666666666666,-1.1566666666666665,-0.61,65.46666666666667,38.699999999999996,52.06666666666666,-1.3733333333333333
24,2015,Q3,56.666666666666664,163.0,1.3933333333333333,-2.0,-2.0,-2.0,0.06666666666666665,78.13333333333334,48.13333333333333,63.13333333333335,-1.0333333333333334
24,2015,Q4,0.0,962.0,1.4500000000000002,-1.9633333333333332,-1.9633333333333332,-1.89,0.37333333333333335,44.23333333333333,23.5,33.86666666666667,-0.16333333333333333
24,2016,Q1,0.6666666666666666,1006.3333333333334,1.0433333333333332,-2.3833333333333333,-2.3833333333333333,-2.3833333333333333,-0.2933333333333334,41.833333333333336,21.099999999999998,31.46666666666667,-1.7666666666666668
24,2016,Q2,14.666666666666666,424.3333333333333,2.32,-2.3666666666666667,-2.3666666666666667,-2.1333333333333333,0.27333333333333326,66.2,39.4,52.800000000000004,-0.5533333333333333
24,2016,Q3,44.666666666666664,200.66666666666666,1.86,-1.3466666666666667,-2.066666666666667,-1.6966666666666665,0.6133333333333334,75.8,47.53333333333333,61.70000000000001,0.39999999999999997
24,2016,Q4,0.0,998.6666666666666,1.8333333333333333,1.6366666666666667,1.6366666666666667,1.0966666666666667,0.82,42.53333333333333,22.533333333333335,32.53333333333334,1.1799999999999997
24,2017,Q1,0.0,1164.3333333333333,1.49,1.57,1.57,1.1933333333333334,0.6766666666666666,35.300000000000004,15.700000000000001,25.466666666666665,1.0233333333333334
24,2017,Q2,9.0,467.3333333333333,1.7966666666666666,0.1166666666666667,0.7933333333333333,0.5099999999999999,-0.3333333333333333,64.93333333333334,38.4,51.666666666666664,-0.9199999999999999
24,2017,Q3,84.0,158.0,0.9666666666666668,-1.95,-3.02,-2.91,-0.89,79.46666666666667,48.699999999999996,64.10000000000001,-2.436666666666667
24,2017,Q4,0.0,1026.3333333333333,1.5566666666666666,0.3,-2.2966666666666664,-1.7300000000000002,0.5066666666666667,41.76666666666667,21.133333333333336,31.46666666666667,0.3166666666666667
24,2018,Q1,0.0,1234.0,1.5733333333333335,0.7833333333333333,-0.53,0.14,0.8433333333333334,30.866666666666664,10.1,20.46666666666667,0.9533333333333333
24,2018,Q2,8.333333333333334,475.6666666666667,2.8633333333333333,1.9133333333333333,1.9133333333333333,1.8866666666666667,0.79,63.166666666666664,38.63333333333333,50.93333333333334,1.2933333333333334
24,2018,Q3,48.666666666666664,197.0,0.9666666666666668,-0.41,1.2466666666666668,0.5366666666666666,-0.5766666666666667,76.0,46.86666666666667,61.43333333333334,-0.7133333333333333
24,2018,Q4,0.0,1006.3333333333334,1.2566666666666668,-0.35000000000000003,0.8533333333333334,-0.006666666666666672,0.04,42.199999999999996,22.366666666666664,32.266666666666666,0.09000000000000001
24,2019,Q1,0.3333333333333333,1326.3333333333333,1.1966666666666665,0.010000000000000018,0.010000000000000018,-0.17666666666666664,-0.12999999999999998,28.966666666666665,7.7,18.333333333333332,-0.04666666666666667
24,2019,Q2,5.0,517.0,2.47,0.86,0.86,0.7966666666666667,0.41333333333333333,61.23333333333333,37.53333333333333,49.4,0.88
24,2019,Q3,43.666666666666664,193.0,2.38,2.1133333333333333,2.1133333333333333,2.1133333333333333,1.1733333333333333,75.06666666666668,48.13333333333333,61.6,2.66
24,2019,Q4,0.0,1060.3333333333333,1.09,3.4433333333333334,3.4433333333333334,3.4433333333333334,-0.27666666666666667,40.166666666666664,20.2,30.166666666666668,1.18
24,2020,Q1,0.0,1120.6666666666667,1.1199999999999999,3.49,3.49,3.49,-0.12333333333333335,37.03333333333334,16.666666666666668,26.866666666666664,1.3499999999999999
24,2020,Q2,7.0,523.3333333333334,2.3533333333333335,3.1466666666666665,3.1466666666666665,3.14,0.003333333333333336,61.96666666666667,36.800000000000004,49.4,0.5966666666666667
24,2020,Q3,60.333333333333336,156.33333333333334,0.8300000000000001,0.3766666666666667,2.0533333333333332,1.2333333333333336,-0.8033333333333333,79.03333333333335,47.56666666666666,63.333333333333336,-1.0866666666666667
24,2020,Q4,0.0,966.3333333333334,1.3266666666666667,-0.23666666666666666,1.6866666666666668,1.0,0.07666666666666666,44.300000000000004,22.8,33.53333333333333,0.5433333333333334
24,2021,Q1,0.3333333333333333,1160.6666666666667,0.9066666666666666,-1.0966666666666667,-0.11999999999999995,-1.0433333333333332,-0.8099999999999999,36.233333333333334,14.799999999999999,25.5,-1.3766666666666667
24,2021,Q2,23.0,479.6666666666667,1.4366666666666665,-2.283333333333333,-2.283333333333333,-2.21,-0.9966666666666666,65.3,37.6,51.46666666666666,-2.0833333333333335
24,2021,Q3,90.33333333333333,142.66666666666666,1.0433333333333332,-4.52,-4.52,-4.52,-0.6066666666666667,80.6,49.76666666666666,65.16666666666667,-2.9333333333333336
24,2021,Q4,0.0,951.3333333333334,1.3833333333333335,-4.466666666666667,-4.466666666666667,-4.46,0.25,44.76666666666666,22.633333333333336,33.733333333333334,-0.8833333333333333
24,2022,Q1,0.0,1136.0,0.9266666666666666,-4.996666666666666,-4.996666666666666,-4.996666666666666,-0.5866666666666667,37.46666666666667,15.166666666666666,26.333333333333332,-2.6133333333333337
24,2022,Q2,5.333333333333333,592.3333333333334,2.4033333333333338,-4.123333333333334,-4.123333333333334,-3.61,0.29,59.43333333333334,35.333333333333336,47.4,0.41333333333333333
24,2022,Q3,99.0,106.0,1.2466666666666668,-3.4,-3.4,-3.043333333333333,-0.15333333333333335,82.10000000000001,50.73333333333333,66.43333333333332,-1.1166666666666665
24,2022,Q4,0.0,1106.0,1.5166666666666668,-2.983333333333334,-2.983333333333334,-2.84,0.48333333333333334,38.26666666666667,17.966666666666665,28.13333333333333,0.03333333333333333
24,2023,Q1,0.0,1232.6666666666667,1.0266666666666666,-2.9466666666666668,-2.9466666666666668,-2.9466666666666668,-0.3433333333333333,32.9,13.433333333333335,23.166666666666668,-1.18
24,2023,Q2,10.333333333333334,457.6666666666667,2.64,-2.4933333333333336,-2.4933333333333336,-2.256666666666667,0.2866666666666667,64.23333333333333,39.63333333333333,51.96666666666667,0.15000000000000005
24,2023,Q3,68.0,147.0,1.42,-1.8866666666666667,-1.8866666666666667,-1.54,0.05999999999999998,78.66666666666667,49.76666666666667,64.23333333333333,-0.39000000000000007
24,2023,Q4,0.0,897.3333333333334,1.05,-1.54,-1.54,-1.1066666666666667,-0.41,46.5,25.566666666666666,36.03333333333333,-0.7333333333333334
24,2024,Q1,0.0,1158.6666666666667,1.1466666666666667,-2.5033333333333334,-2.5033333333333334,-2.5033333333333334,-0.053333333333333344,35.766666666666666,15.299999999999999,25.566666666666666,-1.38
24,2024,Q2,6.666666666666667,503.6666666666667,2.24,-2.3466666666666667,-2.3466666666666667,-1.8933333333333333,-0.0833333333333333,63.300000000000004,37.49999999999999,50.43333333333334,-0.3099999999999999
24,2024,Q3,79.66666666666667,124.0,1.3866666666666667,-2.533333333333333,-2.533333333333333,-2.533333333333333,0.02999999999999999,80.73333333333333,50.1,65.43333333333334,-1.02
24,2024,Q4,0.0,885.6666666666666,0.9066666666666666,-3.073333333333333,-3.073333333333333,-3.073333333333333,-0.5866666666666667,46.800000000000004,24.96666666666667,35.9,-1.54
24,2025,Q1,0.0,1206.6666666666667,1.2333333333333334,-3.48,-3.48,-3.48,0.16333333333333333,33.300000000000004,13.233333333333334,23.266666666666666,-1.6633333333333333
24,2025,Q2,9.0,454.3333333333333,1.9133333333333333,-3.86,-3.86,-3.86,-0.2833333333333333,65.43333333333334,38.36666666666667,51.93333333333334,-1.5333333333333332
24,2025,Q3,-3277.3333333333335,-3276.3333333333335,-2.0366666666666666,-35.73333333333333,-35.73333333333333,-35.699999999999996,-32.81666666666666,20.8,1.3666666666666647,11.099999999999994,-33.5
24,2025,Q4,-9999.0,-9999.0,-9.99,-99.99,-99.99,-99.99,-99.99,-99.90000000000002,-99.90000000000002,-99.90000000000002,-99.99
25,2015,Q1,1.6666666666666667,1018.0,0.37666666666666665,1.61,1.61,0.9966666666666667,-1.1466666666666667,45.833333333333336,18.3,32.06666666666666,-0.9666666666666667
25,2015,Q2,84.33333333333333,217.33333333333334,4.42,1.7733333333333332,1.7733333333333332,1.3233333333333333,0.9466666666666667,70.83333333333333,46.9,58.833333333333336,2.0666666666666664
25,2015,Q3,231.33333333333334,25.666666666666668,2.9,3.3433333333333333,3.3433333333333333,3.3433333333333333,0.36000000000000004,83.93333333333332,57.96666666666666,70.93333333333332,1.8699999999999999
25,2015,Q4,4.333333333333333,665.6666666666666,1.6566666666666665,3.72,3.72,3.72,1.1300000000000001,52.800000000000004,29.933333333333334,41.36666666666667,1.9566666666666668
25,2016,Q1,3.6666666666666665,911.3333333333334,0.7833333333333332,3.8266666666666667,3.8266666666666667,3.7466666666666666,0.14,46.76666666666667,23.166666666666668,34.96666666666667,0.3566666666666667
25,2016,Q2,124.66666666666667,205.66666666666666,3.9299999999999997,4.796666666666667,4.796666666666667,4.489999999999999,0.5633333333333334,73.13333333333334,47.13333333333333,60.133333333333326,2.03
25,2016,Q3,237.66666666666666,32.0,2.776666666666666,3.8699999999999997,3.8699999999999997,3.5866666666666664,0.22333333333333336,82.93333333333334,57.666666666666664,70.33333333333333,0.7600000000000001
25,2016,Q4,4.666666666666667,703.3333333333334,0.9466666666666667,2.4933333333333336,2.4933333333333336,1.7133333333333332,0.23666666666666666,54.43333333333334,27.833333333333332,41.166666666666664,-0.4166666666666667
25,2017,Q1,0.3333333333333333,909.0,1.0933333333333335,2.066666666666667,2.066666666666667,1.4766666666666666,0.7733333333333334,45.800000000000004,22.399999999999995,34.13333333333333,0.14333333333333328
25,2017,Q2,102.33333333333333,218.0,2.933333333333333,1.5533333333333335,1.5533333333333335,0.7866666666666666,-0.25,72.26666666666667,46.03333333333333,59.13333333333333,-0.22000000000000006
25,2017,Q3,229.33333333333334,37.333333333333336,3.223333333333333,1.33,1.33,0.5666666666666667,0.6966666666666667,83.56666666666666,56.93333333333334,70.26666666666667,1.2033333333333334
25,2017,Q4,2.0,771.3333333333334,1.1966666666666665,2.146666666666667,2.146666666666667,1.6933333333333334,0.033333333333333305,51.76666666666667,26.533333333333335,39.13333333333333,0.6
25,2018,Q1,0.0,1112.0,0.8433333333333334,1.5766666666666669,1.5766666666666669,1.0,0.3466666666666667,39.333333333333336,16.166666666666668,27.733333333333334,0.13
25,2018,Q2,147.33333333333334,264.6666666666667,3.823333333333333,1.5566666666666666,1.5566666666666666,1.2033333333333334,0.4566666666666666,71.8,46.333333333333336,59.06666666666666,1.0799999999999998
25,2018,Q3,224.66666666666666,33.666666666666664,3.28,3.2300000000000004,3.2300000000000004,3.2300000000000004,0.5966666666666667,82.0,57.9,69.96666666666665,2.2533333333333334
25,2018,Q4,0.0,861.6666666666666,1.7933333333333332,4.43,4.43,4.43,1.21,47.36666666666667,25.066666666666666,36.26666666666667,2.9299999999999997
25,2019,Q1,0.0,1192.6666666666667,1.2633333333333334,5.136666666666667,5.136666666666667,5.136666666666667,0.38333333333333336,35.3,14.9,25.133333333333336,2.3066666666666666
25,2019,Q2,76.33333333333333,244.0,4.026666666666666,6.343333333333334,6.343333333333334,6.343333333333334,0.5833333333333334,69.33333333333333,44.43333333333334,56.9,2.563333333333333
25,2019,Q3,266.3333333333333,19.666666666666668,3.933333333333333,7.916666666666667,7.916666666666667,7.916666666666667,1.2666666666666666,83.26666666666667,59.56666666666666,71.39999999999999,3.796666666666667
25,2019,Q4,0.0,831.3333333333334,1.2333333333333332,7.669999999999999,7.669999999999999,7.669999999999999,0.6233333333333333,48.46666666666666,24.633333333333336,36.53333333333334,1.9000000000000001
25,2020,Q1,1.6666666666666667,969.0,0.9166666666666666,6.813333333333333,6.813333333333333,6.813333333333333,0.0666666666666667,43.866666666666674,21.433333333333334,32.63333333333333,1.2166666666666666
25,2020,Q2,121.0,256.3333333333333,2.4466666666666668,5.26,5.26,4.876666666666667,-0.67,72.36666666666667,45.20000000000001,58.800000000000004,-0.25666666666666665
25,2020,Q3,241.66666666666666,46.333333333333336,2.0233333333333334,0.89,3.646666666666667,2.75,-0.7366666666666667,84.5,56.79999999999999,70.66666666666667,-0.6066666666666668
25,2020,Q4,0.0,744.6666666666666,0.6933333333333334,-1.5566666666666666,1.5966666666666667,-0.5033333333333333,-0.16000000000000003,53.73333333333333,26.5,40.1,-0.6566666666666666
25,2021,Q1,3.3333333333333335,1052.0,1.7966666666666669,-0.4766666666666668,1.4033333333333333,-0.24,1.0366666666666668,39.96666666666667,19.0,29.46666666666667,1.1866666666666668
25,2021,Q2,114.66666666666667,226.66666666666666,2.39,-0.41333333333333333,1.2866666666666666,0.08666666666666671,-0.6366666666666666,72.5,45.93333333333334,59.199999999999996,-0.9633333333333334
25,2021,Q3,269.3333333333333,23.333333333333332,2.48,-1.1066666666666667,-1.1066666666666667,-1.0933333333333335,-0.009999999999999995,86.03333333333335,58.6,72.3,-0.58
25,2021,Q4,3.6666666666666665,639.6666666666666,0.8666666666666667,-1.28,-1.28,-1.0599999999999998,-0.24666666666666667,56.699999999999996,29.63333333333333,43.20000000000001,-0.8133333333333335
25,2022,Q1,0.0,1037.3333333333333,0.41,-2.3499999999999996,-2.3499999999999996,-2.3499999999999996,-0.94,44.4,16.066666666666666,30.2,-1.7933333333333332
25,2022,Q2,110.66666666666667,232.33333333333334,2.356666666666667,-3.5,-3.5,-3.5,-0.6833333333333332,72.99999999999999,44.79999999999999,58.900000000000006,-2.28
25,2022,Q3,282.6666666666667,22.333333333333332,1.8133333333333332,-5.22,-5.22,-5.22,-0.82,87.5,58.46666666666667,73.0,-3.0566666666666666
25,2022,Q4,1.6666666666666667,842.3333333333334,0.6266666666666667,-5.55,-5.55,-5.4799999999999995,-0.2933333333333334,49.96666666666666,23.0,36.50000000000001,-1.0099999999999998
25,2023,Q1,0.0,1044.6666666666667,0.9866666666666667,-3.5766666666666667,-3.5766666666666667,-2.6666666666666665,0.66,38.63333333333333,18.166666666666668,28.433333333333337,0.19333333333333336
25,2023,Q2,119.66666666666667,195.0,2.856666666666667,-4.033333333333333,-4.033333333333333,-4.033333333333333,-0.34,73.76666666666667,46.13333333333333,60.0,-1.5566666666666666
25,2023,Q3,257.6666666666667,23.0,3.046666666666667,-0.04000000000000001,-2.9933333333333336,-2.64,0.44,84.86666666666666,57.73333333333334,71.26666666666667,0.016666666666666646
25,2023,Q4,2.6666666666666665,670.0,1.3800000000000001,0.5266666666666667,-1.7933333333333332,-0.8533333333333334,0.6733333333333333,54.73333333333333,29.333333333333332,42.03333333333333,0.6766666666666666
25,2024,Q1,4.333333333333333,949.3333333333334,0.9099999999999998,-0.006666666666666672,-1.3133333333333332,-0.3566666666666667,0.5,44.70000000000001,20.933333333333334,32.833333333333336,-0.4066666666666667
25,2024,Q2,114.33333333333333,191.33333333333334,3.7900000000000005,0.5266666666666667,-0.32333333333333336,0.39333333333333337,0.5633333333333334,73.5,47.166666666666664,60.333333333333336,0.7133333333333334
25,2024,Q3,246.66666666666666,23.333333333333332,1.7933333333333332,-0.2833333333333333,-0.2833333333333333,-0.06333333333333331,-0.9400000000000001,85.56666666666666,57.9,71.7,-1.25
25,2024,Q4,8.333333333333334,654.0,0.9733333333333333,-1.5199999999999998,-1.5199999999999998,-1.04,-0.04999999999999997,56.4,29.633333333333336,43.0,-0.43333333333333335
25,2025,Q1,3.6666666666666665,1041.6666666666667,0.6066666666666667,-1.76,-1.76,-1.6766666666666667,-0.36999999999999994,42.53333333333334,16.400000000000002,29.46666666666667,-1.2866666666666668
25,2025,Q2,106.66666666666667,208.66666666666666,3.44,-2.5533333333333332,-2.5533333333333332,-2.3466666666666667,0.14666666666666664,73.23333333333333,46.20000000000001,59.73333333333333,-0.6266666666666667
25,2025,Q3,-3129.0,-3325.6666666666665,-0.8399999999999999,-34.01333333333333,-34.01333333333333,-32.98,-32.836666666666666,23.766666666666662,7.8666666666666645,15.800000000000002,-32.56333333333333
25,2025,Q4,-9999.0,-9999.0,-9.99,-99.99,-99.99,-99.99,-99.99,-99.90000000000002,-99.90000000000002,-99.90000000000002,-99.99
26,2015,Q1,21.666666666666668,407.0,0.48666666666666664,-4.833333333333333,-4.833333333333333,-4.833333333333333,-1.01,55.53333333333334,29.933333333333334,42.699999999999996,-3.5066666666666664
26,2015,Q2,225.33333333333334,126.66666666666667,1.1233333333333333,-5.773333333333333,-5.773333333333333,-5.706666666666667,0.47333333333333333,72.33333333333333,43.800000000000004,58.06666666666666,-2.1166666666666667
26,2015,Q3,473.6666666666667,10.666666666666666,0.6833333333333332,-5.523333333333333,-5.523333333333333,-5.523333333333333,0.5166666666666667,85.03333333333333,54.56666666666666,69.83333333333334,-1.0666666666666667
26,2015,Q4,43.666666666666664,481.0,1.4866666666666666,1.1133333333333333,-3.2533333333333334,-1.8433333333333335,1.0233333333333334,52.199999999999996,29.733333333333334,40.96666666666666,1.6033333333333335
26,2016,Q1,10.333333333333334,506.0,1.07,0.31333333333333335,-1.7033333333333334,0.38333333333333336,-0.013333333333333322,49.1,26.366666666666664,37.766666666666666,0.05333333333333342
26,2016,Q2,233.66666666666666,119.66666666666667,1.0033333333333334,-0.22333333333333336,-1.1966666666666665,0.5866666666666666,0.48666666666666664,72.36666666666666,44.23333333333333,58.300000000000004,0.20333333333333328
26,2016,Q3,464.6666666666667,14.0,0.37666666666666665,-1.2033333333333331,-1.9066666666666665,-0.9366666666666666,-0.35000000000000003,85.66666666666667,53.03333333333334,69.36666666666667,-1.1966666666666665
26,2016,Q4,42.333333333333336,422.0,1.2666666666666666,-0.39000000000000007,-1.2866666666666668,-0.12000000000000004,0.5766666666666667,54.56666666666666,30.033333333333335,42.300000000000004,0.5599999999999999
26,2017,Q1,13.333333333333334,522.3333333333334,1.8499999999999999,2.53,2.53,2.4766666666666666,1.0033333333333334,47.9,27.3,37.63333333333333,2.25
26,2017,Q2,237.66666666666666,121.66666666666667,0.7266666666666667,2.2833333333333337,2.2833333333333337,2.27,0.01999999999999999,72.13333333333333,43.1,57.6,0.53
26,2017,Q3,482.3333333333333,13.0,0.7333333333333334,1.8733333333333333,1.8733333333333333,1.7633333333333334,0.59,85.66666666666667,55.23333333333333,70.43333333333332,0.3366666666666667
26,2017,Q4,37.333333333333336,376.6666666666667,0.41333333333333333,-1.0866666666666667,0.020000000000000018,-0.75,-0.89,57.06666666666666,29.366666666666664,43.199999999999996,-1.92
26,2018,Q1,5.333333333333333,529.0,1.0,-2.52,-2.52,-2.436666666666667,-0.09000000000000001,49.06666666666666,25.366666666666664,37.233333333333334,-1.3566666666666665
26,2018,Q2,249.66666666666666,101.66666666666667,0.8233333333333333,-3.0366666666666666,-3.0366666666666666,-3.0366666666666666,-0.02666666666666669,73.13333333333333,43.9,58.5,-2.1966666666666668
26,2018,Q3,539.0,10.333333333333334,0.32,-4.543333333333333,-4.543333333333333,-4.543333333333333,-1.0899999999999999,88.09999999999998,55.4,71.73333333333333,-2.353333333333333
26,2018,Q4,23.0,455.6666666666667,0.9466666666666667,0.16333333333333336,-3.776666666666667,-3.453333333333333,0.22333333333333336,52.53333333333333,28.566666666666666,40.56666666666666,0.07333333333333335
26,2019,Q1,3.0,624.0,1.9433333333333334,1.2300000000000002,-0.7666666666666665,-0.02333333333333328,1.2466666666666668,44.63333333333333,24.8,34.73333333333333,2.35
26,2019,Q2,173.66666666666666,142.33333333333334,1.39,3.53,3.53,3.53,0.7766666666666665,68.76666666666667,42.06666666666666,55.366666666666674,3.096666666666667
26,2019,Q3,479.6666666666667,17.666666666666668,0.4166666666666667,1.4800000000000002,4.203333333333333,3.9966666666666666,-0.3133333333333333,85.0,53.4,69.19999999999999,0.7600000000000001
26,2019,Q4,14.333333333333334,472.6666666666667,0.8533333333333334,-0.36000000000000004,2.763333333333333,2.063333333333333,-0.0866666666666666,52.833333333333336,27.5,40.2,-0.2233333333333333
26,2020,Q1,2.3333333333333335,558.0,0.7766666666666667,-0.9633333333333333,1.2933333333333332,-0.21,-0.45333333333333337,49.199999999999996,25.46666666666667,37.36666666666667,-1.1733333333333333
26,2020,Q2,223.33333333333334,114.66666666666667,0.6233333333333334,-2.07,-2.07,-2.07,-0.17999999999999997,72.3,42.833333333333336,57.53333333333333,-2.0033333333333334
26,2020,Q3,548.3333333333334,6.0,0.09666666666666668,-3.9233333333333333,-3.9233333333333333,-3.9233333333333333,-1.7533333333333332,88.93333333333332,55.26666666666667,72.13333333333334,-2.7733333333333334
26,2020,Q4,55.333333333333336,412.6666666666667,0.4566666666666667,-4.6933333333333325,-4.6933333333333325,-4.6933333333333325,-0.8133333333333335,56.76666666666666,28.666666666666668,42.73333333333333,-1.6633333333333333
26,2021,Q1,2.0,576.0,0.89,-4.343333333333334,-4.343333333333334,-4.343333333333334,-0.16666666666666666,47.699999999999996,24.599999999999998,36.16666666666667,-0.98
26,2021,Q2,279.0,99.0,0.42333333333333334,-5.079999999999999,-5.079999999999999,-5.079999999999999,-0.7400000000000001,75.03333333333335,44.29999999999999,59.699999999999996,-3.0766666666666667
26,2021,Q3,527.6666666666666,9.333333333333334,0.45,-6.023333333333333,-6.023333333333333,-6.023333333333333,-0.08666666666666667,87.8,55.96666666666666,71.89999999999999,-1.9600000000000002
26,2021,Q4,23.0,410.3333333333333,1.43,-4.076666666666667,-4.076666666666667,-3.0433333333333334,0.58,54.36666666666667,30.433333333333334,42.400000000000006,1.1066666666666667
26,2022,Q1,5.0,547.0,0.33666666666666667,-4.183333333333334,-4.183333333333334,-4.0200000000000005,-1.6300000000000001,50.333333333333336,24.366666666666664,37.36666666666667,-2.3366666666666664
26,2022,Q2,221.66666666666666,131.0,0.39666666666666667,-5.2,-5.2,-5.2,-0.7766666666666667,71.3,41.199999999999996,56.23333333333333,-2.81
26,2022,Q3,527.3333333333334,4.666666666666667,0.94,-1.5933333333333337,-5.1033333333333335,-4.513333333333334,0.8366666666666668,88.03333333333335,57.5,72.76666666666667,-0.13
26,2022,Q4,41.666666666666664,484.6666666666667,1.1533333333333333,0.5833333333333334,-3.436666666666667,-2.4499999999999997,0.42,52.6,27.633333333333336,40.1,0.7400000000000001
26,2023,Q1,0.0,694.3333333333334,1.8499999999999999,3.223333333333333,2.1466666666666665,3.1966666666666668,1.0433333333333332,41.03333333333333,21.433333333333334,31.2,3.606666666666667
26,2023,Q2,168.66666666666666,132.0,0.8099999999999999,3.9066666666666663,3.9066666666666663,3.7699999999999996,-0.036666666666666625,69.13333333333334,41.46666666666667,55.26666666666667,1.2866666666666666
26,2023,Q3,477.6666666666667,14.333333333333334,1.11,5.14,5.14,5.14,0.7600000000000001,84.96666666666667,54.6,69.76666666666667,2.823333333333333
26,2023,Q4,35.666666666666664,392.3333333333333,0.5166666666666667,2.1033333333333335,3.813333333333333,2.776666666666667,-0.59,56.03333333333333,30.63333333333333,43.300000000000004,-1.5633333333333332
26,2024,Q1,2.3333333333333335,566.3333333333334,1.6866666666666668,2.7600000000000002,2.7600000000000002,1.5933333333333335,0.96,46.96666666666667,26.733333333333334,36.833333333333336,1.03
26,2024,Q2,253.66666666666666,122.0,0.4266666666666667,1.47,1.47,-0.10333333333333335,-0.7133333333333333,73.2,43.13333333333333,58.166666666666664,-1.59
26,2024,Q3,561.6666666666666,9.0,0.3633333333333333,-2.4933333333333336,-2.4933333333333336,-2.4933333333333336,-0.2866666666666667,88.10000000000001,55.46666666666667,71.80000000000001,-1.8166666666666667
26,2024,Q4,63.333333333333336,399.3333333333333,0.6766666666666666,-2.9333333333333336,-2.9333333333333336,-2.9333333333333336,-0.26,56.9,30.466666666666665,43.666666666666664,-1.1333333333333333
26,2025,Q1,7.0,537.3333333333334,0.9366666666666666,-3.3266666666666667,-3.3266666666666667,-3.3266666666666667,-0.23000000000000007,49.26666666666667,25.133333333333336,37.23333333333333,-1.2
26,2025,Q2,246.33333333333334,105.66666666666667,0.47000000000000003,-4.133333333333333,-4.133333333333333,-4.133333333333333,-0.6766666666666666,74.03333333333335,43.63333333333333,58.833333333333336,-2.8733333333333335
26,2025,Q3,-2950.3333333333335,-3332.0,-3.0100000000000002,-36.876666666666665,-36.876666666666665,-36.876666666666665,-33.46333333333333,26.23333333333333,4.666666666666667,15.433333333333328,-34.57
26,2025,Q4,-9999.0,-9999.0,-9.99,-99.99,-99.99,-99.99,-99.99,-99.90000000000002,-99.90000000000002,-99.90000000000002,-99.99
27,2015,Q1,0.0,1426.0,2.473333333333333,-0.43,0.6833333333333332,0.49333333333333323,-0.5166666666666666,27.133333333333336,3.9,15.5,-1.05
27,2015,Q2,12.0,331.6666666666667,4.03,-0.7200000000000001,-1.3633333333333333,-0.7633333333333333,-0.0033333333333334103,65.43333333333334,41.03333333333333,53.23333333333333,-0.07333333333333354
27,2015,Q3,98.66666666666667,43.333333333333336,4.22,1.0433333333333332,-0.04666666666666671,0.9666666666666667,0.2366666666666667,77.63333333333334,53.86666666666667,65.73333333333333,0.2066666666666667
27,2015,Q4,0.0,732.0,3.9466666666666668,0.1333333333333333,0.1333333333333333,0.3833333333333333,0.14666666666666664,49.699999999999996,30.333333333333332,40.00000000000001,0.12333333333333345
27,2016,Q1,0.0,1065.3333333333333,3.383333333333333,0.02999999999999999,0.02999999999999999,0.3,0.18666666666666662,37.73333333333333,18.066666666666666,27.900000000000002,0.2200000000000001
27,2016,Q2,15.333333333333334,355.3333333333333,2.6166666666666667,-1.11,-1.11,-1.11,-0.7000000000000001,65.16666666666667,39.86666666666667,52.53333333333333,-1.6366666666666667
27,2016,Q3,110.33333333333333,51.0,3.2466666666666666,-2.0566666666666666,-2.0566666666666666,-2.0566666666666666,-0.33,77.96666666666667,53.46666666666667,65.73333333333333,-1.51
27,2016,Q4,0.0,835.3333333333334,3.9433333333333334,-1.5799999999999998,-2.38,-2.2399999999999998,0.16333333333333336,46.13333333333333,27.433333333333334,36.76666666666667,-0.42333333333333334
27,2017,Q1,0.0,1129.6666666666667,3.016666666666666,-0.17333333333333334,-1.956666666666667,-1.75,-0.016666666666666663,35.199999999999996,16.6,25.900000000000002,-0.26
27,2017,Q2,12.333333333333334,327.6666666666667,5.423333333333335,0.9566666666666667,0.41333333333333333,0.5499999999999999,1.0166666666666666,64.56666666666666,42.4,53.53333333333333,1.7066666666666668
27,2017,Q3,71.33333333333333,61.0,3.503333333333334,1.23,1.23,0.9533333333333333,-0.13,75.66666666666667,52.833333333333336,64.26666666666667,-0.30000000000000004
27,2017,Q4,0.0,848.3333333333334,4.446666666666667,0.1433333333333333,1.2899999999999998,0.4766666666666666,0.14,45.63333333333333,26.399999999999995,36.03333333333333,0.40666666666666657
27,2018,Q1,0.0,1153.3333333333333,3.4433333333333334,0.35333333333333333,1.0166666666666666,0.23666666666666666,0.2833333333333334,34.733333333333334,15.700000000000001,25.2,0.27666666666666667
27,2018,Q2,13.666666666666666,360.0,3.3533333333333335,-0.4633333333333334,-0.2866666666666666,-0.3933333333333333,-0.19999999999999996,64.39999999999999,40.1,52.23333333333333,-0.6466666666666666
27,2018,Q3,133.33333333333334,42.333333333333336,5.206666666666667,0.6966666666666667,0.33666666666666667,0.48333333333333334,0.9166666666666666,77.49999999999999,56.0,66.73333333333333,1.17
27,2018,Q4,0.0,919.6666666666666,5.263333333333333,2.3633333333333333,2.3633333333333333,2.3066666666666666,0.81,41.53333333333334,25.700000000000003,33.63333333333333,2.0833333333333335
27,2019,Q1,0.0,1231.6666666666667,3.356666666666667,2.5766666666666667,2.5766666666666667,2.206666666666667,0.07333333333333325,32.5,11.700000000000001,22.133333333333336,0.07666666666666666
27,2019,Q2,8.666666666666666,371.0,5.19,2.6733333333333333,2.6733333333333333,2.6733333333333333,0.9733333333333333,62.633333333333326,40.86666666666667,51.76666666666666,1.8566666666666667
27,2019,Q3,101.33333333333333,80.0,3.3466666666666662,2.063333333333333,2.063333333333333,1.5566666666666666,-0.24333333333333332,76.66666666666666,52.166666666666664,64.39999999999999,-0.65
27,2019,Q4,0.0,892.3333333333334,4.8566666666666665,1.9966666666666668,1.9966666666666668,1.8366666666666667,0.6566666666666667,43.46666666666666,25.933333333333334,34.7,1.2133333333333332
27,2020,Q1,0.0,1065.0,3.0566666666666666,1.5733333333333333,1.5733333333333333,1.1966666666666665,0.01999999999999999,37.43333333333333,18.266666666666666,27.866666666666664,-0.29
27,2020,Q2,19.666666666666668,368.3333333333333,3.3266666666666667,0.07666666666666666,0.6133333333333333,0.37666666666666665,-0.19999999999999998,64.13333333333333,40.46666666666667,52.333333333333336,-0.5400000000000001
27,2020,Q3,119.33333333333333,67.0,2.983333333333333,-1.7466666666666668,-1.7466666666666668,-1.7433333333333334,-0.5966666666666667,77.2,53.6,65.36666666666666,-1.8133333333333332
27,2020,Q4,0.0,801.6666666666666,4.566666666666666,-1.8233333333333335,-1.8233333333333335,-1.3499999999999999,0.48,47.300000000000004,28.400000000000002,37.833333333333336,0.4266666666666667
27,2021,Q1,0.0,1140.0,2.2133333333333334,-1.9166666666666667,-1.9166666666666667,-1.82,-0.71,34.9,15.733333333333334,25.333333333333332,-1.3433333333333335
27,2021,Q2,32.333333333333336,305.6666666666667,3.0500000000000003,-2.4166666666666665,-2.4166666666666665,-2.403333333333333,-0.41,67.0,42.76666666666667,54.86666666666667,-1.3399999999999999
27,2021,Q3,94.66666666666667,56.666666666666664,6.303333333333334,2.59,2.59,2.53,1.1166666666666667,74.86666666666666,55.23333333333333,65.10000000000001,3.056666666666667
27,2021,Q4,0.0,760.3333333333334,3.7600000000000002,0.5533333333333333,2.0966666666666667,1.5766666666666669,0.013333333333333327,47.73333333333333,30.23333333333333,38.96666666666667,-0.1333333333333334
27,2022,Q1,0.0,1199.0,3.1733333333333333,-0.48,1.2866666666666668,0.3233333333333333,0.06999999999999997,34.333333333333336,12.5,23.400000000000002,0.05999999999999998
27,2022,Q2,13.666666666666666,316.3333333333333,3.443333333333333,-0.54,0.35666666666666663,-0.24000000000000002,-0.08000000000000002,65.76666666666667,41.96666666666667,53.866666666666674,-0.7200000000000001
27,2022,Q3,126.66666666666667,67.0,4.3933333333333335,-0.6266666666666668,-1.04,-0.6933333333333334,0.32,76.96666666666665,54.166666666666664,65.56666666666666,-0.08
27,2022,Q4,0.0,772.6666666666666,4.39,0.56,-0.13999999999999999,0.3933333333333333,0.47,49.06666666666667,28.53333333333333,38.833333333333336,0.5966666666666667
27,2023,Q1,0.0,1045.6666666666667,3.4899999999999998,0.15999999999999995,1.1533333333333333,0.45,0.07666666666666665,37.13333333333333,20.0,28.5,0.14666666666666664
27,2023,Q2,9.0,332.0,4.663333333333333,0.12000000000000004,0.12000000000000004,-0.10666666666666669,0.5666666666666667,64.89999999999999,41.599999999999994,53.26666666666667,0.8666666666666667
27,2023,Q3,104.66666666666667,55.0,6.426666666666667,3.5866666666666664,3.5866666666666664,3.5866666666666664,1.4066666666666665,75.46666666666667,55.666666666666664,65.56666666666666,3.5733333333333337
27,2023,Q4,0.0,745.6666666666666,4.1866666666666665,3.0533333333333332,3.0533333333333332,2.7466666666666666,0.27666666666666667,47.73333333333333,31.166666666666668,39.46666666666667,0.48333333333333334
27,2024,Q1,0.0,1035.0,4.69,3.34,3.34,2.9,0.33999999999999986,37.63333333333333,20.6,29.099999999999998,1.5333333333333332
27,2024,Q2,33.333333333333336,291.0,3.5566666666666666,-0.5266666666666667,2.596666666666667,1.8333333333333333,-0.016666666666666666,66.60000000000001,44.13333333333333,55.36666666666667,-0.8166666666666665
27,2024,Q3,119.0,62.333333333333336,4.0200000000000005,0.06666666666666665,1.9633333333333332,1.1533333333333333,0.18666666666666668,76.73333333333333,54.800000000000004,65.76666666666667,0.12666666666666662
27,2024,Q4,0.0,807.3333333333334,2.9766666666666666,-1.82,-1.82,-1.6766666666666667,-0.44333333333333336,47.53333333333333,27.8,37.666666666666664,-1.55
27,2025,Q1,0.0,1189.6666666666667,2.78,-0.6933333333333332,-2.02,-1.836666666666667,-0.3433333333333333,33.53333333333333,14.066666666666668,23.8,-0.5966666666666667
27,2025,Q2,22.333333333333332,314.3333333333333,5.036666666666666,0.35333333333333344,0.25000000000000006,0.2066666666666667,0.7133333333333333,64.89999999999999,43.36666666666667,54.13333333333333,1.0599999999999998
27,2025,Q3,-3234.3333333333335,-3316.6666666666665,-2.0933333333333333,-34.38666666666666,-34.38666666666666,-34.38666666666666,-34.64666666666667,20.266666666666662,3.5333333333333314,11.899999999999997,-35.486666666666665
27,2025,Q4,-9999.0,-9999.0,-9.99,-99.99,-99.99,-99.99,-99.99,-99.90000000000002,-99.90000000000002,-99.90000000000002,-99.99
28,2015,Q1,0.0,1104.3333333333333,3.72,0.6966666666666667,0.6966666666666667,0.6966666666666667,0.21333333333333335,38.13333333333333,19.233333333333334,28.7,0.4166666666666667
28,2015,Q2,81.0,164.33333333333334,4.0,-0.18000000000000002,-0.18000000000000002,-0.18000000000000002,-0.13666666666666671,73.66666666666667,51.56666666666666,62.633333333333326,-0.10666666666666647
28,2015,Q3,252.0,3.6666666666666665,3.1799999999999997,-0.75,-0.29,-0.4066666666666667,-0.5366666666666666,84.1,62.666666666666664,73.39999999999999,-1.2866666666666666
28,2015,Q4,2.3333333333333335,456.0,3.72,-1.33,-1.33,-1.2100000000000002,0.17,60.366666666666674,41.06666666666667,50.73333333333333,-0.6
28,2016,Q1,0.0,819.3333333333334,3.046666666666667,-1.2433333333333334,-1.2433333333333334,-0.8966666666666666,-0.22,48.166666666666664,28.133333333333336,38.13333333333333,-0.6533333333333333
28,2016,Q2,62.0,206.33333333333334,3.15,-1.9400000000000002,-1.9400000000000002,-1.8,-0.44333333333333336,71.66666666666667,49.36666666666667,60.5,-0.9233333333333333
28,2016,Q3,288.6666666666667,5.666666666666667,4.166666666666667,-1.8,-1.8,-1.5,-0.06666666666666665,85.10000000000001,64.13333333333334,74.60000000000001,-0.6666666666666666
28,2016,Q4,2.3333333333333335,582.6666666666666,2.8333333333333335,-2.78,-2.78,-2.78,-0.31666666666666665,56.5,36.63333333333333,46.56666666666666,-1.55
28,2017,Q1,0.0,816.3333333333334,3.1366666666666667,-2.7999999999999994,-2.7999999999999994,-2.6999999999999997,-0.24333333333333332,47.46666666666667,29.53333333333333,38.5,-0.6566666666666667
28,2017,Q2,60.333333333333336,160.0,4.55,-0.44666666666666677,-1.9766666666666668,-1.32,0.5033333333333333,72.53333333333335,51.63333333333333,62.1,0.36000000000000004
28,2017,Q3,208.33333333333334,10.666666666666666,4.576666666666667,0.6200000000000001,0.35000000000000003,0.5566666666666668,0.22000000000000006,81.53333333333335,62.03333333333333,71.76666666666667,0.43666666666666676
28,2017,Q4,9.333333333333334,605.3333333333334,2.7099999999999995,-0.6033333333333334,-0.25999999999999995,-0.36000000000000004,-0.56,55.699999999999996,36.333333333333336,46.0,-0.8266666666666667
28,2018,Q1,0.0,904.0,4.48,0.45999999999999996,0.45999999999999996,0.45999999999999996,0.7233333333333333,44.699999999999996,26.566666666666663,35.63333333333333,1.3233333333333335
28,2018,Q2,75.33333333333333,205.33333333333334,4.423333333333333,1.5233333333333334,1.5233333333333334,1.4033333333333333,0.4666666666666666,71.73333333333333,50.43333333333334,61.1,0.39666666666666667
28,2018,Q3,281.3333333333333,5.666666666666667,6.346666666666667,1.9633333333333332,1.9633333333333332,1.9633333333333332,1.0066666666666666,83.43333333333332,65.36666666666667,74.39999999999999,1.7166666666666668
28,2018,Q4,2.3333333333333335,615.6666666666666,6.336666666666666,4.006666666666667,4.006666666666667,4.006666666666667,1.3766666666666667,53.9,37.23333333333334,45.56666666666666,3.1533333333333338
28,2019,Q1,0.0,910.0,3.8633333333333333,4.253333333333334,4.253333333333334,4.23,0.39000000000000007,44.43333333333334,26.066666666666663,35.23333333333334,0.51
28,2019,Q2,69.33333333333333,153.33333333333334,5.29,3.6133333333333333,3.6133333333333333,3.5066666666666664,0.92,73.1,52.366666666666674,62.73333333333333,1.14
28,2019,Q3,267.0,8.666666666666666,3.7066666666666666,0.9533333333333333,3.2100000000000004,2.7166666666666663,-0.33,84.23333333333333,63.333333333333336,73.83333333333333,-0.4699999999999999
28,2019,Q4,5.0,624.6666666666666,4.323333333333333,0.48,2.2733333333333334,1.55,0.4133333333333333,54.400000000000006,36.233333333333334,45.300000000000004,0.7966666666666665
28,2020,Q1,0.0,737.6666666666666,2.8966666666666665,-0.7166666666666667,1.1666666666666667,-0.09999999999999998,-0.3333333333333333,49.9,31.900000000000002,40.9,-1.0899999999999999
28,2020,Q2,67.0,237.33333333333334,3.1666666666666665,-1.08,-0.5766666666666668,-1.0233333333333334,-0.26666666666666666,70.23333333333333,49.23333333333334,59.76666666666667,-0.7000000000000001
28,2020,Q3,272.0,15.0,5.73,0.6566666666666666,0.24333333333333332,0.5,0.8000000000000002,83.36666666666666,63.96666666666667,73.7,0.9533333333333335
28,2020,Q4,2.6666666666666665,548.3333333333334,4.823333333333333,1.5466666666666669,1.5466666666666669,1.5466666666666669,0.77,57.26666666666667,38.199999999999996,47.73333333333333,1.3866666666666667
28,2021,Q1,0.0,866.3333333333334,3.4766666666666666,0.8933333333333334,1.4266666666666667,1.02,0.02333333333333334,45.1,28.03333333333333,36.56666666666667,0.05666666666666672
28,2021,Q2,73.0,184.33333333333334,3.186666666666666,-0.8666666666666666,-0.3866666666666667,-0.8333333333333334,-0.3233333333333333,73.23333333333333,50.23333333333333,61.73333333333333,-0.9766666666666666
28,2021,Q3,256.3333333333333,8.666666666666666,6.8500000000000005,1.6133333333333333,1.6133333333333333,1.6133333333333333,1.25,82.93333333333332,63.93333333333334,73.43333333333334,2.546666666666667
28,2021,Q4,11.0,526.3333333333334,2.443333333333333,0.11999999999999995,1.6466666666666665,0.6033333333333333,-0.8333333333333334,57.93333333333334,39.23333333333333,48.6,-1.0033333333333332
28,2022,Q1,0.0,889.6666666666666,2.9066666666666667,-1.5733333333333333,-1.5733333333333333,-1.5733333333333333,-0.2966666666666667,46.43333333333334,25.599999999999998,36.03333333333333,-0.79
28,2022,Q2,64.66666666666667,184.33333333333334,4.57,-1.0366666666666668,-1.0366666666666668,-0.16333333333333336,0.5833333333333334,72.06666666666668,50.699999999999996,61.400000000000006,0.5499999999999999
28,2022,Q3,284.3333333333333,12.333333333333334,2.5,-2.4966666666666666,-2.4966666666666666,-2.4966666666666666,-0.9533333333333333,84.83333333333333,63.6,74.23333333333333,-2.603333333333333
28,2022,Q4,1.0,607.6666666666666,4.706666666666667,-1.6900000000000002,-1.6900000000000002,-0.6433333333333333,0.6366666666666667,55.73333333333333,35.7,45.699999999999996,0.9766666666666666
28,2023,Q1,0.0,739.3333333333334,2.5866666666666664,-1.83,-1.83,-1.3099999999999998,-0.66,50.26666666666667,31.466666666666665,40.86666666666667,-1.4799999999999998
28,2023,Q2,38.0,176.66666666666666,3.8333333333333335,-1.21,-1.8399999999999999,-1.5566666666666666,0.1233333333333333,72.66666666666667,49.03333333333334,60.833333333333336,-0.06333333333333335
28,2023,Q3,238.0,12.0,6.080000000000001,0.8766666666666666,-0.19666666666666663,0.41,0.8866666666666667,82.3,63.30000000000001,72.8,1.5666666666666664
28,2023,Q4,5.333333333333333,544.6666666666666,4.346666666666667,1.2733333333333332,1.2733333333333332,0.6699999999999999,0.4099999999999999,57.53333333333334,38.0,47.73333333333333,0.9133333333333332
28,2024,Q1,0.0,780.3333333333334,5.260000000000001,2.6566666666666667,2.6566666666666667,2.3699999999999997,0.9500000000000001,48.03333333333333,30.7,39.36666666666667,1.6066666666666667
28,2024,Q2,99.0,161.33333333333334,3.2366666666666664,-0.5066666666666667,1.9433333333333336,1.2,-0.25333333333333335,73.76666666666667,52.73333333333333,63.23333333333334,-1.1233333333333333
28,2024,Q3,246.0,14.666666666666666,3.5900000000000003,-1.5999999999999999,-1.5999999999999999,-1.4733333333333334,-0.5866666666666667,82.60000000000001,63.0,72.83333333333333,-1.4166666666666667
28,2024,Q4,4.0,564.6666666666666,2.08,-3.8833333333333333,-3.8833333333333333,-3.8833333333333333,-1.0333333333333334,57.96666666666666,36.5,47.26666666666667,-2.9
28,2025,Q1,0.0,884.6666666666666,2.4,-4.363333333333333,-4.363333333333333,-4.363333333333333,-1.07,45.133333333333326,26.866666666666664,36.0,-1.4733333333333334
28,2025,Q2,76.66666666666667,170.33333333333334,4.373333333333333,-3.2066666666666666,-3.2066666666666666,-2.6566666666666667,0.3133333333333333,72.3,52.4,62.36666666666667,0.08666666666666674
28,2025,Q3,-3141.6666666666665,-3331.0,-0.8099999999999999,-35.22,-35.22,-35.01333333333333,-33.61666666666667,23.099999999999994,9.5,16.333333333333332,-34.03666666666667
28,2025,Q4,-9999.0,-9999.0,-9.99,-99.99,-99.99,-99.99,-99.99,-99.90000000000002,-99.90000000000002,-99.90000000000002,-99.99
29,2015,Q1,0.0,672.3333333333334,0.9466666666666667,0.6,-1.2933333333333332,-0.05666666666666667,0.7999999999999999,55.6,27.5,41.53333333333333,0.3033333333333333
29,2015,Q2,97.66666666666667,186.33333333333334,1.616666666666667,1.0566666666666666,0.5499999999999999,0.8633333333333333,0.9533333333333335,75.96666666666667,45.63333333333333,60.79999999999999,1.3733333333333333
29,2015,Q3,252.33333333333334,11.333333333333334,2.283333333333333,1.7366666666666666,1.7366666666666666,0.9233333333333333,0.16000000000000003,86.09999999999998,57.56666666666666,71.83333333333333,-0.06333333333333317
29,2015,Q4,4.666666666666667,574.0,1.5966666666666667,2.1066666666666665,2.1066666666666665,2.033333333333333,0.9866666666666667,59.23333333333333,31.933333333333334,45.6,1.8733333333333333
29,2016,Q1,0.3333333333333333,675.6666666666666,0.29,-0.7399999999999999,0.5066666666666666,0.12999999999999998,-1.0833333333333333,57.13333333333333,25.96666666666667,41.53333333333333,-1.5999999999999999
29,2016,Q2,109.0,178.33333333333334,1.0033333333333332,-1.5033333333333332,-1.5033333333333332,-1.5033333333333332,0.2966666666666667,77.39999999999999,45.699999999999996,61.56666666666666,-0.5433333333333333
29,2016,Q3,237.0,21.333333333333332,2.0966666666666667,-2.07,-2.07,-1.5433333333333332,-0.05999999999999998,85.36666666666667,56.53333333333333,70.96666666666667,-0.7000000000000001
29,2016,Q4,9.333333333333334,502.6666666666667,0.9233333333333335,-0.48,-1.866666666666667,-1.3566666666666665,0.3233333333333333,62.4,33.63333333333333,48.0,-0.29000000000000004
29,2017,Q1,1.6666666666666667,594.6666666666666,0.9333333333333332,0.016666666666666607,0.4566666666666667,0.24,0.6666666666666666,58.800000000000004,29.76666666666667,44.300000000000004,-0.18000000000000002
29,2017,Q2,111.33333333333333,161.0,0.8866666666666667,-1.2,-1.2,-1.2,0.11666666666666665,78.73333333333333,45.666666666666664,62.20000000000001,-0.6366666666666667
29,2017,Q3,225.66666666666666,18.666666666666668,2.6833333333333336,0.5366666666666666,-0.24666666666666662,0.24,0.66,84.73333333333333,56.46666666666666,70.6,0.9666666666666667
29,2017,Q4,4.666666666666667,485.3333333333333,0.4300000000000001,-0.9933333333333333,-0.9933333333333333,-0.7266666666666667,-0.8633333333333333,64.36666666666666,32.56666666666666,48.43333333333334,-1.8633333333333333
29,2018,Q1,0.3333333333333333,663.6666666666666,0.38999999999999996,-2.5633333333333335,-2.5633333333333335,-2.5633333333333335,-0.6266666666666667,57.76666666666667,25.86666666666667,41.833333333333336,-1.9633333333333336
29,2018,Q2,151.33333333333334,114.33333333333333,0.49666666666666665,-4.483333333333333,-4.483333333333333,-4.483333333333333,-0.8366666666666666,82.23333333333333,47.666666666666664,64.96666666666665,-3.1166666666666667
29,2018,Q3,252.0,13.666666666666666,2.06,-4.64,-4.64,-4.64,-0.06666666666666668,86.13333333333333,57.166666666666664,71.66666666666667,-0.9766666666666666
29,2018,Q4,1.0,629.6666666666666,1.2933333333333334,-2.4833333333333334,-2.4833333333333334,-1.02,0.42333333333333334,56.56666666666666,30.53333333333333,43.56666666666666,1.29
29,2019,Q1,0.0,724.0,0.7300000000000001,-1.8066666666666666,-1.8066666666666666,-0.4166666666666667,0.33666666666666667,53.46666666666666,26.066666666666666,39.76666666666667,0.06999999999999999
29,2019,Q2,79.0,180.33333333333334,0.8966666666666666,-1.1300000000000001,-1.1300000000000001,0.29666666666666663,0.13333333333333333,76.3,44.699999999999996,60.46666666666667,-0.16
29,2019,Q3,293.6666666666667,9.333333333333334,1.5933333333333335,-2.4933333333333336,-2.4933333333333336,-2.223333333333333,-0.6566666666666667,88.33333333333333,58.26666666666667,73.26666666666667,-2.2733333333333334
29,2019,Q4,0.6666666666666666,611.3333333333334,1.24,-1.6266666666666667,-1.6266666666666667,-0.5766666666666668,0.7566666666666667,58.73333333333334,29.866666666666664,44.300000000000004,1.1033333333333333
29,2020,Q1,0.3333333333333333,685.6666666666666,0.8433333333333334,-0.9500000000000001,-0.9500000000000001,0.33666666666666667,0.5633333333333334,54.76666666666667,27.666666666666668,41.199999999999996,0.12999999999999998
29,2020,Q2,128.66666666666666,128.0,0.2833333333333334,-1.7733333333333334,-1.7733333333333334,-1.3166666666666667,-1.2433333333333334,80.76666666666667,47.0,63.86666666666667,-2.2099999999999995
29,2020,Q3,287.0,20.333333333333332,1.2366666666666666,-3.8599999999999994,-3.8599999999999994,-3.8599999999999994,-1.17,88.39999999999999,56.79999999999999,72.60000000000001,-3.09
29,2020,Q4,4.333333333333333,554.6666666666666,0.42,-4.77,-4.77,-4.77,-0.57,62.5,30.166666666666668,46.36666666666667,-1.5366666666666664
29,2021,Q1,0.0,743.6666666666666,0.47000000000000003,-4.316666666666666,-4.316666666666666,-4.316666666666666,-0.2866666666666667,53.9,24.3,39.06666666666667,-0.8233333333333333
29,2021,Q2,123.33333333333333,144.66666666666666,1.0599999999999998,-4.216666666666667,-4.216666666666667,-4.216666666666667,0.26,78.93333333333334,47.03333333333333,63.0,-1.1566666666666667
29,2021,Q3,232.33333333333334,11.333333333333334,2.186666666666667,-3.25,-3.25,-3.0066666666666664,0.09666666666666664,85.2,57.26666666666667,71.26666666666667,-0.5166666666666667
29,2021,Q4,2.0,496.0,0.39666666666666667,-3.9599999999999995,-3.9599999999999995,-3.9599999999999995,-0.69,64.23333333333333,32.56666666666667,48.4,-1.9266666666666667
29,2022,Q1,0.0,765.3333333333334,0.37999999999999995,-4.166666666666667,-4.166666666666667,-4.166666666666667,-0.5733333333333334,54.53333333333333,22.133333333333336,38.333333333333336,-1.2
29,2022,Q2,132.33333333333334,119.66666666666667,0.8933333333333334,-5.133333333333334,-5.133333333333334,-4.906666666666667,-0.9933333333333333,80.96666666666665,47.46666666666667,64.23333333333333,-2.063333333333333
29,2022,Q3,258.3333333333333,11.666666666666666,2.313333333333333,-3.8799999999999994,-3.8799999999999994,-3.2533333333333334,0.2466666666666667,85.83333333333333,58.26666666666667,72.06666666666666,-0.4266666666666667
29,2022,Q4,0.6666666666666666,631.3333333333334,1.1166666666666667,-2.2466666666666666,-2.2466666666666666,-0.8966666666666666,0.30333333333333334,57.300000000000004,30.13333333333333,43.73333333333333,0.7833333333333332
29,2023,Q1,0.0,757.6666666666666,0.69,-1.6766666666666665,-1.6766666666666665,-0.45,0.2733333333333334,52.73333333333333,24.833333333333332,38.76666666666667,0.06999999999999999
29,2023,Q2,99.0,167.33333333333334,0.86,-1.6066666666666667,-1.6066666666666667,-0.7399999999999999,-0.46666666666666673,77.86666666666666,44.73333333333333,61.29999999999999,-0.63
29,2023,Q3,332.0,11.0,1.3499999999999999,-3.64,-3.64,-3.64,-1.0166666666666668,89.60000000000001,58.73333333333333,74.16666666666667,-3.1999999999999997
29,2023,Q4,5.333333333333333,531.6666666666666,0.7200000000000001,-3.856666666666667,-3.856666666666667,-3.8166666666666664,0.07,61.800000000000004,32.3,47.03333333333333,-0.79
29,2024,Q1,0.0,692.0,0.7833333333333333,-2.85,-2.85,-2.65,0.51,54.0,27.3,40.63333333333333,-0.03333333333333333
29,2024,Q2,141.33333333333334,152.33333333333334,0.9166666666666666,-2.8366666666666673,-2.8366666666666673,-2.77,-0.03333333333333329,79.66666666666667,47.26666666666667,63.46666666666666,-1.02
29,2024,Q3,277.3333333333333,13.333333333333334,1.6566666666666665,-3.3033333333333332,-3.3033333333333332,-3.3033333333333332,-0.5633333333333334,87.56666666666666,57.46666666666667,72.5,-2.0433333333333334
29,2024,Q4,13.333333333333334,501.6666666666667,0.9033333333333334,-3.1933333333333334,-3.1933333333333334,-2.936666666666667,-0.09666666666666661,63.9,32.666666666666664,48.300000000000004,-0.45999999999999996
29,2025,Q1,0.3333333333333333,698.6666666666666,0.2133333333333333,-3.9766666666666666,-3.9766666666666666,-3.9766666666666666,-1.25,56.4,24.633333333333336,40.53333333333333,-2.42
29,2025,Q2,116.66666666666667,156.0,1.2933333333333332,-4.373333333333334,-4.373333333333334,-4.283333333333334,0.6333333333333333,78.13333333333334,46.5,62.333333333333336,-0.6733333333333332
29,2025,Q3,-3117.6666666666665,-3331.6666666666665,-1.9500000000000002,-35.93333333333333,-35.93333333333333,-35.913333333333334,-33.56666666666666,25.8,6.466666666666669,16.133333333333336,-34.40333333333333
29,2025,Q4,-9999.0,-9999.0,-9.99,-99.99,-99.99,-99.99,-99.99,-99.90000000000002,-99.90000000000002,-99.90000000000002,-99.99
30,2015,Q1,0.0,1242.3333333333333,1.9833333333333334,-0.8766666666666666,0.2266666666666667,-0.5133333333333333,-0.8433333333333334,27.466666666666665,6.433333333333334,16.966666666666665,-1.3466666666666667
30,2015,Q2,44.0,231.0,4.486666666666667,-0.54,-0.54,-0.54,0.46000000000000013,67.2,44.26666666666667,55.76666666666667,1.0166666666666666
30,2015,Q3,200.33333333333334,14.666666666666666,3.8066666666666666,-0.05333333333333332,1.4866666666666666,1.1266666666666667,0.01999999999999998,77.93333333333334,55.76666666666667,66.86666666666666,-0.15666666666666665
30,2015,Q4,0.0,532.0,3.2699999999999996,-0.31666666666666665,0.026666666666666655,-0.016666666666666646,-0.06999999999999999,52.23333333333333,34.13333333333333,43.166666666666664,-0.38000000000000006
30,2016,Q1,0.0,908.6666666666666,2.7399999999999998,-0.25,-0.25,-0.25,-0.11333333333333333,38.96666666666667,19.733333333333334,29.366666666666664,-0.2566666666666666
30,2016,Q2,39.0,274.3333333333333,2.6533333333333333,-1.4733333333333334,-1.4733333333333334,-1.4733333333333334,-0.7400000000000001,65.66666666666667,41.766666666666666,53.73333333333333,-1.3800000000000001
30,2016,Q3,226.66666666666666,16.666666666666668,3.4766666666666666,-2.0866666666666664,-2.0866666666666664,-2.0500000000000003,-0.18000000000000002,79.43333333333332,56.666666666666664,68.06666666666668,-1.25
30,2016,Q4,1.3333333333333333,647.0,3.8533333333333335,0.07000000000000002,-1.793333333333333,-1.3399999999999999,0.2933333333333333,48.03333333333333,30.866666666666664,39.43333333333334,0.2066666666666667
30,2017,Q1,0.0,932.6666666666666,3.28,0.7000000000000001,-0.3233333333333333,0.38999999999999996,0.5366666666666666,37.43333333333333,20.366666666666664,28.900000000000002,0.89
30,2017,Q2,36.0,227.33333333333334,5.183333333333333,2.026666666666667,2.026666666666667,2.026666666666667,1.2766666666666666,66.0,45.133333333333326,55.6,2.1199999999999997
30,2017,Q3,152.66666666666666,26.666666666666668,3.7066666666666666,2.74,2.74,2.473333333333333,-0.036666666666666625,75.99999999999999,54.666666666666664,65.33333333333333,0.38666666666666666
30,2017,Q4,7.0,681.6666666666666,3.623333333333333,2.0966666666666662,2.0966666666666662,1.7466666666666668,0.043333333333333335,46.9,28.833333333333332,37.86666666666667,0.22000000000000006
30,2018,Q1,0.0,1006.6666666666666,3.2100000000000004,1.8699999999999999,1.8699999999999999,1.74,0.47,35.13333333333333,17.099999999999998,26.133333333333336,0.7766666666666667
30,2018,Q2,43.0,280.6666666666667,3.2999999999999994,1.5366666666666664,1.5366666666666664,0.7566666666666665,-0.10666666666666667,64.66666666666667,42.79999999999999,53.73333333333333,-0.27000000000000013
30,2018,Q3,223.66666666666666,15.333333333333334,5.04,1.61,1.61,1.1933333333333331,1.0266666666666666,78.36666666666667,58.43333333333334,68.4,1.4233333333333331
30,2018,Q4,1.0,710.0,4.646666666666667,3.393333333333333,3.393333333333333,3.393333333333333,0.9233333333333333,43.666666666666664,29.333333333333332,36.5,2.4533333333333336
30,2019,Q1,0.0,1039.3333333333333,3.033333333333333,3.59,3.59,3.3466666666666662,0.19000000000000003,33.86666666666667,14.899999999999999,24.366666666666664,0.43666666666666676
30,2019,Q2,33.0,256.3333333333333,4.8966666666666665,3.486666666666667,3.486666666666667,3.42,1.0633333333333332,64.5,43.29999999999999,53.86666666666667,2.03
30,2019,Q3,185.66666666666666,31.0,3.4633333333333334,3.0,3.0,2.7099999999999995,-0.17333333333333334,77.06666666666666,54.96666666666667,65.96666666666665,-0.39000000000000007
30,2019,Q4,1.3333333333333333,715.0,4.68,3.4600000000000004,3.4600000000000004,3.4600000000000004,0.8566666666666666,45.199999999999996,28.366666666666664,36.766666666666666,2.0366666666666666
30,2020,Q1,0.0,867.0,2.9,1.9799999999999998,2.91,2.74,0.17666666666666664,39.06666666666667,21.96666666666667,30.5,-0.033333333333333326
30,2020,Q2,45.0,300.6666666666667,2.853333333333333,-0.66,1.5999999999999999,0.5833333333333334,-0.5533333333333333,64.53333333333333,42.4,53.5,-0.9733333333333333
30,2020,Q3,210.33333333333334,31.333333333333332,3.7633333333333336,-1.14,0.003333333333333336,-1.0499999999999998,0.07333333333333336,77.96666666666665,56.1,67.03333333333333,-0.5299999999999999
30,2020,Q4,1.0,626.3333333333334,3.5766666666666667,-1.3766666666666667,-1.3766666666666667,-1.1033333333333333,0.21999999999999997,48.699999999999996,31.73333333333333,40.233333333333334,-0.20333333333333328
30,2021,Q1,0.0,983.3333333333334,2.046666666666667,-1.64,-1.64,-1.5399999999999998,-0.7633333333333333,35.766666666666666,18.0,26.900000000000002,-1.3766666666666667
30,2021,Q2,54.0,242.66666666666666,3.2866666666666666,-2.1166666666666667,-2.1166666666666667,-2.1166666666666667,-0.12999999999999998,67.23333333333333,44.46666666666666,55.833333333333336,-0.7566666666666667
30,2021,Q3,188.66666666666666,22.333333333333332,6.116666666666667,2.9466666666666668,2.9466666666666668,2.9466666666666668,1.63,76.13333333333334,57.13333333333333,66.60000000000001,4.010000000000001
30,2021,Q4,6.0,590.6666666666666,3.9666666666666663,3.823333333333333,3.823333333333333,3.4566666666666666,0.19999999999999996,49.56666666666666,33.5,41.53333333333333,0.8733333333333335
30,2022,Q1,0.0,1027.3333333333333,2.99,2.6466666666666665,2.6466666666666665,1.95,0.21999999999999997,35.166666666666664,13.700000000000001,24.46666666666667,0.36333333333333334
30,2022,Q2,39.666666666666664,242.33333333333334,3.8733333333333335,0.75,2.4899999999999998,2.08,0.3766666666666667,66.66666666666667,44.06666666666666,55.4,0.32333333333333336
30,2022,Q3,213.0,27.666666666666668,4.010000000000001,-0.31666666666666665,1.42,0.39666666666666667,0.18000000000000002,77.43333333333334,56.0,66.73333333333333,-0.10000000000000002
30,2022,Q4,0.0,652.3333333333334,3.5033333333333334,0.26,1.08,0.10666666666666665,0.24666666666666667,49.0,30.233333333333334,39.63333333333333,0.21333333333333337
30,2023,Q1,0.0,866.3333333333334,3.0966666666666662,0.9833333333333334,1.5766666666666664,1.2133333333333334,0.2566666666666666,38.733333333333334,22.133333333333336,30.433333333333337,0.4933333333333334
30,2023,Q2,26.333333333333332,238.66666666666666,3.41,0.36999999999999994,0.53,-0.16999999999999996,-0.04333333333333333,67.06666666666666,42.96666666666667,55.0,-0.4066666666666667
30,2023,Q3,180.0,27.666666666666668,5.133333333333334,2.3633333333333333,2.3633333333333333,2.293333333333333,1.0366666666666666,75.96666666666665,56.166666666666664,66.06666666666666,2.72
30,2023,Q4,3.0,602.6666666666666,4.0,2.5033333333333334,2.5033333333333334,2.3400000000000003,0.5133333333333333,49.166666666666664,33.6,41.36666666666667,1.1533333333333333
30,2024,Q1,0.0,873.3333333333334,3.42,2.973333333333333,2.973333333333333,2.4433333333333334,0.3299999999999999,39.63333333333333,23.433333333333334,31.5,0.7166666666666665
30,2024,Q2,67.0,213.33333333333334,4.16,2.3333333333333335,2.3333333333333335,1.8833333333333335,0.5533333333333333,68.2,46.800000000000004,57.5,0.31
30,2024,Q3,186.66666666666666,27.0,4.246666666666667,1.7033333333333334,2.75,2.4200000000000004,0.39333333333333337,77.3,56.53333333333333,66.93333333333334,1.14
30,2024,Q4,1.6666666666666667,634.3333333333334,2.936666666666666,-1.2133333333333332,1.3233333333333335,-0.36000000000000004,-0.23666666666666666,49.0,30.433333333333326,39.733333333333334,-0.7666666666666666
30,2025,Q1,0.0,984.6666666666666,2.4966666666666666,-1.2733333333333332,-1.2733333333333332,-1.0366666666666668,-0.31666666666666665,35.4,17.7,26.53333333333333,-0.6833333333333332
30,2025,Q2,54.0,233.66666666666666,4.526666666666667,0.24,0.24,0.24,0.7399999999999999,65.96666666666667,45.29999999999999,55.63333333333333,1.0366666666666664
30,2025,Q3,-3172.3333333333335,-3327.0,-1.4733333333333334,-33.87333333333333,-33.87333333333333,-33.87333333333333,-33.99333333333333,20.366666666666664,4.966666666666664,12.666666666666666,-34.589999999999996
30,2025,Q4,-9999.0,-9999.0,-9.99,-99.99,-99.99,-99.99,-99.99,-99.90000000000002,-99.90000000000002,-99.90000000000002,-99.99
31,2015,Q1,3.0,691.6666666666666,3.626666666666667,0.31666666666666665,0.9999999999999999,0.6666666666666666,-0.16,52.633333333333326,30.666666666666668,41.666666666666664,-0.31
31,2015,Q2,186.33333333333334,64.33333333333333,4.056666666666667,-0.5133333333333333,-0.20666666666666667,-0.37333333333333335,0.043333333333333335,79.86666666666666,57.43333333333334,68.63333333333333,-0.38000000000000006
31,2015,Q3,335.6666666666667,3.3333333333333335,4.563333333333333,-0.9500000000000001,-1.4633333333333332,-1.3933333333333333,-0.26333333333333336,85.23333333333333,65.56666666666668,75.39999999999999,-1.1633333333333333
31,2015,Q4,21.0,290.6666666666667,7.1933333333333325,2.4933333333333336,2.4933333333333336,2.4933333333333336,1.9833333333333334,66.46666666666665,46.29999999999999,56.366666666666674,3.8433333333333337
31,2016,Q1,10.333333333333334,574.6666666666666,3.5833333333333335,1.6233333333333333,2.6,1.9433333333333334,-0.31333333333333335,56.6,35.26666666666667,45.93333333333334,-0.7833333333333333
31,2016,Q2,145.66666666666666,84.66666666666667,4.223333333333334,-0.8399999999999999,1.5233333333333334,0.19333333333333333,0.12000000000000001,77.93333333333332,55.333333333333336,66.60000000000001,0.31
31,2016,Q3,409.6666666666667,0.6666666666666666,5.753333333333333,-0.4633333333333333,0.17,-0.3133333333333333,0.27,87.66666666666667,68.03333333333333,77.86666666666667,-0.10999999999999988
31,2016,Q4,22.666666666666668,391.3333333333333,3.31,-0.013333333333333308,0.45,0.030000000000000027,-0.1433333333333333,64.6,41.333333333333336,52.96666666666667,-0.07000000000000008
31,2017,Q1,8.0,489.6666666666667,2.93,-1.6300000000000001,-1.6300000000000001,-1.6300000000000001,-0.6266666666666667,60.53333333333334,36.9,48.699999999999996,-1.63
31,2017,Q2,156.33333333333334,45.0,5.716666666666666,1.3733333333333333,0.75,1.2,1.18,79.2,57.699999999999996,68.46666666666665,1.8733333333333333
31,2017,Q3,326.3333333333333,5.666666666666667,4.5,-0.45,0.8566666666666668,0.006666666666666672,-0.2066666666666667,84.89999999999999,65.13333333333333,75.0,-0.6166666666666666
31,2017,Q4,21.333333333333332,425.0,2.84,-0.7966666666666665,-0.4466666666666666,-0.7066666666666667,-0.35333333333333333,63.06666666666667,40.63333333333333,51.833333333333336,-0.79
31,2018,Q1,3.6666666666666665,617.0,3.66,-0.7733333333333333,-1.1966666666666665,-1.0633333333333332,-0.12666666666666668,55.6,33.8,44.699999999999996,-0.4533333333333333
31,2018,Q2,203.33333333333334,91.66666666666667,5.31,1.1833333333333333,1.1833333333333333,1.0133333333333334,0.87,79.33333333333333,57.03333333333333,68.16666666666667,1.3399999999999999
31,2018,Q3,376.0,0.3333333333333333,7.79,2.0433333333333334,2.0433333333333334,1.9633333333333336,1.1233333333333333,86.19999999999999,67.63333333333333,76.89999999999999,2.6300000000000003
31,2018,Q4,19.666666666666668,426.0,6.023333333333333,4.536666666666666,4.536666666666666,4.536666666666666,1.5,61.73333333333333,42.13333333333333,51.96666666666667,3.28
31,2019,Q1,2.6666666666666665,564.6666666666666,4.0200000000000005,4.4399999999999995,4.4399999999999995,4.236666666666667,0.07666666666666666,56.866666666666674,35.73333333333334,46.29999999999999,-0.12999999999999998
31,2019,Q2,186.66666666666666,51.666666666666664,4.430000000000001,0.7766666666666665,3.01,2.2933333333333334,0.2733333333333333,80.23333333333333,58.06666666666666,69.16666666666667,-0.11666666666666677
31,2019,Q3,382.6666666666667,0.3333333333333333,4.329999999999999,-1.3133333333333332,0.4833333333333332,-0.5599999999999999,-0.2866666666666667,87.53333333333335,66.43333333333334,76.96666666666667,-1.4966666666666668
31,2019,Q4,30.666666666666668,404.6666666666667,4.2700000000000005,0.22666666666666666,-1.2066666666666668,-0.7233333333333335,0.6233333333333334,63.633333333333326,42.06666666666666,52.86666666666667,0.4633333333333334
31,2020,Q1,12.333333333333334,468.3333333333333,4.8966666666666665,0.8999999999999999,0.5166666666666666,0.45333333333333337,0.6233333333333334,59.56666666666666,39.666666666666664,49.63333333333333,0.5
31,2020,Q2,110.33333333333333,109.66666666666667,5.993333333333333,2.4566666666666666,2.4566666666666666,2.4566666666666666,1.29,75.43333333333334,54.03333333333333,64.73333333333333,2.8466666666666662
31,2020,Q3,341.0,6.333333333333333,6.323333333333334,2.8433333333333337,2.8433333333333337,2.61,0.5433333333333333,84.83333333333333,66.39999999999999,75.60000000000001,1.3866666666666667
31,2020,Q4,24.0,383.6666666666667,4.97,4.06,4.06,4.06,0.9533333333333333,64.36666666666667,42.300000000000004,53.333333333333336,1.8933333333333333
31,2021,Q1,5.333333333333333,590.0,5.1000000000000005,2.9166666666666665,4.3566666666666665,4.25,0.7866666666666666,55.333333333333336,35.333333333333336,45.36666666666667,1.1633333333333333
31,2021,Q2,129.33333333333334,88.66666666666667,3.5566666666666666,-0.5333333333333333,2.53,1.18,-0.4300000000000001,77.8,54.06666666666666,65.96666666666665,-0.5933333333333333
31,2021,Q3,330.0,4.666666666666667,5.05,0.5633333333333334,2.3633333333333333,1.5899999999999999,0.12666666666666668,85.23333333333333,65.06666666666666,75.16666666666666,0.30666666666666664
31,2021,Q4,32.0,351.3333333333333,2.16,-1.0066666666666666,0.28,-0.5733333333333333,-0.8399999999999999,66.13333333333334,42.666666666666664,54.43333333333334,-1.67
31,2022,Q1,5.666666666666667,570.3333333333334,3.9133333333333336,-1.3533333333333335,-1.3533333333333335,-1.0633333333333335,0.03999999999999999,57.9,34.199999999999996,46.03333333333333,-0.30333333333333334
31,2022,Q2,164.66666666666666,73.66666666666667,3.2866666666666666,-1.7166666666666668,-1.7166666666666668,-1.6133333333333333,-0.6233333333333333,79.43333333333334,55.73333333333333,67.56666666666666,-1.0266666666666666
31,2022,Q3,333.0,5.666666666666667,5.066666666666666,-2.026666666666667,-2.026666666666667,-2.0100000000000002,0.13333333333333333,85.26666666666667,65.3,75.3,-0.5933333333333333
31,2022,Q4,7.0,445.6666666666667,3.276666666666667,-2.0266666666666664,-2.0266666666666664,-1.9266666666666667,0.03666666666666666,61.833333333333336,39.800000000000004,50.79999999999999,-0.37999999999999995
31,2023,Q1,10.666666666666666,453.3333333333333,3.5966666666666662,-1.8699999999999999,-1.8699999999999999,-1.7466666666666668,-0.19666666666666666,61.1,38.96666666666666,50.03333333333334,-1.0
31,2023,Q2,97.0,86.66666666666667,4.49,-1.1099999999999999,-1.1099999999999999,0.01666666666666668,0.37666666666666665,76.23333333333333,53.9,65.10000000000001,0.96
31,2023,Q3,338.6666666666667,3.6666666666666665,4.8,-0.8266666666666667,-0.8266666666666667,0.21666666666666667,-0.03666666666666665,85.60000000000001,65.49999999999999,75.56666666666666,-0.22333333333333336
31,2023,Q4,14.0,398.3333333333333,3.39,-0.7899999999999999,-1.3566666666666665,-0.7366666666666667,0.01666666666666668,64.33333333333333,40.36666666666667,52.36666666666667,-0.33000000000000007
31,2024,Q1,7.0,528.0,4.326666666666667,0.06333333333333334,0.06333333333333334,0.06333333333333334,0.29000000000000004,58.96666666666666,36.06666666666666,47.46666666666666,0.08666666666666667
31,2024,Q2,177.0,55.333333333333336,3.2366666666666664,-0.6133333333333333,-0.6133333333333333,-0.6133333333333333,-0.8799999999999999,79.83333333333333,57.46666666666667,68.63333333333333,-1.4466666666666665
31,2024,Q3,329.0,3.6666666666666665,8.236666666666666,1.6033333333333335,1.6033333333333335,1.6033333333333335,1.4566666666666668,84.60000000000001,65.89999999999999,75.26666666666667,3.0966666666666662
31,2024,Q4,16.666666666666668,380.0,1.8966666666666665,-1.2933333333333332,0.3533333333333333,-0.6533333333333334,-0.9533333333333333,64.6,41.76666666666667,53.199999999999996,-1.8499999999999999
31,2025,Q1,6.666666666666667,596.3333333333334,2.76,-2.31,-2.31,-2.31,-0.86,56.9,33.26666666666667,45.1,-1.6600000000000001
31,2025,Q2,180.33333333333334,49.0,5.009999999999999,-1.8133333333333332,-1.8133333333333332,-0.7666666666666666,0.6033333333333334,79.7,58.46666666666667,69.13333333333333,0.8133333333333335
31,2025,Q3,-3077.0,-3332.6666666666665,0.4400000000000001,-33.97666666666667,-33.97666666666667,-32.95666666666666,-33.18,24.166666666666668,11.999999999999991,18.066666666666674,-33.23
31,2025,Q4,-9999.0,-9999.0,-9.99,-99.99,-99.99,-99.99,-99.99,-99.90000000000002,-99.90000000000002,-99.90000000000002,-99.99
32,2015,Q1,0.0,1380.0,0.4366666666666666,-0.36000000000000004,3.5233333333333334,2.7399999999999998,-0.13666666666666666,29.866666666666664,8.433333333333334,19.133333333333333,-0.10333333333333333
32,2015,Q2,37.666666666666664,370.3333333333333,2.7399999999999998,0.44,2.5766666666666667,1.6466666666666665,0.14333333333333328,66.7,41.13333333333333,53.93333333333333,0.6633333333333332
32,2015,Q3,129.33333333333334,76.33333333333333,1.9366666666666668,0.1533333333333333,2.1999999999999997,1.5133333333333334,-0.08000000000000003,80.2,53.06666666666666,66.63333333333334,-0.3833333333333333
32,2015,Q4,0.0,956.6666666666666,0.7933333333333333,-0.5333333333333333,1.28,0.17666666666666667,0.2833333333333333,43.70000000000001,23.900000000000002,33.800000000000004,-0.05333333333333332
32,2016,Q1,0.3333333333333333,1200.6666666666667,0.38000000000000006,-1.0333333333333332,-0.5499999999999999,-1.0,-0.4533333333333333,35.166666666666664,15.833333333333334,25.5,-1.24
32,2016,Q2,48.333333333333336,354.0,2.483333333333333,-1.0599999999999998,-1.0599999999999998,-0.47333333333333333,0.2633333333333333,67.5,42.03333333333333,54.800000000000004,-0.3966666666666668
32,2016,Q3,114.33333333333333,100.0,3.2733333333333334,1.2833333333333334,1.2833333333333334,1.2833333333333334,1.11,77.7,52.86666666666667,65.3,2.0733333333333333
32,2016,Q4,0.0,1013.0,1.1466666666666667,1.7566666666666666,1.7566666666666666,1.63,1.1233333333333333,41.333333333333336,22.399999999999995,31.86666666666667,0.8133333333333334
32,2017,Q1,0.0,1361.3333333333333,0.45,-0.049999999999999996,1.7166666666666666,1.5266666666666666,-0.09666666666666664,28.299999999999997,11.100000000000001,19.7,-0.17333333333333334
32,2017,Q2,40.0,364.6666666666667,1.3933333333333333,-1.4866666666666666,-1.01,-1.36,-0.91,67.33333333333333,40.86666666666667,54.1,-2.4233333333333333
32,2017,Q3,118.33333333333333,109.66666666666667,2.1666666666666665,-2.9333333333333336,-2.9333333333333336,-2.493333333333333,0.07333333333333332,78.60000000000001,51.9,65.23333333333333,-0.7533333333333333
32,2017,Q4,0.0,1107.0,0.32,-2.776666666666667,-2.776666666666667,-2.7433333333333336,-0.84,39.733333333333334,18.3,29.0,-1.3066666666666666
32,2018,Q1,0.0,1527.3333333333333,0.6566666666666666,-2.6633333333333336,-2.6633333333333336,-2.4966666666666666,0.1333333333333333,23.866666666666664,4.033333333333333,13.966666666666669,-0.3666666666666667
32,2018,Q2,67.66666666666667,404.6666666666667,2.3333333333333335,-2.47,-2.47,-2.3233333333333337,-0.21333333333333337,66.26666666666667,40.96666666666666,53.63333333333333,-0.8633333333333333
32,2018,Q3,107.66666666666667,131.66666666666666,1.9966666666666668,-1.596666666666667,-2.3833333333333333,-2.28,-0.04666666666666667,77.03333333333333,50.86666666666667,63.96666666666666,-0.7566666666666667
32,2018,Q4,0.0,1155.6666666666667,0.9366666666666666,0.69,-1.22,-0.13333333333333333,0.58,36.36666666666667,18.766666666666666,27.599999999999998,0.9666666666666667
32,2019,Q1,0.0,1671.6666666666667,0.6466666666666666,1.06,0.55,0.8933333333333334,0.39999999999999997,18.366666666666664,0.10000000000000024,9.233333333333334,0.5633333333333334
32,2019,Q2,31.333333333333332,427.6666666666667,2.1733333333333333,0.9933333333333333,0.9933333333333333,0.69,-0.10333333333333333,63.833333333333336,39.733333333333334,51.800000000000004,0.1366666666666667
32,2019,Q3,99.33333333333333,115.33333333333333,4.05,2.9033333333333338,2.9033333333333338,2.9033333333333338,1.5266666666666666,75.76666666666667,52.96666666666667,64.36666666666667,4.636666666666667
32,2019,Q4,0.0,1185.6666666666667,1.26,6.363333333333333,6.363333333333333,6.363333333333333,0.8566666666666666,35.1,18.133333333333333,26.600000000000005,3.206666666666667
32,2020,Q1,0.0,1366.0,0.26333333333333336,5.836666666666667,5.836666666666667,5.836666666666667,-1.0033333333333332,29.76666666666667,10.533333333333333,20.166666666666668,0.8633333333333334
32,2020,Q2,49.666666666666664,430.3333333333333,1.5566666666666666,4.3933333333333335,4.3933333333333335,4.086666666666667,-0.7633333333333333,65.23333333333333,39.43333333333333,52.333333333333336,-0.2966666666666667
32,2020,Q3,128.0,107.66666666666667,2.183333333333333,2.606666666666667,3.846666666666667,3.5433333333333334,-0.013333333333333272,78.89999999999999,52.133333333333326,65.53333333333333,0.6433333333333331
32,2020,Q4,0.0,1049.3333333333333,0.3033333333333333,-1.04,1.9666666666666666,0.5133333333333333,-1.0466666666666666,41.96666666666667,20.1,31.0,-0.8266666666666665
32,2021,Q1,0.0,1317.3333333333333,0.18333333333333335,-2.033333333333333,-1.23,-1.93,-1.3699999999999999,31.566666666666666,10.200000000000001,20.900000000000002,-1.96
32,2021,Q2,63.666666666666664,385.0,1.7400000000000002,-3.7866666666666666,-3.7866666666666666,-3.7866666666666666,-0.6266666666666666,68.5,39.96666666666667,54.26666666666667,-2.7566666666666664
32,2021,Q3,168.66666666666666,64.33333333333333,1.7300000000000002,-5.653333333333333,-5.653333333333333,-5.653333333333333,-0.33666666666666667,82.43333333333334,54.166666666666664,68.3,-2.703333333333333
32,2021,Q4,0.0,1024.3333333333333,1.5566666666666666,1.4833333333333334,-3.06,-1.2133333333333332,1.0266666666666666,42.166666666666664,21.26666666666667,31.733333333333334,1.9433333333333334
32,2022,Q1,0.0,1519.0,0.3333333333333333,1.1933333333333334,-2.0866666666666664,-0.20333333333333334,-0.5433333333333333,26.2,3.833333333333334,15.0,-0.44333333333333336
32,2022,Q2,38.666666666666664,472.3333333333333,3.39,3.4866666666666664,3.4866666666666664,3.3866666666666667,0.9199999999999999,61.366666666666674,39.36666666666667,50.36666666666667,3.563333333333333
32,2022,Q3,138.33333333333334,79.0,1.6033333333333335,0.84,3.0666666666666664,2.453333333333333,-0.5599999999999999,80.23333333333333,53.833333333333336,67.06666666666666,-0.38999999999999996
32,2022,Q4,0.0,1215.0,0.9566666666666667,-0.0033333333333332624,1.7466666666666668,0.3833333333333333,0.8733333333333334,35.06666666666666,15.466666666666669,25.266666666666666,0.8966666666666666
32,2023,Q1,0.0,1554.6666666666667,0.5233333333333333,0.8533333333333334,1.78,0.98,-0.25666666666666665,23.566666666666666,4.166666666666667,13.866666666666667,0.01666666666666668
32,2023,Q2,79.0,388.6666666666667,2.4566666666666666,0.9833333333333333,1.6500000000000001,1.08,0.09000000000000001,66.53333333333333,42.73333333333333,54.63333333333333,0.13333333333333333
32,2023,Q3,109.33333333333333,87.0,2.043333333333333,0.25333333333333335,0.7333333333333333,-0.3566666666666667,-0.010000000000000009,78.33333333333333,53.0,65.66666666666667,-0.2733333333333334
32,2023,Q4,0.0,955.3333333333334,0.7933333333333333,0.06999999999999998,0.8833333333333334,0.07999999999999999,0.023333333333333355,43.70000000000001,23.900000000000002,33.833333333333336,0.21999999999999997
32,2024,Q1,0.0,1298.6666666666667,0.3833333333333333,-0.66,-0.66,-0.66,-0.5266666666666667,30.8,12.700000000000001,21.733333333333334,-0.7666666666666666
32,2024,Q2,29.0,369.3333333333333,3.1466666666666665,0.5599999999999999,0.5599999999999999,0.5599999999999999,0.75,65.76666666666667,41.300000000000004,53.53333333333333,1.45
32,2024,Q3,144.0,62.0,1.93,0.5800000000000001,0.5800000000000001,0.48666666666666664,-0.0666666666666667,80.46666666666667,54.63333333333333,67.53333333333333,-0.5166666666666666
32,2024,Q4,0.0,999.6666666666666,0.6966666666666667,-1.0733333333333333,-1.0733333333333333,-0.35000000000000003,0.08,42.833333333333336,21.833333333333332,32.333333333333336,-0.19666666666666663
32,2025,Q1,0.0,1470.3333333333333,0.26666666666666666,-1.0966666666666667,-1.0966666666666667,-0.65,-0.86,26.2,5.5,15.799999999999999,-1.0066666666666666
32,2025,Q2,38.333333333333336,362.3333333333333,2.576666666666666,0.2966666666666667,-0.13,-0.3266666666666666,0.23000000000000007,66.83333333333333,41.36666666666667,54.1,0.16999999999999993
32,2025,Q3,-3233.6666666666665,-3300.3333333333335,-1.47,-33.33,-33.33,-32.93333333333333,-33.01,20.133333333333336,4.23333333333333,12.166666666666666,-32.82333333333333
32,2025,Q4,-9999.0,-9999.0,-9.99,-99.99,-99.99,-99.99,-99.99,-99.90000000000002,-99.90000000000002,-99.90000000000002,-99.99
33,2015,Q1,0.0,1178.6666666666667,2.483333333333333,1.3399999999999999,1.3399999999999999,0.9666666666666668,-0.19000000000000003,35.23333333333333,16.433333333333334,25.866666666666664,-0.11333333333333333
33,2015,Q2,88.66666666666667,181.33333333333334,5.316666666666666,1.6433333333333333,1.6433333333333333,1.36,1.0066666666666666,73.06666666666666,51.13333333333333,62.1,1.7133333333333332
33,2015,Q3,172.0,18.333333333333332,3.436666666666667,0.7633333333333332,2.3866666666666667,2.0833333333333335,-0.013333333333333308,81.03333333333333,59.1,70.03333333333333,0.21999999999999997
33,2015,Q4,3.3333333333333335,513.0,3.1,-0.056666666666666664,1.66,1.09,0.4266666666666666,58.13333333333333,38.733333333333334,48.46666666666666,0.2333333333333333
33,2016,Q1,1.6666666666666667,881.6666666666666,2.8633333333333333,0.009999999999999997,1.2566666666666666,0.62,0.06999999999999999,44.93333333333334,26.566666666666666,35.766666666666666,0.019999999999999962
33,2016,Q2,78.33333333333333,227.33333333333334,3.3633333333333333,-0.32,0.4133333333333334,-0.06666666666666667,-0.2833333333333333,72.0,48.666666666666664,60.366666666666674,-0.6233333333333333
33,2016,Q3,261.6666666666667,9.666666666666666,3.716666666666667,-0.9466666666666667,-0.9466666666666667,-0.86,0.20333333333333328,84.13333333333334,62.43333333333333,73.33333333333333,-0.49333333333333335
33,2016,Q4,6.333333333333333,627.3333333333334,2.52,-1.5133333333333334,-1.5133333333333334,-1.4833333333333334,-0.15333333333333332,54.4,35.266666666666666,44.833333333333336,-1.37
33,2017,Q1,0.0,806.3333333333334,3.53,0.47666666666666674,-1.0066666666666668,-0.16,0.5466666666666667,47.166666666666664,29.766666666666666,38.5,0.7399999999999999
33,2017,Q2,71.33333333333333,165.0,4.656666666666666,0.8933333333333332,0.49666666666666665,0.8233333333333333,0.6666666666666666,73.36666666666667,50.833333333333336,62.1,0.77
33,2017,Q3,167.33333333333334,28.0,3.4899999999999998,1.7433333333333334,1.7433333333333334,1.1966666666666668,-0.08333333333333337,80.26666666666667,58.699999999999996,69.5,0.44
33,2017,Q4,5.666666666666667,691.3333333333334,3.49,1.9633333333333336,1.9633333333333336,1.64,0.41,52.23333333333333,33.36666666666667,42.79999999999999,1.3966666666666665
33,2018,Q1,0.0,981.0,3.6700000000000004,2.5166666666666666,2.5166666666666666,2.36,0.7266666666666666,41.43333333333334,23.86666666666667,32.666666666666664,1.5033333333333332
33,2018,Q2,118.33333333333333,231.33333333333334,4.71,2.893333333333333,2.893333333333333,2.716666666666667,0.7166666666666667,72.33333333333333,50.6,61.5,0.9566666666666667
33,2018,Q3,233.66666666666666,8.333333333333334,4.84,2.8800000000000003,2.8800000000000003,2.7266666666666666,0.9233333333333333,82.06666666666666,62.56666666666666,72.33333333333333,1.696666666666667
33,2018,Q4,2.0,701.0,3.7566666666666664,4.69,4.69,4.69,0.7733333333333334,50.0,34.5,42.26666666666666,2.6833333333333336
33,2019,Q1,0.0,987.6666666666666,3.883333333333333,5.353333333333333,5.353333333333333,5.353333333333333,0.8933333333333332,41.0,23.833333333333332,32.4,1.8166666666666667
33,2019,Q2,71.0,191.0,5.296666666666666,5.1000000000000005,5.1000000000000005,5.1000000000000005,1.0633333333333335,71.89999999999999,50.70000000000001,61.29999999999999,1.7966666666666666
33,2019,Q3,239.33333333333334,11.0,3.276666666666667,4.476666666666667,4.476666666666667,4.16,-0.12000000000000004,83.56666666666668,61.46666666666667,72.5,-0.46666666666666673
33,2019,Q4,4.666666666666667,667.3333333333334,3.1666666666666665,3.28,3.28,2.7900000000000005,0.4266666666666666,53.1,33.63333333333333,43.366666666666674,0.7399999999999999
33,2020,Q1,1.0,827.6666666666666,3.8233333333333337,3.356666666666667,3.356666666666667,3.356666666666667,0.8300000000000001,45.400000000000006,29.566666666666666,37.46666666666666,1.2999999999999998
33,2020,Q2,69.66666666666667,260.0,3.9599999999999995,2.153333333333333,3.22,3.0399999999999996,0.14,69.73333333333333,47.96666666666667,58.86666666666667,0.37333333333333335
33,2020,Q3,220.0,30.0,3.35,-0.9899999999999999,1.5966666666666667,0.17666666666666664,-0.08,82.46666666666665,60.03333333333333,71.26666666666667,-0.7666666666666666
33,2020,Q4,1.3333333333333333,632.3333333333334,2.97,-0.37000000000000005,1.5,0.5299999999999999,0.17999999999999994,53.56666666666666,35.4,44.5,0.21999999999999995
33,2021,Q1,0.6666666666666666,938.3333333333334,2.33,-0.7866666666666667,0.16,-0.68,-0.26,42.1,25.166666666666668,33.63333333333333,-0.6666666666666666
33,2021,Q2,79.66666666666667,217.33333333333334,3.64,-0.39666666666666667,-1.13,-0.9733333333333333,-0.09333333333333334,71.83333333333333,49.300000000000004,60.56666666666666,-0.3066666666666667
33,2021,Q3,217.0,17.666666666666668,4.579999999999999,1.2733333333333334,1.2733333333333334,1.2733333333333334,0.8933333333333334,81.83333333333333,61.166666666666664,71.5,1.7166666666666668
33,2021,Q4,12.0,564.3333333333334,3.3433333333333333,2.32,2.32,2.32,0.48333333333333334,56.36666666666667,37.699999999999996,47.0,1.5833333333333333
33,2022,Q1,0.6666666666666666,976.6666666666666,3.3233333333333337,2.6799999999999997,2.6799999999999997,2.4533333333333336,0.49,42.46666666666667,22.8,32.63333333333333,0.8366666666666666
33,2022,Q2,89.0,214.66666666666666,4.056666666666667,2.103333333333333,2.103333333333333,1.513333333333333,0.18666666666666668,72.16666666666667,49.800000000000004,61.0,0.13333333333333336
33,2022,Q3,197.33333333333334,26.666666666666668,4.069999999999999,2.296666666666667,2.296666666666667,2.296666666666667,0.5333333333333333,80.5,60.43333333333333,70.46666666666665,0.9533333333333333
33,2022,Q4,0.6666666666666666,681.3333333333334,1.9633333333333332,-0.5499999999999999,1.2433333333333334,0.36333333333333334,-0.6533333333333333,52.666666666666664,33.0,42.833333333333336,-0.8833333333333332
33,2023,Q1,0.0,798.3333333333334,3.5766666666666667,0.6366666666666666,1.2833333333333332,0.7833333333333332,0.6000000000000001,47.699999999999996,29.5,38.63333333333333,0.8799999999999999
33,2023,Q2,47.333333333333336,220.0,2.926666666666667,-0.6933333333333334,-0.2933333333333333,-0.5433333333333333,-0.63,71.73333333333333,47.26666666666667,59.46666666666667,-1.06
33,2023,Q3,178.66666666666666,27.0,3.6466666666666665,0.2733333333333334,0.2733333333333334,0.2733333333333334,0.0733333333333334,80.39999999999999,59.56666666666666,70.0,0.3166666666666667
33,2023,Q4,3.6666666666666665,583.3333333333334,2.433333333333333,-1.1333333333333333,-1.1333333333333333,-1.1333333333333333,-0.2333333333333333,55.6,36.53333333333333,46.03333333333334,-0.8833333333333333
33,2024,Q1,1.3333333333333333,819.3333333333334,2.92,-1.0366666666666668,-1.0366666666666668,-0.45,0.010000000000000018,46.833333333333336,29.0,37.9,-0.20333333333333328
33,2024,Q2,112.0,144.0,4.1466666666666665,-0.86,-0.86,-0.1466666666666667,0.30666666666666664,75.10000000000001,53.06666666666666,64.10000000000001,-0.18666666666666668
33,2024,Q3,215.66666666666666,13.333333333333334,3.02,-2.0666666666666664,-2.0666666666666664,-2.0666666666666664,-0.39666666666666667,83.36666666666666,59.9,71.63333333333333,-1.4166666666666667
33,2024,Q4,4.333333333333333,590.0,2.5399999999999996,-3.3166666666666664,-3.3166666666666664,-3.3166666666666664,-0.15333333333333332,55.699999999999996,36.300000000000004,46.03333333333333,-2.0066666666666664
33,2025,Q1,1.3333333333333333,976.3333333333334,2.51,-1.9000000000000001,-2.92,-2.66,-0.15666666666666668,41.96666666666667,23.46666666666667,32.699999999999996,-0.4666666666666666
33,2025,Q2,88.33333333333333,209.0,5.24,-0.41666666666666674,-0.41666666666666674,0.5266666666666667,1.0999999999999999,72.0,50.699999999999996,61.36666666666667,1.6933333333333334
33,2025,Q3,-3156.3333333333335,-3328.0,-1.4033333333333335,-33.163333333333334,-33.163333333333334,-33.163333333333334,-33.99333333333333,22.766666666666662,8.666666666666663,15.733333333333329,-34.166666666666664
33,2025,Q4,-9999.0,-9999.0,-9.99,-99.99,-99.99,-99.99,-99.99,-99.90000000000002,-99.90000000000002,-99.90000000000002,-99.99
34,2015,Q1,4.333333333333333,691.0,1.5999999999999999,-0.42333333333333334,-0.42333333333333334,-0.42333333333333334,-0.10666666666666667,54.300000000000004,30.066666666666666,42.199999999999996,-0.32
34,2015,Q2,187.33333333333334,66.33333333333333,8.033333333333333,2.5466666666666664,2.5466666666666664,2.5466666666666664,1.5333333333333334,79.36666666666666,57.93333333333333,68.63333333333334,3.9266666666666663
34,2015,Q3,438.0,3.0,3.3166666666666664,3.9533333333333336,3.9533333333333336,3.736666666666667,0.21,91.03333333333335,67.66666666666667,79.33333333333333,1.0466666666666666
34,2015,Q4,23.666666666666668,377.6666666666667,4.956666666666666,4.253333333333333,4.253333333333333,4.04,1.5266666666666666,65.06666666666668,41.13333333333333,53.13333333333333,3.4133333333333336
34,2016,Q1,11.666666666666666,557.6666666666666,1.33,4.183333333333333,4.183333333333333,3.6300000000000003,-0.5,59.666666666666664,33.9,46.76666666666667,-0.6033333333333334
34,2016,Q2,195.66666666666666,67.66666666666667,4.39,1.2099999999999997,3.5833333333333335,3.31,0.28333333333333327,80.73333333333333,57.133333333333326,68.93333333333334,0.61
34,2016,Q3,467.6666666666667,3.0,3.3833333333333333,-0.09000000000000001,2.6266666666666665,2.2333333333333334,0.32666666666666666,91.5,68.03333333333333,79.76666666666667,0.2333333333333333
34,2016,Q4,50.0,384.6666666666667,1.2933333333333332,-1.2866666666666668,0.09333333333333334,-0.91,-0.6233333333333334,66.46666666666667,41.1,53.76666666666667,-1.9733333333333334
34,2017,Q1,16.666666666666668,485.0,2.4133333333333336,-1.7866666666666668,-1.7866666666666668,-1.7266666666666666,0.6499999999999999,62.20000000000001,36.1,49.20000000000001,-0.6566666666666667
34,2017,Q2,177.0,65.0,4.56,0.8866666666666666,-0.7066666666666667,0.7000000000000001,0.3233333333333333,80.46666666666667,56.53333333333333,68.53333333333335,0.7400000000000001
34,2017,Q3,403.3333333333333,6.0,4.28,1.6199999999999999,1.1933333333333334,1.5200000000000002,0.84,89.06666666666666,66.33333333333333,77.7,1.7166666666666668
34,2017,Q4,21.0,418.0,1.6166666666666665,0.010000000000000009,0.5866666666666668,0.2066666666666667,-0.5533333333333333,64.23333333333333,39.300000000000004,51.800000000000004,-0.9733333333333333
34,2018,Q1,6.0,648.3333333333334,2.24,-1.0566666666666666,-1.0566666666666666,-0.3466666666666666,0.24333333333333332,56.699999999999996,30.333333333333332,43.53333333333333,-0.056666666666666754
34,2018,Q2,261.3333333333333,112.66666666666667,3.266666666666667,-1.2566666666666666,-1.2566666666666666,-0.9800000000000001,-0.3966666666666667,82.73333333333333,57.13333333333333,69.96666666666667,-1.0066666666666666
34,2018,Q3,434.0,4.333333333333333,4.343333333333333,0.05666666666666664,-0.4033333333333334,-0.08666666666666667,0.8533333333333334,89.89999999999999,67.8,78.83333333333334,1.0433333333333332
34,2018,Q4,11.666666666666666,510.3333333333333,3.82,2.5866666666666664,2.5866666666666664,2.5766666666666667,0.86,59.6,37.36666666666667,48.46666666666666,2.67
34,2019,Q1,1.3333333333333333,694.3333333333334,2.07,3.2466666666666666,3.2466666666666666,3.2466666666666666,0.35000000000000003,52.699999999999996,31.2,41.96666666666666,0.8633333333333333
34,2019,Q2,163.33333333333334,67.0,6.87,4.256666666666667,4.256666666666667,4.256666666666667,1.1900000000000002,79.06666666666666,56.13333333333333,67.60000000000001,2.9466666666666668
34,2019,Q3,489.0,0.0,3.3266666666666667,4.533333333333334,4.533333333333334,4.376666666666667,0.26333333333333336,92.40000000000002,69.56666666666666,80.96666666666665,0.7066666666666666
34,2019,Q4,6.0,486.0,2.7266666666666666,4.133333333333334,4.133333333333334,4.08,0.2833333333333334,61.53333333333334,36.300000000000004,48.93333333333334,0.9333333333333332
34,2020,Q1,10.666666666666666,553.0,3.533333333333333,4.46,4.46,4.46,1.3666666666666665,57.76666666666667,35.199999999999996,46.5,2.2266666666666666
34,2020,Q2,180.66666666666666,93.0,3.36,3.6933333333333334,3.6933333333333334,3.4266666666666663,-0.36000000000000004,80.39999999999999,55.5,67.96666666666665,-0.4266666666666667
34,2020,Q3,393.0,11.0,3.9800000000000004,2.936666666666667,2.936666666666667,2.72,0.6433333333333333,89.10000000000001,65.8,77.43333333333334,0.9433333333333334
34,2020,Q4,10.333333333333334,431.0,2.1966666666666668,2.4099999999999997,2.4099999999999997,2.0533333333333332,0.10333333333333335,63.76666666666667,38.13333333333333,50.93333333333334,-3.700743415417188e-17
34,2021,Q1,8.333333333333334,695.6666666666666,2.08,2.0666666666666664,2.0666666666666664,1.9433333333333334,0.24666666666666667,52.833333333333336,30.433333333333337,41.63333333333333,0.4533333333333333
34,2021,Q2,159.33333333333334,99.0,4.6933333333333325,2.1466666666666665,2.1466666666666665,2.1466666666666665,0.4266666666666667,78.0,55.73333333333333,66.9,1.0366666666666666
34,2021,Q3,450.3333333333333,2.0,2.4433333333333334,1.57,2.4,2.0066666666666664,-0.3499999999999999,91.56666666666666,67.10000000000001,79.33333333333333,0.07333333333333325
34,2021,Q4,33.333333333333336,318.6666666666667,1.9900000000000002,-1.0633333333333332,0.3466666666666666,-0.4266666666666666,-0.25,68.86666666666666,41.733333333333334,55.333333333333336,-1.0366666666666668
34,2022,Q1,4.0,684.3333333333334,1.6466666666666665,-2.2033333333333336,-2.2033333333333336,-2.2033333333333336,-0.12999999999999998,56.53333333333334,27.400000000000002,41.96666666666667,-1.1466666666666665
34,2022,Q2,221.33333333333334,60.0,4.216666666666666,-1.9433333333333334,-1.9433333333333334,-1.72,0.10333333333333333,82.60000000000001,58.06666666666666,70.33333333333333,-0.18333333333333335
34,2022,Q3,518.3333333333334,3.0,1.5200000000000002,-2.6266666666666665,-2.6266666666666665,-2.6266666666666665,-1.04,95.26666666666665,68.06666666666666,81.66666666666667,-2.203333333333333
34,2022,Q4,17.666666666666668,475.6666666666667,2.473333333333333,-0.9466666666666667,-2.69,-2.526666666666667,0.31,62.03333333333333,37.6,49.800000000000004,0.006666666666666664
34,2023,Q1,4.0,582.3333333333334,2.2866666666666666,0.17333333333333334,-1.84,-1.366666666666667,0.5,58.06666666666667,33.13333333333333,45.6,0.31
34,2023,Q2,180.66666666666666,77.66666666666667,3.6533333333333338,-0.12666666666666668,-1.3633333333333333,-0.7866666666666666,-0.16666666666666666,80.43333333333334,55.833333333333336,68.16666666666667,-0.18333333333333335
34,2023,Q3,487.0,2.3333333333333335,3.61,1.4166666666666667,1.4166666666666667,1.2166666666666666,0.3833333333333333,93.53333333333335,67.93333333333332,80.76666666666667,1.2166666666666668
34,2023,Q4,19.333333333333332,387.6666666666667,2.7600000000000002,1.0833333333333333,1.0833333333333333,0.64,0.4166666666666667,65.23333333333333,40.4,52.800000000000004,0.3566666666666667
34,2024,Q1,13.0,581.0,1.956666666666667,0.2933333333333334,1.21,0.7533333333333334,0.2366666666666667,58.333333333333336,33.666666666666664,46.0,0.08333333333333333
34,2024,Q2,241.66666666666666,45.666666666666664,4.28,-0.26666666666666666,0.7833333333333333,0.043333333333333335,0.21999999999999997,83.19999999999999,59.333333333333336,71.26666666666667,-0.006666666666666636
34,2024,Q3,460.6666666666667,4.0,2.5,-0.5499999999999999,-0.27,-0.5366666666666666,-0.26,92.60000000000001,67.13333333333334,79.86666666666667,-0.7466666666666666
34,2024,Q4,53.666666666666664,337.3333333333333,3.4133333333333327,0.6066666666666666,0.6066666666666666,0.6066666666666666,0.36333333333333334,68.43333333333332,42.53333333333334,55.5,1.05
34,2025,Q1,12.0,663.3333333333334,1.3166666666666667,1.4633333333333332,1.4633333333333332,0.9966666666666667,-0.43333333333333335,56.166666666666664,29.933333333333337,43.06666666666666,-0.3866666666666667
34,2025,Q2,183.33333333333334,64.33333333333333,7.09,3.03,3.03,3.03,1.5133333333333334,80.13333333333334,57.4,68.76666666666667,3.31
34,2025,Q3,-3005.6666666666665,-3333.0,-0.9766666666666666,-30.696666666666662,-30.696666666666662,-30.696666666666662,-32.99,27.866666666666664,13.233333333333329,20.566666666666663,-31.98
34,2025,Q4,-9999.0,-9999.0,-9.99,-99.99,-99.99,-99.99,-99.99,-99.90000000000002,-99.90000000000002,-99.90000000000002,-99.99
35,2015,Q1,0.0,558.0,2.716666666666667,-2.183333333333333,-2.183333333333333,-2.15,-0.6699999999999999,51.633333333333326,32.03333333333333,41.833333333333336,-2.34
35,2015,Q2,29.0,282.0,1.38,-2.85,-2.85,-2.85,-0.7399999999999999,67.93333333333334,41.300000000000004,54.6,-1.3399999999999999
35,2015,Q3,94.33333333333333,71.33333333333333,0.6566666666666667,-3.6233333333333335,-3.6233333333333335,-3.6233333333333335,0.1466666666666667,79.26666666666667,49.06666666666667,64.16666666666667,-1.5466666666666669
35,2015,Q4,0.3333333333333333,587.0,5.303333333333334,-3.1366666666666667,-3.1366666666666667,-2.4833333333333334,0.5533333333333333,49.86666666666667,31.733333333333334,40.833333333333336,0.6966666666666667
35,2016,Q1,0.0,649.0,4.2,-1.61,-1.61,0.043333333333333335,0.25333333333333335,46.56666666666666,29.733333333333334,38.16666666666667,-0.09000000000000001
35,2016,Q2,9.666666666666666,252.33333333333334,1.46,-2.046666666666667,-2.046666666666667,-1.3133333333333332,-0.51,67.8,41.46666666666667,54.6,-1.5033333333333332
35,2016,Q3,64.33333333333333,93.0,0.4566666666666667,-2.7433333333333336,-2.7433333333333336,-2.7366666666666664,-0.38000000000000006,78.0,47.46666666666666,62.73333333333334,-1.4133333333333333
35,2016,Q4,0.0,633.3333333333334,5.4433333333333325,1.9733333333333334,1.0933333333333333,1.9366666666666668,0.91,48.06666666666666,31.066666666666666,39.56666666666667,2.3866666666666667
35,2017,Q1,0.0,773.0,5.760000000000001,2.7633333333333336,2.7633333333333336,2.7633333333333336,1.0933333333333335,42.333333333333336,26.46666666666667,34.36666666666667,2.19
35,2017,Q2,8.0,332.3333333333333,2.2866666666666666,1.0433333333333332,3.296666666666667,2.903333333333333,0.32,64.3,39.53333333333334,51.9,0.3133333333333333
35,2017,Q3,108.66666666666667,51.666666666666664,0.55,-1.4766666666666666,1.1066666666666667,-0.87,-0.57,81.43333333333334,50.9,66.13333333333334,-1.43
35,2017,Q4,0.0,633.0,3.4766666666666666,-1.2533333333333332,0.05666666666666672,-1.0466666666666666,-0.13999999999999999,49.166666666666664,30.3,39.73333333333333,-0.44
35,2018,Q1,0.0,712.0,3.283333333333333,-2.0400000000000005,-2.0400000000000005,-2.0400000000000005,-0.3,45.1,27.633333333333336,36.36666666666667,-0.9900000000000001
35,2018,Q2,7.666666666666667,305.0,1.8866666666666665,-1.7999999999999998,-1.7999999999999998,-1.5866666666666667,-0.09999999999999999,65.66666666666667,40.3,52.96666666666667,-0.59
35,2018,Q3,87.66666666666667,76.33333333333333,0.17666666666666667,-3.1133333333333333,-3.1133333333333333,-3.1133333333333333,-1.2866666666666666,80.16666666666667,48.4,64.3,-2.2033333333333336
35,2018,Q4,0.0,592.3333333333334,3.1233333333333335,-3.6733333333333333,-3.6733333333333333,-3.6733333333333333,-0.3333333333333333,49.699999999999996,30.533333333333335,40.13333333333333,-1.4066666666666665
35,2019,Q1,0.0,771.0,4.05,-0.6766666666666667,-2.903333333333333,-2.063333333333333,-0.020000000000000018,42.26666666666667,25.333333333333332,33.8,0.15999999999999984
35,2019,Q2,8.333333333333334,299.3333333333333,2.6566666666666667,1.3933333333333333,-1.1566666666666665,0.7866666666666666,0.5099999999999999,64.7,40.46666666666666,52.6,0.79
35,2019,Q3,62.666666666666664,94.0,1.2033333333333334,0.6566666666666666,-0.6366666666666667,0.11333333333333329,0.58,76.83333333333333,48.800000000000004,62.86666666666667,0.41
35,2019,Q4,0.0,644.3333333333334,2.1,-1.3266666666666669,-0.9700000000000001,-1.1600000000000001,-0.98,49.06666666666666,29.566666666666666,39.300000000000004,-2.3700000000000006
35,2020,Q1,0.0,712.3333333333334,3.77,-1.8466666666666667,-1.8466666666666667,-1.54,-0.1733333333333333,45.5,27.53333333333333,36.49999999999999,-0.6699999999999999
35,2020,Q2,3.3333333333333335,315.0,2.1166666666666667,-2.0766666666666667,-2.0766666666666667,-1.61,0.17666666666666664,64.86666666666666,39.666666666666664,52.26666666666667,0.020000000000000018
35,2020,Q3,81.0,56.666666666666664,0.3866666666666667,-1.5866666666666667,-1.5866666666666667,-1.0166666666666666,-0.7133333333333334,80.96666666666665,49.56666666666666,65.26666666666667,-0.7399999999999999
35,2020,Q4,0.0,596.6666666666666,3.313333333333333,-2.336666666666667,-2.336666666666667,-2.336666666666667,-0.33666666666666667,51.46666666666666,31.033333333333335,41.266666666666666,-1.2733333333333332
35,2021,Q1,0.0,728.3333333333334,3.606666666666667,-2.1466666666666665,-2.1466666666666665,-1.9633333333333336,-0.23666666666666666,44.53333333333334,27.0,35.800000000000004,-0.6133333333333333
35,2021,Q2,24.333333333333332,276.3333333333333,0.9,-3.5233333333333334,-3.5233333333333334,-3.5233333333333334,-1.2166666666666668,68.63333333333334,40.56666666666667,54.6,-2.5166666666666666
35,2021,Q3,99.66666666666667,59.0,0.75,-4.87,-4.87,-4.753333333333333,-0.15333333333333335,81.33333333333333,50.166666666666664,65.73333333333333,-1.913333333333333
35,2021,Q4,0.0,625.6666666666666,4.246666666666667,-3.546666666666667,-3.546666666666667,-3.0400000000000005,0.29666666666666663,49.333333333333336,31.966666666666665,40.63333333333333,0.08333333333333333
35,2022,Q1,0.0,688.3333333333334,2.22,-4.05,-4.05,-4.05,-1.0799999999999998,47.53333333333333,27.333333333333332,37.46666666666667,-2.5399999999999996
35,2022,Q2,4.333333333333333,408.0,3.5133333333333336,1.84,-1.8499999999999999,0.38333333333333336,1.4666666666666668,60.833333333333336,37.13333333333333,49.0,2.723333333333334
35,2022,Q3,122.33333333333333,39.0,0.35333333333333333,0.4033333333333333,1.8900000000000003,1.2233333333333334,-0.5633333333333334,82.86666666666667,51.93333333333334,67.39999999999999,-0.58
35,2022,Q4,0.3333333333333333,628.3333333333334,3.746666666666666,-1.5599999999999998,-1.5599999999999998,-1.4399999999999997,-0.12000000000000001,49.46666666666666,29.3,39.36666666666667,-0.7766666666666665
35,2023,Q1,0.0,795.3333333333334,3.2433333333333336,-1.1066666666666667,-1.7766666666666666,-1.3966666666666665,-0.2966666666666666,41.333333333333336,23.766666666666666,32.5,-0.4400000000000001
35,2023,Q2,11.0,311.3333333333333,2.0033333333333334,0.02333333333333339,0.43000000000000016,0.15000000000000002,0.010000000000000009,64.89999999999999,39.96666666666667,52.43333333333334,-0.26333333333333336
35,2023,Q3,105.0,64.66666666666667,0.8333333333333334,-1.5666666666666667,-1.5666666666666667,-1.4799999999999998,-0.1333333333333334,79.46666666666668,50.13333333333333,64.76666666666667,-0.9633333333333333
35,2023,Q4,0.0,556.6666666666666,3.5333333333333337,-1.88,-1.88,-1.88,-0.12666666666666668,51.333333333333336,33.4,42.4,-1.1533333333333333
35,2024,Q1,0.0,695.6666666666666,5.0,-0.7999999999999999,-0.7999999999999999,0.5100000000000001,0.64,44.666666666666664,28.666666666666668,36.66666666666667,0.98
35,2024,Q2,6.333333333333333,341.6666666666667,1.6833333333333333,-0.7999999999999999,-0.7999999999999999,0.1466666666666667,-0.29333333333333333,65.0,38.666666666666664,51.800000000000004,-0.5066666666666667
35,2024,Q3,103.33333333333333,53.333333333333336,0.49,-1.6266666666666667,-1.6266666666666667,-1.4966666666666668,-0.38000000000000006,81.53333333333333,50.6,66.03333333333333,-1.3866666666666667
35,2024,Q4,0.0,591.3333333333334,5.006666666666667,-0.8300000000000001,-1.4799999999999998,-0.7633333333333335,0.5033333333333334,50.73333333333333,32.43333333333333,41.56666666666666,0.5866666666666666
35,2025,Q1,0.0,729.0,4.263333333333333,-0.30000000000000004,-0.30000000000000004,0.2833333333333333,0.3,44.63333333333333,26.666666666666668,35.63333333333333,0.45
35,2025,Q2,9.666666666666666,295.3333333333333,0.91,-1.3533333333333335,-1.3533333333333335,-1.3533333333333335,-1.2866666666666668,67.39999999999999,40.06666666666666,53.76666666666667,-2.3
35,2025,Q3,-3235.3333333333335,-3320.3333333333335,-2.983333333333333,-35.3,-35.3,-35.3,-33.13,22.366666666666664,2.1333333333333306,12.233333333333329,-34.82666666666666
35,2025,Q4,-9999.0,-9999.0,-9.99,-99.99,-99.99,-99.99,-99.99,-99.90000000000002,-99.90000000000002,-99.90000000000002,-99.99
36,2015,Q1,0.0,1173.0,2.3833333333333333,-0.8700000000000001,-0.4833333333333334,-0.8133333333333335,-0.5933333333333334,33.26666666666667,13.6,23.400000000000002,-0.7233333333333333
36,2015,Q2,77.66666666666667,185.66666666666666,4.926666666666667,-0.18333333333333335,-0.18333333333333335,-0.0633333333333334,0.5766666666666667,71.23333333333333,48.1,59.633333333333326,1.0233333333333334
36,2015,Q3,185.66666666666666,16.333333333333332,3.74,0.2966666666666667,1.34,0.8033333333333333,-0.15333333333333332,79.96666666666665,57.23333333333333,68.63333333333334,-0.34
36,2015,Q4,0.0,526.6666666666666,3.313333333333333,-0.4366666666666667,0.006666666666666654,-0.14666666666666667,0.1333333333333333,55.76666666666667,36.56666666666667,46.166666666666664,-0.16999999999999996
36,2016,Q1,0.0,898.6666666666666,2.763333333333333,-0.3166666666666667,-0.3166666666666667,-0.3166666666666667,-0.2133333333333333,43.13333333333333,23.2,33.13333333333333,-0.5499999999999999
36,2016,Q2,55.333333333333336,238.33333333333334,3.2866666666666666,-1.4933333333333332,-1.4933333333333332,-1.4933333333333332,-0.4566666666666667,69.16666666666667,45.333333333333336,57.26666666666667,-0.9633333333333334
36,2016,Q3,247.0,12.333333333333334,3.8066666666666666,-1.95,-1.95,-1.95,-0.006666666666666668,82.5,59.23333333333333,70.86666666666667,-0.9766666666666667
36,2016,Q4,2.3333333333333335,642.3333333333334,3.14,-1.34,-2.1,-1.8933333333333333,-0.08000000000000006,51.96666666666667,32.96666666666667,42.46666666666667,-0.6499999999999999
36,2017,Q1,0.0,859.0,3.3333333333333335,0.47000000000000003,-1.3699999999999999,-0.5266666666666666,0.29,43.43333333333334,25.8,34.56666666666667,0.41999999999999993
36,2017,Q2,53.333333333333336,181.66666666666666,4.963333333333334,0.9333333333333332,0.4433333333333333,0.75,0.77,70.43333333333334,47.96666666666666,59.20000000000001,0.9466666666666667
36,2017,Q3,163.0,29.666666666666668,4.013333333333334,1.8233333333333333,1.8233333333333333,1.5366666666666668,0.17,78.26666666666667,56.699999999999996,67.53333333333335,0.6133333333333334
36,2017,Q4,6.0,680.6666666666666,3.2266666666666666,1.4266666666666667,1.4266666666666667,1.0233333333333334,-0.1166666666666667,50.46666666666667,31.76666666666667,41.13333333333333,0.046666666666666634
36,2018,Q1,0.0,988.0,3.9333333333333336,1.8066666666666666,1.8066666666666666,1.5233333333333334,0.7633333333333333,39.333333333333336,21.0,30.133333333333336,1.6466666666666667
36,2018,Q2,71.0,236.33333333333334,4.99,2.43,2.43,2.43,0.7966666666666667,68.93333333333332,46.96666666666667,57.93333333333334,1.2566666666666666
36,2018,Q3,225.0,11.666666666666666,7.5566666666666675,5.13,5.13,5.13,2.106666666666667,79.66666666666667,60.56666666666666,70.13333333333333,5.173333333333333
36,2018,Q4,1.6666666666666667,684.0,4.866666666666666,7.21,7.21,7.21,1.18,48.06666666666666,33.56666666666667,40.833333333333336,2.9066666666666667
36,2019,Q1,0.0,980.3333333333334,3.563333333333333,6.836666666666667,6.836666666666667,6.753333333333334,0.4733333333333334,39.199999999999996,21.233333333333334,30.233333333333334,0.9933333333333335
36,2019,Q2,57.0,178.33333333333334,5.623333333333334,5.983333333333333,5.983333333333333,5.973333333333334,1.1766666666666667,69.93333333333334,48.03333333333334,59.0,1.906666666666667
36,2019,Q3,212.33333333333334,18.0,3.8200000000000003,5.3566666666666665,5.3566666666666665,5.093333333333334,0.030000000000000027,80.46666666666667,58.1,69.3,-0.013333333333333345
36,2019,Q4,3.0,686.6666666666666,3.9200000000000004,4.386666666666667,4.386666666666667,4.326666666666667,0.4766666666666666,50.06666666666666,31.833333333333332,40.93333333333334,1.17
36,2020,Q1,0.0,805.3333333333334,3.5566666666666666,3.7166666666666663,3.7166666666666663,3.7166666666666663,0.5533333333333333,44.666666666666664,27.3,36.0,0.59
36,2020,Q2,53.666666666666664,269.0,3.716666666666667,0.96,3.06,2.6666666666666665,-0.09333333333333332,67.36666666666666,44.800000000000004,56.1,-0.12000000000000004
36,2020,Q3,226.33333333333334,30.666666666666668,3.4666666666666663,-1.3333333333333333,0.3566666666666667,-0.7366666666666667,-0.25333333333333335,81.03333333333333,58.0,69.53333333333333,-1.3133333333333332
36,2020,Q4,1.3333333333333333,623.6666666666666,3.6799999999999997,-1.5933333333333335,-1.5933333333333335,-1.2466666666666668,0.44,52.13333333333333,33.9,43.03333333333333,-0.013333333333333345
36,2021,Q1,0.0,922.6666666666666,2.5400000000000005,-1.3733333333333333,-1.3733333333333333,-0.9266666666666667,-0.4000000000000001,40.93333333333334,23.46666666666667,32.233333333333334,-0.7833333333333333
36,2021,Q2,62.666666666666664,216.66666666666666,3.5366666666666666,-1.7666666666666666,-1.7666666666666666,-1.7,-0.26,70.06666666666666,46.53333333333333,58.29999999999999,-0.82
36,2021,Q3,210.66666666666666,20.333333333333332,6.37,1.9900000000000002,1.4433333333333334,1.9233333333333331,1.5266666666666666,79.7,59.0,69.36666666666667,3.513333333333333
36,2021,Q4,8.0,584.0,2.9233333333333333,0.6966666666666664,2.683333333333333,2.0466666666666664,-0.29666666666666663,53.699999999999996,35.833333333333336,44.76666666666667,-0.3333333333333333
36,2022,Q1,0.0,965.3333333333334,3.1966666666666668,0.11999999999999998,1.8699999999999999,0.9666666666666667,0.18666666666666665,40.86666666666667,20.166666666666664,30.53333333333333,0.30666666666666664
36,2022,Q2,59.0,219.66666666666666,4.346666666666667,0.4033333333333333,1.6966666666666665,1.09,0.3466666666666667,69.8,46.56666666666666,58.199999999999996,0.32
36,2022,Q3,210.66666666666666,27.333333333333332,3.9333333333333336,-0.5066666666666667,-0.3266666666666667,-0.49666666666666665,-0.01999999999999998,79.89999999999999,57.833333333333336,68.89999999999999,-0.5399999999999999
36,2022,Q4,0.0,690.0,3.5,0.4633333333333333,0.17666666666666667,0.42333333333333334,0.3033333333333333,50.79999999999999,31.066666666666663,40.93333333333333,0.48000000000000004
36,2023,Q1,0.0,798.3333333333334,2.9133333333333336,-0.07666666666666666,-0.07666666666666666,-0.07666666666666666,-0.12666666666666668,45.46666666666667,27.433333333333337,36.46666666666666,-0.4166666666666667
36,2023,Q2,31.0,215.0,3.0566666666666666,-0.9500000000000002,-1.5033333333333336,-1.4333333333333336,-0.6033333333333333,70.39999999999999,44.46666666666667,57.43333333333334,-1.21
36,2023,Q3,185.0,26.333333333333332,5.036666666666666,1.4666666666666666,1.4666666666666666,1.4666666666666666,0.91,78.53333333333335,57.93333333333334,68.23333333333333,1.8766666666666667
36,2023,Q4,2.6666666666666665,611.0,3.313333333333334,1.4833333333333334,1.4833333333333334,1.2933333333333332,0.1633333333333333,53.03333333333333,34.766666666666666,43.900000000000006,0.4066666666666667
36,2024,Q1,0.0,832.3333333333334,3.9633333333333334,2.3333333333333335,2.3333333333333335,2.02,0.6766666666666667,44.56666666666666,27.0,35.800000000000004,1.0433333333333332
36,2024,Q2,85.33333333333333,172.33333333333334,4.573333333333333,0.6566666666666667,2.23,1.8333333333333333,0.4633333333333334,72.10000000000001,49.36666666666667,60.73333333333333,0.25666666666666665
36,2024,Q3,199.66666666666666,25.0,3.8833333333333333,-0.9066666666666666,0.8966666666666666,-0.5299999999999999,-0.02999999999999999,79.96666666666667,58.03333333333333,68.96666666666665,-0.49333333333333335
36,2024,Q4,2.0,634.6666666666666,2.526666666666667,-2.39,-2.39,-2.39,-0.4533333333333333,52.79999999999999,32.833333333333336,42.833333333333336,-2.1733333333333333
36,2025,Q1,0.0,959.3333333333334,2.1566666666666667,-2.91,-2.91,-2.783333333333333,-0.8666666666666666,40.300000000000004,21.933333333333334,31.100000000000005,-1.4366666666666665
36,2025,Q2,68.66666666666667,199.66666666666666,5.616666666666667,-1.55,-1.55,-0.19000000000000009,1.1,69.83333333333333,48.4,59.13333333333333,1.7566666666666668
36,2025,Q3,-3170.3333333333335,-3326.0,-1.4033333333333335,-34.17666666666667,-34.17666666666667,-33.33,-34.11333333333333,21.566666666666663,6.433333333333333,14.0,-34.54333333333333
36,2025,Q4,-9999.0,-9999.0,-9.99,-99.99,-99.99,-99.99,-99.99,-99.90000000000002,-99.90000000000002,-99.90000000000002,-99.99
37,2015,Q1,0.0,1192.3333333333333,3.5100000000000002,-0.18333333333333335,-0.18333333333333335,0.20666666666666667,-0.13333333333333333,34.6,15.433333333333332,25.0,-0.2233333333333333
37,2015,Q2,23.333333333333332,246.66666666666666,2.956666666666667,-1.1766666666666665,-1.1766666666666665,-0.9099999999999998,-0.5833333333333334,68.13333333333333,47.133333333333326,57.63333333333333,-1.15
37,2015,Q3,190.0,8.0,3.216666666666667,-1.3533333333333335,-1.3533333333333335,-1.12,-0.09999999999999999,80.96666666666667,60.70000000000001,70.83333333333333,-0.8333333333333334
37,2015,Q4,0.0,513.0,3.943333333333333,-1.6533333333333333,-1.6533333333333333,-1.5599999999999998,0.033333333333333326,57.29999999999999,39.233333333333334,48.26666666666667,-0.6699999999999999
37,2016,Q1,0.0,874.3333333333334,3.706666666666667,-1.3166666666666667,-1.3166666666666667,-0.8366666666666666,0.05333333333333331,45.03333333333333,26.5,35.76666666666667,-0.16
37,2016,Q2,30.666666666666668,273.0,2.9600000000000004,-1.4633333333333336,-1.4633333333333336,-1.3133333333333332,-0.35666666666666663,67.39999999999999,46.63333333333333,57.0,-0.7999999999999999
37,2016,Q3,209.66666666666666,12.666666666666666,2.733333333333333,-2.506666666666667,-2.506666666666667,-2.506666666666667,-0.36000000000000004,81.23333333333333,61.53333333333333,71.36666666666666,-1.7266666666666666
37,2016,Q4,0.0,624.6666666666666,4.3533333333333335,-0.08000000000000002,-2.0,-1.4166666666666667,0.17,54.06666666666666,35.333333333333336,44.70000000000001,0.1366666666666667
37,2017,Q1,0.0,915.6666666666666,3.626666666666667,-0.5133333333333333,-1.7300000000000002,-1.3633333333333333,-0.10666666666666665,43.03333333333333,26.0,34.5,-0.31
37,2017,Q2,27.666666666666668,234.0,5.546666666666667,1.21,0.68,1.0466666666666666,1.0866666666666667,67.7,48.76666666666667,58.26666666666667,1.68
37,2017,Q3,143.66666666666666,16.666666666666668,2.8833333333333333,0.030000000000000027,0.49333333333333346,0.1666666666666667,-0.3266666666666666,78.39999999999999,59.70000000000001,69.1,-0.6933333333333334
37,2017,Q4,5.666666666666667,643.0,4.3133333333333335,0.51,0.51,0.24666666666666667,0.053333333333333344,53.166666666666664,35.266666666666666,44.26666666666667,0.22666666666666666
37,2018,Q1,0.0,927.3333333333334,5.656666666666666,1.3033333333333332,1.3033333333333332,1.3033333333333332,1.0999999999999999,42.5,25.833333333333332,34.2,1.8866666666666667
37,2018,Q2,31.0,265.0,3.4766666666666666,0.19333333333333333,1.3866666666666667,0.62,-0.03333333333333332,67.16666666666667,47.23333333333333,57.23333333333333,-0.39999999999999997
37,2018,Q3,222.66666666666666,12.333333333333334,4.986666666666667,-0.5333333333333333,-0.5333333333333333,-0.5333333333333333,0.5766666666666667,80.43333333333332,63.166666666666664,71.8,0.3466666666666667
37,2018,Q4,0.0,675.0,6.94,3.0833333333333335,3.0833333333333335,3.0833333333333335,1.28,51.1,34.800000000000004,43.0,3.143333333333333
37,2019,Q1,0.0,985.3333333333334,4.46,3.533333333333333,3.533333333333333,3.42,0.39333333333333337,40.76666666666667,23.566666666666666,32.166666666666664,0.6933333333333334
37,2019,Q2,25.666666666666668,259.0,5.31,3.5366666666666666,3.5366666666666666,3.5366666666666666,0.9199999999999999,66.56666666666666,48.13333333333333,57.36666666666667,1.5633333333333335
37,2019,Q3,182.33333333333334,27.0,3.443333333333333,3.266666666666667,3.266666666666667,3.03,0.02333333333333328,80.13333333333334,59.866666666666674,70.0,0.15333333333333332
37,2019,Q4,0.0,675.6666666666666,5.823333333333333,3.3000000000000003,3.3000000000000003,3.1933333333333334,0.82,51.46666666666666,34.43333333333333,42.96666666666667,1.9266666666666667
37,2020,Q1,0.0,814.6666666666666,3.0866666666666664,-0.8666666666666667,2.04,0.8433333333333333,-0.5366666666666667,46.29999999999999,29.2,37.76666666666666,-1.0633333333333332
37,2020,Q2,36.666666666666664,303.0,3.8033333333333332,-0.38666666666666666,1.7033333333333331,0.7833333333333333,0.19000000000000003,65.93333333333334,46.53333333333333,56.26666666666667,0.16333333333333333
37,2020,Q3,215.33333333333334,22.0,1.5599999999999998,-2.0866666666666664,-2.0866666666666664,-2.0866666666666664,-1.3033333333333335,80.76666666666667,61.73333333333333,71.23333333333333,-2.7733333333333334
37,2020,Q4,0.0,588.3333333333334,6.390000000000001,0.9133333333333334,-0.7566666666666667,-0.2533333333333334,1.1333333333333335,55.26666666666667,36.5,45.93333333333334,1.8
37,2021,Q1,0.0,923.0,2.91,-0.5833333333333334,0.37666666666666665,-0.1366666666666667,-0.49666666666666665,42.63333333333333,25.633333333333336,34.13333333333333,-0.98
37,2021,Q2,51.333333333333336,238.66666666666666,3.64,-0.3766666666666667,-0.3766666666666667,-0.3766666666666667,0.11,69.2,48.36666666666667,58.79999999999999,-0.3266666666666666
37,2021,Q3,181.0,12.666666666666666,6.6933333333333325,2.033333333333333,2.033333333333333,2.033333333333333,1.43,78.66666666666667,62.20000000000001,70.4,3.2100000000000004
37,2021,Q4,3.6666666666666665,565.6666666666666,3.3733333333333335,0.5333333333333334,2.466666666666667,1.6766666666666667,-0.41333333333333333,55.4,37.93333333333334,46.63333333333333,-0.4733333333333332
37,2022,Q1,0.0,949.0,4.173333333333333,-0.5966666666666667,1.6166666666666665,0.5033333333333333,0.34333333333333327,43.43333333333333,23.3,33.333333333333336,0.4633333333333332
37,2022,Q2,30.666666666666668,231.33333333333334,3.1300000000000003,-1.09,-0.49999999999999994,-0.8766666666666666,-0.27,68.23333333333333,48.5,58.36666666666667,-0.9433333333333334
37,2022,Q3,213.0,26.666666666666668,3.4599999999999995,-1.3333333333333333,-2.096666666666667,-1.836666666666667,-0.39000000000000007,80.73333333333333,61.26666666666667,71.0,-1.1333333333333333
37,2022,Q4,0.0,597.3333333333334,4.906666666666666,0.9466666666666667,-0.35666666666666663,0.49333333333333335,0.4766666666666666,54.800000000000004,36.333333333333336,45.56666666666666,0.8533333333333334
37,2023,Q1,0.0,829.0,4.13,0.08333333333333337,1.1400000000000001,0.29333333333333333,-3.700743415417188e-17,45.666666666666664,28.899999999999995,37.266666666666666,-0.10333333333333333
37,2023,Q2,15.333333333333334,255.66666666666666,3.8433333333333337,-0.21666666666666665,-0.21666666666666665,-0.7466666666666667,0.2233333333333333,67.53333333333333,46.76666666666667,57.13333333333333,0.05666666666666668
37,2023,Q3,171.0,19.333333333333332,6.573333333333333,2.4133333333333336,2.4133333333333336,2.4133333333333336,1.3733333333333333,78.26666666666667,61.46666666666667,69.89999999999999,3.4166666666666665
37,2023,Q4,2.3333333333333335,588.3333333333334,4.483333333333333,2.6166666666666667,2.6166666666666667,2.3366666666666664,0.21999999999999997,54.9,36.8,45.833333333333336,0.5199999999999999
37,2024,Q1,0.0,861.0,6.803333333333334,3.9199999999999995,3.9199999999999995,3.7066666666666666,1.0933333333333333,44.0,28.5,36.23333333333333,2.69
37,2024,Q2,48.333333333333336,239.33333333333334,5.05,4.293333333333333,4.293333333333333,4.246666666666666,0.8300000000000001,68.16666666666667,49.199999999999996,58.699999999999996,1.1066666666666667
37,2024,Q3,167.66666666666666,29.0,3.476666666666666,2.5800000000000005,3.7633333333333336,3.563333333333334,0.06666666666666665,78.16666666666667,60.73333333333333,69.46666666666665,0.05999999999999998
37,2024,Q4,0.0,612.6666666666666,3.56,-1.6233333333333333,1.25,-0.8733333333333334,-0.39999999999999997,55.03333333333334,35.1,45.06666666666666,-1.1633333333333333
37,2025,Q1,0.0,946.6666666666666,3.1266666666666665,-1.6466666666666665,-0.88,-1.6466666666666665,-0.44,41.833333333333336,24.833333333333332,33.333333333333336,-0.8633333333333333
37,2025,Q2,49.333333333333336,218.33333333333334,4.5,-0.3233333333333333,0.11666666666666665,-0.2866666666666667,0.4099999999999999,68.63333333333334,50.23333333333333,59.43333333333334,0.46000000000000013
37,2025,Q3,-3191.6666666666665,-3326.0,-1.2400000000000002,-33.97666666666667,-33.97666666666667,-33.97666666666667,-33.40333333333333,20.933333333333326,7.73333333333333,14.366666666666665,-33.96666666666666
37,2025,Q4,-9999.0,-9999.0,-9.99,-99.99,-99.99,-99.99,-99.99,-99.90000000000002,-99.90000000000002,-99.90000000000002,-99.99
38,2015,Q1,10.333333333333334,549.6666666666666,3.5999999999999996,0.35000000000000003,0.35000000000000003,0.35000000000000003,-0.10333333333333333,58.300000000000004,35.833333333333336,47.06666666666666,-0.2633333333333333
38,2015,Q2,245.0,28.666666666666668,3.4066666666666663,-0.8399999999999999,-0.8399999999999999,-0.62,-0.27666666666666667,83.8,60.73333333333333,72.3,-1.1033333333333333
38,2015,Q3,416.0,0.6666666666666666,4.51,-2.1566666666666667,-2.1566666666666667,-2.1566666666666667,-0.23666666666666666,88.96666666666665,68.36666666666666,78.66666666666667,-1.2766666666666666
38,2015,Q4,43.333333333333336,209.66666666666666,8.703333333333333,3.86,3.86,3.86,2.25,70.10000000000001,49.666666666666664,59.93333333333334,5.363333333333334
38,2016,Q1,22.0,463.0,3.233333333333333,-0.3,3.396666666666667,2.8633333333333333,-0.37666666666666665,61.699999999999996,39.333333333333336,50.53333333333333,-0.9033333333333333
38,2016,Q2,218.0,41.666666666666664,3.8633333333333333,-0.75,1.9966666666666668,0.7666666666666666,0.01666666666666668,82.53333333333333,59.43333333333334,71.0,0.016666666666666757
38,2016,Q3,487.3333333333333,0.0,4.816666666666666,-1.0,-0.89,-1.3,-0.15333333333333332,91.26666666666665,70.63333333333333,80.9,-1.1733333333333333
38,2016,Q4,42.0,292.3333333333333,3.5033333333333334,0.08000000000000002,-0.7933333333333333,0.43,0.0633333333333333,69.03333333333333,45.0,57.0,0.3066666666666667
38,2017,Q1,22.333333333333332,357.0,2.8666666666666667,-0.9199999999999999,-0.9199999999999999,-0.65,-0.59,66.53333333333335,41.63333333333333,54.13333333333333,-1.4633333333333332
38,2017,Q2,218.33333333333334,20.333333333333332,5.03,0.8333333333333334,0.33666666666666667,0.62,0.7666666666666666,82.7,60.833333333333336,71.8,1.1566666666666665
38,2017,Q3,404.3333333333333,0.6666666666666666,4.96,0.006666666666666672,0.7666666666666666,0.43333333333333335,0.12000000000000001,88.36666666666667,68.16666666666667,78.23333333333333,0.01666666666666668
38,2017,Q4,39.0,318.3333333333333,2.6666666666666665,-0.3433333333333333,-0.17333333333333334,-0.30000000000000004,-0.23666666666666666,67.50000000000001,44.73333333333333,56.1,-0.6933333333333334
38,2018,Q1,14.333333333333334,479.3333333333333,2.72,-1.3366666666666667,-1.3366666666666667,-1.3366666666666667,-0.6466666666666666,61.36666666666667,38.56666666666667,50.0,-1.3666666666666665
38,2018,Q2,245.66666666666666,58.0,4.8,0.4566666666666666,0.31,0.3433333333333333,0.6,82.73333333333333,59.866666666666674,71.33333333333333,0.9233333333333332
38,2018,Q3,450.6666666666667,0.0,5.476666666666667,-0.19333333333333333,0.13333333333333333,-0.25333333333333335,0.32666666666666666,89.53333333333335,70.16666666666667,79.86666666666666,-0.07333333333333332
38,2018,Q4,42.0,333.3333333333333,6.103333333333334,1.8800000000000001,1.8800000000000001,1.8800000000000001,1.5633333333333332,65.86666666666666,45.800000000000004,55.800000000000004,3.2600000000000002
38,2019,Q1,13.0,434.6666666666667,2.8666666666666667,-0.62,2.0066666666666664,1.1333333333333333,-0.5566666666666666,62.43333333333334,40.16666666666667,51.26666666666667,-1.2366666666666666
38,2019,Q2,244.0,29.666666666666668,4.026666666666667,-1.2533333333333332,-0.5533333333333333,-0.84,0.12666666666666668,83.69999999999999,60.73333333333333,72.2,-0.4033333333333333
38,2019,Q3,457.3333333333333,0.0,3.643333333333333,-2.14,-2.14,-2.14,-0.66,90.86666666666667,69.1,80.0,-2.08
38,2019,Q4,52.333333333333336,314.3333333333333,4.806666666666667,-0.3799999999999999,-1.8166666666666664,-1.1566666666666665,1.01,67.7,45.43333333333333,56.6,1.1566666666666665
38,2020,Q1,28.333333333333332,370.3333333333333,5.183333333333333,1.5533333333333335,0.9433333333333334,1.33,0.79,63.86666666666667,43.833333333333336,53.86666666666667,0.7799999999999999
38,2020,Q2,162.33333333333334,55.333333333333336,5.349999999999999,2.64,2.64,2.64,0.9166666666666665,79.76666666666667,57.73333333333333,68.73333333333333,2.013333333333333
38,2020,Q3,409.3333333333333,1.0,6.086666666666667,2.606666666666667,2.606666666666667,2.466666666666667,0.5733333333333334,87.73333333333333,69.13333333333334,78.43333333333334,1.0
38,2020,Q4,52.333333333333336,294.6666666666667,3.3366666666666664,2.8266666666666667,2.8266666666666667,2.7566666666666664,0.24,68.5,46.26666666666667,57.43333333333334,0.5333333333333333
38,2021,Q1,14.666666666666666,461.6666666666667,4.7299999999999995,1.86,2.85,2.6300000000000003,0.5366666666666667,60.76666666666667,39.800000000000004,50.26666666666667,0.68
38,2021,Q2,175.33333333333334,52.0,3.436666666666666,-0.6266666666666667,1.3800000000000001,-0.10333333333333335,-0.30333333333333334,81.26666666666667,57.23333333333333,69.3,-0.4966666666666666
38,2021,Q3,386.6666666666667,1.0,5.406666666666666,0.9066666666666667,1.68,0.9866666666666667,0.35999999999999993,87.36666666666666,67.93333333333334,77.66666666666667,0.66
38,2021,Q4,46.0,276.3333333333333,2.25,-0.66,0.2533333333333334,-0.42333333333333334,-0.5333333333333333,69.60000000000001,45.73333333333333,57.666666666666664,-1.22
38,2022,Q1,16.333333333333332,444.3333333333333,3.283333333333333,-1.3366666666666667,-1.3366666666666667,-1.1933333333333334,-0.29000000000000004,63.199999999999996,38.86666666666667,51.03333333333334,-0.9199999999999999
38,2022,Q2,230.33333333333334,43.333333333333336,3.6233333333333335,-1.4566666666666668,-1.4566666666666668,-1.2733333333333334,-0.0733333333333333,83.36666666666666,59.366666666666674,71.33333333333333,-0.4366666666666667
38,2022,Q3,399.3333333333333,0.6666666666666666,5.066666666666666,-1.4733333333333334,-1.4733333333333334,-1.42,0.19666666666666666,87.66666666666667,68.36666666666666,78.03333333333335,-0.2966666666666667
38,2022,Q4,17.666666666666668,345.6666666666667,3.17,-0.43999999999999995,-1.2866666666666668,-1.1133333333333335,0.18999999999999997,65.56666666666666,43.699999999999996,54.666666666666664,-0.08666666666666666
38,2023,Q1,25.0,347.3333333333333,4.223333333333333,-0.10999999999999999,-0.10999999999999999,0.08333333333333333,0.2333333333333333,66.0,43.1,54.56666666666666,-0.15333333333333332
38,2023,Q2,144.33333333333334,49.666666666666664,4.8500000000000005,0.8466666666666667,0.8466666666666667,0.8466666666666667,0.66,79.43333333333334,57.199999999999996,68.33333333333333,1.47
38,2023,Q3,412.6666666666667,0.3333333333333333,4.873333333333333,0.8066666666666666,1.2666666666666666,1.0333333333333334,0.04666666666666667,88.73333333333333,68.36666666666666,78.53333333333333,0.18333333333333335
38,2023,Q4,26.333333333333332,317.3333333333333,3.2533333333333334,-0.22666666666666668,0.18666666666666668,-0.15999999999999995,0.20333333333333334,67.63333333333333,43.833333333333336,55.73333333333333,0.06000000000000005
38,2024,Q1,17.0,431.3333333333333,4.666666666666667,0.7366666666666667,0.7366666666666667,0.45,0.45,63.29999999999999,39.63333333333333,51.46666666666667,0.4166666666666667
38,2024,Q2,233.0,30.0,3.32,-0.3933333333333333,-0.3933333333333333,-0.1733333333333333,-0.34,83.1,60.666666666666664,71.89999999999999,-0.7399999999999999
38,2024,Q3,413.6666666666667,0.0,7.513333333333333,1.3399999999999999,1.3399999999999999,1.3399999999999999,1.2433333333333334,87.86666666666667,69.33333333333333,78.63333333333333,2.3866666666666667
38,2024,Q4,39.333333333333336,286.3333333333333,2.1300000000000003,-0.7266666666666666,1.05,-0.08333333333333333,-0.7300000000000001,68.63333333333334,45.800000000000004,57.199999999999996,-0.87
38,2025,Q1,13.0,482.3333333333333,2.376666666666667,-1.6366666666666667,-1.6366666666666667,-1.6366666666666667,-0.9033333333333332,62.199999999999996,37.1,49.6,-1.7066666666666663
38,2025,Q2,233.66666666666666,24.0,4.823333333333333,-1.2733333333333332,-1.2733333333333332,-0.16333333333333333,0.57,82.89999999999999,61.5,72.2,0.8533333333333332
38,2025,Q3,-3028.3333333333335,-3333.0,0.6800000000000003,-33.223333333333336,-33.223333333333336,-32.85333333333333,-33.1,26.03333333333333,13.899999999999997,19.96666666666667,-32.95666666666666
38,2025,Q4,-9999.0,-9999.0,-9.99,-99.99,-99.99,-99.99,-99.99,-99.90000000000002,-99.90000000000002,-99.90000000000002,-99.99
39,2015,Q1,0.3333333333333333,1145.6666666666667,0.2833333333333334,3.47,3.47,2.8666666666666667,-1.1066666666666667,39.76666666666667,14.366666666666665,27.066666666666666,-1.02
39,2015,Q2,57.666666666666664,307.0,3.546666666666667,2.4066666666666667,2.4066666666666667,1.43,0.36000000000000004,68.96666666666667,43.79999999999999,56.36666666666667,1.3233333333333335
39,2015,Q3,171.0,52.666666666666664,2.57,4.169999999999999,4.169999999999999,4.116666666666666,0.59,82.53333333333333,56.0,69.26666666666667,2.236666666666667
39,2015,Q4,1.0,828.6666666666666,1.1933333333333334,3.8666666666666667,3.8666666666666667,3.84,0.9700000000000001,48.1,26.73333333333333,37.43333333333333,1.1566666666666667
39,2016,Q1,0.6666666666666666,1050.6666666666667,0.63,3.28,3.28,3.09,-0.04666666666666667,41.0,19.733333333333334,30.366666666666664,-0.17666666666666667
39,2016,Q2,82.0,290.6666666666667,2.6933333333333334,3.0933333333333333,3.0933333333333333,2.72,0.0433333333333333,71.3,44.46666666666667,57.9,0.4333333333333333
39,2016,Q3,177.33333333333334,64.0,2.44,2.3233333333333337,2.3233333333333337,1.82,0.48,82.10000000000001,55.46666666666667,68.8,0.9033333333333333
39,2016,Q4,1.0,863.3333333333334,1.1300000000000001,1.9466666666666665,1.9466666666666665,1.5633333333333332,0.9199999999999999,47.76666666666666,24.900000000000002,36.333333333333336,0.4566666666666666
39,2017,Q1,0.0,1104.0,0.57,0.5566666666666668,1.8533333333333335,1.51,-0.10333333333333335,37.13333333333333,17.166666666666668,27.133333333333336,-0.25333333333333335
39,2017,Q2,60.666666666666664,310.0,2.0833333333333335,-1.0566666666666666,-0.013333333333333272,-0.82,-0.5066666666666667,70.26666666666667,43.13333333333333,56.73333333333333,-1.3733333333333333
39,2017,Q3,170.66666666666666,74.33333333333333,2.5933333333333333,-0.11000000000000003,-1.3533333333333333,-0.4566666666666666,0.6166666666666666,82.16666666666667,54.666666666666664,68.39999999999999,0.5766666666666665
39,2017,Q4,0.0,917.6666666666666,0.63,0.02666666666666669,0.02666666666666669,0.02666666666666669,-0.2966666666666667,46.666666666666664,22.933333333333334,34.800000000000004,-0.5433333333333333
39,2018,Q1,0.0,1312.0,0.9233333333333333,0.056666666666666664,0.056666666666666664,-0.15333333333333335,0.5966666666666667,30.633333333333336,9.4,20.033333333333335,0.37666666666666665
39,2018,Q2,92.66666666666667,355.0,3.063333333333334,0.6966666666666667,0.6966666666666667,0.6966666666666667,0.26666666666666666,68.26666666666667,43.699999999999996,56.03333333333334,0.5066666666666666
39,2018,Q3,159.33333333333334,72.0,2.63,1.7299999999999998,1.7299999999999998,1.7299999999999998,0.5666666666666668,80.46666666666665,55.26666666666666,67.86666666666667,1.6300000000000001
39,2018,Q4,0.0,995.0,1.133333333333333,2.686666666666667,2.686666666666667,2.686666666666667,0.79,42.833333333333336,22.333333333333332,32.6,1.57
39,2019,Q1,0.0,1418.6666666666667,1.0633333333333332,3.3166666666666664,3.3166666666666664,3.3166666666666664,0.9700000000000001,25.633333333333336,7.133333333333333,16.400000000000002,1.843333333333333
39,2019,Q2,47.666666666666664,381.6666666666667,3.723333333333334,5.5566666666666675,5.5566666666666675,5.510000000000001,0.6933333333333334,65.06666666666666,42.233333333333334,53.633333333333326,3.4266666666666663
39,2019,Q3,161.66666666666666,66.66666666666667,4.333333333333333,9.1,9.1,9.1,1.9866666666666666,79.23333333333333,56.333333333333336,67.8,7.016666666666667
39,2019,Q4,0.0,1008.6666666666666,1.3433333333333335,10.516666666666667,10.516666666666667,10.516666666666667,1.0266666666666666,41.4,21.700000000000003,31.533333333333335,3.203333333333333
39,2020,Q1,0.0,1145.6666666666667,0.5366666666666666,9.159999999999998,9.159999999999998,9.159999999999998,-0.21333333333333335,36.800000000000004,16.53333333333333,26.666666666666668,1.1566666666666667
39,2020,Q2,78.33333333333333,353.3333333333333,2.23,7.196666666666666,7.196666666666666,7.156666666666666,-0.5066666666666667,68.33333333333333,42.699999999999996,55.5,0.43
39,2020,Q3,186.66666666666666,72.0,2.0166666666666666,4.366666666666666,6.333333333333333,6.146666666666667,-0.1266666666666667,82.7,54.93333333333334,68.83333333333333,0.9766666666666666
39,2020,Q4,0.0,887.6666666666666,0.6066666666666668,-0.3866666666666667,4.376666666666667,3.73,-0.2833333333333333,48.46666666666666,23.566666666666666,36.03333333333334,-0.21333333333333335
39,2021,Q1,1.0,1156.6666666666667,0.63,-0.8466666666666667,2.59,1.2133333333333332,-0.14333333333333334,36.86666666666667,15.666666666666666,26.23333333333333,-0.77
39,2021,Q2,89.0,326.0,1.64,-2.0033333333333334,-0.26000000000000006,-1.6199999999999999,-0.9633333333333333,70.8,43.1,56.96666666666666,-2.4466666666666668
39,2021,Q3,212.33333333333334,46.333333333333336,2.3499999999999996,-2.31,-3.313333333333333,-3.3000000000000003,0.3866666666666667,85.03333333333333,56.800000000000004,70.93333333333334,-0.9066666666666666
39,2021,Q4,1.0,816.3333333333334,1.43,0.26333333333333336,-1.3366666666666667,0.22666666666666666,0.49666666666666676,49.6,26.333333333333332,37.96666666666667,1.2166666666666666
39,2022,Q1,0.0,1225.6666666666667,0.30666666666666664,-0.7600000000000001,-1.5533333333333335,-0.6766666666666666,-1.0733333333333333,37.333333333333336,10.966666666666667,24.166666666666668,-1.0966666666666667
39,2022,Q2,62.333333333333336,369.3333333333333,2.796666666666667,0.3966666666666667,-0.17333333333333334,0.22333333333333338,0.11666666666666665,66.89999999999999,41.56666666666666,54.23333333333333,0.61
39,2022,Q3,217.66666666666666,43.666666666666664,1.7366666666666666,-0.7566666666666667,-0.7566666666666667,-0.7566666666666667,-0.45,85.43333333333334,56.70000000000001,71.06666666666668,-1.03
39,2022,Q4,0.0,1012.6666666666666,0.8233333333333333,-0.8833333333333333,-1.4166666666666667,-0.9133333333333332,0.42333333333333334,42.86666666666667,19.566666666666666,31.23333333333333,0.3033333333333334
39,2023,Q1,0.0,1302.0,0.8733333333333334,1.3933333333333333,1.3933333333333333,1.3933333333333333,0.6933333333333334,31.666666666666668,12.233333333333334,21.933333333333334,0.8733333333333334
39,2023,Q2,89.66666666666667,305.0,2.7900000000000005,1.11,1.11,0.79,-0.006666666666666636,70.36666666666667,44.43333333333334,57.4,0.023333333333333355
39,2023,Q3,179.0,52.666666666666664,2.793333333333333,2.0433333333333334,2.0433333333333334,2.0433333333333334,0.8266666666666667,82.39999999999999,55.73333333333333,69.06666666666666,1.89
39,2023,Q4,0.0,796.6666666666666,1.32,3.1266666666666665,3.1266666666666665,2.9499999999999997,0.6733333333333333,50.36666666666667,26.666666666666668,38.5,1.6300000000000001
39,2024,Q1,0.3333333333333333,1107.6666666666667,0.49000000000000005,2.653333333333333,2.653333333333333,2.5566666666666666,-0.3433333333333333,38.26666666666667,17.2,27.733333333333334,-0.07333333333333332
39,2024,Q2,57.666666666666664,303.0,3.58,3.3466666666666662,3.3466666666666662,3.3466666666666662,0.7899999999999999,69.2,44.0,56.63333333333333,2.216666666666667
39,2024,Q3,194.0,39.333333333333336,1.6300000000000001,2.2533333333333334,3.4333333333333336,3.0566666666666666,-0.5433333333333333,84.36666666666667,56.833333333333336,70.60000000000001,0.19666666666666677
39,2024,Q4,2.3333333333333335,816.0,0.64,-1.3133333333333332,1.5433333333333332,-0.26666666666666666,-0.13999999999999999,50.06666666666666,26.099999999999998,38.1,-0.5066666666666667
39,2025,Q1,1.0,1218.0,0.45999999999999996,-1.4133333333333333,0.036666666666666625,-1.1566666666666667,-0.6566666666666666,35.833333333333336,11.233333333333334,23.53333333333333,-1.1533333333333333
39,2025,Q2,64.0,308.0,3.2366666666666664,-0.48333333333333334,-1.0333333333333332,-0.22999999999999998,0.45333333333333337,69.60000000000001,43.666666666666664,56.633333333333326,0.6666666666666666
39,2025,Q3,-3179.0,-3316.6666666666665,-1.0433333333333337,-32.17666666666667,-32.17666666666667,-32.17666666666667,-32.54666666666667,22.833333333333332,6.3666666666666645,14.599999999999994,-31.543333333333333
39,2025,Q4,-9999.0,-9999.0,-9.99,-99.99,-99.99,-99.99,-99.99,-99.90000000000002,-99.90000000000002,-99.90000000000002,-99.99
40,2015,Q1,3.3333333333333335,779.6666666666666,4.26,1.61,1.61,0.6933333333333334,-0.20333333333333334,49.133333333333326,28.433333333333337,38.833333333333336,-0.5366666666666667
40,2015,Q2,166.33333333333334,73.66666666666667,4.8,1.4400000000000002,1.4400000000000002,0.7966666666666665,0.3,79.36666666666666,56.63333333333333,68.0,0.3466666666666667
40,2015,Q3,298.3333333333333,5.666666666666667,4.580000000000001,2.1366666666666667,2.1366666666666667,2.063333333333333,0.5299999999999999,85.03333333333333,63.866666666666674,74.46666666666667,1.2933333333333334
40,2015,Q4,18.666666666666668,330.6666666666667,6.080000000000001,2.67,2.67,2.67,1.04,65.26666666666667,44.4,54.833333333333336,1.7766666666666666
40,2016,Q1,8.0,644.0,4.57,-0.41333333333333333,2.0866666666666664,1.4233333333333331,-0.08333333333333333,53.9,33.53333333333333,43.73333333333333,-0.5433333333333333
40,2016,Q2,154.66666666666666,90.33333333333333,3.6633333333333336,-0.98,0.8233333333333334,-0.6833333333333335,-0.3933333333333333,78.96666666666667,55.20000000000001,67.10000000000001,-0.7700000000000001
40,2016,Q3,393.0,1.6666666666666667,3.896666666666667,-0.7666666666666666,0.14666666666666664,-0.6533333333333333,0.0433333333333333,88.60000000000001,66.66666666666667,77.63333333333334,-0.32
40,2016,Q4,32.333333333333336,409.6666666666667,3.5500000000000003,-2.276666666666667,-2.276666666666667,-2.1,-0.40666666666666673,65.16666666666667,40.333333333333336,52.73333333333333,-1.55
40,2017,Q1,12.333333333333334,513.3333333333334,4.13,-1.6500000000000001,-2.5,-2.4099999999999997,-0.31,58.699999999999996,37.86666666666667,48.300000000000004,-1.2233333333333334
40,2017,Q2,140.33333333333334,60.666666666666664,5.6433333333333335,0.8966666666666666,-1.1566666666666665,0.15666666666666665,0.7533333333333334,78.86666666666667,56.29999999999999,67.56666666666666,1.2766666666666666
40,2017,Q3,288.6666666666667,10.0,4.8566666666666665,1.9100000000000001,1.9100000000000001,1.9100000000000001,0.68,84.46666666666665,63.4,73.93333333333332,1.6433333333333335
40,2017,Q4,14.666666666666666,471.6666666666667,4.109999999999999,2.4233333333333333,2.4233333333333333,2.1166666666666667,0.13000000000000003,61.300000000000004,38.86666666666667,50.06666666666666,0.5233333333333333
40,2018,Q1,5.666666666666667,664.3333333333334,6.316666666666667,2.236666666666667,2.236666666666667,1.8133333333333332,0.4333333333333334,53.1,33.333333333333336,43.20000000000001,1.2033333333333334
40,2018,Q2,196.0,126.66666666666667,5.566666666666667,2.97,2.97,2.9,0.7433333333333333,78.53333333333333,55.9,67.23333333333333,1.2566666666666666
40,2018,Q3,357.0,0.0,5.023333333333333,2.75,2.75,2.5666666666666664,0.5433333333333333,86.33333333333333,66.66666666666667,76.5,1.2033333333333334
40,2018,Q4,15.333333333333334,490.3333333333333,5.473333333333334,3.7699999999999996,3.7699999999999996,3.7699999999999996,0.7799999999999999,58.79999999999999,39.9,49.366666666666674,1.8033333333333335
40,2019,Q1,3.0,624.0,7.37,4.793333333333333,4.793333333333333,4.653333333333333,0.8733333333333334,54.03333333333334,34.63333333333333,44.333333333333336,2.08
40,2019,Q2,155.66666666666666,73.0,5.34,4.326666666666667,4.326666666666667,4.15,0.5833333333333334,78.83333333333333,56.366666666666674,67.6,0.9966666666666667
40,2019,Q3,373.0,0.0,3.533333333333333,4.053333333333334,4.053333333333334,3.596666666666667,-0.3266666666666667,88.39999999999999,65.7,77.03333333333333,-0.0733333333333334
40,2019,Q4,18.666666666666668,464.0,6.063333333333333,3.956666666666667,3.956666666666667,3.956666666666667,1.06,61.63333333333333,39.1,50.366666666666674,2.1166666666666667
40,2020,Q1,12.0,547.0,8.020000000000001,4.613333333333333,4.613333333333333,4.613333333333333,1.31,56.03333333333334,38.03333333333333,47.03333333333334,2.4233333333333333
40,2020,Q2,114.0,134.33333333333334,5.0,5.0,5.0,4.99,0.38999999999999996,75.46666666666668,53.06666666666666,64.3,1.1066666666666667
40,2020,Q3,324.0,7.666666666666667,5.02,4.47,4.47,4.466666666666666,0.7400000000000001,85.03333333333333,65.26666666666667,75.16666666666667,1.4533333333333334
40,2020,Q4,13.666666666666666,455.0,3.8699999999999997,4.086666666666667,4.086666666666667,3.58,-0.056666666666666636,62.166666666666664,39.06666666666667,50.6,0.2133333333333333
40,2021,Q1,8.0,642.3333333333334,6.173333333333333,2.9066666666666663,2.9066666666666663,2.0766666666666667,0.5666666666666668,53.26666666666667,33.9,43.56666666666666,1.03
40,2021,Q2,120.33333333333333,124.66666666666667,3.8699999999999997,2.563333333333333,2.563333333333333,1.9900000000000002,-0.27666666666666667,76.33333333333333,53.23333333333333,64.76666666666667,-0.2066666666666667
40,2021,Q3,308.0,8.666666666666666,5.683333333333334,3.513333333333333,3.513333333333333,3.486666666666667,1.0966666666666667,84.73333333333333,64.53333333333333,74.63333333333333,2.61
40,2021,Q4,30.0,392.0,3.8666666666666667,3.8033333333333332,3.8033333333333332,3.2633333333333336,-0.10333333333333333,64.26666666666667,41.93333333333333,53.13333333333333,0.16999999999999993
40,2022,Q1,5.333333333333333,661.6666666666666,6.38,2.2133333333333334,3.3966666666666665,3.0066666666666664,0.6566666666666666,54.43333333333334,31.5,42.96666666666667,1.13
40,2022,Q2,165.66666666666666,99.0,3.9166666666666665,-0.44333333333333336,2.4233333333333333,1.6866666666666665,-0.2933333333333333,78.96666666666667,55.333333333333336,67.16666666666667,-0.5299999999999999
40,2022,Q3,330.0,9.333333333333334,4.19,-0.5800000000000001,1.4933333333333332,0.3733333333333333,0.27999999999999997,86.10000000000001,64.46666666666665,75.33333333333334,-0.003333333333333336
40,2022,Q4,5.333333333333333,503.3333333333333,3.783333333333333,-0.65,-0.4666666666666666,-0.8066666666666666,-0.09000000000000001,60.36666666666667,37.1,48.699999999999996,-0.5466666666666667
40,2023,Q1,11.333333333333334,520.0,5.533333333333334,-9.25185853854297e-18,-9.25185853854297e-18,-9.25185853854297e-18,0.4066666666666667,58.43333333333334,37.63333333333333,48.0,0.05333333333333332
40,2023,Q2,114.33333333333333,103.0,3.9633333333333334,-0.22333333333333336,-0.22333333333333336,-0.35000000000000003,-0.19000000000000003,76.96666666666665,53.6,65.3,-0.17
40,2023,Q3,311.0,5.666666666666667,4.566666666666667,0.6933333333333334,1.2699999999999998,1.0066666666666666,0.4066666666666667,85.43333333333334,64.13333333333334,74.8,1.3966666666666665
40,2023,Q4,15.333333333333334,422.0,2.1999999999999997,-1.7300000000000002,-1.7300000000000002,-1.7300000000000002,-1.06,63.43333333333334,39.9,51.70000000000001,-2.0833333333333335
40,2024,Q1,9.0,605.6666666666666,5.076666666666666,-1.74,-1.74,-1.3966666666666667,0.18333333333333332,56.06666666666666,34.233333333333334,45.166666666666664,-0.30999999999999994
40,2024,Q2,175.0,67.0,4.903333333333333,-1.36,-1.36,-0.6133333333333334,0.16333333333333333,79.23333333333333,57.699999999999996,68.5,0.23666666666666666
40,2024,Q3,331.0,4.666666666666667,4.496666666666667,-1.2833333333333334,-1.2833333333333334,-0.4499999999999999,-0.016666666666666607,86.23333333333333,64.7,75.5,0.15666666666666673
40,2024,Q4,21.333333333333332,386.3333333333333,3.236666666666667,-1.6133333333333333,-1.6133333333333333,-1.39,-0.5833333333333334,64.03333333333333,42.13333333333333,53.06666666666666,-1.29
40,2025,Q1,7.333333333333333,667.0,4.873333333333334,-0.4033333333333333,-1.3933333333333333,-1.0366666666666666,0.08333333333333333,54.300000000000004,31.533333333333335,42.9,-0.23999999999999996
40,2025,Q2,162.66666666666666,67.33333333333333,6.653333333333333,1.5166666666666666,1.5166666666666666,1.5166666666666666,1.2733333333333332,78.43333333333332,57.79999999999999,68.13333333333334,2.276666666666667
40,2025,Q3,-3065.0,-3333.0,-1.3966666666666667,-32.64333333333333,-32.64333333333333,-33.406666666666666,-33.949999999999996,25.566666666666674,11.666666666666666,18.599999999999994,-34.32666666666666
40,2025,Q4,-9999.0,-9999.0,-9.99,-99.99,-99.99,-99.99,-99.99,-99.90000000000002,-99.90000000000002,-99.90000000000002,-99.99
41,2015,Q1,17.333333333333332,420.6666666666667,2.41,0.91,-0.42333333333333334,0.2833333333333333,0.86,60.800000000000004,38.13333333333333,49.46666666666667,1.4100000000000001
41,2015,Q2,301.0,16.0,5.576666666666667,4.026666666666666,4.026666666666666,4.026666666666666,1.7066666666666668,83.3,61.633333333333326,72.5,4.516666666666667
41,2015,Q3,550.3333333333334,0.0,1.57,4.0566666666666675,4.0566666666666675,3.33,-0.7633333333333333,94.06666666666666,69.76666666666667,81.89999999999999,-0.8166666666666668
41,2015,Q4,100.66666666666667,182.66666666666666,4.1866666666666665,4.45,4.45,4.376666666666666,1.4466666666666665,71.33333333333333,47.29999999999999,59.333333333333336,3.1966666666666668
41,2016,Q1,46.333333333333336,308.6666666666667,1.6199999999999999,4.0233333333333325,4.0233333333333325,3.9133333333333336,0.0366666666666667,67.36666666666666,40.63333333333333,54.0,0.34
41,2016,Q2,296.3333333333333,18.0,4.176666666666667,4.87,4.87,4.87,1.0266666666666666,84.19999999999999,60.93333333333334,72.6,2.6733333333333333
41,2016,Q3,553.0,0.0,3.2000000000000006,3.4266666666666663,5.1433333333333335,5.06,0.35666666666666663,92.66666666666667,70.33333333333333,81.5,1.4333333333333336
41,2016,Q4,124.66666666666667,173.66666666666666,1.7033333333333331,-1.0899999999999999,3.0733333333333337,1.61,-0.10666666666666665,72.23333333333333,48.73333333333334,60.5,-1.0766666666666667
41,2017,Q1,82.66666666666667,216.66666666666666,1.9566666666666663,-1.0766666666666669,1.9333333333333333,0.2366666666666666,0.4933333333333334,70.46666666666667,44.70000000000001,57.599999999999994,-0.61
41,2017,Q2,301.6666666666667,14.666666666666666,2.8000000000000003,-1.4000000000000001,0.1233333333333333,-1.1766666666666667,0.09333333333333334,85.8,60.666666666666664,73.23333333333333,-0.6466666666666666
41,2017,Q3,513.3333333333334,0.3333333333333333,4.023333333333333,0.22666666666666668,0.9666666666666667,0.8733333333333334,0.8999999999999999,91.7,68.76666666666667,80.23333333333333,2.0766666666666667
41,2017,Q4,83.66666666666667,214.0,1.3133333333333332,-1.19,-0.5266666666666666,-0.8633333333333333,-0.49333333333333335,70.96666666666665,45.46666666666667,58.199999999999996,-1.4733333333333336
41,2018,Q1,47.0,354.6666666666667,1.6766666666666667,-1.6333333333333335,-1.6333333333333335,-1.5333333333333332,0.12333333333333334,65.8,39.43333333333334,52.6,-0.63
41,2018,Q2,354.3333333333333,34.666666666666664,1.8733333333333333,-2.7600000000000002,-2.7600000000000002,-2.7600000000000002,-0.8166666666666668,88.16666666666667,61.73333333333333,74.96666666666667,-2.6
41,2018,Q3,545.0,0.3333333333333333,3.676666666666667,-1.9799999999999998,-3.0833333333333335,-2.4766666666666666,0.7333333333333334,92.5,69.96666666666665,81.23333333333333,0.5466666666666669
41,2018,Q4,58.666666666666664,271.6666666666667,4.013333333333333,3.84,3.84,3.84,1.2433333333333334,65.89999999999999,44.5,55.20000000000001,3.94
41,2019,Q1,27.0,356.6666666666667,1.21,3.856666666666667,3.856666666666667,3.616666666666667,-0.4000000000000001,63.1,40.06666666666667,51.6,0.07000000000000002
41,2019,Q2,293.6666666666667,22.666666666666668,4.36,4.383333333333334,4.383333333333334,4.383333333333334,1.1566666666666667,83.96666666666668,60.43333333333334,72.2,2.893333333333333
41,2019,Q3,593.0,0.0,1.7133333333333336,1.0566666666666666,3.8866666666666667,3.1300000000000003,-0.6866666666666666,95.39999999999999,71.36666666666666,83.39999999999999,-0.7866666666666667
41,2019,Q4,63.666666666666664,247.0,1.67,-1.1966666666666665,2.0433333333333334,0.3466666666666667,-0.2866666666666667,69.53333333333333,43.199999999999996,56.366666666666674,-0.7033333333333333
41,2020,Q1,65.66666666666667,283.6666666666667,2.3433333333333333,-1.3866666666666667,0.9533333333333335,-1.06,0.8966666666666668,66.06666666666666,42.86666666666667,54.43333333333334,0.07333333333333332
41,2020,Q2,306.6666666666667,22.333333333333332,2.516666666666667,-1.3,-0.6733333333333333,-1.2466666666666668,-0.16333333333333333,86.26666666666667,60.6,73.46666666666665,-0.9333333333333335
41,2020,Q3,532.6666666666666,1.3333333333333333,2.603333333333333,-2.01,-2.01,-1.7533333333333332,0.026666666666666655,93.36666666666667,69.13333333333334,81.23333333333333,-0.6866666666666669
41,2020,Q4,82.0,209.0,1.26,-2.48,-2.48,-2.466666666666667,-0.5166666666666667,72.23333333333333,44.36666666666667,58.333333333333336,-1.5866666666666667
41,2021,Q1,33.666666666666664,386.6666666666667,1.3333333333333333,-2.5866666666666664,-2.5866666666666664,-2.5866666666666664,-0.24666666666666667,62.56666666666666,37.96666666666667,50.23333333333333,-0.8700000000000001
41,2021,Q2,279.0,29.0,4.126666666666666,0.0033333333333334103,-1.4166666666666667,-0.27333333333333326,0.9233333333333333,83.23333333333333,60.666666666666664,71.96666666666668,1.4533333333333331
41,2021,Q3,506.3333333333333,0.0,2.733333333333333,1.32,2.0766666666666667,1.6966666666666665,0.26,91.86666666666667,68.83333333333333,80.33333333333333,0.6300000000000002
41,2021,Q4,119.66666666666667,132.0,1.4033333333333333,-1.5833333333333333,-0.9066666666666667,-1.37,-0.59,75.39999999999999,48.76666666666667,62.06666666666666,-1.9233333333333331
41,2022,Q1,20.666666666666668,408.3333333333333,0.9966666666666667,-3.0999999999999996,-3.0999999999999996,-3.0999999999999996,-0.6900000000000001,64.23333333333333,34.800000000000004,49.53333333333333,-1.6366666666666667
41,2022,Q2,405.0,8.666666666666666,1.6733333333333331,-4.843333333333333,-4.843333333333333,-4.843333333333333,-0.9566666666666667,90.09999999999998,63.56666666666666,76.86666666666667,-3.8866666666666667
41,2022,Q3,583.3333333333334,0.0,2.256666666666667,-5.693333333333334,-5.693333333333334,-5.366666666666667,-0.35999999999999993,94.89999999999999,70.63333333333333,82.80000000000001,-1.3866666666666667
41,2022,Q4,65.66666666666667,232.66666666666666,2.1533333333333333,-4.276666666666666,-4.276666666666666,-3.9866666666666664,0.24,68.5,45.06666666666667,56.800000000000004,0.09666666666666668
41,2023,Q1,56.666666666666664,270.3333333333333,1.32,-3.8166666666666664,-3.8166666666666664,-3.8166666666666664,-0.24333333333333332,67.36666666666666,42.03333333333333,54.699999999999996,-1.1633333333333333
41,2023,Q2,323.3333333333333,22.666666666666668,2.983333333333334,-3.1733333333333333,-3.1733333333333333,-3.0,0.19333333333333333,85.86666666666667,61.333333333333336,73.60000000000001,-0.48666666666666664
41,2023,Q3,662.0,0.0,1.4466666666666665,-4.536666666666666,-4.536666666666666,-4.536666666666666,-1.0466666666666666,98.2,72.2,85.2,-2.94
41,2023,Q4,82.33333333333333,201.0,2.25,-3.9933333333333327,-3.9933333333333327,-3.78,0.20999999999999996,70.7,47.13333333333333,58.9,-0.20000000000000004
41,2024,Q1,49.0,318.3333333333333,2.123333333333333,-2.81,-2.81,-2.29,0.6,65.89999999999999,41.3,53.6,0.17333333333333334
41,2024,Q2,377.0,11.333333333333334,3.526666666666667,-1.9166666666666667,-1.9166666666666667,-1.1533333333333333,0.6066666666666667,87.83333333333333,64.23333333333333,76.03333333333335,0.24333333333333332
41,2024,Q3,552.0,0.0,2.5766666666666667,-1.55,-1.55,-0.8266666666666667,0.01000000000000001,93.93333333333334,70.16666666666666,82.06666666666666,-0.5633333333333334
41,2024,Q4,146.33333333333334,138.33333333333334,1.5866666666666667,-2.65,-2.65,-2.57,-0.3666666666666667,75.63333333333333,49.53333333333333,62.6,-1.4466666666666665
41,2025,Q1,50.0,353.3333333333333,1.3133333333333335,-2.6533333333333338,-2.6533333333333338,-2.6533333333333338,-0.26999999999999996,65.60000000000001,39.166666666666664,52.400000000000006,-1.1333333333333333
41,2025,Q2,347.0,10.333333333333334,3.766666666666667,-2.3833333333333333,-2.3833333333333333,-2.2900000000000005,0.79,86.53333333333332,62.93333333333334,74.73333333333333,0.023333333333333317
41,2025,Q3,-2943.6666666666665,-3333.0,-1.4500000000000002,-34.346666666666664,-34.346666666666664,-33.913333333333334,-32.97666666666667,29.400000000000006,14.300000000000002,21.866666666666664,-33.18666666666666
41,2025,Q4,-9999.0,-9999.0,-9.99,-99.99,-99.99,-99.99,-99.99,-99.90000000000002,-99.90000000000002,-99.90000000000002,-99.99
42,2015,Q1,0.3333333333333333,824.6666666666666,0.7999999999999999,-2.823333333333333,-2.823333333333333,-2.5,-0.6266666666666666,50.36666666666667,26.899999999999995,38.63333333333333,-2.3266666666666667
42,2015,Q2,56.666666666666664,351.6666666666667,1.7166666666666666,-2.8699999999999997,-2.8699999999999997,-2.1733333333333333,0.9366666666666665,70.33333333333333,43.6,56.96666666666667,0.05666666666666672
42,2015,Q3,126.33333333333333,70.0,1.2033333333333334,-2.2866666666666666,-2.2866666666666666,-1.6933333333333334,0.3933333333333333,83.00000000000001,54.699999999999996,68.86666666666666,-0.4666666666666666
42,2015,Q4,3.0,849.0,1.4166666666666667,-1.59,-1.59,-0.82,0.5033333333333333,49.43333333333334,27.533333333333335,38.46666666666667,0.37666666666666665
42,2016,Q1,0.0,966.6666666666666,1.08,-1.2166666666666666,-1.2166666666666666,-0.4266666666666667,-0.19333333333333333,45.300000000000004,23.0,34.166666666666664,-0.5466666666666667
42,2016,Q2,56.333333333333336,338.3333333333333,1.1300000000000001,-1.09,-1.09,-0.35000000000000003,0.29000000000000004,71.33333333333333,44.1,57.73333333333333,-0.11999999999999995
42,2016,Q3,141.0,86.0,1.2133333333333334,-1.0533333333333335,-1.6966666666666665,-1.2633333333333334,0.12333333333333336,82.83333333333333,53.79999999999999,68.3,-0.2966666666666667
42,2016,Q4,1.3333333333333333,792.0,1.2566666666666666,-0.28,-1.3566666666666667,-0.7600000000000001,0.32666666666666666,52.199999999999996,29.233333333333334,40.73333333333334,-0.4566666666666666
42,2017,Q1,0.3333333333333333,939.6666666666666,1.9633333333333332,1.1966666666666665,1.7833333333333332,1.74,0.9733333333333333,46.26666666666667,25.53333333333333,35.9,1.6966666666666665
42,2017,Q2,46.333333333333336,373.3333333333333,0.6566666666666666,-0.15666666666666665,1.2666666666666668,0.8333333333333334,-0.5833333333333334,71.2,42.800000000000004,57.03333333333333,-0.33666666666666667
42,2017,Q3,160.66666666666666,89.66666666666667,1.29,-0.4633333333333333,-0.07666666666666667,-0.15,0.4566666666666667,83.13333333333333,55.1,69.13333333333333,0.006666666666666672
42,2017,Q4,0.6666666666666666,811.0,0.3666666666666667,-1.64,-1.64,-1.64,-1.3133333333333332,54.166666666666664,27.53333333333333,40.833333333333336,-2.3766666666666665
42,2018,Q1,0.0,951.6666666666666,0.9933333333333333,-3.033333333333333,-3.033333333333333,-3.033333333333333,-0.27666666666666667,46.333333333333336,23.2,34.733333333333334,-1.843333333333333
42,2018,Q2,47.0,322.6666666666667,0.6833333333333332,-4.303333333333334,-4.303333333333334,-4.303333333333334,-0.6633333333333333,73.33333333333333,44.23333333333333,58.79999999999999,-3.013333333333333
42,2018,Q3,183.33333333333334,52.0,0.6466666666666666,-5.846666666666667,-5.846666666666667,-5.846666666666667,-0.73,86.30000000000001,56.6,71.43333333333334,-2.67
42,2018,Q4,0.3333333333333333,915.3333333333334,1.5366666666666668,1.21,-3.76,-2.21,0.3666666666666667,47.23333333333334,26.03333333333333,36.63333333333333,1.2733333333333334
42,2019,Q1,0.0,1059.3333333333333,2.143333333333333,2.34,-0.1766666666666666,1.4333333333333333,1.3333333333333333,40.56666666666667,21.0,30.8,2.8333333333333335
42,2019,Q2,20.0,417.3333333333333,1.7233333333333334,4.3999999999999995,4.3999999999999995,4.3999999999999995,0.9833333333333334,67.10000000000001,41.333333333333336,54.23333333333333,2.84
42,2019,Q3,149.33333333333334,78.0,0.5966666666666667,1.1933333333333336,4.076666666666667,3.436666666666666,-0.7766666666666667,84.53333333333335,54.86666666666667,69.73333333333333,-0.29
42,2019,Q4,0.0,924.0,1.1833333333333333,-0.6699999999999999,2.6433333333333335,1.4766666666666668,0.16000000000000003,48.76666666666667,24.666666666666668,36.733333333333334,0.2966666666666667
42,2020,Q1,0.0,985.3333333333334,1.0033333333333332,-0.52,1.87,0.6999999999999998,-0.2966666666666667,44.36666666666667,22.666666666666668,33.53333333333333,-0.4533333333333333
42,2020,Q2,32.333333333333336,355.3333333333333,0.61,-1.6900000000000002,-1.05,-1.6199999999999999,-0.7266666666666667,71.63333333333333,42.9,57.26666666666667,-1.8399999999999999
42,2020,Q3,183.66666666666666,62.0,0.26333333333333336,-3.5966666666666662,-3.5966666666666662,-3.5966666666666662,-1.54,86.93333333333332,55.36666666666667,71.13333333333334,-3.0833333333333335
42,2020,Q4,1.6666666666666667,828.3333333333334,0.5366666666666666,-4.756666666666667,-4.756666666666667,-4.756666666666667,-0.9233333333333333,52.73333333333333,26.433333333333334,39.6,-1.9466666666666665
42,2021,Q1,0.0,1000.3333333333334,0.9500000000000001,-4.896666666666667,-4.896666666666667,-4.896666666666667,-0.3466666666666667,44.06666666666666,21.733333333333334,32.9,-1.61
42,2021,Q2,72.0,333.0,0.44,-5.753333333333333,-5.753333333333333,-5.753333333333333,-1.05,73.66666666666667,43.96666666666666,58.800000000000004,-3.296666666666667
42,2021,Q3,174.0,64.0,1.5599999999999998,-5.44,-5.44,-5.086666666666667,0.9066666666666667,85.2,55.833333333333336,70.50000000000001,-0.16000000000000003
42,2021,Q4,0.3333333333333333,786.3333333333334,1.5666666666666667,-3.59,-3.59,-2.67,0.3566666666666667,51.800000000000004,29.23333333333333,40.5,0.5299999999999999
42,2022,Q1,0.0,1000.6666666666666,0.57,-3.643333333333333,-3.643333333333333,-3.486666666666667,-1.2333333333333334,45.6,20.7,33.13333333333333,-1.9033333333333333
42,2022,Q2,37.333333333333336,402.3333333333333,0.6033333333333333,-4.4799999999999995,-4.4799999999999995,-4.4799999999999995,-0.5933333333333334,71.23333333333333,41.4,56.333333333333336,-2.283333333333333
42,2022,Q3,195.0,45.0,1.28,-4.670000000000001,-4.670000000000001,-4.573333333333333,0.43333333333333335,86.0,57.03333333333334,71.5,-0.7366666666666668
42,2022,Q4,1.0,891.6666666666666,1.3466666666666667,-0.9766666666666667,-3.2099999999999995,-2.7533333333333334,0.49666666666666665,48.699999999999996,25.666666666666668,37.166666666666664,0.5299999999999999
42,2023,Q1,0.0,1145.0,2.3066666666666666,2.8966666666666665,1.95,2.8333333333333335,1.32,38.06666666666667,18.53333333333333,28.3,3.8800000000000003
42,2023,Q2,25.0,398.6666666666667,0.7799999999999999,3.186666666666667,3.186666666666667,2.9499999999999997,-0.2333333333333333,68.66666666666667,41.266666666666666,55.0,0.05999999999999998
42,2023,Q3,157.0,75.0,1.2133333333333332,2.6166666666666667,2.6166666666666667,2.453333333333333,0.16666666666666674,84.06666666666668,55.36666666666667,69.73333333333333,0.4366666666666667
42,2023,Q4,1.0,782.3333333333334,0.7066666666666667,-0.8466666666666667,1.26,0.046666666666666634,-0.5499999999999999,52.9,28.766666666666666,40.833333333333336,-1.43
42,2024,Q1,0.0,982.6666666666666,1.74,-0.12,-0.5,-0.26333333333333336,0.85,44.43333333333334,24.2,34.333333333333336,0.5
42,2024,Q2,54.333333333333336,372.0,0.7200000000000001,-0.63,-0.63,-0.63,-0.32666666666666666,71.8,43.26666666666667,57.56666666666666,-1.0166666666666666
42,2024,Q3,179.0,54.333333333333336,0.8433333333333334,-1.6933333333333334,-1.6933333333333334,-1.5099999999999998,-0.5100000000000001,86.03333333333335,55.93333333333334,71.0,-1.51
42,2024,Q4,4.333333333333333,766.6666666666666,0.9333333333333335,-2.1599999999999997,-2.1599999999999997,-2.143333333333333,-0.18000000000000002,53.56666666666666,29.333333333333332,41.43333333333333,-0.9233333333333333
42,2025,Q1,0.0,986.0,0.89,-3.23,-3.23,-3.23,-0.6366666666666666,46.06666666666667,22.633333333333336,34.4,-2.063333333333333
42,2025,Q2,52.0,326.0,0.6766666666666666,-4.390000000000001,-4.390000000000001,-4.390000000000001,-0.48333333333333334,72.8,43.96666666666666,58.4,-2.8233333333333337
42,2025,Q3,-3183.3333333333335,-3319.0,-2.8966666666666665,-37.29333333333333,-37.29333333333333,-37.29333333333333,-33.99,25.566666666666663,5.73333333333333,15.666666666666666,-35.25
42,2025,Q4,-9999.0,-9999.0,-9.99,-99.99,-99.99,-99.99,-99.99,-99.90000000000002,-99.90000000000002,-99.90000000000002,-99.99
43,2015,Q1,0.0,1529.6666666666667,1.9733333333333334,-0.6999999999999998,0.17333333333333342,-0.42333333333333334,-0.7966666666666667,24.933333333333337,1.6666666666666663,13.266666666666666,-1.41
43,2015,Q2,10.333333333333334,370.0,4.8,-0.4533333333333333,-0.4533333333333333,-0.4533333333333333,0.4833333333333332,64.5,40.800000000000004,52.666666666666664,1.2766666666666666
43,2015,Q3,77.33333333333333,61.666666666666664,3.9200000000000004,-0.3333333333333333,1.4566666666666668,0.8833333333333334,-0.04,76.76666666666667,53.43333333333334,65.06666666666668,-0.49999999999999994
43,2015,Q4,0.0,768.6666666666666,3.453333333333333,-0.37333333333333324,-0.3133333333333333,-0.18333333333333332,-0.05333333333333331,48.800000000000004,30.2,39.53333333333333,-0.34333333333333343
43,2016,Q1,0.0,1152.3333333333333,3.0966666666666662,0.35666666666666663,0.34,0.3133333333333333,0.20999999999999996,35.96666666666667,16.233333333333334,26.133333333333336,0.4666666666666666
43,2016,Q2,10.0,409.6666666666667,2.8766666666666665,-0.7966666666666665,-0.47333333333333333,-0.7799999999999999,-0.5233333333333333,63.800000000000004,39.03333333333333,51.4,-1.1566666666666667
43,2016,Q3,85.0,71.66666666666667,3.59,-1.4333333333333333,-1.4333333333333333,-1.37,-0.24,76.76666666666667,53.1,64.93333333333334,-1.1466666666666667
43,2016,Q4,0.0,873.0,3.31,-1.5366666666666668,-2.3200000000000003,-2.2466666666666666,-0.033333333333333326,44.76666666666667,27.533333333333335,36.13333333333333,-0.9866666666666667
43,2017,Q1,0.0,1196.0,2.8899999999999992,0.06666666666666667,-1.8433333333333335,-1.5599999999999998,0.12666666666666668,33.63333333333333,15.666666666666666,24.633333333333336,0.08000000000000002
43,2017,Q2,6.0,366.0,5.456666666666667,1.1966666666666665,0.6699999999999999,0.91,1.14,63.633333333333326,41.93333333333333,52.833333333333336,2.07
43,2017,Q3,48.0,94.33333333333333,3.5700000000000003,0.49,1.6766666666666665,1.3233333333333333,-0.21999999999999997,74.43333333333334,51.833333333333336,63.1,-0.4033333333333333
43,2017,Q4,0.0,918.3333333333334,3.516666666666666,-0.5833333333333334,0.36999999999999994,-0.23333333333333336,-0.043333333333333356,44.166666666666664,25.099999999999998,34.63333333333333,-0.41333333333333333
43,2018,Q1,0.0,1239.3333333333333,3.1566666666666667,0.3499999999999999,0.3499999999999999,0.11,0.3433333333333333,32.699999999999996,14.133333333333333,23.400000000000002,0.45
43,2018,Q2,7.666666666666667,422.3333333333333,3.5133333333333336,-0.18999999999999997,-0.18999999999999997,-0.18999999999999997,-0.010000000000000007,62.5,39.266666666666666,50.9,-0.07999999999999996
43,2018,Q3,107.0,59.333333333333336,4.193333333333334,-1.1633333333333333,-1.1633333333333333,-1.1633333333333333,0.22333333333333336,76.96666666666665,55.26666666666666,66.06666666666668,-0.6699999999999999
43,2018,Q4,0.0,980.3333333333334,4.826666666666667,1.0999999999999999,0.71,0.89,0.87,40.166666666666664,24.866666666666664,32.5,1.7233333333333334
43,2019,Q1,0.0,1335.3333333333333,3.2733333333333334,1.9933333333333332,1.9933333333333332,1.7499999999999998,0.30333333333333334,30.333333333333332,9.566666666666668,19.933333333333334,0.5366666666666667
43,2019,Q2,4.333333333333333,421.3333333333333,5.62,2.973333333333333,2.973333333333333,2.973333333333333,1.3466666666666667,61.6,40.06666666666667,50.833333333333336,2.76
43,2019,Q3,73.33333333333333,108.33333333333333,3.453333333333333,2.2033333333333336,2.2033333333333336,1.3066666666666666,-0.32666666666666666,75.43333333333334,51.4,63.43333333333334,-0.9833333333333334
43,2019,Q4,0.0,958.6666666666666,4.786666666666666,2.5433333333333334,2.5433333333333334,2.533333333333333,0.77,42.199999999999996,24.466666666666665,33.3,1.4666666666666668
43,2020,Q1,0.0,1143.6666666666667,2.9933333333333336,2.0833333333333335,2.0833333333333335,1.9666666666666668,0.22999999999999998,35.800000000000004,16.8,26.266666666666666,0.19000000000000003
43,2020,Q2,11.0,412.6666666666667,3.09,0.20999999999999996,1.4033333333333333,0.6699999999999999,-0.37666666666666665,63.23333333333333,39.56666666666667,51.4,-0.7600000000000001
43,2020,Q3,95.33333333333333,98.33333333333333,3.6833333333333336,-1.593333333333333,-1.593333333333333,-1.593333333333333,-0.13666666666666666,76.06666666666666,52.79999999999999,64.43333333333334,-1.2633333333333334
43,2020,Q4,0.0,839.0,3.6366666666666667,-1.8766666666666667,-1.8766666666666667,-1.78,0.15,46.333333333333336,28.099999999999998,37.199999999999996,-0.4300000000000001
43,2021,Q1,0.0,1230.3333333333333,1.97,-2.1866666666666665,-2.1866666666666665,-2.1866666666666665,-0.7566666666666667,32.93333333333333,13.933333333333332,23.399999999999995,-1.36
43,2021,Q2,23.666666666666668,348.6666666666667,3.1233333333333335,-2.6,-2.6,-2.546666666666667,-0.3,65.76666666666667,42.199999999999996,53.96666666666667,-1.2066666666666668
43,2021,Q3,75.66666666666667,82.0,5.04,1.2133333333333334,-1.2233333333333334,0.44333333333333336,0.6066666666666667,74.13333333333334,54.666666666666664,64.39999999999999,1.2566666666666668
43,2021,Q4,0.0,814.3333333333334,3.736666666666667,0.26333333333333336,-0.7766666666666667,0.7799999999999999,0.19999999999999996,46.6,29.46666666666667,38.03333333333334,0.07333333333333332
43,2022,Q1,0.0,1305.0,2.8766666666666665,0.22333333333333336,0.06000000000000002,0.31333333333333335,0.009999999999999981,32.266666666666666,10.033333333333333,21.166666666666668,0.18999999999999997
43,2022,Q2,10.666666666666666,357.0,3.84,0.11000000000000003,0.55,0.29000000000000004,0.25333333333333335,65.2,41.233333333333334,53.199999999999996,0.006666666666666561
43,2022,Q3,87.33333333333333,87.33333333333333,4.303333333333334,-0.5900000000000001,-0.9966666666666667,-0.7066666666666667,0.19666666666666668,76.00000000000001,53.133333333333326,64.53333333333335,-0.35666666666666663
43,2022,Q4,0.0,822.3333333333334,3.6199999999999997,-0.0733333333333333,-0.5033333333333334,-0.24000000000000007,0.21000000000000005,48.0,27.833333333333332,37.93333333333333,-0.006666666666666599
43,2023,Q1,0.0,1131.3333333333333,3.106666666666667,0.06666666666666667,0.06666666666666667,0.06666666666666667,0.16333333333333336,35.36666666666667,18.266666666666666,26.8,0.26
43,2023,Q2,6.333333333333333,364.6666666666667,3.966666666666667,-0.15333333333333332,-0.15333333333333332,-0.15333333333333332,0.2233333333333333,64.89999999999999,40.733333333333334,52.833333333333336,0.14333333333333323
43,2023,Q3,82.0,76.66666666666667,6.37,3.5533333333333332,3.5533333333333332,3.4466666666666668,1.2866666666666668,75.03333333333335,54.666666666666664,64.89999999999999,3.48
43,2023,Q4,0.0,796.3333333333334,4.33,3.203333333333333,3.203333333333333,2.9633333333333334,0.5299999999999999,46.366666666666674,30.86666666666667,38.6,1.0199999999999998
43,2024,Q1,0.0,1099.0,3.5933333333333337,3.07,3.07,2.6466666666666665,0.2966666666666667,36.333333333333336,19.666666666666668,27.966666666666665,0.8566666666666666
43,2024,Q2,25.666666666666668,319.0,4.153333333333333,2.5833333333333335,2.5833333333333335,2.2900000000000005,0.37333333333333335,66.2,43.699999999999996,54.93333333333334,0.04999999999999997
43,2024,Q3,98.0,72.0,4.746666666666667,2.06,3.1333333333333333,2.9166666666666665,0.5033333333333334,76.43333333333334,54.36666666666667,65.39999999999999,1.1500000000000004
43,2024,Q4,0.0,857.3333333333334,2.9599999999999995,-1.36,1.2433333333333334,-0.5933333333333334,-0.2933333333333334,46.23333333333334,27.166666666666668,36.699999999999996,-1.0166666666666666
43,2025,Q1,0.0,1248.0,2.6666666666666665,-0.3666666666666667,-1.3866666666666667,-0.9700000000000001,-0.20333333333333328,32.5,12.966666666666667,22.7,-0.26333333333333325
43,2025,Q2,18.0,358.0,4.866666666666666,0.6533333333333333,0.7466666666666667,0.8966666666666666,0.7366666666666667,64.39999999999999,42.56666666666667,53.5,1.0566666666666666
43,2025,Q3,-3257.6666666666665,-3305.3333333333335,-1.7566666666666668,-34.38333333333333,-34.38333333333333,-34.38333333333333,-34.32666666666666,19.666666666666668,3.0,11.300000000000002,-35.38
43,2025,Q4,-9999.0,-9999.0,-9.99,-99.99,-99.99,-99.99,-99.99,-99.90000000000002,-99.90000000000002,-99.90000000000002,-99.99
44,2015,Q1,0.0,886.3333333333334,3.0,0.05666666666666667,0.6833333333333332,-0.06666666666666667,-0.18000000000000002,46.166666666666664,25.03333333333333,35.63333333333333,-0.2333333333333333
44,2015,Q2,136.0,107.66666666666667,4.536666666666666,0.22999999999999998,0.39666666666666667,0.24,0.49,77.0,54.133333333333326,65.56666666666666,0.6466666666666666
44,2015,Q3,260.6666666666667,6.666666666666667,4.476666666666667,1.09,1.09,0.7866666666666667,0.1433333333333333,82.7,62.43333333333333,72.60000000000001,0.4466666666666667
44,2015,Q4,8.0,387.3333333333333,4.573333333333333,2.0433333333333334,2.0433333333333334,2.0433333333333334,1.0033333333333332,62.633333333333326,42.06666666666667,52.333333333333336,1.6233333333333333
44,2016,Q1,3.6666666666666665,712.0,3.2300000000000004,2.0100000000000002,2.0100000000000002,1.5066666666666668,-0.09666666666666668,51.43333333333334,30.7,41.1,-0.3466666666666667
44,2016,Q2,89.66666666666667,146.33333333333334,4.766666666666667,1.6199999999999999,1.6199999999999999,0.8233333333333333,0.5800000000000001,74.23333333333333,51.666666666666664,62.93333333333334,1.37
44,2016,Q3,341.6666666666667,2.3333333333333335,4.44,0.5499999999999999,1.7599999999999998,1.4566666666666663,0.20333333333333334,85.33333333333333,65.46666666666667,75.36666666666667,0.006666666666666672
44,2016,Q4,10.333333333333334,494.3333333333333,2.7000000000000006,-0.47666666666666674,0.91,-0.01666666666666668,-0.24333333333333332,60.366666666666674,37.73333333333333,49.06666666666666,-0.7066666666666666
44,2017,Q1,0.3333333333333333,634.6666666666666,2.6633333333333336,-1.2033333333333334,-0.8333333333333334,-1.1266666666666667,-0.5233333333333333,54.86666666666667,33.13333333333333,44.0,-1.3066666666666666
44,2017,Q2,104.0,88.0,5.26,0.6466666666666666,0.6566666666666666,0.7566666666666667,1.0,76.06666666666666,54.0,65.06666666666666,1.6499999999999997
44,2017,Q3,259.0,12.0,3.606666666666666,-0.4833333333333334,0.4033333333333333,-0.05000000000000001,-0.23666666666666666,82.7,61.93333333333333,72.33333333333333,-0.7666666666666666
44,2017,Q4,13.333333333333334,528.3333333333334,2.3233333333333337,-1.2566666666666666,-1.2566666666666666,-1.2566666666666666,-0.6833333333333332,58.73333333333333,36.93333333333333,47.833333333333336,-1.4566666666666668
44,2018,Q1,0.0,773.3333333333334,3.3966666666666665,-0.4766666666666666,-1.6133333333333333,-1.2666666666666666,0.10333333333333333,49.699999999999996,29.066666666666663,39.4,0.040000000000000015
44,2018,Q2,146.66666666666666,132.66666666666666,5.886666666666667,1.6333333333333335,1.1533333333333333,1.5899999999999999,1.4266666666666667,76.13333333333334,53.9,65.0,2.483333333333334
44,2018,Q3,312.0,2.0,6.386666666666667,3.3333333333333335,3.3333333333333335,3.3333333333333335,1.1233333333333333,83.60000000000001,65.16666666666666,74.36666666666667,2.7366666666666664
44,2018,Q4,9.333333333333334,532.6666666666666,5.506666666666667,5.503333333333333,5.503333333333333,5.503333333333333,1.4666666666666668,56.666666666666664,38.300000000000004,47.5,3.2866666666666666
44,2019,Q1,0.0,733.6666666666666,4.0200000000000005,5.579999999999999,5.579999999999999,5.506666666666667,0.5566666666666668,50.699999999999996,30.7,40.666666666666664,0.8999999999999999
44,2019,Q2,132.33333333333334,81.0,4.523333333333333,4.333333333333333,4.333333333333333,4.076666666666667,0.57,77.23333333333333,54.9,66.06666666666666,0.6066666666666668
44,2019,Q3,323.6666666666667,1.6666666666666667,2.9599999999999995,2.91,2.91,2.0966666666666667,-0.87,85.93333333333334,63.56666666666666,74.76666666666667,-1.4966666666666668
44,2019,Q4,14.0,514.3333333333334,3.8299999999999996,1.7300000000000002,1.7300000000000002,0.38999999999999996,0.4366666666666667,58.9,37.9,48.4,0.43333333333333335
44,2020,Q1,4.333333333333333,600.3333333333334,3.8299999999999996,1.58,1.58,0.5566666666666666,0.41333333333333333,54.86666666666667,34.96666666666667,44.9,0.15666666666666665
44,2020,Q2,84.66666666666667,168.66666666666666,5.326666666666667,2.6333333333333333,2.6333333333333333,2.5666666666666664,1.1333333333333333,72.43333333333332,50.9,61.699999999999996,2.4133333333333336
44,2020,Q3,302.6666666666667,16.0,6.1933333333333325,3.4166666666666665,3.4166666666666665,3.266666666666667,0.9166666666666666,83.26666666666667,63.76666666666666,73.53333333333333,2.32
44,2020,Q4,9.666666666666666,469.3333333333333,5.116666666666667,5.136666666666667,5.136666666666667,5.136666666666667,1.2733333333333334,60.333333333333336,38.8,49.56666666666666,2.6033333333333335
44,2021,Q1,1.3333333333333333,726.6666666666666,3.8366666666666673,3.33,4.916666666666667,4.773333333333333,0.43333333333333335,50.23333333333333,30.833333333333332,40.56666666666667,0.5900000000000002
44,2021,Q2,97.0,134.33333333333334,3.0066666666666664,-0.9,2.9466666666666668,1.7033333333333334,-0.55,75.3,51.06666666666666,63.199999999999996,-0.9033333333333333
44,2021,Q3,297.3333333333333,8.333333333333334,4.9433333333333325,-0.5333333333333333,2.2466666666666666,1.0766666666666664,0.52,84.23333333333333,62.900000000000006,73.56666666666668,0.5433333333333333
44,2021,Q4,22.0,439.6666666666667,1.8333333333333333,-1.1199999999999999,0.29000000000000004,-0.6033333333333333,-1.0,61.96666666666667,39.766666666666666,50.86666666666667,-2.0033333333333334
44,2022,Q1,1.6666666666666667,725.0,3.58,-1.4100000000000001,-1.4100000000000001,-0.9066666666666666,0.25,52.300000000000004,29.366666666666664,40.800000000000004,0.003333333333333336
44,2022,Q2,107.0,126.0,3.853333333333333,-0.29666666666666663,-1.2566666666666668,-0.7633333333333333,0.023333333333333355,75.86666666666667,52.43333333333334,64.13333333333334,-3.700743415417188e-17
44,2022,Q3,285.6666666666667,10.333333333333334,4.16,0.033333333333333326,-0.7966666666666665,0.003333333333333318,0.20666666666666667,83.46666666666667,62.800000000000004,73.16666666666667,-0.12000000000000004
44,2022,Q4,1.6666666666666667,549.6666666666666,3.5933333333333337,0.11666666666666665,-0.3666666666666667,0.023333333333333355,0.42,57.73333333333333,35.666666666666664,46.73333333333333,0.48666666666666664
44,2023,Q1,2.3333333333333335,589.3333333333334,2.6933333333333334,-0.6433333333333334,-0.6433333333333334,-0.45999999999999996,-0.49000000000000005,56.23333333333333,34.56666666666667,45.43333333333334,-1.36
44,2023,Q2,61.0,126.33333333333333,3.9499999999999997,0.31666666666666665,-0.4166666666666667,-0.04,0.20333333333333334,74.3,50.333333333333336,62.333333333333336,0.5266666666666667
44,2023,Q3,286.0,8.666666666666666,4.206666666666666,0.12999999999999998,0.12999999999999998,0.4633333333333333,0.17,83.5,62.76666666666667,73.13333333333334,0.10999999999999999
44,2023,Q4,8.666666666666666,486.3333333333333,2.9599999999999995,-0.47333333333333333,-0.47333333333333333,-0.47333333333333333,-0.013333333333333345,60.9,37.06666666666667,49.0,-0.6333333333333333
44,2024,Q1,2.6666666666666665,649.0,4.403333333333333,0.4233333333333333,1.3933333333333333,1.08,0.7566666666666665,54.23333333333334,32.4,43.300000000000004,1.01
44,2024,Q2,138.33333333333334,89.66666666666667,2.9766666666666666,-0.85,-0.85,-0.85,-0.87,77.7,54.666666666666664,66.2,-1.5399999999999998
44,2024,Q3,289.3333333333333,10.0,5.843333333333334,0.44,-0.39999999999999997,-0.20666666666666664,0.9633333333333334,83.60000000000001,63.133333333333326,73.36666666666667,1.1366666666666667
44,2024,Q4,7.333333333333333,476.3333333333333,1.9366666666666665,-1.1866666666666668,-1.1866666666666668,-1.1866666666666668,-0.7600000000000001,60.833333333333336,38.166666666666664,49.5,-1.6366666666666667
44,2025,Q1,3.0,734.0,3.3433333333333333,-0.47000000000000003,-0.47000000000000003,-0.47000000000000003,-0.09666666666666664,51.699999999999996,29.133333333333336,40.4,-0.13999999999999999
44,2025,Q2,135.0,92.66666666666667,4.846666666666667,0.4533333333333333,0.4533333333333333,0.3933333333333333,0.6766666666666666,77.23333333333333,54.666666666666664,65.96666666666667,0.9366666666666665
44,2025,Q3,-3112.3333333333335,-3331.6666666666665,-0.13333333333333344,-32.28666666666667,-32.28666666666667,-32.5,-33.086666666666666,23.266666666666662,10.099999999999994,16.7,-32.93666666666666
44,2025,Q4,-9999.0,-9999.0,-9.99,-99.99,-99.99,-99.99,-99.99,-99.90000000000002,-99.90000000000002,-99.90000000000002,-99.99
45,2015,Q1,0.0,616.6666666666666,4.526666666666666,-0.8533333333333334,-0.8533333333333334,-0.8533333333333334,-0.13666666666666666,47.96666666666667,32.43333333333334,40.2,-1.0566666666666669
45,2015,Q2,25.666666666666668,273.3333333333333,1.2666666666666666,-2.0433333333333334,-2.0433333333333334,-2.0433333333333334,-1.2133333333333332,68.0,43.5,55.73333333333333,-2.1566666666666667
45,2015,Q3,76.66666666666667,101.0,1.0833333333333333,-3.6999999999999997,-3.6999999999999997,-3.6999999999999997,-0.08333333333333331,76.73333333333333,50.9,63.79999999999999,-1.8866666666666667
45,2015,Q4,0.0,638.6666666666666,7.539999999999999,-0.3966666666666667,-2.3333333333333335,-1.3866666666666667,0.9133333333333332,47.43333333333334,32.9,40.166666666666664,1.7733333333333332
45,2016,Q1,0.0,674.6666666666666,6.296666666666667,1.9933333333333334,1.1733333333333333,1.9933333333333334,0.73,44.93333333333334,31.033333333333335,37.96666666666666,1.0733333333333333
45,2016,Q2,9.0,251.0,1.656666666666667,-1.2933333333333332,-0.5733333333333334,-0.9966666666666667,-0.6133333333333333,67.3,43.73333333333333,55.53333333333333,-1.7999999999999998
45,2016,Q3,49.0,119.0,1.0633333333333332,-1.9266666666666665,-1.9266666666666665,-1.9266666666666665,-0.07333333333333336,74.43333333333332,49.53333333333333,61.96666666666667,-1.0166666666666668
45,2016,Q4,0.0,664.0,7.363333333333333,2.0166666666666666,2.0166666666666666,1.7333333333333334,0.8666666666666666,45.23333333333333,32.5,38.833333333333336,1.9266666666666665
45,2017,Q1,0.0,832.6666666666666,6.446666666666666,1.6766666666666667,1.6766666666666667,0.8866666666666667,0.7966666666666665,38.3,25.099999999999998,31.7,1.8766666666666667
45,2017,Q2,7.0,327.3333333333333,2.9499999999999997,1.1566666666666667,3.2433333333333336,3.1133333333333333,0.5633333333333334,63.4,41.46666666666667,52.46666666666667,0.81
45,2017,Q3,77.66666666666667,75.0,0.51,-1.5,0.18000000000000002,-0.9433333333333334,-1.3033333333333332,78.9,51.4,65.16666666666667,-2.046666666666667
45,2017,Q4,0.0,696.3333333333334,6.336666666666666,0.3499999999999999,0.12333333333333336,-0.0366666666666667,0.39333333333333337,44.96666666666667,30.8,37.93333333333334,0.7133333333333333
45,2018,Q1,0.0,748.6666666666666,5.14,-0.25666666666666665,0.35666666666666663,0.04,0.07333333333333332,42.63333333333333,28.366666666666664,35.53333333333333,-0.10333333333333335
45,2018,Q2,9.0,302.0,2.6366666666666667,-0.26999999999999996,-0.26999999999999996,-0.26999999999999996,0.08666666666666667,64.66666666666667,42.666666666666664,53.70000000000001,-0.07666666666666659
45,2018,Q3,70.0,97.66666666666667,0.7033333333333335,-2.4466666666666668,-2.4466666666666668,-2.4466666666666668,-0.7966666666666667,76.46666666666667,50.1,63.26666666666667,-2.0233333333333334
45,2018,Q4,0.0,645.6666666666666,5.293333333333333,-2.433333333333333,-2.433333333333333,-2.3699999999999997,-0.02,47.06666666666666,32.333333333333336,39.699999999999996,-0.3866666666666667
45,2019,Q1,0.0,819.6666666666666,3.3333333333333335,-2.716666666666667,-2.716666666666667,-2.716666666666667,-1.04,39.53333333333333,24.3,31.900000000000002,-1.76
45,2019,Q2,8.666666666666666,296.3333333333333,2.1233333333333335,-2.8066666666666666,-2.8066666666666666,-2.69,-0.25666666666666665,64.8,42.800000000000004,53.800000000000004,-0.6633333333333333
45,2019,Q3,53.0,107.66666666666667,1.8233333333333335,-2.73,-2.73,-2.4,0.6566666666666666,73.9,51.03333333333334,62.43333333333333,0.05333333333333338
45,2019,Q4,0.0,693.0,3.74,-2.3533333333333335,-2.3533333333333335,-1.93,-0.6766666666666666,45.199999999999996,30.733333333333334,37.96666666666667,-1.4466666666666665
45,2020,Q1,0.0,748.3333333333334,6.09,0.6,-1.3299999999999998,0.040000000000000036,0.4566666666666667,43.699999999999996,28.366666666666664,36.03333333333334,0.6733333333333333
45,2020,Q2,5.0,327.3333333333333,2.426666666666667,0.01666666666666668,-1.5166666666666666,-0.7433333333333332,0.17999999999999997,63.43333333333333,41.4,52.4,0.09333333333333331
45,2020,Q3,56.0,87.66666666666667,1.0833333333333333,0.4366666666666667,-0.9733333333333333,0.013333333333333322,-0.26,76.93333333333334,50.86666666666667,63.9,-0.3
45,2020,Q4,0.0,642.0,5.483333333333333,0.19333333333333336,-0.82,-0.02666666666666666,0.05333333333333334,47.166666666666664,32.6,39.9,-0.16666666666666666
45,2021,Q1,0.0,767.0,5.180000000000001,0.09000000000000001,0.09000000000000001,0.09000000000000001,0.030000000000000027,42.5,27.96666666666667,35.233333333333334,-0.0733333333333334
45,2021,Q2,21.333333333333332,297.3333333333333,1.21,-2.1199999999999997,-2.1199999999999997,-2.1199999999999997,-1.1199999999999999,67.26666666666667,42.06666666666667,54.666666666666664,-2.2533333333333334
45,2021,Q3,71.33333333333333,95.33333333333333,1.2866666666666668,-2.3966666666666665,-3.5866666666666664,-3.393333333333333,-0.31,77.36666666666667,51.699999999999996,64.5,-1.5866666666666667
45,2021,Q4,0.0,694.3333333333334,6.946666666666666,1.32,-1.5599999999999998,0.20333333333333337,0.6733333333333333,45.56666666666666,31.7,38.63333333333333,1.2866666666666668
45,2022,Q1,0.0,752.0,4.403333333333333,0.7733333333333334,-1.3099999999999998,0.1333333333333334,-0.29,43.03333333333334,27.866666666666664,35.43333333333333,-0.8933333333333332
45,2022,Q2,4.333333333333333,414.0,4.036666666666666,1.9866666666666666,1.9866666666666666,1.9866666666666666,1.5899999999999999,58.93333333333334,39.300000000000004,49.13333333333333,2.9333333333333336
45,2022,Q3,97.33333333333333,56.0,0.41,0.3466666666666667,1.9333333333333333,1.13,-0.9833333333333334,80.10000000000001,52.800000000000004,66.46666666666665,-1.0366666666666668
45,2022,Q4,0.0,707.3333333333334,5.283333333333334,-1.6133333333333333,-1.6133333333333333,-1.3966666666666665,-0.08333333333333333,45.400000000000006,29.2,37.333333333333336,-0.4966666666666666
45,2023,Q1,0.0,778.6666666666666,3.626666666666667,-1.9866666666666666,-1.9866666666666666,-1.9866666666666666,-0.6466666666666666,41.300000000000004,26.8,34.06666666666666,-1.3566666666666665
45,2023,Q2,13.333333333333334,304.6666666666667,2.1200000000000006,-1.8266666666666669,-1.8266666666666669,-1.4400000000000002,-0.37999999999999995,65.46666666666665,42.666666666666664,54.03333333333334,-0.8133333333333334
45,2023,Q3,78.33333333333333,85.0,1.1666666666666667,-3.28,-3.28,-3.25,-0.10333333333333332,77.3,51.6,64.46666666666665,-1.6066666666666667
45,2023,Q4,0.0,610.6666666666666,5.026666666666666,-3.2266666666666666,-3.2266666666666666,-3.1566666666666663,-0.18333333333333335,47.833333333333336,33.93333333333333,40.9,-0.8266666666666667
45,2024,Q1,0.0,730.0,4.8533333333333335,-2.4466666666666668,-2.4466666666666668,-2.1466666666666665,-0.05666666666666668,42.79999999999999,28.76666666666667,35.833333333333336,-0.5066666666666667
45,2024,Q2,5.0,351.6666666666667,2.153333333333333,-2.3466666666666667,-2.3466666666666667,-2.2399999999999998,-0.08666666666666668,63.1,40.300000000000004,51.699999999999996,-0.19333333333333336
45,2024,Q3,81.33333333333333,70.0,0.89,-2.23,-2.23,-2.23,-0.34333333333333327,78.76666666666667,52.46666666666667,65.60000000000001,-1.1066666666666667
45,2024,Q4,0.0,614.0,6.236666666666667,-1.9166666666666667,-1.9166666666666667,-1.4133333333333333,0.35333333333333333,47.56666666666666,33.733333333333334,40.66666666666667,0.42666666666666675
45,2025,Q1,0.0,771.3333333333334,4.126666666666666,-1.99,-1.99,-1.7366666666666666,-0.27666666666666667,41.9,27.066666666666666,34.43333333333334,-0.7733333333333333
45,2025,Q2,10.0,300.3333333333333,1.2833333333333334,-2.3000000000000003,-2.3000000000000003,-2.3000000000000003,-1.2133333333333332,66.23333333333333,41.699999999999996,53.93333333333334,-1.8633333333333333
45,2025,Q3,-3257.6666666666665,-3308.0,-2.8699999999999997,-35.809999999999995,-35.809999999999995,-35.809999999999995,-33.57333333333333,20.7,3.1666666666666665,11.933333333333328,-34.92666666666667
45,2025,Q4,-9999.0,-9999.0,-9.99,-99.99,-99.99,-99.99,-99.99,-99.90000000000002,-99.90000000000002,-99.90000000000002,-99.99
46,2015,Q1,0.0,1013.6666666666666,3.503333333333334,0.37666666666666665,0.37666666666666665,-0.046666666666666634,-0.046666666666666634,40.76666666666667,20.366666666666667,30.566666666666666,0.15666666666666673
46,2015,Q2,99.33333333333333,148.33333333333334,5.043333333333333,1.2266666666666666,1.2266666666666666,0.5833333333333334,0.6766666666666667,74.89999999999999,50.6,62.76666666666667,0.8766666666666668
46,2015,Q3,185.0,16.666666666666668,4.406666666666666,0.4033333333333333,1.5366666666666668,1.0833333333333333,0.2800000000000001,80.46666666666667,58.93333333333334,69.7,0.51
46,2015,Q4,5.333333333333333,464.3333333333333,3.2533333333333325,-0.4666666666666666,0.013333333333333308,-0.21,0.12999999999999998,60.26666666666667,38.833333333333336,49.53333333333333,-0.24666666666666662
46,2016,Q1,3.0,823.6666666666666,2.9299999999999997,-0.73,-0.73,-0.73,-0.45,47.5,26.53333333333333,37.0,-1.0333333333333334
46,2016,Q2,70.66666666666667,183.0,5.06,0.27,-0.20333333333333337,0.2333333333333333,0.6266666666666666,72.86666666666666,48.43333333333334,60.666666666666664,1.2166666666666666
46,2016,Q3,267.3333333333333,7.0,3.806666666666666,-0.45,0.45,0.14333333333333334,-0.13,83.89999999999999,61.5,72.73333333333333,-0.9466666666666667
46,2016,Q4,7.666666666666667,568.6666666666666,3.3233333333333337,-0.6733333333333335,-1.1500000000000001,-0.88,0.13666666666666666,56.96666666666667,35.4,46.166666666666664,-0.4033333333333333
46,2017,Q1,0.0,716.0,3.6199999999999997,0.05666666666666665,0.05666666666666665,-0.21666666666666667,0.00999999999999999,50.5,30.799999999999997,40.63333333333333,-0.25
46,2017,Q2,66.33333333333333,136.66666666666666,5.07,0.6066666666666667,0.6066666666666667,0.36333333333333334,0.6633333333333333,73.83333333333333,50.23333333333333,62.06666666666666,0.9933333333333333
46,2017,Q3,169.0,28.0,3.8233333333333337,0.21000000000000005,0.6766666666666667,0.55,-0.13000000000000003,79.69999999999999,57.86666666666667,68.76666666666667,-0.09000000000000001
46,2017,Q4,7.666666666666667,618.0,3.1566666666666663,-0.01666666666666668,-0.01666666666666668,0.20666666666666667,-0.14666666666666664,55.300000000000004,33.833333333333336,44.56666666666666,0.06000000000000013
46,2018,Q1,0.0,875.0,4.6433333333333335,0.8266666666666667,0.8266666666666667,0.8266666666666667,0.7666666666666667,45.36666666666667,25.766666666666666,35.56666666666667,1.6500000000000001
46,2018,Q2,114.66666666666667,189.33333333333334,5.783333333333334,2.4433333333333334,2.4433333333333334,2.4433333333333334,1.18,73.39999999999999,50.199999999999996,61.866666666666674,1.95
46,2018,Q3,238.0,6.333333333333333,6.696666666666666,3.7466666666666666,3.7466666666666666,3.733333333333333,1.42,81.63333333333334,61.93333333333334,71.76666666666667,3.52
46,2018,Q4,4.0,632.3333333333334,4.576666666666667,5.926666666666667,5.926666666666667,5.926666666666667,1.0433333333333334,52.79999999999999,35.13333333333333,44.0,2.4
46,2019,Q1,0.0,834.3333333333334,3.986666666666667,5.69,5.69,5.463333333333334,0.3233333333333333,46.46666666666666,27.23333333333333,36.86666666666667,0.7433333333333335
46,2019,Q2,81.0,135.66666666666666,4.816666666666666,4.256666666666667,4.256666666666667,3.68,0.5,74.23333333333333,51.06666666666666,62.666666666666664,0.5733333333333334
46,2019,Q3,242.66666666666666,6.666666666666667,3.03,2.59,2.59,1.403333333333333,-1.1133333333333333,84.03333333333333,59.833333333333336,71.93333333333334,-1.8966666666666665
46,2019,Q4,8.0,601.3333333333334,4.246666666666666,1.5,1.5,-0.09999999999999998,0.7300000000000001,56.1,34.166666666666664,45.166666666666664,0.9566666666666667
46,2020,Q1,2.6666666666666665,708.0,4.32,1.9566666666666668,1.9566666666666668,1.11,0.6133333333333333,50.6,31.46666666666667,41.03333333333333,0.7200000000000001
46,2020,Q2,54.666666666666664,239.0,5.830000000000001,3.4166666666666665,3.4166666666666665,3.4166666666666665,1.1866666666666668,69.63333333333334,46.96666666666667,58.26666666666666,2.6566666666666667
46,2020,Q3,229.66666666666666,26.333333333333332,4.36,2.9599999999999995,2.9599999999999995,2.7566666666666664,0.25999999999999995,81.63333333333334,59.96666666666667,70.76666666666667,0.18333333333333335
46,2020,Q4,4.0,581.6666666666666,3.4133333333333336,2.5366666666666666,2.5366666666666666,2.4633333333333334,0.26,56.333333333333336,35.13333333333333,45.73333333333333,0.48333333333333334
46,2021,Q1,1.6666666666666667,835.0,3.5666666666666664,1.3566666666666667,2.0233333333333334,1.8033333333333335,0.06999999999999999,46.199999999999996,27.13333333333333,36.666666666666664,0.023333333333333355
46,2021,Q2,64.0,205.66666666666666,3.7600000000000002,-0.4566666666666667,1.16,0.32,-0.23666666666666672,72.03333333333333,47.366666666666674,59.73333333333333,-0.2700000000000001
46,2021,Q3,214.66666666666666,20.0,4.47,0.13,0.13,-0.1533333333333333,0.24000000000000002,81.46666666666667,59.63333333333333,70.53333333333335,0.31
46,2021,Q4,13.0,525.6666666666666,2.3966666666666665,-0.19999999999999998,-0.19999999999999998,-0.19999999999999998,-0.6166666666666667,58.46666666666667,36.800000000000004,47.63333333333333,-0.9800000000000001
46,2022,Q1,0.6666666666666666,864.0,3.8833333333333333,0.36999999999999994,0.36999999999999994,0.36999999999999994,0.25,47.23333333333333,24.266666666666666,35.73333333333333,0.4666666666666666
46,2022,Q2,77.0,184.0,4.543333333333333,0.07666666666666666,0.07666666666666666,0.07666666666666666,0.2733333333333334,73.26666666666667,48.4,60.833333333333336,0.49666666666666665
46,2022,Q3,193.33333333333334,26.333333333333332,5.036666666666666,1.6900000000000002,1.6900000000000002,1.6266666666666667,0.8133333333333331,79.96666666666667,59.300000000000004,69.63333333333333,1.5266666666666666
46,2022,Q4,0.6666666666666666,655.6666666666666,2.9933333333333336,1.1766666666666667,1.7700000000000002,1.61,-0.04666666666666667,54.43333333333334,31.86666666666667,43.199999999999996,0.3166666666666667
46,2023,Q1,0.6666666666666666,702.6666666666666,3.223333333333333,-0.5533333333333333,0.4566666666666666,-0.006666666666666672,-0.20333333333333328,51.5,30.833333333333332,41.166666666666664,-0.7799999999999999
46,2023,Q2,36.333333333333336,199.33333333333334,3.3366666666666664,-1.2766666666666666,-1.2766666666666666,-1.2766666666666666,-0.5866666666666667,72.10000000000001,45.9,59.03333333333333,-0.7300000000000001
46,2023,Q3,189.33333333333334,22.0,4.3133333333333335,0.18333333333333335,-0.21999999999999997,0.10333333333333335,0.27666666666666667,80.36666666666666,59.03333333333334,69.7,0.3499999999999999
46,2023,Q4,4.666666666666667,569.6666666666666,2.5033333333333334,-0.8700000000000001,-0.8700000000000001,-0.8700000000000001,-0.4033333333333333,57.13333333333333,34.76666666666667,45.93333333333334,-1.0533333333333335
46,2024,Q1,2.0,741.3333333333334,3.8799999999999994,0.046666666666666634,0.046666666666666634,0.24999999999999992,0.2866666666666667,50.166666666666664,29.53333333333333,39.833333333333336,0.14000000000000012
46,2024,Q2,100.33333333333333,124.0,3.98,-0.5866666666666668,-0.5866666666666668,-0.5866666666666668,-0.13666666666666663,75.53333333333333,51.5,63.56666666666666,-0.6900000000000001
46,2024,Q3,226.33333333333334,15.666666666666666,3.526666666666667,-2.36,-2.36,-2.266666666666667,-0.4966666666666666,83.23333333333333,58.833333333333336,70.99999999999999,-1.7700000000000002
46,2024,Q4,4.0,563.6666666666666,2.6433333333333335,-3.3900000000000006,-3.3900000000000006,-3.3900000000000006,-0.2933333333333334,57.333333333333336,35.1,46.23333333333334,-2.11
46,2025,Q1,2.0,872.0,3.41,-1.656666666666667,-2.66,-2.1233333333333335,-0.17999999999999994,46.4,24.600000000000005,35.5,-0.24333333333333332
46,2025,Q2,91.66666666666667,155.66666666666666,5.446666666666666,-1.406666666666667,-1.406666666666667,-0.14666666666666658,0.9266666666666666,74.1,50.56666666666666,62.300000000000004,1.4266666666666667
46,2025,Q3,-3145.3333333333335,-3330.0,-0.8933333333333335,-33.24333333333333,-33.24333333333333,-33.24333333333333,-33.836666666666666,22.633333333333336,8.300000000000002,15.5,-34.23
46,2025,Q4,-9999.0,-9999.0,-9.99,-99.99,-99.99,-99.99,-99.99,-99.90000000000002,-99.90000000000002,-99.90000000000002,-99.99
47,2015,Q1,0.0,1345.3333333333333,0.5599999999999999,1.79,1.79,0.8233333333333333,-1.29,27.73333333333333,8.033333333333333,17.866666666666664,-1.2166666666666668
47,2015,Q2,36.0,308.6666666666667,4.010000000000001,1.2833333333333332,1.2833333333333332,0.2333333333333333,0.43999999999999995,66.86666666666666,43.333333333333336,55.133333333333326,0.7366666666666667
47,2015,Q3,119.33333333333333,45.666666666666664,3.9233333333333333,1.2666666666666668,1.2666666666666668,0.5833333333333334,0.17333333333333334,77.06666666666666,55.699999999999996,66.39999999999999,0.18999999999999997
47,2015,Q4,1.0,705.0,3.466666666666667,2.35,2.35,2.1599999999999997,1.5566666666666666,48.1,31.600000000000005,39.86666666666667,3.033333333333333
47,2016,Q1,0.0,1126.0,1.8633333333333333,3.313333333333333,3.313333333333333,3.1566666666666667,0.5299999999999999,33.56666666666667,16.833333333333332,25.2,0.9466666666666667
47,2016,Q2,48.666666666666664,323.6666666666667,3.543333333333333,2.783333333333333,2.783333333333333,2.3733333333333335,-0.023333333333333355,66.43333333333334,43.43333333333334,54.93333333333334,-0.009999999999999934
47,2016,Q3,163.33333333333334,37.333333333333336,5.466666666666666,3.736666666666667,3.736666666666667,3.736666666666667,1.1733333333333336,77.43333333333332,57.23333333333333,67.33333333333333,2.516666666666666
47,2016,Q4,2.0,796.3333333333334,2.2566666666666664,3.94,3.94,3.8866666666666667,0.48666666666666664,45.9,28.73333333333333,37.300000000000004,0.9
47,2017,Q1,0.0,1098.3333333333333,1.7866666666666668,4.03,4.03,4.03,0.7600000000000001,34.36666666666667,17.233333333333334,25.8,1.1766666666666667
47,2017,Q2,44.666666666666664,302.6666666666667,5.156666666666667,4.696666666666666,4.696666666666666,4.696666666666666,1.27,66.26666666666667,43.9,55.099999999999994,2.53
47,2017,Q3,108.33333333333333,63.333333333333336,3.4866666666666664,4.533333333333333,4.533333333333333,4.246666666666667,-0.08,76.2,53.93333333333334,65.06666666666666,0.1766666666666666
47,2017,Q4,2.3333333333333335,901.0,2.0933333333333333,3.643333333333333,3.643333333333333,3.456666666666667,-0.0033333333333333917,41.3,24.5,32.9,0.7133333333333334
47,2018,Q1,0.0,1246.3333333333333,1.21,2.8266666666666667,2.8266666666666667,2.5633333333333335,-0.013333333333333345,30.433333333333337,10.200000000000001,20.333333333333332,0.08333333333333326
47,2018,Q2,65.33333333333333,369.0,4.223333333333334,2.65,2.65,2.6466666666666665,0.5233333333333333,65.56666666666666,42.4,54.0,1.2233333333333334
47,2018,Q3,142.66666666666666,50.0,4.8999999999999995,2.9266666666666663,2.9266666666666663,2.81,0.7399999999999999,77.30000000000001,55.76666666666667,66.5,1.5433333333333332
47,2018,Q4,0.0,933.6666666666666,2.9133333333333336,4.85,4.85,4.85,0.8433333333333333,39.03333333333333,25.0,32.0,2.56
47,2019,Q1,0.0,1332.3333333333333,1.9633333333333332,4.923333333333333,4.923333333333333,4.833333333333333,0.9133333333333334,27.2,7.666666666666667,17.433333333333334,1.5866666666666667
47,2019,Q2,28.333333333333332,368.0,4.3966666666666665,5.22,5.22,5.19,0.7566666666666667,63.4,41.699999999999996,52.599999999999994,1.8866666666666665
47,2019,Q3,143.66666666666666,51.0,5.300000000000001,5.28,5.28,5.27,0.9733333333333333,76.53333333333333,56.03333333333333,66.3,2.15
47,2019,Q4,0.0,923.6666666666666,3.19,6.616666666666667,6.616666666666667,6.616666666666667,1.25,39.733333333333334,24.766666666666666,32.233333333333334,3.06
47,2020,Q1,0.0,1114.3333333333333,1.6866666666666668,5.82,5.82,5.736666666666667,0.4466666666666666,33.800000000000004,16.266666666666666,25.0,0.79
47,2020,Q2,48.666666666666664,356.0,3.7466666666666666,4.8133333333333335,4.8133333333333335,4.776666666666667,0.16333333333333333,65.10000000000001,42.43333333333333,53.76666666666667,0.5666666666666667
47,2020,Q3,153.0,73.0,4.016666666666667,4.42,4.42,4.2,0.28,76.63333333333334,55.03333333333334,65.83333333333333,0.6666666666666666
47,2020,Q4,0.0,852.0,1.946666666666667,2.6266666666666665,3.7866666666666666,3.703333333333333,-0.06333333333333335,43.5,25.933333333333337,34.7,0.7033333333333333
47,2021,Q1,0.0,1201.3333333333333,1.1966666666666665,-0.29,2.5266666666666664,1.9799999999999998,-0.1466666666666667,32.13333333333333,13.166666666666666,22.633333333333336,-0.29
47,2021,Q2,69.66666666666667,290.6666666666667,3.0833333333333335,-0.8500000000000001,1.1866666666666665,-0.1733333333333333,-0.3,67.93333333333334,44.833333333333336,56.43333333333334,-0.9
47,2021,Q3,149.0,47.333333333333336,3.9599999999999995,0.2066666666666667,1.0733333333333335,0.010000000000000009,0.24,78.23333333333333,54.96666666666667,66.60000000000001,0.30666666666666664
47,2021,Q4,4.666666666666667,772.0,1.7233333333333334,-1.3633333333333333,-1.3633333333333333,-1.2533333333333332,-0.023333333333333317,46.366666666666674,28.46666666666667,37.4,-0.9766666666666669
47,2022,Q1,0.0,1302.6666666666667,1.4466666666666665,-0.6866666666666665,-0.6866666666666665,-0.6866666666666665,-0.11333333333333336,28.066666666666666,7.699999999999999,17.866666666666667,0.44333333333333336
47,2022,Q2,50.333333333333336,340.3333333333333,3.4433333333333334,0.8166666666666668,1.2533333333333332,0.9333333333333332,0.07333333333333332,64.60000000000001,43.23333333333334,53.9,0.21999999999999997
47,2022,Q3,128.33333333333334,58.666666666666664,3.7466666666666675,-0.39666666666666667,0.3500000000000001,-0.15333333333333332,0.09666666666666664,76.53333333333333,54.9,65.76666666666667,-0.14666666666666672
47,2022,Q4,0.0,880.6666666666666,2.1233333333333335,-0.11000000000000003,-0.47333333333333333,-0.3499999999999999,0.3666666666666667,43.03333333333333,24.8,33.9,0.04666666666666671
47,2023,Q1,0.0,1122.0,2.186666666666667,1.82,1.82,1.82,1.2533333333333332,32.800000000000004,16.2,24.46666666666667,1.9666666666666668
47,2023,Q2,47.666666666666664,301.6666666666667,2.513333333333333,-0.15333333333333332,0.6933333333333335,0.22999999999999998,-0.7266666666666666,67.83333333333333,43.300000000000004,55.599999999999994,-1.5733333333333335
47,2023,Q3,138.66666666666666,45.0,3.2833333333333337,-2.766666666666667,-2.766666666666667,-2.766666666666667,-0.26666666666666666,77.63333333333334,55.29999999999999,66.46666666666665,-1.7366666666666666
47,2023,Q4,1.3333333333333333,747.0,2.0533333333333332,-2.9899999999999998,-2.9899999999999998,-2.783333333333333,-0.016666666666666625,46.9,30.466666666666665,38.7,-0.9966666666666667
47,2024,Q1,0.0,1017.6666666666666,1.41,-1.96,-2.9,-2.7266666666666666,0.030000000000000065,38.06666666666667,20.333333333333332,29.2,-0.1333333333333334
47,2024,Q2,57.0,272.0,5.486666666666667,1.71,0.11000000000000003,1.1633333333333333,1.4066666666666665,67.33333333333333,45.03333333333333,56.23333333333333,2.703333333333333
47,2024,Q3,134.0,42.333333333333336,3.296666666666667,1.5766666666666664,2.4266666666666663,1.9799999999999998,-0.24333333333333332,78.33333333333333,55.333333333333336,66.83333333333333,-0.39333333333333337
47,2024,Q4,3.0,766.3333333333334,2.1333333333333333,-1.3066666666666666,0.7633333333333333,-1.0866666666666667,0.23333333333333328,47.06666666666667,29.0,38.03333333333333,-0.4433333333333332
47,2025,Q1,0.0,1203.0,1.49,-0.6499999999999999,-0.6499999999999999,-0.6499999999999999,-0.32666666666666666,32.333333333333336,11.833333333333334,22.066666666666666,0.32
47,2025,Q2,52.333333333333336,330.6666666666667,3.823333333333333,0.42333333333333334,0.42333333333333334,0.42333333333333334,0.21666666666666667,66.10000000000001,43.43333333333334,54.73333333333333,0.47
47,2025,Q3,-3209.3333333333335,-3315.6666666666665,-0.5699999999999997,-32.66,-32.66,-32.666666666666664,-33.093333333333334,19.53333333333333,5.6333333333333355,12.566666666666663,-32.83
47,2025,Q4,-9999.0,-9999.0,-9.99,-99.99,-99.99,-99.99,-99.99,-99.90000000000002,-99.90000000000002,-99.90000000000002,-99.99
48,2015,Q1,0.0,1013.0,0.7133333333333334,-0.49666666666666665,1.6033333333333335,0.7800000000000001,-0.9733333333333333,42.49999999999999,18.633333333333333,30.566666666666666,-1.1866666666666668
48,2015,Q2,26.0,452.0,2.7266666666666666,0.5566666666666666,0.5566666666666666,0.49666666666666665,0.82,63.23333333333334,37.63333333333333,50.43333333333334,1.1366666666666665
48,2015,Q3,69.0,114.33333333333333,1.0266666666666666,0.38000000000000006,1.4033333333333333,1.0233333333333334,-0.09000000000000001,77.93333333333334,47.166666666666664,62.53333333333333,-0.20666666666666655
48,2015,Q4,0.0,948.3333333333334,1.1033333333333335,-0.9166666666666666,-0.9166666666666666,-0.79,0.16333333333333333,44.53333333333333,21.599999999999998,33.1,-0.3833333333333333
48,2016,Q1,0.0,1051.3333333333333,1.22,-0.6466666666666666,-0.9833333333333333,-0.85,0.23666666666666666,40.06666666666667,18.133333333333333,29.099999999999998,-0.3566666666666667
48,2016,Q2,32.333333333333336,436.0,1.8800000000000001,0.06666666666666665,0.06666666666666665,0.06666666666666665,-0.023333333333333428,64.76666666666667,37.56666666666667,51.166666666666664,-0.3166666666666666
48,2016,Q3,71.33333333333333,137.33333333333334,1.17,-1.0466666666666666,-1.6533333333333333,-1.39,-0.17666666666666667,77.2,46.5,61.900000000000006,-0.7833333333333333
48,2016,Q4,0.0,934.6666666666666,1.49,0.47000000000000003,-0.9966666666666667,-0.08666666666666671,0.8366666666666668,45.699999999999996,21.26666666666667,33.46666666666666,0.20333333333333328
48,2017,Q1,0.0,1084.6666666666667,1.8533333333333333,1.82,1.82,1.82,1.67,38.4,16.866666666666664,27.633333333333336,2.1233333333333335
48,2017,Q2,15.666666666666666,457.3333333333333,1.8966666666666665,0.7266666666666666,2.483333333333333,2.0466666666666664,0.10333333333333328,63.29999999999999,36.266666666666666,49.76666666666667,0.26333333333333325
48,2017,Q3,81.66666666666667,142.0,1.3733333333333333,-0.6266666666666666,0.1166666666666667,-0.4366666666666666,0.28,77.06666666666666,47.26666666666667,62.166666666666664,-0.16666666666666666
48,2017,Q4,0.0,947.6666666666666,1.0966666666666667,0.5233333333333333,0.5233333333333333,0.5233333333333333,0.16000000000000003,45.133333333333326,21.26666666666667,33.2,-0.1433333333333333
48,2018,Q1,0.0,1149.6666666666667,1.1733333333333333,0.28,0.28,0.10333333333333333,0.3066666666666667,36.99999999999999,14.199999999999998,25.566666666666666,-0.03666666666666669
48,2018,Q2,21.666666666666668,421.0,2.2099999999999995,0.27,0.27,0.14666666666666667,0.37666666666666665,64.89999999999999,37.13333333333333,51.0,0.17000000000000004
48,2018,Q3,71.66666666666667,119.33333333333333,0.8733333333333334,-0.18666666666666665,-0.18666666666666665,-0.023333333333333317,-0.44999999999999996,78.43333333333332,46.93333333333334,62.70000000000001,-0.84
48,2018,Q4,0.0,1035.6666666666667,1.1166666666666665,-0.51,-0.51,-0.24333333333333332,0.10666666666666665,41.5,19.2,30.366666666666664,0.25333333333333335
48,2019,Q1,0.0,1255.0,1.19,0.026666666666666634,0.026666666666666634,0.026666666666666634,0.3466666666666667,33.0,10.933333333333332,21.933333333333334,0.25333333333333335
48,2019,Q2,8.0,521.6666666666666,2.4633333333333334,1.3566666666666667,1.3566666666666667,1.3433333333333335,0.66,59.86666666666667,35.166666666666664,47.5,1.6066666666666665
48,2019,Q3,74.0,119.33333333333333,1.4333333333333336,2.0366666666666666,2.0366666666666666,2.0366666666666666,0.5133333333333333,77.53333333333333,47.53333333333333,62.53333333333334,1.11
48,2019,Q4,0.0,1072.6666666666667,1.0266666666666666,2.563333333333333,2.563333333333333,2.5399999999999996,-0.06,40.63333333333333,17.633333333333336,29.133333333333336,0.8666666666666667
48,2020,Q1,0.0,1140.6666666666667,1.0866666666666667,2.3966666666666665,2.3966666666666665,2.3966666666666665,0.1166666666666667,36.63333333333333,14.733333333333334,25.73333333333333,0.7766666666666667
48,2020,Q2,20.0,474.3333333333333,1.4133333333333333,-0.47000000000000003,1.4866666666666666,0.7466666666666666,-0.5633333333333332,63.199999999999996,35.13333333333333,49.20000000000001,-0.8333333333333334
48,2020,Q3,98.66666666666667,120.66666666666667,0.6033333333333334,-2.186666666666667,-2.186666666666667,-2.186666666666667,-1.406666666666667,79.89999999999999,46.666666666666664,63.26666666666667,-2.4033333333333333
48,2020,Q4,0.0,954.0,0.8033333333333333,-2.776666666666667,-2.776666666666667,-2.7699999999999996,-0.5833333333333334,45.96666666666667,19.866666666666667,32.93333333333334,-1.1366666666666667
48,2021,Q1,0.0,1193.0,1.0866666666666667,-3.5033333333333334,-3.5033333333333334,-3.5033333333333334,0.07000000000000002,35.666666666666664,12.933333333333332,24.333333333333332,-1.6333333333333335
48,2021,Q2,35.666666666666664,457.0,1.2533333333333332,-4.456666666666666,-4.456666666666666,-4.456666666666666,-0.8433333333333334,64.96666666666665,36.1,50.56666666666666,-2.736666666666667
48,2021,Q3,102.0,102.0,1.1400000000000001,-5.8,-5.8,-5.8,0.12666666666666668,79.96666666666665,48.20000000000001,64.1,-2.3166666666666664
48,2021,Q4,0.0,869.6666666666666,1.3099999999999998,-4.546666666666667,-4.546666666666667,-4.23,0.3433333333333333,46.866666666666674,24.266666666666666,35.56666666666667,-0.11333333333333324
48,2022,Q1,0.0,1161.6666666666667,0.7233333333333333,-4.739999999999999,-4.739999999999999,-4.739999999999999,-1.11,37.766666666666666,12.866666666666667,25.333333333333332,-2.233333333333333
48,2022,Q2,14.666666666666666,521.3333333333334,1.8733333333333333,-4.39,-4.39,-4.24,0.043333333333333335,60.9,33.800000000000004,47.36666666666667,-0.5399999999999999
48,2022,Q3,116.33333333333333,81.33333333333333,1.2066666666666666,-4.326666666666667,-4.326666666666667,-4.326666666666667,0.13000000000000003,81.06666666666668,49.6,65.33333333333333,-1.17
48,2022,Q4,0.0,1049.3333333333333,1.1033333333333333,-1.2766666666666666,-3.6366666666666667,-3.453333333333333,0.20666666666666667,41.9,17.633333333333333,29.8,-0.2366666666666667
48,2023,Q1,0.0,1286.3333333333333,1.3033333333333335,0.77,-1.9366666666666665,-0.7666666666666667,0.59,31.600000000000005,10.066666666666665,20.833333333333332,0.82
48,2023,Q2,11.666666666666666,477.6666666666667,2.3833333333333333,1.1266666666666667,-0.24,0.63,0.4699999999999999,61.53333333333334,35.96666666666667,48.73333333333333,1.28
48,2023,Q3,73.66666666666667,116.33333333333333,1.5566666666666666,3.0033333333333334,3.0033333333333334,3.0033333333333334,0.79,77.66666666666667,47.93333333333333,62.800000000000004,2.1166666666666667
48,2023,Q4,0.0,899.3333333333334,1.05,1.92,3.0100000000000002,2.623333333333333,-0.27,46.73333333333333,22.7,34.7,0.13666666666666663
48,2024,Q1,0.0,1123.3333333333333,1.2300000000000002,2.1133333333333333,2.1133333333333333,1.4433333333333334,0.4033333333333333,38.1,15.333333333333334,26.700000000000003,0.5733333333333334
48,2024,Q2,25.666666666666668,454.6666666666667,1.5366666666666664,1.6566666666666665,1.6566666666666665,0.9766666666666667,-0.48,64.0,36.03333333333333,50.03333333333334,-0.6566666666666666
48,2024,Q3,95.0,92.66666666666667,0.8433333333333333,-1.75,-1.75,-1.75,-0.5533333333333333,80.36666666666666,47.73333333333333,64.06666666666666,-1.7666666666666666
48,2024,Q4,0.0,855.6666666666666,0.8233333333333333,-2.76,-2.76,-2.76,-0.5133333333333333,48.43333333333334,23.5,35.96666666666667,-1.4366666666666668
48,2025,Q1,0.0,1179.6666666666667,1.29,-3.01,-3.01,-3.01,0.5366666666666667,36.36666666666667,13.1,24.733333333333334,-1.0233333333333334
48,2025,Q2,19.333333333333332,438.0,1.5866666666666667,-3.4499999999999997,-3.4499999999999997,-3.4499999999999997,-0.2966666666666667,64.83333333333333,36.266666666666666,50.53333333333333,-1.7666666666666666
48,2025,Q3,-3254.3333333333335,-3301.0,-2.6166666666666667,-36.16,-36.16,-36.16,-33.32333333333333,21.566666666666663,0.5,11.0,-34.70666666666666
48,2025,Q4,-9999.0,-9999.0,-9.99,-99.99,-99.99,-99.99,-99.99,-99.90000000000002,-99.90000000000002,-99.90000000000002,-99.99
49,2015,Q1,,,4.1066666666666665,,,,,72.10000000000001,55.333333333333336,63.73333333333333,
49,2015,Q2,,,5.136666666666668,,,,,73.83333333333333,59.0,66.39999999999999,
49,2015,Q3,,,9.596666666666666,,,,,78.10000000000001,64.0,71.03333333333333,
49,2015,Q4,,,7.5200000000000005,,,,,75.13333333333333,60.6,67.89999999999999,
49,2016,Q1,,,2.4933333333333336,,,,,72.73333333333333,56.0,64.36666666666666,
49,2016,Q2,,,5.993333333333333,,,,,73.73333333333333,59.96666666666667,66.83333333333333,
49,2016,Q3,,,7.37,,,,,76.9,62.73333333333333,69.83333333333333,
49,2016,Q4,,,7.416666666666667,,,,,72.96666666666667,59.46666666666667,66.23333333333333,
49,2017,Q1,,,3.7566666666666664,,,,,72.06666666666666,56.26666666666667,64.16666666666667,
49,2017,Q2,,,4.423333333333334,,,,,74.56666666666666,59.6,67.03333333333335,
49,2017,Q3,,,3.0366666666666666,,,,,77.33333333333333,62.333333333333336,69.83333333333333,
49,2017,Q4,,,8.246666666666668,,,,,72.56666666666666,58.73333333333333,65.60000000000001,
49,2018,Q1,,,7.573333333333333,,,,,70.56666666666668,56.76666666666667,63.699999999999996,
49,2018,Q2,,,7.063333333333333,,,,,73.86666666666666,60.53333333333333,67.16666666666667,
49,2018,Q3,,,10.876666666666667,,,,,77.16666666666667,63.4,70.26666666666667,
49,2018,Q4,,,7.146666666666667,,,,,74.06666666666666,60.1,67.10000000000001,
49,2019,Q1,,,4.91,,,,,70.39999999999999,55.1,62.76666666666667,
49,2019,Q2,,,4.916666666666667,,,,,75.23333333333333,60.300000000000004,67.76666666666667,
49,2019,Q3,,,5.359999999999999,,,,,78.5,64.16666666666667,71.33333333333333,
49,2019,Q4,,,5.666666666666667,,,,,75.60000000000001,61.300000000000004,68.43333333333334,
49,2020,Q1,,,9.383333333333333,,,,,71.0,57.13333333333333,64.10000000000001,
49,2020,Q2,,,3.046666666666667,,,,,74.66666666666667,59.86666666666667,67.26666666666667,
49,2020,Q3,,,3.86,,,,,77.30000000000001,62.5,69.89999999999999,
49,2020,Q4,,,5.036666666666666,,,,,75.1,60.6,67.83333333333333,
49,2021,Q1,,,9.953333333333333,,,,,70.53333333333335,56.73333333333333,63.666666666666664,
49,2021,Q2,,,2.83,,,,,73.43333333333334,58.6,66.0,
49,2021,Q3,,,3.926666666666667,,,,,76.13333333333334,61.833333333333336,68.96666666666667,
49,2021,Q4,,,5.93,,,,,73.7,59.26666666666667,66.5,
49,2022,Q1,,,1.9633333333333336,,,,,72.76666666666667,56.300000000000004,64.53333333333333,
49,2022,Q2,,,3.3633333333333333,,,,,73.96666666666667,59.56666666666666,66.8,
49,2022,Q3,,,2.8266666666666667,,,,,76.96666666666667,61.56666666666666,69.23333333333333,
49,2022,Q4,,,4.489999999999999,,,,,74.53333333333335,59.800000000000004,67.16666666666667,
49,2023,Q1,,,8.046666666666667,,,,,71.63333333333334,57.36666666666667,64.46666666666665,
49,2023,Q2,,,4.633333333333334,,,,,73.1,58.96666666666667,66.03333333333332,
49,2023,Q3,,,2.8066666666666666,,,,,77.23333333333333,62.06666666666666,69.66666666666666,
49,2023,Q4,,,4.19,,,,,74.30000000000001,59.56666666666666,66.93333333333332,
49,2024,Q1,,,2.9466666666666668,,,,,70.8,56.43333333333334,63.6,
49,2024,Q2,,,5.193333333333334,,,,,73.63333333333334,59.76666666666667,66.7,
49,2024,Q3,,,5.656666666666666,,,,,76.63333333333334,62.333333333333336,69.46666666666667,
49,2024,Q4,,,4.053333333333334,,,,,74.60000000000001,59.833333333333336,67.2,
49,2025,Q1,,,3.8466666666666662,,,,,72.3,57.0,64.63333333333334,
49,2025,Q2,,,3.546666666666667,,,,,73.93333333333332,59.833333333333336,66.89999999999999,
49,2025,Q3,,,-1.6533333333333333,,,,,17.933333333333326,8.300000000000002,13.133333333333335,
49,2025,Q4,,,-9.99,,,,,-99.90000000000002,-99.90000000000002,-99.90000000000002,
50,2015,Q1,-9999.0,-9999.0,2.4233333333333333,,,,-99.99,19.366666666666664,4.433333333333334,11.866666666666667,
50,2015,Q2,-9999.0,-9999.0,2.2066666666666666,,,,-99.99,50.76666666666667,32.73333333333333,41.766666666666666,
50,2015,Q3,-9999.0,-9999.0,5.003333333333334,,,,-99.99,54.6,40.333333333333336,47.46666666666667,
50,2015,Q4,-9999.0,-9999.0,3.733333333333334,,,,-99.99,24.799999999999997,13.299999999999997,19.03333333333333,
50,2016,Q1,-9999.0,-9999.0,2.48,,,,-99.99,24.633333333333336,10.866666666666667,17.733333333333334,
50,2016,Q2,-9999.0,-9999.0,2.5533333333333332,,,,-99.99,51.93333333333334,34.2,43.03333333333333,
50,2016,Q3,-9999.0,-9999.0,5.09,,,,-99.99,57.833333333333336,42.93333333333334,50.366666666666674,
50,2016,Q4,-9999.0,-9999.0,2.233333333333333,,,,-99.99,22.866666666666664,9.9,16.400000000000002,
50,2017,Q1,-9999.0,-9999.0,2.143333333333333,,,,-99.99,13.866666666666665,-3.1999999999999997,5.333333333333333,
50,2017,Q2,-9999.0,-9999.0,1.9166666666666667,,,,-99.99,49.53333333333334,31.733333333333334,40.6,
50,2017,Q3,-9999.0,-9999.0,4.92,,,,-99.99,56.833333333333336,42.5,49.666666666666664,
50,2017,Q4,-9999.0,-9999.0,3.706666666666667,,,,-99.99,27.46666666666667,15.866666666666667,21.7,
50,2018,Q1,-9999.0,-9999.0,2.183333333333333,,,,-99.99,19.566666666666666,5.366666666666667,12.433333333333332,
50,2018,Q2,-9999.0,-9999.0,2.69,,,,-99.99,46.699999999999996,30.76666666666667,38.733333333333334,
50,2018,Q3,-9999.0,-9999.0,3.956666666666667,,,,-99.99,57.26666666666667,42.36666666666667,49.833333333333336,
50,2018,Q4,-9999.0,-9999.0,3.8033333333333332,,,,-99.99,26.46666666666667,14.933333333333335,20.666666666666668,
50,2019,Q1,-9999.0,-9999.0,2.41,,,,-99.99,23.7,9.299999999999999,16.5,
50,2019,Q2,-9999.0,-9999.0,2.033333333333333,,,,-99.99,50.56666666666666,33.06666666666667,41.833333333333336,
50,2019,Q3,-9999.0,-9999.0,3.9033333333333338,,,,-99.99,59.133333333333326,43.53333333333333,51.333333333333336,
50,2019,Q4,-9999.0,-9999.0,4.32,,,,-99.99,24.733333333333334,13.466666666666667,19.1,
50,2020,Q1,-9999.0,-9999.0,2.393333333333333,,,,-99.99,10.133333333333333,-5.366666666666667,2.3666666666666667,
50,2020,Q2,-9999.0,-9999.0,2.466666666666667,,,,-99.99,49.1,31.76666666666667,40.43333333333333,
50,2020,Q3,-9999.0,-9999.0,3.9499999999999997,,,,-99.99,56.6,41.6,49.1,
50,2020,Q4,-9999.0,-9999.0,3.8366666666666673,,,,-99.99,24.133333333333336,11.866666666666667,18.0,
50,2021,Q1,-9999.0,-9999.0,2.6233333333333335,,,,-99.99,14.566666666666665,-0.7333333333333334,6.8999999999999995,
50,2021,Q2,-9999.0,-9999.0,2.26,,,,-99.99,47.4,29.3,38.36666666666667,
50,2021,Q3,-9999.0,-9999.0,4.353333333333333,,,,-99.99,54.53333333333334,40.6,47.56666666666666,
50,2021,Q4,-9999.0,-9999.0,3.6566666666666663,,,,-99.99,19.133333333333336,7.033333333333334,13.1,
50,2022,Q1,-9999.0,-9999.0,3.4633333333333334,,,,-99.99,16.233333333333334,2.0999999999999996,9.166666666666666,
50,2022,Q2,-9999.0,-9999.0,1.14,,,,-99.99,48.79999999999999,29.600000000000005,39.233333333333334,
50,2022,Q3,-9999.0,-9999.0,5.653333333333333,,,,-99.99,55.4,41.96666666666666,48.70000000000001,
50,2022,Q4,-9999.0,-9999.0,4.073333333333333,,,,-99.99,23.366666666666664,11.466666666666667,17.400000000000002,
50,2023,Q1,-9999.0,-9999.0,2.606666666666667,,,,-99.99,17.633333333333336,2.6999999999999997,10.166666666666666,
50,2023,Q2,-9999.0,-9999.0,2.606666666666667,,,,-99.99,43.866666666666674,27.066666666666663,35.5,
50,2023,Q3,-9999.0,-9999.0,4.510000000000001,,,,-99.99,56.93333333333334,43.13333333333333,50.03333333333334,
50,2023,Q4,-9999.0,-9999.0,4.390000000000001,,,,-99.99,24.266666666666666,11.833333333333334,18.066666666666666,
50,2024,Q1,-9999.0,-9999.0,2.6333333333333333,,,,-99.99,16.599999999999998,2.5,9.533333333333333,
50,2024,Q2,-9999.0,-9999.0,1.9433333333333334,,,,-99.99,48.166666666666664,30.933333333333334,39.56666666666667,
50,2024,Q3,-9999.0,-9999.0,4.946666666666666,,,,-99.99,54.9,41.46666666666667,48.20000000000001,
50,2024,Q4,-9999.0,-9999.0,3.0400000000000005,,,,-99.99,24.13333333333333,12.533333333333333,18.333333333333332,
50,2025,Q1,-9999.0,-9999.0,2.603333333333333,,,,-99.99,21.8,7.3,14.566666666666668,
50,2025,Q2,-9999.0,-9999.0,2.9,,,,-99.99,46.96666666666667,31.066666666666663,39.03333333333334,
50,2025,Q3,-9999.0,-9999.0,-0.9700000000000001,,,,-99.99,7.199999999999998,-2.8666666666666694,2.1666666666666665,
50,2025,Q4,-9999.0,-9999.0,-9.99,,,,-99.99,-99.90000000000002,-99.90000000000002,-99.90000000000002,
