Year,Period,State,"HONEY, BEE COLONIES - ADDED & REPLACED, MEASURED IN COLONIES","HONEY, BEE COLONIES - INVENTORY, MAX, MEASURED IN COLONIES",COLONIES AT FIRST OF QUARTER,"HONEY, BEE COLONIES - LOSS, DEADOUT, MEASURED IN COLONIES","HONEY, BEE COLONIES - LOSS, DEADOUT, MEASURED IN PCT OF COLONIES","HONEY, BEE COLONIES, AFFECTED BY DISEASE - INVENTORY, MEASURED IN PCT OF COLONIES","HONEY, BEE COLONIES, AFFECTED BY OTHER CAUSES - INVENTORY, MEASURED IN PCT OF COLONIES","HONEY, BEE COLONIES, AFFECTED BY PESTICIDES - INVENTORY, MEASURED IN PCT OF COLONIES","HONEY, BEE COLONIES, AFFECTED BY PESTS ((EXCL VARROA MITES)) - INVENTORY, MEASURED IN PCT OF COLONIES","HONEY, BEE COLONIES, AFFECTED BY UNKNOWN CAUSES - INVENTORY, MEASURED IN PCT OF COLONIES","HONEY, BEE COLONIES, AFFECTED BY VARROA MITES - INVENTORY, MEASURED IN PCT OF COLONIES","HONEY, BEE COLONIES, RENOVATED - INVENTORY, MEASURED IN COLONIES","HONEY, BEE COLONIES, RENOVATED - INVENTORY, MEASURED IN PCT OF COLONIES"
2015,Q1,ALABAMA,"2,800","7,000",7000,"1,800",26,0,9.1,2.2,5.4,9.4,10,250,4
2015,Q1,ARIZONA,"3,400","35,000",35000,"4,600",13,0.1,1.8,0,20.5,3.1,26.9,"2,100",6
2015,Q1,ARKANSAS,"1,200","14,000",13000,"1,500",11,1.5,1,3.4,11.4,1,17.6,90,1
2015,Q1,CALIFORNIA,"250,000","1,690,000",1440000,"255,000",15,3,6.5,7.5,7.2,2.8,24.7,"124,000",7
2015,Q1,COLORADO,200,"12,500",3500,"1,500",12,1.8,2.6,0.6,0.9,5.9,14.6,140,1
2015,Q1,CONNECTICUT,290,"3,900",3900,870,22,0,21.2,0,1.4,2.4,2.5,0,0
2015,Q1,FLORIDA,"54,000","315,000",305000,"42,000",13,0.8,5.1,8.9,13.5,4.4,22.3,"25,000",8
2015,Q1,GEORGIA,"47,000","105,000",104000,"14,500",14,3.3,4.8,2.6,4.9,10.5,6.2,"9,500",9
2015,Q1,HAWAII,"3,400","10,500",10500,380,4,1.6,2,0,37.7,0,38.8,760,7
2015,Q1,IDAHO,"2,600","88,000",81000,"3,700",4,12.5,8.9,4.8,6.7,4.9,39.8,"8,000",9
2015,Q1,ILLINOIS,"2,300","10,500",6000,"4,200",40,0.7,12.6,0.4,6.9,11.6,12.3,390,4
2015,Q1,INDIANA,490,"9,500",9000,"2,100",22,0.2,22.3,0.3,0.3,11.7,20.7,120,1
2015,Q1,IOWA,"1,700","17,500",12500,"3,100",18,4.6,18,3.4,0.7,3.4,26,270,2
2015,Q1,KANSAS,450,"7,000",4600,"1,600",23,1.1,9.5,14.2,1.3,3.4,32.7,70,1
2015,Q1,KENTUCKY,250,"10,500",7500,"4,100",39,2.5,22.7,2.5,10.7,12.9,10.8,0,0
2015,Q1,LOUISIANA,"3,100","51,000",51000,"8,000",16,4.3,3.1,1.7,4.7,2.1,17.2,"6,500",13
2015,Q1,MAINE,20,"6,500",3100,380,6,0,7.5,0,0.1,1.9,4.4,0,0
2015,Q1,MARYLAND,"1,600","10,000",7500,"4,100",41,0.4,24.2,0,1.8,12.4,10.1,870,9
2015,Q1,MASSACHUSETTS,260,"4,600",2900,"1,000",22,2.1,7.6,2.8,3.5,4.7,23.5,120,3
2015,Q1,MICHIGAN,"7,500","60,000",16500,"11,500",19,1.1,8.3,1.6,3.1,4.6,14.3,"2,400",4
2015,Q1,MINNESOTA,690,"74,000",28000,"3,700",5,0,1.6,0.1,0.1,2.1,1.4,530,1
2015,Q1,MISSISSIPPI,"22,000","76,000",34000,"8,500",11,0.1,1.2,2.1,8.2,1.1,9.4,"7,500",10
2015,Q1,MISSOURI,220,"13,000",12000,"2,000",15,2.2,11.8,4.2,6,6.3,13.1,910,7
2015,Q1,MONTANA,"1,400","36,000",8500,"2,200",6,0.6,2.3,0.8,0.5,7.9,8.7,"1,100",3
2015,Q1,NEBRASKA,120,"31,000",10000,"2,600",8,0.1,0.3,0.5,0.1,3,5.9,310,1
2015,Q1,NEW JERSEY,570,"9,000",6000,"1,100",12,30.4,19.5,11.1,13.2,16.7,40.1,"1,600",18
2015,Q1,NEW MEXICO,190,"7,000",7000,690,10,0,1.3,0.2,0.1,0.4,17.1,600,9
2015,Q1,NEW YORK,430,"30,000",27000,"6,500",22,0.5,12.4,4.4,2.6,8.3,7.6,950,3
2015,Q1,NORTH CAROLINA,"6,000","26,000",24000,"7,000",27,0.1,6.2,22.9,2.3,12.2,35.5,690,3
2015,Q1,NORTH DAKOTA,"1,800","120,000",57000,620,1,0,2.5,0,1.7,0.1,1.7,530,0
2015,Q1,OHIO,"5,000","22,000",18000,"10,500",48,1,17.8,3,1.6,3.1,10.7,"3,300",15
2015,Q1,OKLAHOMA,"2,600","26,000",9500,"6,000",23,0.5,2.1,0,10.1,2.9,14.5,260,1
2015,Q1,OREGON,"4,300","87,000",77000,"6,500",8,0.4,1.6,0.6,2,1.1,20.2,"2,400",3
2015,Q1,OTHER STATES,870,"8,990",3410,"2,080",23,0,0.9,0.1,0.1,0,0.8,150,2
2015,Q1,PENNSYLVANIA,360,"21,000",14000,"6,500",31,1.9,17.8,1.9,6.3,6.3,28.1,0,0
2015,Q1,SOUTH CAROLINA,"2,700","17,500",17000,"2,700",15,0.2,3.6,0.3,2.3,2.9,10.5,"1,400",8
2015,Q1,SOUTH DAKOTA,"8,500","97,000",50000,"4,600",5,0.3,1.2,0.5,0.9,1.8,1.2,"2,800",3
2015,Q1,TENNESSEE,"1,000","9,500",9500,"2,000",21,0,13,0,17.1,4.4,22.2,190,2
2015,Q1,TEXAS,"82,000","250,000",191000,"26,000",10,5,2.3,11.1,12.2,6.2,21.5,"51,000",20
2015,Q1,UTAH,"2,500","24,000",6000,"3,300",14,0.1,3,4.4,0.9,0.5,13.6,290,1
2015,Q1,VERMONT,"1,200","5,500",5500,700,13,0,5.8,0,5.6,4.9,2.3,20,0
2015,Q1,VIRGINIA,800,"9,000",8000,"2,500",28,2.3,9.8,0,9.4,11.9,19,460,5
2015,Q1,WASHINGTON,"13,500","105,000",52000,"14,000",13,0.3,6,3.6,0.5,1.1,21.5,"9,000",9
2015,Q1,WEST VIRGINIA,570,"6,000",4700,"1,800",30,2.2,14.6,2.1,7.3,6.1,18,60,1
2015,Q1,WISCONSIN,"3,100","29,000",16500,"8,000",28,2.7,8.3,8.5,1.6,5.8,18.8,"2,500",9
2015,Q1,WYOMING,"2,000","12,000",5500,"2,000",17,0,0.7,0,0,0,0.9,"1,400",12
2015,Q2,ALABAMA,"1,900","7,500",7500,860,12,0,3.2,2.3,42.5,4.1,16.7,680,9
2015,Q2,ARIZONA,"19,500","33,000",33000,"5,500",17,0.5,28.2,20.1,32.1,0.3,8.4,"7,000",21
2015,Q2,ARKANSAS,"11,500","13,500",13500,"1,900",14,7,27.4,22.6,63.4,9.3,65.9,"5,500",41
2015,Q2,CALIFORNIA,"170,000","1,050,000",1040000,"104,000",10,7.8,14.2,23,21.5,3.1,50.9,"285,000",27
2015,Q2,COLORADO,"6,000","25,000",12000,"1,900",8,4.6,3.4,2.8,1.8,6.6,38.6,"3,500",14
2015,Q2,CONNECTICUT,"1,100","3,000",3000,80,3,1.9,1,0.8,0.4,0.7,10.2,150,5
2015,Q2,FLORIDA,"44,000","215,000",210000,"35,000",16,2.7,13.6,17.7,26.4,5.4,44.2,"24,000",11
2015,Q2,GEORGIA,"25,000","124,000",114000,"23,000",19,2.9,11.5,28.7,17.5,4.1,52.8,"19,000",15
2015,Q2,HAWAII,"1,100","13,500",13500,120,1,0.3,3.2,0.1,61,0.1,60.1,"1,200",9
2015,Q2,IDAHO,"16,500","72,000",62000,"6,500",9,6.5,13.7,6,6.7,0.3,25.5,"10,500",15
2015,Q2,ILLINOIS,"6,000","9,500",9500,"1,300",14,0.2,2.3,2.5,3.7,2.4,10.3,"1,500",16
2015,Q2,INDIANA,"4,900","12,500",8000,"1,300",10,7,4.4,0.5,1.8,2,15.4,"4,300",34
2015,Q2,IOWA,"6,500","24,000",12500,"1,400",6,2.9,2.7,7.8,5.1,1.9,21.5,"3,100",13
2015,Q2,KANSAS,"2,800","7,000",6000,670,10,0.9,3.5,0.1,2.4,4.9,14.4,420,6
2015,Q2,KENTUCKY,"3,600","8,500",7500,980,12,5.3,9.5,1.8,18.2,2.9,21.7,"1,500",18
2015,Q2,LOUISIANA,"6,500","45,000",44000,"1,800",4,0.2,5,1.1,3.7,0.5,36.4,"8,000",18
2015,Q2,MAINE,"3,500","30,000",4600,"3,200",11,0.1,0.5,34.5,34.5,0.1,72.1,700,2
2015,Q2,MARYLAND,"2,600","11,000",8000,370,3,0.2,1.6,2.5,1.3,1.5,4.9,710,7
2015,Q2,MASSACHUSETTS,940,"14,000",4100,320,2,0.2,4.4,61.8,61.7,3.1,66.8,510,4
2015,Q2,MICHIGAN,"13,500","88,000",58000,"9,500",11,0.6,16.4,9.1,13,3.1,26.9,"5,500",6
2015,Q2,MINNESOTA,"20,000","125,000",71000,"12,500",10,1.4,10.1,16.5,6.2,9.3,25.4,"21,000",17
2015,Q2,MISSISSIPPI,"5,500","89,000",89000,"11,000",12,0.3,2.3,0.1,6,1.7,10.1,"10,000",11
2015,Q2,MISSOURI,"1,900","12,500",11500,500,4,3.1,1,1.6,6.2,7.4,5.1,"1,800",14
2015,Q2,MONTANA,"14,000","210,000",36000,"4,200",2,0.8,1.6,5.3,0.9,0,9,"33,000",16
2015,Q2,NEBRASKA,"15,500","68,000",29000,"4,100",6,0,2.1,1.4,6.9,1.5,6.5,"4,600",7
2015,Q2,NEW JERSEY,"2,100","19,000",8500,"1,800",10,0.3,1,26.1,3.6,2.4,52.5,"2,900",15
2015,Q2,NEW MEXICO,"1,500","8,500",6500,"1,000",12,15.5,0.4,5.9,0,2.7,38.8,330,4
2015,Q2,NEW YORK,"11,000","34,000",24000,"1,100",3,4.5,3.3,4.4,12.5,1.1,19.1,"1,500",4
2015,Q2,NORTH CAROLINA,"5,500","23,000",19500,"1,800",8,0.3,5.8,3.5,14.3,3,51,"3,300",14
2015,Q2,NORTH DAKOTA,"39,000","450,000",121000,"29,000",6,0.1,4.6,4.3,3,0.3,15.5,"61,000",14
2015,Q2,OHIO,"10,000","19,000",17500,"2,100",11,3,11.2,11.9,4.1,29,15.8,"6,000",32
2015,Q2,OKLAHOMA,"5,500","27,000",25000,"2,200",8,0,7,0.1,6.3,1.9,66.1,"2,200",8
2015,Q2,OREGON,"14,500","95,000",82000,"5,500",6,13.2,5.8,16,20.9,0.4,39.3,"9,500",10
2015,Q2,OTHER STATES,"4,140","11,200",8600,"1,940",17,0,0.1,0,9.1,0,36.3,"1,960",18
2015,Q2,PENNSYLVANIA,"8,500","19,000",15500,"1,600",8,2.6,6.7,1.6,5.8,2.1,11.4,"2,600",14
2015,Q2,SOUTH CAROLINA,"1,100","18,500",17500,950,5,0.5,3.7,1.4,5.4,0.7,29.9,"2,000",11
2015,Q2,SOUTH DAKOTA,"27,000","290,000",100000,"21,000",7,1.8,1.4,2,11.1,1.5,9.8,"23,000",8
2015,Q2,TENNESSEE,"3,600","7,500",7500,730,10,1.8,2.6,9.8,26.3,3,47.8,920,12
2015,Q2,TEXAS,"76,000","315,000",305000,"33,000",11,2.5,7.4,6.6,22.9,3,19.3,"94,000",30
2015,Q2,UTAH,"10,000","27,000",24000,"3,400",13,1.5,5.6,12.3,10.8,1.2,27.2,"3,900",14
2015,Q2,VERMONT,580,"6,000",6000,100,2,0.1,1.3,0,1.9,0.1,3.7,50,1
2015,Q2,VIRGINIA,"2,100","7,500",7500,270,4,1.8,3,0.2,13,4.5,26.2,430,6
2015,Q2,WASHINGTON,"15,000","127,000",105000,"5,000",4,2.2,3.2,2,0.2,0.5,48.7,"13,000",10
2015,Q2,WEST VIRGINIA,"2,900","4,700",4700,570,12,0.6,4.6,2.7,8.3,4.4,15.6,590,13
2015,Q2,WISCONSIN,"10,000","65,000",25000,"4,600",7,1,15.2,8.2,5.6,2.3,35.3,"5,500",9
2015,Q2,WYOMING,"7,500","25,000",12000,"3,200",13,0.8,8.3,3.6,17.9,2.4,19.1,"5,000",20
2015,Q3,ALABAMA,160,"9,000",8500,"1,400",16,0,2.2,2.6,70.6,17.7,63.1,260,3
2015,Q3,ARIZONA,"4,300","40,000",40000,"6,000",15,5.4,7.6,17.3,24.8,5.1,53.5,"15,500",39
2015,Q3,ARKANSAS,500,"30,000",23000,"9,000",30,0.9,1.8,5,32.4,1.4,69.2,210,1
2015,Q3,CALIFORNIA,"40,000","800,000",730000,"76,000",10,12.5,15,19.6,20.4,4.7,39.9,"93,000",12
2015,Q3,COLORADO,"1,400","30,000",29000,"4,500",15,2.7,3.7,16.5,1.5,2.7,50.5,"1,400",5
2015,Q3,CONNECTICUT,190,"3,700",3700,50,1,0.4,7.8,1.5,1.2,0,39.3,440,12
2015,Q3,FLORIDA,"37,000","220,000",164000,"36,000",16,6.7,21.9,22.9,21.7,3.4,39.5,"29,000",13
2015,Q3,GEORGIA,"19,500","110,000",108000,"13,000",12,3.6,8.9,21.2,16.2,3.6,47.6,"15,500",14
2015,Q3,HAWAII,"1,200","14,500",14500,"2,700",19,0.1,2.5,0.1,80.5,0,78.1,"5,500",38
2015,Q3,IDAHO,"5,500","128,000",80000,"14,000",11,1.7,2.2,10,5.2,6.4,46.8,"11,500",9
2015,Q3,ILLINOIS,"1,300","14,000",14000,"1,400",10,0.6,3.4,0.4,3,1,7.7,"1,100",8
2015,Q3,INDIANA,"1,400","15,000",15000,"1,600",11,4.8,1,8.2,10.3,6.2,13.7,420,3
2015,Q3,IOWA,640,"37,000",29000,"3,000",8,0.1,5.6,4.7,5.8,3.4,17.4,680,2
2015,Q3,KANSAS,100,"9,500",9000,"1,000",11,0.2,14.8,14.1,16.2,1.7,22.5,160,2
2015,Q3,KENTUCKY,170,"10,000",10000,"1,300",13,1.2,9,6.5,11.3,2,40.4,550,6
2015,Q3,LOUISIANA,"2,300","55,000",50000,"2,000",4,0,3,1.6,2.3,0.2,25.9,"1,800",3
2015,Q3,MAINE,410,"6,000",6000,450,8,13.2,2.6,0,3.4,7.8,9.9,140,2
2015,Q3,MARYLAND,730,"7,500",7000,680,9,2.9,7.1,22.8,19.1,2,26.9,70,1
2015,Q3,MASSACHUSETTS,290,"7,500",7500,560,8,0.4,2.5,2.1,2.9,0.3,16.3,400,5
2015,Q3,MICHIGAN,"3,300","89,000",89000,"7,000",8,7.3,1.8,13.7,16.3,8.8,44.6,"3,800",4
2015,Q3,MINNESOTA,640,"136,000",133000,"32,000",24,7.4,7,27.4,14.6,7.2,33.3,"2,300",2
2015,Q3,MISSISSIPPI,260,"34,000",23000,"3,500",10,0,3.8,1.1,2.2,1.4,45.5,110,0
2015,Q3,MISSOURI,700,"14,000",14000,"1,200",9,3,2.1,2,11.7,1.4,11.1,630,5
2015,Q3,MONTANA,"3,200","156,000",140000,"10,500",7,10.7,6.4,2.3,16.4,5.3,52.5,"10,000",6
2015,Q3,NEBRASKA,500,"77,000",67000,"6,000",8,10.9,4.6,13.2,10.3,4.3,33.2,"6,000",8
2015,Q3,NEW JERSEY,190,"18,500",18500,210,1,0.1,1.1,0,1,0.7,7.2,500,3
2015,Q3,NEW MEXICO,"1,300","6,500",6500,"1,600",25,55,55.5,58,55,0.7,61.2,650,10
2015,Q3,NEW YORK,"4,400","47,000",44000,"6,500",14,5.7,8.8,17.1,14.3,1.5,40,"7,000",15
2015,Q3,NORTH CAROLINA,"2,500","24,000",24000,"2,900",12,0.7,5.7,7.5,27.9,8.5,33.9,"1,100",5
2015,Q3,NORTH DAKOTA,"11,000","500,000",460000,"93,000",19,8.1,4.1,12.3,15.5,3.7,33.8,"22,000",4
2015,Q3,OHIO,"2,300","23,000",23000,"1,900",8,0.6,1.6,23.4,8,1.7,30.7,880,4
2015,Q3,OKLAHOMA,160,"22,000",19500,230,1,0.1,0.6,0.1,2.3,0.4,1.6,190,1
2015,Q3,OREGON,"8,000","100,000",68000,"8,500",9,5.2,4.8,3.1,20.8,3.8,56,"21,000",21
2015,Q3,OTHER STATES,"1,050","12,280",12180,900,7,0,0.7,0.4,0.2,0.2,8.8,700,6
2015,Q3,PENNSYLVANIA,"1,800","25,000",25000,"1,800",7,3.7,7.2,5.1,11.3,0.8,45.1,"2,400",10
2015,Q3,SOUTH CAROLINA,880,"12,000",12000,"2,000",17,18.3,3.9,14.7,31,3,58.4,580,5
2015,Q3,SOUTH DAKOTA,"2,100","295,000",295000,"53,000",18,2,1.9,7.1,7.3,5.7,22,"13,000",4
2015,Q3,TENNESSEE,500,"10,000",10000,"1,200",12,0.5,2.2,4.8,38.4,1,50.8,350,4
2015,Q3,TEXAS,"5,500","136,000",76000,"16,500",12,1.3,4.7,19.4,26,5.2,30.7,"4,800",4
2015,Q3,UTAH,"1,400","36,000",31000,"8,000",22,41.6,3.6,33.6,25,0.1,40.1,"2,200",6
2015,Q3,VERMONT,30,"6,500",6000,40,1,0,0.4,0,0.5,0,22.7,20,0
2015,Q3,VIRGINIA,520,"8,000",8000,680,9,1.3,3.5,3.7,14.2,8.9,29,220,3
2015,Q3,WASHINGTON,"1,800","97,000",84000,"11,500",12,2.3,3.8,1.4,3.7,0.3,45.6,"20,000",21
2015,Q3,WEST VIRGINIA,300,"7,000",7000,300,4,1,3,1.5,5.3,1.1,21.7,270,4
2015,Q3,WISCONSIN,"1,300","62,000",60000,"9,000",15,8.3,12.6,20.9,20.1,13.5,47.3,"4,300",7
2015,Q3,WYOMING,270,"35,000",29000,"2,500",7,6.4,2,3.4,11,0.4,28.5,440,1
2015,Q4,ALABAMA,80,"8,000",8000,610,8,0.2,2.8,0.2,6.4,1.9,3.1,60,1
2015,Q4,ARIZONA,"3,000","39,000",36000,"12,000",31,1.1,0.5,3.5,1.7,15.5,50.1,"16,000",41
2015,Q4,ARKANSAS,"1,900","27,000",23000,"2,400",9,0.1,8.5,8.2,9.7,0.6,38.1,0,0
2015,Q4,CALIFORNIA,"39,000","1,260,000",750000,"149,000",12,6.2,10.5,11.7,12.7,7.3,37.3,"75,000",6
2015,Q4,COLORADO,"3,400","24,000",24000,"2,500",10,21.2,8.4,19.7,24.4,1.8,47.6,0,0
2015,Q4,CONNECTICUT,40,"3,200",3200,210,7,0.5,3.4,1.1,1.7,2,10.5,70,2
2015,Q4,FLORIDA,"30,000","260,000",220000,"37,000",14,2.5,3,6.8,18.4,4.2,27.3,"28,000",11
2015,Q4,GEORGIA,"4,400","121,000",110000,"18,000",15,5.3,3.7,4.5,13.9,1.3,43.5,"1,900",2
2015,Q4,HAWAII,"2,700","13,000",13000,690,5,0.2,0,0,33.9,0,31,760,6
2015,Q4,IDAHO,"5,500","145,000",121000,"22,000",15,4.3,2.8,4,0.6,4.5,38.9,"5,500",4
2015,Q4,ILLINOIS,0,"14,000",14000,690,5,0.3,1,0.9,2.5,3.1,9.4,30,0
2015,Q4,INDIANA,140,"11,500",11500,"1,100",10,6.3,0.6,0.1,0.5,3.7,15.1,0,0
2015,Q4,IOWA,40,"35,000",35000,"4,300",12,0.6,24.8,6.4,0.9,1.4,53.4,30,0
2015,Q4,KANSAS,50,"8,500",8500,"3,400",40,0.2,33.9,25.1,24.8,19,44.5,20,0
2015,Q4,KENTUCKY,20,"8,500",8500,"1,100",13,0.4,7.2,9.8,14.8,1.7,22.2,10,0
2015,Q4,LOUISIANA,"1,100","71,000",55000,"4,900",7,0,2.4,0.6,1,0.2,10.9,"2,400",3
2015,Q4,MAINE,530,"4,700",4700,60,1,0,0.1,0,0.2,0.4,18,20,0
2015,Q4,MARYLAND,0,"9,500",7500,730,8,0.1,0.2,0,2,4.3,5.6,0,0
2015,Q4,MASSACHUSETTS,30,"4,500",4500,260,6,6.2,2.6,1.9,1.6,1.1,31.4,30,1
2015,Q4,MICHIGAN,210,"73,000",67000,"9,000",12,0,3.2,4.1,4.1,3.7,30.2,"1,600",2
2015,Q4,MINNESOTA,600,"105,000",104000,"10,000",10,8.4,3.8,25,8.7,8.9,43.6,40,0
2015,Q4,MISSISSIPPI,500,"34,000",31000,"1,500",4,0.3,0.7,0,2.5,1.3,10.6,230,1
2015,Q4,MISSOURI,30,"13,500",13500,690,5,3.3,0.8,0.1,6,1.5,2.8,40,0
2015,Q4,MONTANA,"1,000","123,000",116000,"10,000",8,14.4,3.2,11.4,19.8,13.9,35.5,80,0
2015,Q4,NEBRASKA,10,"73,000",72000,"7,000",10,0.2,0.4,0.3,0,1.7,15.5,"5,500",8
2015,Q4,NEW JERSEY,20,"8,500",8000,270,3,0,0.4,0.4,2.2,1.2,7.7,10,0
2015,Q4,NEW MEXICO,290,"6,000",6000,290,5,0.2,0.6,8.4,0.3,1.7,30.9,30,1
2015,Q4,NEW YORK,260,"45,000",45000,"4,000",9,0.8,0.4,0.9,2.2,6.2,24.5,10,0
2015,Q4,NORTH CAROLINA,510,"22,000",22000,"2,200",10,0.5,5.4,0.4,3.4,3.4,9.6,70,0
2015,Q4,NORTH DAKOTA,"2,700","275,000",230000,"35,000",13,1.8,3.7,1.5,2.3,2.1,10.8,"9,000",3
2015,Q4,OHIO,200,"19,000",19000,"2,400",13,2,14.5,7.3,8.8,2.1,36.3,140,1
2015,Q4,OKLAHOMA,290,"10,000",5000,650,7,0.1,1.3,0.1,4.5,2.5,2.8,60,1
2015,Q4,OREGON,200,"114,000",100000,"8,500",8,1.5,1.7,1.5,1.3,1.5,16.4,"1,400",1
2015,Q4,OTHER STATES,100,"12,560",11360,"1,630",13,0,0,0,0,8,8.2,50,0
2015,Q4,PENNSYLVANIA,"1,300","23,000",22000,"2,500",11,1,0.8,0.3,4.3,1,32.2,"6,500",28
2015,Q4,SOUTH CAROLINA,640,"17,500",10000,"2,200",13,0.4,5.8,1.7,2.9,0,14.2,"1,000",6
2015,Q4,SOUTH DAKOTA,"2,400","205,000",194000,"9,000",4,1.9,2.4,7.1,3,4.1,16.8,0,0
2015,Q4,TENNESSEE,70,"10,000",8500,"1,100",11,0,7.1,4.6,28.3,3.6,43.6,420,4
2015,Q4,TEXAS,"13,000","250,000",125000,"25,000",10,2.7,2.2,5.4,8.7,8,20.9,"2,000",1
2015,Q4,UTAH,120,"28,000",28000,"1,900",7,6.4,4.4,0.2,9.1,0.4,75.8,100,0
2015,Q4,VERMONT,10,"6,500",6500,940,15,0.9,0.4,0.6,16.8,15.6,57.1,10,0
2015,Q4,VIRGINIA,0,"7,500",7500,750,10,0.4,5.8,0,17.2,10.4,26.3,350,5
2015,Q4,WASHINGTON,330,"89,000",87000,"6,500",7,0.1,3,0.3,0.1,1.5,6.9,170,0
2015,Q4,WEST VIRGINIA,190,"7,000",7000,610,9,1.3,8.2,3,4.5,0.6,18.8,140,2
2015,Q4,WISCONSIN,210,"48,000",48000,"6,500",14,2.5,6.6,21.9,15.6,21.4,49.4,10,0
2015,Q4,WYOMING,30,"25,000",24000,"1,300",5,6.6,11.3,10.5,3.3,3.9,45,0,0
2016,Q1,ALABAMA,"2,100","7,500",7500,"1,700",23,4.3,2.4,8.1,22,11.3,24.2,90,1
2016,Q1,ARIZONA,"3,500","30,000",30000,"4,700",16,0,6.5,7.7,2.8,7.2,33.8,150,1
2016,Q1,ARKANSAS,"5,000","27,000",27000,"5,000",19,0,1.9,0.5,6.9,8.1,57.4,"1,100",4
2016,Q1,CALIFORNIA,"210,000","1,410,000",1130000,"200,000",14,9,8.4,13.5,15.2,4.4,38.1,"139,000",10
2016,Q1,COLORADO,"1,700","8,500",5000,750,9,0.5,2.7,0.2,4.1,0.2,2.9,10,0
2016,Q1,CONNECTICUT,70,"2,700",2700,270,10,0.2,7.7,0,0.8,1.7,12.3,10,0
2016,Q1,FLORIDA,"49,000","295,000",275000,"40,000",14,0.4,1.8,4.9,5.8,1.4,23.6,"15,500",5
2016,Q1,GEORGIA,"36,000","100,000",100000,"15,500",16,2.1,3.2,21.4,7.8,3.9,32.3,"3,200",3
2016,Q1,HAWAII,570,"15,000",15000,280,2,0,0.8,0.1,1.5,0,0.3,530,4
2016,Q1,IDAHO,"5,500","98,000",91000,"8,500",9,2.1,5.4,5.9,2.3,1.4,31.5,"3,300",3
2016,Q1,ILLINOIS,860,"9,500",8500,"1,400",15,0.3,4.6,2.6,6.4,8.6,12.4,40,0
2016,Q1,INDIANA,30,"6,500",6500,770,12,0.9,7.2,0.3,3.7,5.5,17.4,0,0
2016,Q1,IOWA,90,"13,000",13000,"2,900",22,13.8,24,2.7,14.4,4.8,52.8,0,0
2016,Q1,KANSAS,"1,400","5,000",5000,"1,100",22,0.1,2.4,1.1,10,5.4,30.3,100,2
2016,Q1,KENTUCKY,390,"6,500",6500,"1,300",20,0.7,12.5,6.3,9,8.4,23.6,40,1
2016,Q1,LOUISIANA,"9,500","55,000",54000,"11,000",20,18.6,12.4,0.4,14.2,1.9,22.8,"2,600",5
2016,Q1,MAINE,0,"3,700",2200,170,5,0.3,0.8,0,0.4,1.4,3.3,0,0
2016,Q1,MARYLAND,"1,200","7,500",7500,820,11,0,6.7,9.5,0.1,0.7,26.2,10,0
2016,Q1,MASSACHUSETTS,"1,200","3,000",3000,370,12,0.7,3.1,0,5.2,1.1,10.1,140,5
2016,Q1,MICHIGAN,"2,300","42,000",25000,"5,000",12,0,1.3,0.5,0.2,11.3,5.9,80,0
2016,Q1,MINNESOTA,"6,000","38,000",36000,"5,500",14,0.2,8,11.6,7,14.5,12.1,0,0
2016,Q1,MISSISSIPPI,"48,000","50,000",21000,"7,500",15,0,0.3,3.2,1.6,14.5,13.8,"25,000",50
2016,Q1,MISSOURI,"5,500","10,000",10000,"1,300",13,0.4,4.5,6.2,7,7.3,20.2,420,4
2016,Q1,MONTANA,"24,000","65,000",16500,900,1,0,0.1,0.5,0,0,0.6,0,0
2016,Q1,NEBRASKA,510,"20,000",11000,720,4,0.1,0.8,0.2,0.4,0.6,1.8,0,0
2016,Q1,NEW JERSEY,80,"6,000",6000,"1,000",17,0.2,1.7,0.6,1.1,12,8,20,0
2016,Q1,NEW MEXICO,"1,400","6,500",6000,"1,700",26,31.5,1.5,0,0.4,0.3,69,30,1
2016,Q1,NEW YORK,970,"33,000",31000,"4,200",13,1.5,9.5,7.6,5.9,2.6,27.5,600,2
2016,Q1,NORTH CAROLINA,"1,100","24,000",18500,"2,600",11,1.9,4,2.7,2.5,2.4,9.5,230,1
2016,Q1,NORTH DAKOTA,"4,600","137,000",89000,"8,500",6,0,0.1,0,0,11.7,2.7,0,0
2016,Q1,OHIO,760,"16,500",16500,"2,900",18,0.2,10.2,1.3,4.3,5.3,41.6,50,0
2016,Q1,OKLAHOMA,"4,800","13,500",13500,"3,300",24,0,0.9,0.3,1.2,21,4.9,570,4
2016,Q1,OREGON,"3,800","92,000",68000,"2,900",3,5.3,2.4,0,15,0.3,20.4,"1,300",1
2016,Q1,OTHER STATES,60,"7,940",7340,900,11,0.5,8.6,2.1,2.3,0.1,5.5,0,0
2016,Q1,PENNSYLVANIA,480,"12,500",12500,"2,900",23,0.3,5.5,3.8,4.3,4.6,44.8,170,1
2016,Q1,SOUTH CAROLINA,"3,200","16,500",16500,"3,500",21,0.6,5.1,2,2.3,4.8,10.7,380,2
2016,Q1,SOUTH DAKOTA,"1,600","79,000",47000,"10,500",13,0,0.5,0,0,0.3,0.2,0,0
2016,Q1,TENNESSEE,180,"9,000",9000,"1,700",19,0.2,10.1,3.7,7.1,10.9,19.7,70,1
2016,Q1,TEXAS,"126,000","320,000",240000,"30,000",9,2.3,3.7,9.4,9.8,2.5,19.4,"49,000",15
2016,Q1,UTAH,"1,400","14,500",12000,"1,900",13,0.1,1.6,0.4,7,0.5,26.2,50,0
2016,Q1,VERMONT,0,"5,500",5500,410,7,0.3,0.5,0,0,1.7,1.3,0,0
2016,Q1,VIRGINIA,560,"6,500",6500,"1,100",17,0,5,0.4,7.3,3.8,32.7,70,1
2016,Q1,WASHINGTON,"5,500","146,000",77000,"13,500",9,1.3,1.9,1.7,10.5,5.1,23.3,"1,200",1
2016,Q1,WEST VIRGINIA,0,"8,000",6500,"1,700",21,1.1,6.9,0.6,2.9,6.5,21.9,0,0
2016,Q1,WISCONSIN,530,"21,000",20000,"3,100",15,1.1,10.8,13.4,1.6,10.4,24.2,0,0
2016,Q1,WYOMING,440,"6,500",2700,340,5,0.2,0.8,2.5,0.4,1.3,0,0,0
2016,Q2,ALABAMA,"1,200","8,000",8000,930,12,0.3,4.8,1.7,8.2,5.4,9.6,690,9
2016,Q2,ARIZONA,"14,000","23,000",22000,"3,700",16,17.2,17.4,12,47.5,3.5,26.8,"1,600",7
2016,Q2,ARKANSAS,"12,000","24,000",24000,"3,400",14,5.5,3.4,0.1,8.5,1.6,84.9,"1,600",7
2016,Q2,CALIFORNIA,"240,000","1,150,000",1110000,"108,000",9,11.2,15.3,14.2,14.1,2.6,49.7,"185,000",16
2016,Q2,COLORADO,"9,000","29,000",9500,"1,800",6,3.3,2.6,1.4,0.8,0.3,38.7,680,2
2016,Q2,CONNECTICUT,390,"2,500",2500,100,4,0.5,4.4,0.3,0.6,1.2,9.3,60,2
2016,Q2,FLORIDA,"43,000","240,000",240000,"29,000",12,10,10.1,11.6,23.3,2,48.2,"21,000",9
2016,Q2,GEORGIA,"17,500","111,000",108000,"11,000",10,2,11.7,28.4,28.4,2.7,59.3,"3,600",3
2016,Q2,HAWAII,870,"13,500",13500,830,6,0,3.2,0.6,38.1,0,35.6,0,0
2016,Q2,IDAHO,"19,000","80,000",60000,"6,000",8,2.7,5.4,3.1,4.8,2.7,21.2,"5,500",7
2016,Q2,ILLINOIS,"2,200","9,000",9000,740,8,2,4.7,3.1,4.4,2.1,11.4,380,4
2016,Q2,INDIANA,"2,700","7,000",4300,220,3,0,2.8,2.1,2.9,4.3,12.5,900,13
2016,Q2,IOWA,"26,000","26,000",10500,"2,400",9,18.7,6,0.6,17.8,5.7,23.5,760,3
2016,Q2,KANSAS,"3,000","6,000",4700,960,16,2.8,3.7,8.3,11.6,1.8,47.3,900,15
2016,Q2,KENTUCKY,"2,100","6,000",5500,450,8,1.7,16,28.4,36.1,3.8,38.9,270,5
2016,Q2,LOUISIANA,"10,000","53,000",52000,"4,300",8,0,1.2,0.3,1.1,0.6,20.7,"9,500",18
2016,Q2,MAINE,510,"25,000",3600,"4,200",17,4.3,2.4,31.1,0,27.9,82.7,560,2
2016,Q2,MARYLAND,"2,800","9,000",8000,320,4,2.4,3.3,2.9,2.3,0.6,4.2,400,4
2016,Q2,MASSACHUSETTS,"1,100","8,500",4200,300,4,0.3,2.3,10.6,10.6,11.9,40.5,440,5
2016,Q2,MICHIGAN,"13,500","103,000",40000,"7,500",7,1.1,11.8,16.5,9.3,1.1,54.1,"3,200",3
2016,Q2,MINNESOTA,"24,000","126,000",27000,"13,000",10,6.5,8.6,18.2,6,7.6,20.8,"4,200",3
2016,Q2,MISSISSIPPI,"9,000","90,000",85000,"3,700",4,1.2,1.2,2.7,2.3,0.1,12.3,"61,000",68
2016,Q2,MISSOURI,"1,800","12,500",12000,770,6,0.7,1.6,0.1,1.6,1.2,17.2,730,6
2016,Q2,MONTANA,"25,000","157,000",62000,"7,000",4,4.5,6.9,3.9,7.1,0.2,30.3,"13,500",9
2016,Q2,NEBRASKA,"8,000","43,000",19500,"6,000",14,1,1.1,3.8,0.1,3.5,6.1,"28,000",65
2016,Q2,NEW JERSEY,"1,900","18,000",4200,"1,500",8,0.2,0.2,0,0.9,0.3,11.9,110,1
2016,Q2,NEW MEXICO,"2,700","6,500",6500,"1,400",22,12.1,8.2,2.5,0.3,0,59.1,100,2
2016,Q2,NEW YORK,"13,500","46,000",31000,"4,000",9,0.9,4.1,11.7,3.1,3.8,20.4,"1,500",3
2016,Q2,NORTH CAROLINA,"10,000","24,000",23000,"1,600",7,4.7,8.3,33.8,23.5,41.7,51.8,550,2
2016,Q2,NORTH DAKOTA,"23,000","530,000",110000,"27,000",5,2.1,3.6,1.1,3.7,0.2,16.2,"95,000",18
2016,Q2,OHIO,"6,000","16,500",14000,"1,700",10,0.6,2.9,18.3,2.2,1.4,10.6,"1,100",7
2016,Q2,OKLAHOMA,"4,000","13,000",12000,310,2,0.2,0.6,1.2,2.8,0.4,51.8,"10,000",77
2016,Q2,OREGON,"19,000","132,000",77000,"4,300",3,9.9,16.7,2.6,14.5,6,52.7,"16,000",12
2016,Q2,OTHER STATES,"3,270","15,530",7970,"1,070",7,0,0.6,0.8,0.2,5.4,7.6,270,2
2016,Q2,PENNSYLVANIA,"6,500","14,000",11000,"1,300",9,2.4,4.6,3.6,3.9,0.9,18.7,"1,100",8
2016,Q2,SOUTH CAROLINA,"2,200","13,500",12500,"1,300",10,1,14.3,35.8,36.6,1.3,51.3,410,3
2016,Q2,SOUTH DAKOTA,"15,000","182,000",51000,"11,000",6,1.7,15.4,5.1,6.6,0.1,32.4,"13,000",7
2016,Q2,TENNESSEE,"3,900","8,000",8000,580,7,0.1,9.1,0.4,22.7,2.6,40.9,200,3
2016,Q2,TEXAS,"74,000","350,000",340000,"36,000",10,7.5,7.4,2.4,9,3.7,26.1,"54,000",15
2016,Q2,UTAH,"12,000","25,000",14500,"4,800",19,1.8,3.4,7.3,0.1,0.8,23,"7,000",28
2016,Q2,VERMONT,480,"6,500",5000,20,0,0.1,0.3,0,0.1,0.1,2.6,30,1
2016,Q2,VIRGINIA,"2,200","6,500",6000,230,4,6.8,7.3,6,4.2,2.9,23.1,480,7
2016,Q2,WASHINGTON,"21,000","143,000",91000,"6,000",4,3.3,11.1,3.1,11.4,0.6,40.9,"11,500",8
2016,Q2,WEST VIRGINIA,"2,600","7,000",7000,990,14,4.2,14.7,0,0.8,0.7,20.1,160,2
2016,Q2,WISCONSIN,"17,500","78,000",18500,"5,500",7,12.8,14.9,12.6,3.7,10.5,23.4,"3,600",5
2016,Q2,WYOMING,"7,500","27,000",6500,"2,600",10,1.2,2.5,0.6,2.6,0.8,7.1,580,2
2016,Q3,ALABAMA,440,"8,000",8000,"1,200",15,0,3.2,3.8,42,13.8,11.7,50,1
2016,Q3,ARIZONA,"3,200","32,000",30000,"6,000",19,0.9,13.4,13.5,1,8.9,41.7,"2,600",8
2016,Q3,ARKANSAS,270,"32,000",32000,"1,500",5,0.4,2.7,7.9,9,0.3,80.7,60,0
2016,Q3,CALIFORNIA,"33,000","820,000",740000,"82,000",10,8.5,10.4,18.8,17.8,6.9,42.2,"78,000",10
2016,Q3,COLORADO,"1,100","37,000",33000,"6,500",18,16.8,10.6,24.6,22.4,0.1,49.3,740,2
2016,Q3,CONNECTICUT,890,"3,100",3100,270,9,0,5,0.2,1.6,0.8,18.8,180,6
2016,Q3,FLORIDA,"62,000","220,000",200000,"25,000",11,2.7,8.5,9.9,23.4,1.8,45.1,"14,500",7
2016,Q3,GEORGIA,"12,500","103,000",102000,"13,000",13,2.4,7.6,12.1,16.4,4.5,30.7,"2,300",2
2016,Q3,HAWAII,430,"13,500",13500,600,4,0.1,0,0.8,75.3,0,67.8,820,6
2016,Q3,IDAHO,"1,900","131,000",79000,"13,000",10,4.5,6,7.6,4.7,3.3,25.3,"2,800",2
2016,Q3,ILLINOIS,850,"11,000",11000,"1,300",12,0.7,2.9,4.3,7.9,1.6,17.4,310,3
2016,Q3,INDIANA,450,"9,500",9500,600,6,1.2,2.5,0.6,12.4,1.2,50.4,550,6
2016,Q3,IOWA,"10,500","50,000",50000,"5,500",11,0.8,2.4,16.7,3.4,5.6,32.6,"2,400",5
2016,Q3,KANSAS,310,"8,000",8000,"2,600",33,14.1,4.5,29.1,25.5,2.6,42.8,190,2
2016,Q3,KENTUCKY,900,"7,500",7500,"1,000",13,0.9,7.4,11.5,25.7,4.5,42.3,230,3
2016,Q3,LOUISIANA,"2,600","60,000",51000,"7,000",12,0,9.6,1.6,26.1,0.7,39.5,"2,100",4
2016,Q3,MAINE,240,"5,500",5500,420,8,0.2,0.6,0,0.1,0,9.3,140,3
2016,Q3,MARYLAND,400,"7,000",7000,200,3,0.1,0.6,0.7,4.8,1.6,10.8,20,0
2016,Q3,MASSACHUSETTS,450,"9,500",9500,530,6,6.8,3.4,0.1,8.7,7.9,14.1,40,0
2016,Q3,MICHIGAN,"11,000","108,000",108000,"15,000",14,0.3,6.5,9.1,25.1,2.7,64.1,"9,500",9
2016,Q3,MINNESOTA,"1,300","138,000",132000,"26,000",19,6.2,17.8,22.4,14.6,8.9,47.2,"1,900",1
2016,Q3,MISSISSIPPI,750,"20,000",19000,"3,300",17,1.6,5,1.8,3.5,4.7,27.5,740,4
2016,Q3,MISSOURI,480,"13,500",13500,650,5,1,3.1,0.1,7.7,0.7,13.3,170,1
2016,Q3,MONTANA,"4,100","158,000",147000,"11,500",7,7,6.1,6.9,8.8,1.4,41.9,"6,500",4
2016,Q3,NEBRASKA,390,"47,000",45000,"8,500",18,0.1,1.6,10.2,1.6,0.1,20.4,"27,000",57
2016,Q3,NEW JERSEY,120,"18,000",18000,270,2,1.2,1.3,8.5,7.1,0.3,20.2,80,0
2016,Q3,NEW MEXICO,"2,000","6,500",6500,"1,100",17,55.2,1.7,24.1,55.4,0.7,59.5,"1,000",15
2016,Q3,NEW YORK,"1,900","56,000",56000,"10,000",18,5.5,24.7,5.2,9,2.6,37.4,800,1
2016,Q3,NORTH CAROLINA,"1,400","25,000",25000,"1,400",6,0.1,13.4,2.9,13.4,3,27.8,"1,200",5
2016,Q3,NORTH DAKOTA,"25,000","550,000",510000,"71,000",13,6.3,9.9,12.9,11.8,3.1,38,"104,000",19
2016,Q3,OHIO,980,"21,000",21000,"1,600",8,2.3,3.6,2.9,10.6,3.2,60.6,630,3
2016,Q3,OKLAHOMA,30,"3,700",3700,560,15,0.3,1.4,0.7,6.5,21.8,7.5,30,1
2016,Q3,OREGON,"2,900","112,000",107000,"7,500",7,12.5,5.1,9.6,18.5,1.5,52.9,"4,300",4
2016,Q3,OTHER STATES,"1,690","11,890",11880,"1,920",16,0.5,2.3,0,1.6,9.8,7.8,430,4
2016,Q3,PENNSYLVANIA,680,"22,000",19000,"1,300",6,1.6,2.8,4.3,7.7,1.2,27.3,780,4
2016,Q3,SOUTH CAROLINA,990,"13,500",13000,920,7,0.1,2.6,2.6,18.8,1.9,20.4,50,0
2016,Q3,SOUTH DAKOTA,"4,200","191,000",178000,"25,000",13,14.2,4.6,22.7,19.5,2.8,48.8,"9,500",5
2016,Q3,TENNESSEE,340,"10,000",10000,950,10,1.3,6.2,2.4,23.1,2,22.5,290,3
2016,Q3,TEXAS,"12,500","143,000",129000,"12,000",8,1.7,3.7,31.4,11.4,4.1,47.2,810,1
2016,Q3,UTAH,"1,200","33,000",27000,"3,200",10,0.6,2.5,21.8,20.2,1.7,32.1,120,0
2016,Q3,VERMONT,170,"6,500",6500,400,6,1.7,2.4,0,8,0.8,5.6,50,1
2016,Q3,VIRGINIA,460,"8,000",8000,810,10,1.1,5.3,2.3,24.1,3.6,39.1,360,5
2016,Q3,WASHINGTON,"7,500","74,000",57000,"5,000",7,0.9,4.3,19.1,1.4,0.1,65.2,"2,000",3
2016,Q3,WEST VIRGINIA,130,"7,500",7500,190,3,3.6,8.1,0.1,7.1,0.4,41.5,220,3
2016,Q3,WISCONSIN,880,"75,000",71000,"12,000",16,10.8,5.1,15.8,13.6,11.1,31.5,640,1
2016,Q3,WYOMING,"1,800","40,000",32000,"7,000",18,0.5,3.4,2.6,3.1,0.3,38.6,"1,000",3
2016,Q4,ALABAMA,50,"7,000",7000,610,9,0.2,6.7,2.4,9.9,3.3,12.3,10,0
2016,Q4,ARIZONA,"4,600","31,000",29000,"6,500",21,2.3,4.3,6.5,15.5,3.2,98.8,"3,100",10
2016,Q4,ARKANSAS,20,"28,000",28000,"2,500",9,0,1.1,1.3,4.8,3.3,21.1,10,0
2016,Q4,CALIFORNIA,"40,000","1,330,000",770000,"205,000",15,8,9.6,9.1,13.7,3.5,41.9,"35,000",3
2016,Q4,COLORADO,"2,500","30,000",30000,"4,500",15,0.1,13,3.1,1.3,0.1,32.4,0,0
2016,Q4,CONNECTICUT,0,"3,100",3100,240,8,1.1,5.8,1,6.6,3.2,14.7,0,0
2016,Q4,FLORIDA,"31,000","300,000",255000,"41,000",14,7.7,13.6,17,27.1,6.5,30.9,"11,500",4
2016,Q4,GEORGIA,"12,000","112,000",96000,"11,000",10,3.7,4.1,7.6,8.6,2.5,43.6,450,0
2016,Q4,HAWAII,60,"13,500",13500,970,7,0,0.2,0.1,40.8,0.1,39.9,840,6
2016,Q4,IDAHO,"5,000","143,000",121000,"15,500",11,4.8,4.2,0.2,0.8,3,31.9,420,0
2016,Q4,ILLINOIS,0,"9,000",9000,720,8,1.2,3.9,5.6,11.7,4.8,27.8,0,0
2016,Q4,INDIANA,20,"7,500",7500,"1,200",16,0.2,1,1.4,9.6,3.8,28.2,0,0
2016,Q4,IOWA,0,"54,000",54000,"4,700",9,8.9,11.4,9,9.8,6.3,18.7,20,0
2016,Q4,KANSAS,200,"5,000",5000,"1,300",26,0.3,5.1,3.1,8.3,1.4,29.2,0,0
2016,Q4,KENTUCKY,60,"7,500",7500,950,13,3.3,10.3,3,22.3,5.7,48.2,80,1
2016,Q4,LOUISIANA,250,"57,000",48000,"2,000",4,1,0.7,0.1,1,1.2,2.9,340,1
2016,Q4,MAINE,0,"3,500",3500,280,8,0.1,5.8,0,0.8,0.1,10.7,0,0
2016,Q4,MARYLAND,20,"9,500",7500,500,5,4.5,5.8,4.6,8.3,0.6,23.8,30,0
2016,Q4,MASSACHUSETTS,0,"8,000",8000,740,9,0.4,0.7,0.4,2.6,4.2,6.1,0,0
2016,Q4,MICHIGAN,10,"101,000",101000,"12,500",12,0.1,4,2.7,1.5,0.6,23.9,130,0
2016,Q4,MINNESOTA,0,"114,000",113000,"13,500",12,3.1,5,17.6,7.7,8.9,27.5,0,0
2016,Q4,MISSISSIPPI,330,"30,000",17500,"2,400",8,0.1,2.1,0,6,2.8,21.9,60,0
2016,Q4,MISSOURI,"1,400","9,000",9000,590,7,0.2,1.5,0,12.6,0.7,16.1,640,7
2016,Q4,MONTANA,"2,700","124,000",124000,"16,000",13,32.9,33.3,13.7,39.4,33.1,59.1,0,0
2016,Q4,NEBRASKA,190,"37,000",37000,"4,300",12,0.2,0.4,1.2,1.4,1.5,10.5,0,0
2016,Q4,NEW JERSEY,400,"12,000",12000,340,3,0.4,3.4,1.9,11.3,8.6,28.6,0,0
2016,Q4,NEW MEXICO,"1,100","7,000",7000,"1,600",23,7.2,0.8,0,0.3,0.3,46.2,20,0
2016,Q4,NEW YORK,240,"49,000",48000,"9,000",18,3.6,2.2,12.5,2.2,2.1,27.8,130,0
2016,Q4,NORTH CAROLINA,220,"25,000",25000,"5,500",22,1.8,12.5,0,7.7,1.3,24,50,0
2016,Q4,NORTH DAKOTA,"13,500","390,000",385000,"44,000",11,1.5,2.6,0.4,7.9,2.2,23.5,"2,500",1
2016,Q4,OHIO,20,"19,500",19500,"2,100",11,0.8,11.2,4.2,18.1,10.9,42,140,1
2016,Q4,OKLAHOMA,120,"44,000",3100,"2,700",6,0,0.1,0.1,0.5,0.7,4.9,30,0
2016,Q4,OREGON,"1,500","124,000",98000,"9,500",8,13,2.6,2.8,2.8,1.3,25.5,"1,000",1
2016,Q4,OTHER STATES,20,"6,460",6360,580,9,9.3,2.3,9.6,9.3,1.4,24.1,0,0
2016,Q4,PENNSYLVANIA,120,"21,000",21000,"3,100",15,1,4.9,2.8,2.6,3.1,18.7,180,1
2016,Q4,SOUTH CAROLINA,760,"17,000",12000,"1,300",8,23.3,25.9,24.6,27.1,1.9,29,370,2
2016,Q4,SOUTH DAKOTA,0,"146,000",146000,"11,000",8,0.3,1,6,5.3,0.3,48.9,"2,400",2
2016,Q4,TENNESSEE,120,"9,000",9000,840,9,0,2.2,1.1,21.6,3.1,19.9,10,0
2016,Q4,TEXAS,"2,200","310,000",136000,"39,000",13,3.2,2.8,3.6,17.5,1.4,33.1,650,0
2016,Q4,UTAH,440,"30,000",30000,"1,600",5,0.2,0.7,0.9,0.1,0.3,26.4,50,0
2016,Q4,VERMONT,20,"6,500",6500,260,4,41.2,0.4,41,41.3,0,44.5,10,0
2016,Q4,VIRGINIA,230,"7,000",7000,730,10,2,1.8,0,19.9,5.1,31.4,10,0
2016,Q4,WASHINGTON,"3,100","97,000",65000,"9,000",9,3.7,4.5,9.1,4.6,0.3,21.4,130,0
2016,Q4,WEST VIRGINIA,80,"7,500",7500,"1,000",13,1.1,4.3,1.1,2.3,2.8,23.8,60,1
2016,Q4,WISCONSIN,10,"59,000",59000,"7,500",13,10,10.6,10.6,12.2,46.2,69.3,20,0
2016,Q4,WYOMING,50,"27,000",25000,"2,200",8,3.1,1.1,5.2,1.6,0,32.2,0,0
2017,Q1,ALABAMA,570,"7,000",7000,"1,600",23,0.2,6.7,3.2,9.8,9.3,19.9,740,11
2017,Q1,ARIZONA,"2,900","32,000",31000,"6,000",19,3.8,6.5,1.7,2,2.1,35.6,0,0
2017,Q1,ARKANSAS,430,"20,000",18000,"3,500",18,0.1,3,0.5,14.6,1,31.5,230,1
2017,Q1,CALIFORNIA,"137,000","1,470,000",1170000,"195,000",13,7.5,6.6,9.2,12.6,6.3,37.7,"93,000",6
2017,Q1,COLORADO,100,"21,000",9500,"1,100",5,0.05,2.6,0.9,0.05,0.4,17,0,0
2017,Q1,CONNECTICUT,100,"3,100",3100,380,12,0,6.1,0,1.5,5.6,51.5,110,4
2017,Q1,FLORIDA,"78,000","265,000",260000,"30,000",11,1.5,6.2,14.2,14.8,17.9,37.6,"34,000",13
2017,Q1,GEORGIA,"25,000","125,000",123000,"14,000",11,0.2,4.4,2.6,7,1.8,35.3,"21,000",17
2017,Q1,HAWAII,510,"13,000",13000,190,1,0.2,0.1,0,2.1,0.1,1.2,50,0.05
2017,Q1,IDAHO,"2,000","99,000",95000,"8,500",9,42.3,1.7,21.2,42.3,0.4,74.2,280,0.05
2017,Q1,ILLINOIS,"3,100","11,000",11000,"2,900",26,0.5,9.9,3.7,13.1,8,21.2,150,1
2017,Q1,INDIANA,"1,700","7,500",7000,"1,900",25,5.2,10.4,4.1,8,7.1,15.8,70,1
2017,Q1,IOWA,70,"15,500",10000,"3,000",19,8.4,11.9,12,8.3,11.7,33.6,0,0
2017,Q1,KANSAS,930,"3,800",3800,"1,000",26,0,16.4,3.6,3,14.3,47.2,380,10
2017,Q1,KENTUCKY,950,"7,000",6500,"1,300",19,0.4,16,3.8,11.5,7.5,31.9,430,6
2017,Q1,LOUISIANA,"11,000","47,000",44000,"2,700",6,0.1,4.3,1.8,9.6,1.8,25.8,"1,900",4
2017,Q1,MAINE,100,"3,100",2700,"1,000",32,30.5,26.3,8.1,20.9,0,23.9,0,0
2017,Q1,MARYLAND,770,"9,000",9000,"2,100",23,1,11.9,1,3.3,4.3,11.3,260,3
2017,Q1,MASSACHUSETTS,120,"3,300",3300,"1,500",45,3,10.5,4.5,5.6,5.6,32.5,110,3
2017,Q1,MICHIGAN,600,"59,000",29000,"5,000",8,0,1.1,1.9,0.3,3.9,7.9,130,0.05
2017,Q1,MINNESOTA,"3,300","41,000",27000,"3,500",9,0.1,9,0.9,0.4,5.8,2.1,0,0
2017,Q1,MISSISSIPPI,"23,000","68,000",31000,"2,600",4,0.05,0.5,0.1,35.3,1.4,41.7,"7,000",10
2017,Q1,MISSOURI,400,"7,500",7000,"1,200",16,0.5,5.4,2.7,15.4,5.2,16.6,10,0.05
2017,Q1,MONTANA,"3,100","46,000",18500,470,1,0,6,2.5,15.1,0.1,34,"6,000",13
2017,Q1,NEBRASKA,120,"13,000",7500,750,6,0.4,2.1,0,0.3,1.2,14.8,0,0
2017,Q1,NEW JERSEY,10,"6,000",6000,490,8,0.3,0.8,0.1,0.7,0.6,16.3,0,0
2017,Q1,NEW MEXICO,"3,600","5,500",5500,"2,100",38,87.4,2,0,0,0,93.9,0,0
2017,Q1,NEW YORK,520,"33,000",32000,"6,000",18,9.8,13.2,4.4,9.4,10.8,20.4,0,0
2017,Q1,NORTH CAROLINA,"3,700","23,000",16000,"2,500",11,0.2,7.2,1.5,17.4,3.9,34.7,"1,200",5
2017,Q1,NORTH DAKOTA,"1,100","123,000",50000,640,1,0,0.2,0,0,0.2,0.8,10,0.05
2017,Q1,OHIO,"1,300","17,500",15500,"4,400",25,0.6,5.2,0.1,11.6,16.5,25.8,530,3
2017,Q1,OKLAHOMA,"9,500","26,000",26000,550,2,0,0.5,0.1,1,0.3,11.9,"1,700",7
2017,Q1,OREGON,"7,500","90,000",71000,"8,000",9,10.1,15.4,9.1,8.5,8.5,28.7,"1,400",2
2017,Q1,OTHER STATES,130,"6,490",6190,"1,540",24,6.6,1.8,2.6,0.8,2.5,3.4,50,1
2017,Q1,PENNSYLVANIA,810,"18,000",17000,"4,000",22,0.8,3.6,2.9,2.4,7.2,20.9,390,2
2017,Q1,SOUTH CAROLINA,"4,700","17,500",17000,"1,600",9,0.4,2.7,1.1,5.3,1.8,12.6,970,6
2017,Q1,SOUTH DAKOTA,"1,500","48,000",21000,"2,700",6,0,0.2,0,0,0.3,2.9,440,1
2017,Q1,TENNESSEE,"1,500","8,500",8500,"1,600",19,0.9,8.1,2.4,12.6,7,28.6,160,2
2017,Q1,TEXAS,"130,000","340,000",275000,"49,000",14,2,3.5,5.1,22.5,3.6,36.2,"68,000",20
2017,Q1,UTAH,"3,900","19,000",16000,"2,700",14,0.1,2,0,0,0.3,38.7,60,0.05
2017,Q1,VERMONT,0,"6,500",6500,440,7,2.1,0.9,0.2,0.7,2.2,6,0,0
2017,Q1,VIRGINIA,"1,900","8,000",8000,"1,400",18,2.8,7.4,3.2,12.8,8.4,21.4,280,4
2017,Q1,WASHINGTON,"8,500","104,000",68000,"9,000",9,0,8,0,0.1,4.4,6.8,0,0
2017,Q1,WEST VIRGINIA,450,"8,000",5500,800,10,0.2,11.9,0,1,1.3,15.8,100,1
2017,Q1,WISCONSIN,450,"22,000",17000,"4,400",20,1.1,4,2,1.9,10.5,19,70,0.05
2017,Q1,WYOMING,"1,300","17,000",6500,"3,600",21,0.2,0.6,0,0,0.05,0.2,0,0
2017,Q2,ALABAMA,"1,200","6,500",6500,440,7,0,9.4,4.2,13.6,5.3,17.9,500,8
2017,Q2,ARIZONA,"12,500","22,000",22000,"2,600",12,19.7,20.4,12.4,15.9,0.7,58.4,"3,000",14
2017,Q2,ARKANSAS,"6,000","24,000",17000,"1,900",8,1.9,2.7,3.9,9.6,2.5,19.4,"1,300",5
2017,Q2,CALIFORNIA,"160,000","990,000",980000,"90,000",9,3.1,4.8,13,7.7,3.4,38,"220,000",22
2017,Q2,COLORADO,"8,000","31,000",16500,"4,500",15,5.3,4.6,3.2,0.8,0.1,31.3,"7,500",24
2017,Q2,CONNECTICUT,"2,200","3,000",3000,140,5,0,1.9,0.5,0.2,0.7,9.1,350,12
2017,Q2,FLORIDA,"40,000","255,000",245000,"35,000",14,6.1,6.5,9,14.4,18.9,36.5,"50,000",20
2017,Q2,GEORGIA,"21,000","137,000",130000,"12,500",9,1,6.5,6.6,5.8,2.8,34.1,"31,000",23
2017,Q2,HAWAII,"3,000","12,000",12000,70,1,0.05,0.4,0,3.7,0,88.9,920,8
2017,Q2,IDAHO,"22,000","78,000",61000,"10,500",13,4,7.8,8.3,6.4,4.8,30.5,"31,000",40
2017,Q2,ILLINOIS,"3,600","12,000",11500,"1,200",10,0.7,5.6,3,4.3,1.5,11.3,"1,600",13
2017,Q2,INDIANA,"3,000","11,000",7500,"1,200",11,0.1,8.6,43.3,2.1,1.2,5.5,510,5
2017,Q2,IOWA,"23,000","23,000",12000,"2,400",10,7.5,8.1,26.6,27.6,0.9,39.3,"3,900",17
2017,Q2,KANSAS,"2,500","6,000",3800,390,7,0.7,1.7,22.6,8.5,6.4,17.3,870,15
2017,Q2,KENTUCKY,"3,100","7,500",7000,900,12,1,4.3,4.5,11.6,4.9,25.7,590,8
2017,Q2,LOUISIANA,"4,100","62,000",56000,"2,600",4,0,1.5,1.6,3.1,0.7,23.2,"8,000",13
2017,Q2,MAINE,"1,100","33,000",2200,910,3,4.1,2,4.3,4.3,14.8,4.4,"1,400",4
2017,Q2,MARYLAND,"3,400","9,500",8000,190,2,0.8,2.1,0.3,6.9,1.1,3.3,930,10
2017,Q2,MASSACHUSETTS,"1,400","8,000",2500,140,2,12.9,0.4,11,12.5,1.6,14.8,490,6
2017,Q2,MICHIGAN,"20,000","100,000",55000,"7,500",8,0.2,0.9,2.1,7.2,0.5,19.1,"13,500",14
2017,Q2,MINNESOTA,"19,000","128,000",32000,"12,000",9,2.3,6.6,12.8,4.7,2.2,20.5,"8,500",7
2017,Q2,MISSISSIPPI,"5,500","89,000",89000,"3,800",4,0,3.7,1.7,0.9,0.8,14,"26,000",29
2017,Q2,MISSOURI,"1,800","7,000",6500,270,4,3,5.1,1,8.9,1.9,13.4,"1,000",14
2017,Q2,MONTANA,"18,000","135,000",47000,"3,700",3,4.2,4.4,3.5,4,0.6,20,"18,000",13
2017,Q2,NEBRASKA,"7,000","43,000",7500,"1,500",3,1,16,37.6,38.4,0.8,50.1,"27,000",63
2017,Q2,NEW JERSEY,"1,900","21,000",5500,430,2,2.3,0.3,1.9,5.6,0.8,21.4,660,3
2017,Q2,NEW MEXICO,"3,300","7,500",7000,"1,800",24,72.9,35.6,0,0.6,0.6,88.4,"3,900",52
2017,Q2,NEW YORK,"16,500","43,000",25000,"1,300",3,2.1,8.9,2,2.1,0.1,22.2,"7,500",17
2017,Q2,NORTH CAROLINA,"5,000","25,000",24000,"3,000",12,2.3,5.1,0.8,5.5,1.5,23.4,"2,700",11
2017,Q2,NORTH DAKOTA,"31,000","450,000",115000,"16,000",4,3.2,3.2,5.3,4,1,29.3,"41,000",9
2017,Q2,OHIO,"7,000","15,000",13500,"1,100",7,6.2,16.6,10.4,6.4,3,45.5,"2,500",17
2017,Q2,OKLAHOMA,"4,700","17,000",17000,200,1,11.2,7.7,0.5,2.3,0.3,23.6,"1,200",7
2017,Q2,OREGON,"15,500","92,000",71000,"5,000",5,8.8,15.8,3.5,10.6,11.3,37.2,"22,000",24
2017,Q2,OTHER STATES,870,"7,160",5650,160,2,0.3,3.9,0,0.4,0.6,6.7,940,13
2017,Q2,PENNSYLVANIA,"7,500","17,500",15500,540,3,0.7,2.4,1.5,1,1.5,13.5,"2,300",13
2017,Q2,SOUTH CAROLINA,"3,000","20,000",20000,870,4,15.1,4.1,18.5,21.7,0.4,24.3,"3,700",19
2017,Q2,SOUTH DAKOTA,"10,000","168,000",30000,"13,000",8,1,5,6.4,1.4,3.6,8.7,"23,000",14
2017,Q2,TENNESSEE,"2,600","9,000",8500,"1,300",14,1,10.6,3.1,25.5,3.9,53.4,"1,500",17
2017,Q2,TEXAS,"43,000","350,000",345000,"28,000",8,1.5,2.8,12.4,16.8,1.4,28.7,"148,000",42
2017,Q2,UTAH,"12,500","31,000",21000,"2,700",9,0.3,12.6,0.1,1.3,0,36.7,"10,000",32
2017,Q2,VERMONT,390,"8,000",6000,170,2,0.3,0.2,0,0.3,0.5,3.3,190,2
2017,Q2,VIRGINIA,"3,100","9,500",8500,"1,000",11,0.9,1.8,5,18,4.8,18.7,"1,100",12
2017,Q2,WASHINGTON,"30,000","111,000",75000,"7,000",6,4.2,3.6,7.5,5,0.4,21.3,"20,000",18
2017,Q2,WEST VIRGINIA,"4,100","7,500",7500,370,5,1.8,3.7,0.4,1.6,1.6,11.6,"2,500",33
2017,Q2,WISCONSIN,"13,000","65,000",18000,"4,000",6,1.7,3.2,2.2,1.7,0.3,13.8,"6,500",10
2017,Q2,WYOMING,"6,000","30,000",15000,"1,300",4,12.6,5.7,2.8,3.5,1.9,34.1,"3,500",12
2017,Q3,ALABAMA,690,"9,500",7000,900,9,0,7.5,35.4,22.1,3.9,69.5,530,6
2017,Q3,ARIZONA,"5,000","26,000",26000,"4,100",16,0.5,12.4,1.1,0.4,6.3,19.8,"3,200",12
2017,Q3,ARKANSAS,"4,400","29,000",29000,"6,000",21,0,9.3,17,9.1,2.3,61.4,410,1
2017,Q3,CALIFORNIA,"73,000","670,000",590000,"67,000",10,5.6,10.1,13.4,15.8,3.6,42.3,"74,000",11
2017,Q3,COLORADO,"2,900","42,000",35000,"4,300",10,2.6,7.8,9.1,1.4,1.4,52.9,"6,410",15
2017,Q3,CONNECTICUT,50,"3,500",3500,130,4,0.1,13,0,1.5,0,25.1,20,1
2017,Q3,FLORIDA,"39,000","180,000",176000,"39,000",22,3.7,11.4,6.3,13.2,21.5,42.9,"42,000",23
2017,Q3,GEORGIA,"19,000","122,000",121000,"15,500",13,2.3,15.1,14.1,18,6.9,47.6,"23,000",19
2017,Q3,HAWAII,430,"15,000",15000,"1,100",7,0.3,2,0,4.3,0.05,2.8,20,0.05
2017,Q3,IDAHO,"9,000","116,000",89000,"12,000",10,6.7,9.5,15.5,19.1,5.1,53.7,"16,500",14
2017,Q3,ILLINOIS,710,"13,000",13000,"1,100",8,2.8,4.6,2.8,14.2,3.3,29.9,"1,200",9
2017,Q3,INDIANA,420,"13,000",13000,930,7,0.4,3.8,3.9,5.9,2,13.9,740,6
2017,Q3,IOWA,"2,100","43,000",40000,"2,200",5,2.4,4,3.9,7.2,2.2,17.2,"4,000",9
2017,Q3,KANSAS,"1,400","7,000",7000,"1,700",24,14.8,1.1,20.3,52.6,7.4,65.4,"1,000",14
2017,Q3,KENTUCKY,450,"9,000",9000,"1,600",18,4.6,10.3,0.6,39.2,6.2,46.4,700,8
2017,Q3,LOUISIANA,"14,500","64,000",64000,"13,500",21,0.3,4,1.6,74.5,14.9,59.2,"34,000",53
2017,Q3,MAINE,210,"6,000",5500,400,7,0.9,1.2,3.9,0.9,0.1,3.4,290,5
2017,Q3,MARYLAND,"1,300","8,500",8500,"1,600",19,0.7,5.1,1.6,10.1,9.1,8.8,600,7
2017,Q3,MASSACHUSETTS,790,"9,000",9000,760,8,0.7,0.8,2.3,0.9,0.1,82,460,5
2017,Q3,MICHIGAN,"4,300","109,000",103000,"17,500",16,8.6,15,13.7,11.9,2.9,56.8,"11,500",11
2017,Q3,MINNESOTA,"1,900","136,000",136000,"20,000",15,1.8,11.6,9.4,4.7,2.3,39.8,"2,200",2
2017,Q3,MISSISSIPPI,250,"24,000",24000,"2,900",12,0.7,18.1,0.2,4.8,0.7,71.1,230,1
2017,Q3,MISSOURI,320,"9,000",9000,580,6,2.8,1.6,34,36,35,77.7,310,3
2017,Q3,MONTANA,"3,100","161,000",154000,"18,500",11,6.9,19.1,2.2,6.7,2,42.3,"23,000",14
2017,Q3,NEBRASKA,880,"47,000",46000,"3,700",8,0.4,9.2,7.1,6.6,0.2,15.1,"13,500",29
2017,Q3,NEW JERSEY,280,"16,000",16000,420,3,0,0.4,0.8,2.9,1.9,10.7,110,1
2017,Q3,NEW MEXICO,"1,800","8,500",8500,"2,500",29,17.8,3.1,13.6,3.3,0.3,74.3,200,2
2017,Q3,NEW YORK,"3,100","59,000",59000,"6,500",11,6.2,13.6,9.4,19.8,1.8,45.1,"9,000",15
2017,Q3,NORTH CAROLINA,"4,100","27,000",26000,"3,300",12,3.3,7.6,20.3,36.1,1.8,74.5,"2,900",11
2017,Q3,NORTH DAKOTA,"24,000","490,000",470000,"48,000",10,3.4,8.1,8.1,11.9,1.9,42,"100,000",20
2017,Q3,OHIO,"1,100","23,000",23000,"1,800",8,4.7,11.7,6.7,19.1,7,51.5,"1,800",8
2017,Q3,OKLAHOMA,80,"4,400",4400,510,12,10,4.7,3.8,23,2,22,270,6
2017,Q3,OREGON,"7,500","101,000",94000,"13,500",13,11.3,6.4,13.2,10.6,1.8,54.4,"28,000",28
2017,Q3,OTHER STATES,380,"10,000",8100,"1,070",11,2.3,1.2,6.7,4.7,1.3,51.1,650,7
2017,Q3,PENNSYLVANIA,"6,000","18,500",18500,"1,500",8,2.7,2.2,3.7,5.7,0.9,41.4,"1,600",9
2017,Q3,SOUTH CAROLINA,640,"14,500",14500,"1,700",12,0.2,5.2,3,11.8,0.8,26.4,440,3
2017,Q3,SOUTH DAKOTA,"6,000","159,000",152000,"16,500",10,5,27,10.1,13.4,2.5,47.4,"7,500",5
2017,Q3,TENNESSEE,800,"10,000",10000,"1,700",17,2.1,5.3,6,22.1,6.9,42.8,960,10
2017,Q3,TEXAS,"21,000","115,000",104000,"15,000",13,0.1,18.3,24,23,1.5,33.7,"7,500",7
2017,Q3,UTAH,"5,500","35,000",35000,"6,500",19,0.5,15.9,16.7,0.1,9.1,40.5,"3,200",9
2017,Q3,VERMONT,520,"7,500",7500,180,2,4.7,7,0.05,9,0.7,16.8,270,4
2017,Q3,VIRGINIA,430,"11,500",11500,"1,200",10,1.5,4.4,0.5,26.5,1.6,50.3,430,4
2017,Q3,WASHINGTON,"5,500","92,000",82000,"17,000",18,2,0.7,1.2,2.7,2.4,23.7,"10,500",11
2017,Q3,WEST VIRGINIA,440,"9,000",9000,930,10,1.4,9.5,0.6,6.2,3.8,23.2,"1,900",21
2017,Q3,WISCONSIN,"6,000","75,000",74000,"12,500",17,18.5,13,21.8,21,12.1,61.6,"9,000",12
2017,Q3,WYOMING,"3,100","36,000",35000,"5,500",15,9.3,5.6,4.4,1.6,5.2,21.8,"3,500",10
2017,Q4,ALABAMA,550,"7,500",7500,990,13,8.8,1.7,9.5,10.1,5.2,22.3,500,7
2017,Q4,ARIZONA,"1,300","30,000",27000,"6,500",22,2.3,4.1,1.6,4.2,0.1,61.6,"1,100",4
2017,Q4,ARKANSAS,"2,500","25,000",25000,"7,500",30,26.6,24.1,31,29.2,0.4,37.5,440,2
2017,Q4,CALIFORNIA,"90,000","1,200,000",680000,"155,000",13,7.4,17.1,17,14.1,6.3,47.9,"104,000",9
2017,Q4,COLORADO,"1,500","34,000",34000,"7,000",21,0.2,15.5,20,0.7,5.3,30.2,"4,000",12
2017,Q4,CONNECTICUT,190,"4,000",4000,330,8,0,1.6,0.6,2.8,1.6,36.4,110,3
2017,Q4,FLORIDA,"55,000","240,000",180000,"50,000",21,7.5,7.6,10.4,16.8,26.2,41.4,"36,000",15
2017,Q4,GEORGIA,"4,300","145,000",125000,"21,000",14,12.3,3.6,15.3,15.1,4.6,56.8,"2,200",2
2017,Q4,HAWAII,970,"15,000",15000,130,1,0.1,0.1,0,66.1,0,57.2,290,2
2017,Q4,IDAHO,"10,000","164,000",113000,"9,000",5,17.7,1.7,14.9,16.9,0.2,34,"5,000",3
2017,Q4,ILLINOIS,140,"13,500",13500,"1,800",13,0.8,4.9,7.9,10.2,4.9,28.9,460,3
2017,Q4,INDIANA,320,"11,500",11500,"1,700",15,1.7,3.9,0.7,5.6,8,23.5,100,1
2017,Q4,IOWA,250,"45,000",45000,"6,500",14,12.3,17.9,32.6,25.5,5.5,61,"3,400",8
2017,Q4,KANSAS,140,"6,500",6500,830,13,3.3,0.6,8.6,7.7,10.2,17.9,40,1
2017,Q4,KENTUCKY,50,"7,500",7500,870,12,0.5,5.6,6.5,24.4,19.1,54.3,120,2
2017,Q4,LOUISIANA,390,"60,000",58000,"2,700",5,0.3,2.1,0.6,26.6,10.4,31.5,"1,900",3
2017,Q4,MAINE,220,"6,000",5500,60,1,0.4,0.6,0,6.2,0,24.9,110,2
2017,Q4,MARYLAND,20,"10,500",8000,"1,300",12,0.2,1.8,1.1,3.1,7.8,7.9,410,4
2017,Q4,MASSACHUSETTS,120,"6,000",6000,"1,100",18,6.7,1.5,2.7,1.2,0.3,13.2,550,9
2017,Q4,MICHIGAN,990,"88,000",88000,"11,500",13,5.3,1.5,23.6,13.6,2,53.8,"1,900",2
2017,Q4,MINNESOTA,"1,900","98,000",98000,"7,000",7,4.2,7.2,39.8,4,3.1,62.9,450,0.05
2017,Q4,MISSISSIPPI,280,"22,000",14000,"3,400",15,1.4,1.5,1.5,6.1,4.1,19.3,830,4
2017,Q4,MISSOURI,100,"9,500",9500,820,9,1,4.2,0.1,14.2,1.6,16.7,230,2
2017,Q4,MONTANA,"5,500","121,000",115000,"13,000",11,3.1,5.3,5.9,4.1,4.1,54.2,"2,900",2
2017,Q4,NEBRASKA,80,"42,000",42000,"7,500",18,4.1,4.3,2.1,3.3,11.5,26.6,50,0.05
2017,Q4,NEW JERSEY,330,"15,500",15500,"1,200",8,4.4,3.3,4.4,6.8,0,18.9,270,2
2017,Q4,NEW MEXICO,"1,700","8,000",8000,"1,900",24,0,10,10.3,0.3,1,86.1,,0
2017,Q4,NEW YORK,820,"51,000",51000,"3,900",8,8,0.4,5.4,12.7,2.6,22.3,460,1
2017,Q4,NORTH CAROLINA,60,"23,000",23000,"5,000",22,3.9,11.7,1.5,16.3,6.7,64.2,290,1
2017,Q4,NORTH DAKOTA,"10,000","410,000",410000,"26,000",6,0.2,0.9,0.5,16.5,0.3,41.7,"2,900",1
2017,Q4,OHIO,510,"18,500",18500,"2,800",15,7.1,8.4,6.4,23.3,2.9,45.3,960,5
2017,Q4,OKLAHOMA,40,"46,000",3700,100,0.05,0,0.05,0,0.5,0.2,1,,0
2017,Q4,OREGON,70,"94,000",94000,"10,000",11,28,3.9,14.2,23.3,1.8,50.6,"18,500",20
2017,Q4,OTHER STATES,150,"6,970",6070,360,5,3,1,2.2,1.7,2.4,11.5,240,3
2017,Q4,PENNSYLVANIA,"2,500","24,000",24000,"5,500",23,1,2.9,6.9,5.4,2.3,44.7,"1,100",5
2017,Q4,SOUTH CAROLINA,"1,300","15,000",12500,"2,000",13,14.6,1.9,0.2,19.4,1.9,31.6,750,5
2017,Q4,SOUTH DAKOTA,0,"111,000",111000,"6,500",6,4.1,7.5,4.4,0.1,2.7,17.3,,0
2017,Q4,TENNESSEE,230,"10,500",8500,"1,300",12,0.2,7.5,2,18.9,15.3,22.8,320,3
2017,Q4,TEXAS,"3,200","285,000",127000,"20,000",7,7.1,3.8,2.9,21.4,5.2,33.9,"1,900",1
2017,Q4,UTAH,480,"29,000",29000,"2,000",7,11,9.4,9.2,8.9,19.8,24.3,70,0.05
2017,Q4,VERMONT,10,"6,500",6500,470,7,22.1,5.7,55.2,44.5,1.8,96.6,10,0.05
2017,Q4,VIRGINIA,300,"9,500",9500,"1,100",12,1.3,6.9,7.5,20.6,3.9,20.9,210,2
2017,Q4,WASHINGTON,"2,900","72,000",66000,"4,000",6,0.05,0.4,0.3,6,0.2,21.7,"14,000",19
2017,Q4,WEST VIRGINIA,70,"8,500",8500,"1,200",14,2.4,7.8,0.1,5.3,3.6,60.1,"1,600",19
2017,Q4,WISCONSIN,530,"55,000",51000,"8,500",15,33.1,15.3,22.8,36.9,15.2,53.1,"3,000",5
2017,Q4,WYOMING,"2,500","29,000",28000,"3,500",12,8.4,8.1,5.9,2.4,0.6,38,320,1
2018,Q1,ALABAMA,"1,200","7,500",7500,820,11,1.9,8.6,14.9,30.2,4.5,29.2,"1,500",20
2018,Q1,ARIZONA,810,"26,000",25000,"6,000",23,4.6,7.9,15.3,4.3,4.2,36.3,230,1
2018,Q1,ARKANSAS,540,"22,000",22000,"7,500",34,1,4.6,23,9.6,13.9,21.1,810,4
2018,Q1,CALIFORNIA,"205,000","1,540,000",1150000,"215,000",14,4.8,8,11.5,11.3,4.9,41.3,"133,000",9
2018,Q1,COLORADO,"1,400","21,000",13000,"4,900",23,3.8,13.7,0.5,0.8,2.4,31.7,190,1
2018,Q1,CONNECTICUT,220,"2,900",2900,140,5,0,7.7,0.8,0.7,3.5,14.5,330,11
2018,Q1,FLORIDA,"57,000","255,000",245000,"39,000",15,4.5,5.5,9.2,15.3,16,31.7,"38,000",15
2018,Q1,GEORGIA,"29,000","139,000",134000,"25,000",18,0.9,27.1,14.8,18.7,2.1,39.6,"39,000",28
2018,Q1,HAWAII,"1,200","17,000",17000,"1,600",9,0.1,0.1,0,84.5,0.05,83,"5,000",29
2018,Q1,IDAHO,"2,500","168,000",164000,"22,000",13,0.8,3.4,3.4,5.7,0.4,28.3,"2,600",2
2018,Q1,ILLINOIS,"1,000","10,500",10500,"2,400",23,3.6,10.4,3.5,11.2,10.9,25.7,630,6
2018,Q1,INDIANA,300,"8,000",7000,"1,000",13,3,9.9,0.5,8.3,3.7,33.4,30,0.05
2018,Q1,IOWA,270,"44,000",41000,"2,100",5,0.3,0.6,0.6,1.1,1.4,5.3,110,0.05
2018,Q1,KANSAS,370,"3,700",3700,950,26,1,27.9,4.3,20.3,9.1,63,410,11
2018,Q1,KENTUCKY,760,"5,500",5500,"1,200",22,0.9,8,11,29.6,5.9,43,20,0.05
2018,Q1,LOUISIANA,"4,100","52,000",50000,"3,600",7,0.2,4.5,0.7,0.7,1.6,4.9,320,1
2018,Q1,MAINE,20,"1,900",1900,410,22,0.2,5.2,0,0.6,7.4,23.6,30,2
2018,Q1,MARYLAND,400,"8,000",8000,"1,600",20,4.4,14.3,1.5,5.6,3.1,18.2,190,2
2018,Q1,MASSACHUSETTS,240,"3,700",3700,"1,000",27,0.8,9.6,0.8,1.1,7.4,19.6,290,8
2018,Q1,MICHIGAN,"4,000","37,000",16500,"7,000",19,0.7,12,7.4,3.5,5.9,21.4,"3,900",11
2018,Q1,MINNESOTA,"8,000","62,000",39000,"3,900",6,1.9,1.1,0.6,0.7,1.6,2,"2,900",5
2018,Q1,MISSISSIPPI,"28,000","32,000",19000,"2,000",6,0.05,2.4,0.6,4.8,34.4,7,"5,500",17
2018,Q1,MISSOURI,"1,400","8,000",8000,"1,400",18,0.3,26.5,3.5,77.8,23.9,86,50,1
2018,Q1,MONTANA,840,"60,000",35000,140,0.05,0.05,0.1,26.1,0.05,0.1,28.9,0,0
2018,Q1,NEBRASKA,0,"14,000",6500,430,3,0,1.7,2.8,1.6,0.9,4.5,0,0
2018,Q1,NEW JERSEY,180,"6,500",6500,730,11,0,3.8,0.4,1.9,0.8,14.9,190,3
2018,Q1,NEW MEXICO,180,"7,500",7500,"3,900",52,0,9.4,1.3,0.5,0.5,42.8,0,0
2018,Q1,NEW YORK,400,"26,000",26000,"3,700",14,1.4,8,1.9,11.9,6,25.3,170,1
2018,Q1,NORTH CAROLINA,"2,400","18,500",18500,"4,200",23,0.3,13.4,0.3,10.2,8,29.7,260,1
2018,Q1,NORTH DAKOTA,"2,600","101,000",66000,"3,200",3,1.1,0.8,0,0.1,0,1.4,10,0.05
2018,Q1,OHIO,300,"14,000",12000,"4,500",32,6.5,15.8,3.2,10,11.6,39.6,580,4
2018,Q1,OKLAHOMA,890,"18,000",17000,"3,700",21,3.2,3.1,0.1,8.5,2,24.1,240,1
2018,Q1,OREGON,"16,500","89,000",81000,"4,800",5,1.2,3.7,6.7,0.7,1,36,"3,900",4
2018,Q1,OTHER STATES,160,"7,020",3820,"1,870",27,0.1,1.9,0,0.4,1.1,20.7,40,1
2018,Q1,PENNSYLVANIA,"1,200","15,000",14500,"3,300",22,3.3,5.9,9.3,5.6,9.9,34.4,670,4
2018,Q1,SOUTH CAROLINA,"1,900","14,500",13500,"1,800",12,0.7,13.5,2.6,15.5,3,29.3,"2,800",19
2018,Q1,SOUTH DAKOTA,250,"29,000",23000,390,1,0.05,0.5,0.05,0.1,0.1,4.4,90,0.05
2018,Q1,TENNESSEE,540,"10,000",10000,"3,400",34,2.3,13.2,3,20.4,19.7,29.2,470,5
2018,Q1,TEXAS,"124,000","290,000",205000,"32,000",11,4.8,1.7,0.2,10.1,10.3,21.5,"42,000",14
2018,Q1,UTAH,490,"17,000",7500,620,4,0.1,0.1,0,0,0.5,18.7,50,0.05
2018,Q1,VERMONT,20,"5,500",5500,810,15,0.3,2,0.6,1.2,0.8,17,0,0
2018,Q1,VIRGINIA,540,"7,000",7000,"2,100",30,0.3,7.7,3.9,11.3,16.3,26,160,2
2018,Q1,WASHINGTON,"7,000","90,000",44000,"4,600",5,1,0.4,1.9,0.9,0.4,8.5,870,1
2018,Q1,WEST VIRGINIA,330,"8,500",4700,"2,500",29,2,20.8,3.4,8,4.9,15,60,1
2018,Q1,WISCONSIN,"2,800","29,000",21000,"4,600",16,1.2,3.6,1.5,3.7,3.7,14.1,"1,600",6
2018,Q1,WYOMING,70,"9,000",5500,220,2,0.1,1.9,0,0.3,0.9,0.8,0,0
2018,Q2,ALABAMA,"1,700","8,500",7000,650,8,1.3,9.4,14.4,27.3,2.1,25.2,710,8
2018,Q2,ARIZONA,"14,000","19,500",19000,"2,600",13,32.8,14.3,0.8,7.2,4.1,73.8,"2,100",11
2018,Q2,ARKANSAS,"13,000","16,000",14500,"2,000",13,0.7,17,2.2,12.8,13.2,30.9,"1,900",12
2018,Q2,CALIFORNIA,"172,000","1,200,000",1130000,"110,000",9,11.1,9,13.7,10.2,5,41.5,"255,000",21
2018,Q2,COLORADO,"12,500","27,000",16500,"3,000",11,12.7,4.2,3.6,0.05,0.5,41.7,"4,700",17
2018,Q2,CONNECTICUT,340,"3,600",3600,120,3,0.4,0.8,0.8,0.9,0.4,11.1,170,5
2018,Q2,FLORIDA,"49,000","275,000",250000,"56,000",20,9.6,10.1,15.5,27.5,21.1,45.3,"68,000",25
2018,Q2,GEORGIA,"35,000","137,000",131000,"18,000",13,13.8,31.4,14.8,25.9,10.1,53,"16,000",12
2018,Q2,HAWAII,330,"16,500",16500,380,2,0.4,0.8,0,91.9,0.2,88.3,"3,100",19
2018,Q2,IDAHO,"14,500","94,000",59000,"6,500",7,3,4.1,18.5,3.7,4.4,51.6,"29,000",31
2018,Q2,ILLINOIS,"5,000","10,500",10000,"2,300",22,6.7,9.9,6.6,7.8,2.4,13.7,"2,900",28
2018,Q2,INDIANA,"4,000","9,500",8000,"1,800",19,0.4,1.3,4.5,3.5,1.1,78,730,8
2018,Q2,IOWA,"15,500","47,000",45000,"4,300",9,0.9,8.4,7.9,9.3,0.3,12.7,"4,800",10
2018,Q2,KANSAS,"3,500","3,900",3900,300,8,1.3,2.1,24.9,31.6,1.6,42.8,"2,100",54
2018,Q2,KENTUCKY,"1,500","6,000",5500,910,15,0.6,4.1,1,20.2,5.9,40.9,560,9
2018,Q2,LOUISIANA,"4,900","48,000",48000,"1,400",3,0.2,1.2,0.8,5.9,1.3,8.1,"4,000",8
2018,Q2,MAINE,430,"23,000",2200,"3,100",13,0.2,0.5,1.3,0.8,0.05,1.4,790,3
2018,Q2,MARYLAND,"2,400","8,000",7000,370,5,0.8,4.4,0.3,3.4,0.4,11.8,"1,200",15
2018,Q2,MASSACHUSETTS,910,"8,000",3500,260,3,1,2,1.4,1.1,2.1,6.3,350,4
2018,Q2,MICHIGAN,"23,000","70,000",37000,"7,500",11,10.8,12.7,11.7,18.6,9.8,75.4,"8,500",12
2018,Q2,MINNESOTA,"42,000","116,000",69000,"8,500",7,7.2,8,6,9.3,20.7,12.9,"25,000",22
2018,Q2,MISSISSIPPI,"4,000","50,000",50000,"3,400",7,0,3.5,0.2,26.2,2.2,44.6,"7,000",14
2018,Q2,MISSOURI,"2,100","7,000",7000,390,6,0.8,8.3,1.5,13.2,2.6,11.8,800,11
2018,Q2,MONTANA,"17,000","176,000",50000,"5,500",3,3.3,0.9,1.7,4.7,1.2,42.9,"22,000",13
2018,Q2,NEBRASKA,"4,000","46,000",10500,"2,100",5,1.4,9,4.2,1.4,5.5,5,900,2
2018,Q2,NEW JERSEY,"1,300","15,000",4400,270,2,0.05,3.4,0.1,3.3,0.1,16.5,170,1
2018,Q2,NEW MEXICO,"1,700","4,300",1900,50,1,0.3,0.2,0,0.1,1,0.3,450,10
2018,Q2,NEW YORK,"11,000","42,000",20000,"2,700",6,15,16.7,6.6,20,3.7,39.6,"2,400",6
2018,Q2,NORTH CAROLINA,"4,100","17,500",16000,"2,500",14,0.5,14.6,2.4,2.6,0.8,9.7,800,5
2018,Q2,NORTH DAKOTA,"23,000","460,000",74000,"23,000",5,4.9,4.9,4.7,7.9,4.3,34.8,"64,000",14
2018,Q2,OHIO,"9,000","13,000",11000,"1,500",12,1.7,21.6,2.7,30.7,1.5,38.8,"2,100",16
2018,Q2,OKLAHOMA,"10,500","15,500",15500,"1,700",11,9.6,12.4,26.7,10.9,0.1,60.2,"6,500",42
2018,Q2,OREGON,"17,500","107,000",41000,"3,400",3,8.1,15.6,6.6,3.5,0.2,46.1,"24,000",22
2018,Q2,OTHER STATES,"1,750","8,670",4380,380,4,0.9,3.5,0.05,0.9,0.2,19.8,"1,030",12
2018,Q2,PENNSYLVANIA,"6,000","19,500",15500,"1,100",6,2.2,1.6,2,16,1.9,31.3,"1,600",8
2018,Q2,SOUTH CAROLINA,"2,600","14,000",14000,"1,300",9,0.7,10,1.6,3.5,3,14.2,"4,000",29
2018,Q2,SOUTH DAKOTA,"12,500","169,000",10000,"17,000",10,7.3,37.5,3.8,40.4,0.05,55.1,"65,000",38
2018,Q2,TENNESSEE,"3,800","8,000",8000,"1,200",15,3,6.2,3.4,22.9,2.5,30,"1,300",16
2018,Q2,TEXAS,"79,000","315,000",305000,"38,000",12,8.1,8.5,4.5,17.7,14.6,26.5,"71,000",23
2018,Q2,UTAH,"9,500","26,000",14500,"1,900",7,2,1.4,1.7,3.7,1.9,43.5,"4,100",16
2018,Q2,VERMONT,"2,600","6,500",5500,520,8,0.7,1.8,16.7,1.5,0.1,21.8,140,2
2018,Q2,VIRGINIA,"2,600","6,000",5000,500,8,3.2,23.1,1.3,18.8,1.5,22.7,700,12
2018,Q2,WASHINGTON,"15,500","122,000",55000,"7,500",6,7.6,7.1,7.6,9.4,0.6,55.9,"19,000",16
2018,Q2,WEST VIRGINIA,"2,300","7,000",7000,570,8,0.9,13.6,2.9,7.5,7.9,13.8,550,8
2018,Q2,WISCONSIN,"12,000","56,000",26000,"6,500",12,18.3,29.5,27.1,16.9,0.8,32.1,"7,000",13
2018,Q2,WYOMING,"5,500","28,000",8500,"2,300",8,2.1,2.7,2.1,0.1,3.7,9.6,"2,200",8
2018,Q3,ALABAMA,"1,600","8,500",8500,"1,700",20,0.7,7.8,14.6,69.4,6.8,77.5,"1,300",15
2018,Q3,ARIZONA,"3,200","31,000",31000,"8,000",26,4.5,15,3.8,2.3,27.6,52.5,"3,100",10
2018,Q3,ARKANSAS,"2,600","29,000",29000,"2,300",8,0.1,0.5,17.6,7.8,0.6,29.9,840,3
2018,Q3,CALIFORNIA,"63,000","700,000",590000,"73,000",10,4.5,12,17.8,6.6,3.6,57.3,"141,000",20
2018,Q3,COLORADO,"1,500","35,000",34000,"5,000",14,5.6,8.5,2.9,16.6,4.5,72.6,"5,000",14
2018,Q3,CONNECTICUT,80,"3,200",3200,130,4,0,2.5,1.4,0,1.2,13,310,10
2018,Q3,FLORIDA,"53,000","220,000",197000,"30,000",14,4.2,14.3,7.6,20.5,9.8,35,"40,000",18
2018,Q3,GEORGIA,"27,000","138,000",134000,"17,000",12,2.4,6,27.7,20.4,7.2,49.8,"33,000",24
2018,Q3,HAWAII,"1,700","16,500",16500,"1,800",11,0.1,0.1,0.1,89.4,0,88.3,"3,000",18
2018,Q3,IDAHO,"15,000","101,000",82000,"14,000",14,14.6,13.8,26.5,5.4,5.7,83.6,"21,000",21
2018,Q3,ILLINOIS,700,"11,000",11000,660,6,2.1,1.5,5.1,10.6,7,21.2,420,4
2018,Q3,INDIANA,520,"11,500",11500,990,9,1.4,5,20.6,12.2,0.5,29.5,"1,200",10
2018,Q3,IOWA,"1,200","57,000",56000,"3,600",6,8.5,1.9,0.4,9.8,0.4,29.9,990,2
2018,Q3,KANSAS,300,"6,000",6000,950,16,6.6,23.7,8,51.1,7.9,76.8,180,3
2018,Q3,KENTUCKY,300,"7,000",6500,840,12,1.6,4.5,1.5,26.5,7.6,47.1,660,9
2018,Q3,LOUISIANA,"1,600","53,000",53000,"1,900",4,0.2,1,1.7,29.9,1.6,31.3,"2,300",4
2018,Q3,MAINE,60,"12,500",12500,890,7,1.1,3.5,0,1,0.5,37,170,1
2018,Q3,MARYLAND,580,"7,500",7500,360,5,0.3,1.1,0.6,6,3.8,11.7,680,9
2018,Q3,MASSACHUSETTS,850,"10,000",8000,"2,200",22,10.7,1.1,10.1,11.2,10.3,75.9,730,7
2018,Q3,MICHIGAN,"3,000","88,000",88000,"8,000",9,1.1,19.5,23.8,13.8,18.6,92.4,"22,000",25
2018,Q3,MINNESOTA,"1,600","127,000",121000,"29,000",23,6,9.3,28.4,12.4,8.1,44.5,"6,500",5
2018,Q3,MISSISSIPPI,110,"16,500",16500,"2,900",18,0.05,7.5,0.5,8.6,7.2,25.2,650,4
2018,Q3,MISSOURI,260,"10,000",10000,540,5,1.2,7.5,1.2,16.9,1.1,18.2,410,4
2018,Q3,MONTANA,"3,100","153,000",145000,"18,500",12,18,21.8,6.8,18.5,2.7,43.8,"22,000",14
2018,Q3,NEBRASKA,"8,500","54,000",52000,"6,500",12,5.9,4.3,6.5,3.2,4,24.1,"5,000",9
2018,Q3,NEW JERSEY,250,"14,000",14000,320,2,0.2,1,0.1,5.1,0.4,12.3,220,2
2018,Q3,NEW MEXICO,"3,800","7,000",6000,"1,200",17,0,0.4,12.3,0,0.2,0,"1,000",14
2018,Q3,NEW YORK,"3,600","56,000",55000,"3,900",7,18.6,22.9,24.4,20.6,10.2,40.7,"3,700",7
2018,Q3,NORTH CAROLINA,"2,600","18,000",18000,"2,200",12,11.4,11.4,8.4,17.9,3.1,66,"2,000",11
2018,Q3,NORTH DAKOTA,"23,000","490,000",455000,"59,000",12,9.6,10.9,10.4,11.5,1.2,52.6,"14,500",3
2018,Q3,OHIO,"1,300","16,000",16000,"1,300",8,2.6,11.9,1.3,40.9,1.2,58.9,"2,100",13
2018,Q3,OKLAHOMA,20,"2,100",2100,370,18,0.1,17.2,23.5,51.1,23.4,59.6,10,0.05
2018,Q3,OREGON,"3,000","117,000",116000,"13,000",11,7,10.7,45.1,2.8,0.8,57.2,"49,000",42
2018,Q3,OTHER STATES,480,"9,990",6490,890,9,1.3,4.9,2.9,2.4,0.7,22.8,440,4
2018,Q3,PENNSYLVANIA,"2,900","21,000",20000,860,4,1.9,1.7,1.6,8.1,2.6,23.5,"2,300",11
2018,Q3,SOUTH CAROLINA,670,"11,500",9500,"1,400",12,0.7,7.6,32.4,53.4,0.9,76.8,"1,100",10
2018,Q3,SOUTH DAKOTA,"8,000","197,000",168000,"22,000",11,3.3,45,8.5,32.9,1.6,54.7,"6,500",3
2018,Q3,TENNESSEE,540,"9,000",9000,900,10,0.7,5.6,13.2,53.2,2.1,70.6,"1,000",11
2018,Q3,TEXAS,"7,500","124,000",112000,"7,500",6,0.4,2.8,6.2,4.4,0.9,18.8,"9,500",8
2018,Q3,UTAH,970,"30,000",30000,"4,400",15,0.1,1,0.2,15.5,0.7,34,"1,400",5
2018,Q3,VERMONT,"1,200","7,000",7000,90,1,4.3,0.3,24.1,4.9,0,29.3,80,1
2018,Q3,VIRGINIA,"1,000","7,500",7500,610,8,2.6,11.6,7.7,28.5,1.7,39,990,13
2018,Q3,WASHINGTON,"7,000","84,000",76000,"12,000",14,0.6,9.9,2.7,0.6,2.8,7.1,"3,600",4
2018,Q3,WEST VIRGINIA,170,"8,000",7500,520,7,0.3,6.8,0.3,52.6,2.1,57,"1,200",15
2018,Q3,WISCONSIN,"2,400","69,000",61000,"10,000",14,2.6,6.1,19.5,32.7,4.3,54.4,"3,800",6
2018,Q3,WYOMING,"1,800","34,000",33000,"3,900",11,2.2,3.3,9,2.8,4,35.4,"3,900",11
2018,Q4,ALABAMA,210,"6,500",6500,830,13,1.3,3.4,1.5,20.5,7.5,20.6,"1,300",20
2018,Q4,ARIZONA,"2,200","27,000",26000,"5,000",19,3.1,7.1,0.05,8.3,3,20.6,330,1
2018,Q4,ARKANSAS,110,"31,000",30000,"6,000",19,0,5.3,73.5,7.1,2.2,82.8,230,1
2018,Q4,CALIFORNIA,"86,000","1,200,000",680000,"170,000",14,9.8,9.3,11.6,16.6,7.1,44.1,"46,000",4
2018,Q4,COLORADO,370,"30,000",30000,"3,500",12,1,6.1,0.05,5.9,1.2,73.2,10,0.05
2018,Q4,CONNECTICUT,0,"3,500",3500,220,6,2.3,4.2,0.9,3.6,2.3,12.5,60,2
2018,Q4,FLORIDA,"53,000","290,000",240000,"43,000",15,9,8,14.1,22.4,6.7,46.7,"20,000",7
2018,Q4,GEORGIA,"6,500","164,000",148000,"19,500",12,9.2,5.6,6.9,17.4,7.8,41.4,"49,000",30
2018,Q4,HAWAII,"1,700","16,000",16000,940,6,0.05,0.1,0,83.3,0,70.5,"6,000",38
2018,Q4,IDAHO,"9,000","159,000",99000,"15,000",9,9.6,7,15.9,47.4,4.5,64.9,910,1
2018,Q4,ILLINOIS,600,"12,000",12000,"1,400",12,2.4,6.9,2.8,13.1,5.7,27.2,350,3
2018,Q4,INDIANA,40,"9,000",9000,"3,300",37,23.8,35.4,64.6,21.3,2.3,51.3,"1,200",13
2018,Q4,IOWA,630,"21,000",21000,"4,200",20,8.9,29.4,31.6,27.2,5.6,55.1,80,0.05
2018,Q4,KANSAS,420,"5,500",5500,"1,000",18,26,1.6,43.7,31.3,26.4,62,10,0.05
2018,Q4,KENTUCKY,60,"7,000",7000,"2,000",29,1.2,5.5,6.8,41.9,4.3,57.1,430,6
2018,Q4,LOUISIANA,130,"52,000",50000,"2,600",5,0.3,1,5.9,6.7,1.7,16.6,200,0.05
2018,Q4,MAINE,210,"12,000",12000,"1,400",12,0.05,1.2,0,5.1,0.1,9.3,880,7
2018,Q4,MARYLAND,60,"9,000",7000,690,8,0.3,4.9,1.2,5.3,1.7,16.6,90,1
2018,Q4,MASSACHUSETTS,110,"4,900",4900,650,13,8.1,3.4,9.4,9.2,5.3,33.2,320,7
2018,Q4,MICHIGAN,"3,900","77,000",77000,"6,000",8,15.6,2.4,15.1,31.2,6.6,52,"1,800",2
2018,Q4,MINNESOTA,"2,500","86,000",84000,"11,500",13,4.2,3.8,7.9,5.2,2.4,28.4,590,1
2018,Q4,MISSISSIPPI,330,"25,000",14500,"2,000",8,0.2,3,0.5,6.7,4.5,26.5,50,0.05
2018,Q4,MISSOURI,170,"10,000",10000,880,9,1.1,1.9,2.3,10,4.1,37,150,2
2018,Q4,MONTANA,"3,100","102,000",98000,"5,500",5,5.6,2.9,17.5,13,0.05,40.7,500,0.05
2018,Q4,NEBRASKA,"7,000","45,000",45000,"5,000",11,0.7,2.9,0.3,0.7,1,3,840,2
2018,Q4,NEW JERSEY,30,"15,500",15500,"1,300",8,0.1,5.4,0,3.2,0.3,14,80,1
2018,Q4,NEW MEXICO,50,"8,000",8000,"3,000",38,3.7,8,0.1,0.8,1.2,81.3,0,0
2018,Q4,NEW YORK,"1,000","53,000",53000,"4,400",8,7.8,7.8,2.4,4.5,0.7,26,"1,500",3
2018,Q4,NORTH CAROLINA,250,"16,000",16000,"2,700",17,3.8,11.1,2,10.4,5.2,53,300,2
2018,Q4,NORTH DAKOTA,"7,500","435,000",430000,"29,000",7,8.1,4.3,10.6,9.4,4.6,29.5,"1,500",0.05
2018,Q4,OHIO,170,"15,500",15500,"2,100",14,0.1,2.4,8.1,5.8,9.9,29.3,450,3
2018,Q4,OKLAHOMA,60,"57,000",2200,"2,500",4,0.05,0.05,0,0.4,0.3,13.1,20,0.05
2018,Q4,OREGON,"10,500","101,000",89000,"13,000",13,16,0.9,14.8,4.6,0.2,44.1,"12,000",12
2018,Q4,OTHER STATES,20,"8,670",8370,"1,150",13,0.2,1.5,5.4,0.2,5.4,12.7,500,6
2018,Q4,PENNSYLVANIA,270,"21,000",21000,"4,000",19,6.7,7.8,13,10.7,5.4,26.9,"1,500",7
2018,Q4,SOUTH CAROLINA,770,"12,500",10000,"1,500",12,0.3,1.3,1.4,16.1,5.5,32.2,790,6
2018,Q4,SOUTH DAKOTA,"2,000","140,000",140000,"21,000",15,7,2.1,1.6,1.3,2.5,12.8,430,0.05
2018,Q4,TENNESSEE,30,"8,500",8000,"1,900",22,1.9,9.1,11.4,20.8,5.1,49.8,370,4
2018,Q4,TEXAS,"11,000","260,000",116000,"17,000",7,5.5,6.2,3,18.5,3.7,18.6,70,0.05
2018,Q4,UTAH,180,"27,000",27000,"3,400",13,5.5,6.5,8,9.8,4.9,48,400,1
2018,Q4,VERMONT,10,"6,500",6500,170,3,0,0.8,0,1.3,0.7,6.2,20,0.05
2018,Q4,VIRGINIA,80,"7,000",7000,"1,100",16,12.1,5.8,13.1,38.4,2.8,57.1,"1,300",19
2018,Q4,WASHINGTON,"5,500","81,000",75000,"11,000",14,11.7,3.3,4.9,0.5,1.3,34.5,"1,400",2
2018,Q4,WEST VIRGINIA,50,"7,000",7000,"1,200",17,0.6,4.2,7.2,15.2,6.8,29.5,70,1
2018,Q4,WISCONSIN,"1,600","48,000",48000,"8,500",18,1.5,7.6,24.5,28.3,5.2,29.9,530,1
2018,Q4,WYOMING,220,"32,000",30000,"2,700",8,2.6,1,6.8,7.9,1.4,43.9,0,0
2019,Q1,ALABAMA,800,"5,500",5500,650,12,1.8,3.1,0.3,22.7,9,27.2,200,4
2019,Q1,ARIZONA,430,"22,000",22000,"2,500",11,6.5,8.4,16.2,7.9,0.2,25.8,90,0.05
2019,Q1,ARKANSAS,20,"28,000",28000,"6,500",23,3.3,0.7,55.3,1.5,2.9,19.5,20,0.05
2019,Q1,CALIFORNIA,"83,000","1,580,000",1140000,"235,000",15,6.4,8.7,12.3,13.4,5.6,43.5,"86,000",5
2019,Q1,COLORADO,0,"7,500",5000,320,4,0,2.5,0,0.3,0.6,11.2,0,0
2019,Q1,CONNECTICUT,170,"3,100",3100,270,9,0,3.6,0,1.3,1.7,10.1,10,0.05
2019,Q1,FLORIDA,"41,000","315,000",300000,"46,000",15,5.5,7.4,22.9,24.8,5.5,46.9,"16,500",5
2019,Q1,GEORGIA,"19,500","129,000",120000,"14,500",11,7.4,10.6,9.6,17.8,4.9,69.6,"8,000",6
2019,Q1,HAWAII,660,"16,500",16500,390,2,0.1,2.9,0.7,64.9,0,72.1,"3,700",22
2019,Q1,IDAHO,"4,600","145,000",132000,"12,500",9,8,8.6,9.2,8,0.05,24.5,"1,100",1
2019,Q1,ILLINOIS,210,"9,000",9000,"2,300",26,3.1,15.5,0.7,14.7,10.1,33.3,80,1
2019,Q1,INDIANA,440,"6,000",6000,710,12,2.6,7.1,5.5,8.8,1.7,15.6,280,5
2019,Q1,IOWA,170,"11,500",7500,"1,600",14,0.6,7.7,0.3,1.7,3.5,34.8,140,1
2019,Q1,KANSAS,370,"4,500",4500,"1,500",33,2.5,21.6,12.2,7.8,4,86.9,110,2
2019,Q1,KENTUCKY,60,"4,400",3700,890,20,0.1,10.7,5.3,12.9,4.6,21.6,30,1
2019,Q1,LOUISIANA,"9,000","51,000",49000,"3,500",7,0.1,1,0.3,1.3,0.7,57.8,"16,000",31
2019,Q1,MAINE,10,"7,000",7000,470,7,0,1.4,0,0.1,0.8,2.3,30,0.05
2019,Q1,MARYLAND,30,"8,000",8000,"2,300",29,0.2,10.1,0.05,5.1,2.4,12.6,10,0.05
2019,Q1,MASSACHUSETTS,60,"3,800",3800,680,18,0,6.3,4.3,0,0.9,10.3,20,1
2019,Q1,MICHIGAN,0,"33,000",24000,"6,500",20,1.5,12.2,0.2,5.8,0.7,18.2,0,0
2019,Q1,MINNESOTA,80,"43,000",17000,"2,200",5,1.9,2,0,0.2,0.8,1.3,470,1
2019,Q1,MISSISSIPPI,"3,800","29,000",26000,"2,400",8,64.8,1.9,48.4,71,5.5,14.6,"1,700",6
2019,Q1,MISSOURI,80,"8,500",8500,"1,100",13,1.9,5.4,0.5,2.3,3.2,5.4,60,1
2019,Q1,MONTANA,"1,700","68,000",37000,"3,500",5,0,0.8,0.8,0.05,1.1,15.1,"1,900",3
2019,Q1,NEBRASKA,0,"16,500",13500,"2,500",15,32,2.2,0.8,1.3,0.1,32.3,0,0
2019,Q1,NEW JERSEY,130,"6,000",6000,310,5,0,3.5,0,4.4,0.6,15.3,60,1
2019,Q1,NEW MEXICO,0,"4,800",4800,170,4,0.6,1.4,0,1.1,0.3,3.5,0,0
2019,Q1,NEW YORK,110,"24,000",24000,"3,400",14,1.7,7.7,1.7,2.5,9,10.6,80,0.05
2019,Q1,NORTH CAROLINA,750,"14,500",10500,"1,700",12,0.2,2.2,0.7,2,3.4,16.4,890,6
2019,Q1,NORTH DAKOTA,0,"102,000",92000,"1,100",1,0,0.4,6.5,0,1.3,6.9,"1,300",1
2019,Q1,OHIO,"1,700","12,500",10500,"3,500",28,11.1,6.7,1.1,9.9,3.1,49.3,440,4
2019,Q1,OKLAHOMA,20,"55,000",21000,50,0.05,0,0.05,0,0.3,0.05,7.7,0,0
2019,Q1,OREGON,"8,000","95,000",89000,"7,500",8,0.2,2.7,0.2,0.1,0.5,18,"1,800",2
2019,Q1,OTHER STATES,70,"6,070",6070,590,10,0.3,2.1,0,1.8,1.6,6.9,30,0
2019,Q1,PENNSYLVANIA,370,"15,000",15000,"2,900",19,3.7,7.5,4,4.6,9.5,15.3,320,2
2019,Q1,SOUTH CAROLINA,"2,000","13,000",12000,690,5,0.05,12.4,1.7,14.5,1,18.5,340,3
2019,Q1,SOUTH DAKOTA,0,"18,500",18500,"1,100",6,0,0.8,2.5,0.05,2.2,0.8,0,0
2019,Q1,TENNESSEE,240,"7,000",6000,"1,500",21,5.1,7.7,0.9,23.6,7.1,62.8,320,5
2019,Q1,TEXAS,"61,000","330,000",260000,"17,000",5,5.3,6.9,8.3,6.5,3,26.1,"35,000",11
2019,Q1,UTAH,900,"11,000",8500,"1,800",16,0.1,0.3,0,0,8.8,22.9,0,0
2019,Q1,VERMONT,50,"6,500",6500,260,4,2.4,0.2,0,0.1,1.2,6.2,0.05,0.05
2019,Q1,VIRGINIA,80,"5,500",5500,"1,100",20,0.8,3.9,0.3,12.8,9.3,16.6,110,2
2019,Q1,WASHINGTON,"5,500","75,000",51000,"7,000",9,0.6,0.8,0.3,0.8,0.2,22.3,"2,200",3
2019,Q1,WEST VIRGINIA,20,"7,000",5000,"1,300",19,1.1,5,0.2,3.2,1.3,10.3,60,1
2019,Q1,WISCONSIN,580,"17,000",16500,"3,700",22,0.7,13.8,1.1,3.2,5,15.9,100,1
2019,Q1,WYOMING,0,"9,500",6500,250,3,0.1,0.5,0,0,2.3,0.7,0,0
2019,Q3,ALABAMA,160,"7,000",7000,990,14,2.9,9.7,0.2,24.6,6.4,30.6,330,5
2019,Q3,ARIZONA,"5,500","30,000",26000,"2,000",7,2.7,13.2,11.4,9.9,0.6,29,"3,800",13
2019,Q3,ARKANSAS,170,"21,000",20000,"2,100",10,6.8,6.9,50.5,19.7,39.3,53.2,680,3
2019,Q3,CALIFORNIA,"87,000","700,000",650000,"93,000",13,8.7,11.1,16,11.5,3.2,49,"108,000",15
2019,Q3,COLORADO,"2,200","36,000",33000,"9,500",26,4.8,9.4,10.2,12.5,1,79.8,"3,400",9
2019,Q3,CONNECTICUT,70,"4,400",4400,200,5,2.4,3.9,0,6.9,0.5,24.3,470,11
2019,Q3,FLORIDA,"46,000","240,000",210000,"20,000",8,6.3,11.7,18.2,20.7,10.8,44.9,"33,000",14
2019,Q3,GEORGIA,"12,000","118,000",116000,"13,000",11,1.6,17.1,25.8,18.6,4.6,52.5,"36,000",31
2019,Q3,HAWAII,200,"17,000",17000,200,1,0.3,1.3,0,39,0.2,37.2,"6,000",35
2019,Q3,IDAHO,"8,500","111,000",95000,"10,500",9,21.7,18.5,9.9,15.4,0.8,59.9,"12,500",11
2019,Q3,ILLINOIS,460,"13,500",13500,940,7,0.7,5.5,2.5,8.3,11.5,35.9,"1,300",10
2019,Q3,INDIANA,"2,200","16,000",14000,"1,000",6,3,19.2,23.1,15.2,1.4,55.7,"1,500",9
2019,Q3,IOWA,"2,000","33,000",30000,"3,400",10,5.8,27.8,26.3,7.1,3.6,39.4,"4,800",15
2019,Q3,KANSAS,190,"7,500",7500,"1,900",25,21.8,1.2,23.9,33.8,0.5,67.5,400,5
2019,Q3,KENTUCKY,700,"8,500",8000,850,10,0.4,7.9,5.2,17.6,8.6,29.2,430,5
2019,Q3,LOUISIANA,"4,400","44,000",42000,"4,100",9,0.4,2.5,57,66.8,2.7,67.1,"13,000",30
2019,Q3,MAINE,460,"12,000",11500,"1,100",9,0.1,0.2,0,0.7,0.1,10.1,"3,500",29
2019,Q3,MARYLAND,720,"7,500",7500,790,11,0,5.1,0.3,2.7,1.4,26.7,"1,200",16
2019,Q3,MASSACHUSETTS,800,"13,500",13500,"1,100",8,0.2,0.7,0.05,2.9,7.3,13,560,4
2019,Q3,MICHIGAN,"3,000","99,000",94000,"11,000",11,8.7,2.1,7.3,16.4,1.5,42.7,"3,300",3
2019,Q3,MINNESOTA,"5,000","129,000",126000,"21,000",16,4,6.6,13.4,8.2,2.1,54.9,"2,100",2
2019,Q3,MISSISSIPPI,550,"23,000",23000,"2,900",13,2.4,4,25.4,45.6,5.1,59.1,850,4
2019,Q3,MISSOURI,260,"10,500",10500,500,5,0.4,2.1,0.8,7.1,0.6,18.4,350,3
2019,Q3,MONTANA,"3,600","154,000",147000,"18,500",12,10.6,4.1,6.1,10,1,28,"12,500",8
2019,Q3,NEBRASKA,680,"41,000",40000,"3,700",9,1.8,7.2,2.8,2.7,1.9,29.2,"1,400",3
2019,Q3,NEW JERSEY,650,"16,000",16000,680,4,0.3,0.5,0.2,2.3,0.1,26.1,"3,100",19
2019,Q3,NEW MEXICO,"1,000","5,500",2400,170,3,0.9,0.8,0,29.1,0,39.5,550,10
2019,Q3,NEW YORK,"3,200","69,000",65000,"8,500",12,1.2,2.5,8.2,11.5,3.8,30.7,"3,700",5
2019,Q3,NORTH CAROLINA,"1,800","22,000",22000,"2,700",12,19.7,9.7,4,11.3,5.7,26.9,"5,000",23
2019,Q3,NORTH DAKOTA,"15,000","530,000",530000,"81,000",15,14.7,23.7,9,10.2,9.3,48.4,"17,500",3
2019,Q3,OHIO,"2,800","19,500",19500,"1,600",8,4.2,5.9,1.8,23,3.9,40.6,"3,000",15
2019,Q3,OKLAHOMA,130,"7,500",7500,930,12,0.1,4.1,0.1,1.4,4.4,29,"1,100",15
2019,Q3,OREGON,"6,000","118,000",83000,"8,000",7,19.8,16.6,15.1,12.8,0.4,35.4,"21,000",18
2019,Q3,OTHER STATES,320,"13,900",13660,"2,080",15,4.2,1.4,7.7,4.5,0.1,11.3,900,6
2019,Q3,PENNSYLVANIA,"1,800","20,000",19000,980,5,1.8,1.5,5,8.8,5.6,23.4,"1,900",10
2019,Q3,SOUTH CAROLINA,"2,000","14,500",14500,"2,200",15,0.6,19.6,16.2,11.6,3.7,44.9,"1,400",10
2019,Q3,SOUTH DAKOTA,"1,300","255,000",255000,"51,000",20,0.3,4,14,3.5,1.5,10.4,"8,000",3
2019,Q3,TENNESSEE,"2,200","14,000",14000,"4,500",32,0.2,11.5,9.1,23.3,1.5,51.4,"2,200",16
2019,Q3,TEXAS,"6,500","133,000",126000,"11,000",8,4.4,7.2,11.5,18.3,2.1,21.9,"7,000",5
2019,Q3,UTAH,"3,500","29,000",24000,"2,800",10,5.5,0.6,0.2,4.9,4.6,29.4,"1,700",6
2019,Q3,VERMONT,80,"7,000",7000,120,2,0.7,0.5,0,4.3,0.1,22.2,490,7
2019,Q3,VIRGINIA,350,"9,000",9000,570,6,0.9,2.7,1.3,18.3,3.1,37.9,820,9
2019,Q3,WASHINGTON,"12,000","97,000",85000,"21,000",22,2.5,9.4,4.6,0.9,0.3,47.3,"10,000",10
2019,Q3,WEST VIRGINIA,200,"10,000",10000,"1,100",11,0.7,6.9,2.7,10.7,0.3,33.7,"1,100",11
2019,Q3,WISCONSIN,"2,400","63,000",63000,"6,500",10,13.9,6.5,18.1,20.5,3.9,46.4,"10,000",16
2019,Q3,WYOMING,"2,500","27,000",24000,"3,000",11,3.3,6.3,2.2,0.4,2.5,45.7,"3,500",13
2019,Q4,ALABAMA,240,"6,000",6000,660,11,0.6,9,4.9,26.7,11.3,46.7,70,1
2019,Q4,ARIZONA,300,"36,000",34000,"7,000",19,0.4,4,23.3,1.5,2.9,53.9,300,1
2019,Q4,ARKANSAS,430,"19,500",19000,"1,600",8,1.4,12.5,7.8,39.7,32.8,47.7,310,2
2019,Q4,CALIFORNIA,"160,000","1,300,000",700000,"136,000",10,5.2,8,11.3,10.9,5,40.5,"37,000",3
2019,Q4,COLORADO,"1,100","27,000",27000,"8,000",30,0,2.6,15.3,1.5,0.8,67.7,440,2
2019,Q4,CONNECTICUT,10,"4,000",3800,300,8,2.4,1.7,0,11.1,1.6,22.2,50,1
2019,Q4,FLORIDA,"28,000","300,000",270000,"30,000",10,7.8,7.8,11.7,25.6,4.8,43.5,"15,000",5
2019,Q4,GEORGIA,"10,500","131,000",119000,"20,000",15,5.6,2.6,9.1,18.2,4.4,34.3,"10,500",8
2019,Q4,HAWAII,300,"17,000",17000,"1,300",8,0.2,0.1,1,61.8,0,44,50,0.05
2019,Q4,IDAHO,"1,800","196,000",111000,"15,500",8,5.4,9.9,10.5,4.3,1.1,20.3,"1,000",1
2019,Q4,ILLINOIS,"1,000","13,000",13000,"1,700",13,1.1,8.9,3.4,27.3,8.9,28.9,"1,500",12
2019,Q4,INDIANA,160,"17,500",17500,"1,300",7,2.6,1.6,6.7,15,0.6,20.7,180,1
2019,Q4,IOWA,"1,500","32,000",32000,"7,500",23,5.6,19.7,25.2,17.8,4.2,61,530,2
2019,Q4,KANSAS,190,"4,900",4800,650,13,11.9,0.4,43.4,15,14.4,65.8,460,9
2019,Q4,KENTUCKY,190,"8,500",8500,410,5,0.2,12,5.3,20.1,9.9,33,170,2
2019,Q4,LOUISIANA,70,"46,000",41000,"2,300",5,3.5,6.1,0.7,18.5,0.9,33,80,0.05
2019,Q4,MAINE,110,"11,500",11500,770,7,0.1,0.3,2.5,0,0.2,20.5,40,0.05
2019,Q4,MARYLAND,390,"8,000",6500,"1,100",14,1.8,0.3,0,4.5,5,12.6,420,5
2019,Q4,MASSACHUSETTS,60,"5,000",5000,"1,200",24,0.8,1.1,0,0.2,10.7,7.6,130,3
2019,Q4,MICHIGAN,820,"84,000",84000,"6,500",8,9.2,1.1,8.3,9.7,3.8,37,"1,500",2
2019,Q4,MINNESOTA,"3,400","97,000",97000,"15,500",16,1.2,1.8,6.1,7.8,4,37.3,60,0.05
2019,Q4,MISSISSIPPI,350,"29,000",21000,"3,400",12,4.1,10.5,13.9,38,5.2,41,50,0.05
2019,Q4,MISSOURI,260,"10,000",9000,"1,500",15,0.2,1.5,0.1,5.9,0.4,19.2,10,0.05
2019,Q4,MONTANA,770,"79,000",71000,"7,000",9,0.05,2.8,0.8,1.8,0.3,15.7,"4,000",5
2019,Q4,NEBRASKA,320,"38,000",37000,"2,700",7,0,2.8,3.5,1,6.4,5.8,10,0.05
2019,Q4,NEW JERSEY,60,"15,500",15500,220,1,0,1.3,0,0.9,0.5,2.5,80,1
2019,Q4,NEW MEXICO,30,"6,000",6000,70,1,0.4,2.6,0,0.3,0,5.2,10,0.05
2019,Q4,NEW YORK,630,"65,000",65000,"10,000",15,3,3.2,8.7,24.8,4,33.3,510,1
2019,Q4,NORTH CAROLINA,240,"18,000",17500,"3,200",18,4.5,15.7,2.4,21,11.7,44.5,770,4
2019,Q4,NORTH DAKOTA,"3,000","420,000",420000,"27,000",6,1.8,2,3.7,7.1,1.7,43,"4,300",1
2019,Q4,OHIO,800,"19,000",19000,"2,700",14,0.4,3.3,0.6,5.6,7.6,33.2,390,2
2019,Q4,OKLAHOMA,460,"37,000",6500,"2,500",7,0,0.4,0.4,0.4,0.1,1,,0
2019,Q4,OREGON,650,"130,000",115000,"15,000",12,4.7,16.6,1.8,2.1,16,35.8,"2,000",2
2019,Q4,OTHER STATES,280,"11,510",11010,"1,340",12,0.3,32.4,0.3,2.3,0.9,13.6,0,0
2019,Q4,PENNSYLVANIA,"1,600","21,000",21000,"3,800",18,1,2.3,3.2,4.6,2.9,33.2,"1,100",5
2019,Q4,SOUTH CAROLINA,"1,400","13,500",12500,"1,900",14,1.7,13.1,3.5,18.4,6.3,56.7,430,3
2019,Q4,SOUTH DAKOTA,0,"189,000",189000,"7,500",4,3.2,11.2,5.6,6.1,1.5,12.2,40,0.05
2019,Q4,TENNESSEE,20,"11,000",11000,"1,300",12,0,7.6,33.6,53.5,9.1,66.6,70,1
2019,Q4,TEXAS,"8,000","240,000",129000,"17,500",7,4.6,5.8,4.9,14,1.4,23.1,"1,700",1
2019,Q4,UTAH,970,"32,000",30000,"4,400",14,2,0.2,10.3,2,0.3,22.1,90,0.05
2019,Q4,VERMONT,100,"7,000",7000,190,3,0.6,0.6,0.8,1.3,0.9,21,270,4
2019,Q4,VIRGINIA,10,"8,000",8000,"1,200",15,0.4,5.3,0,18.6,6,37.7,190,2
2019,Q4,WASHINGTON,810,"93,000",89000,"12,500",13,0.6,2.9,19.6,2.3,3.2,40.3,100,0.05
2019,Q4,WEST VIRGINIA,30,"8,000",7500,"1,500",19,1.1,6.1,0.4,10.7,2.2,65.8,"1,600",20
2019,Q4,WISCONSIN,"1,800","46,000",46000,"8,500",18,14.8,22,14.1,22.1,7.3,40,"3,000",7
2019,Q4,WYOMING,100,"28,000",27000,"3,300",12,3.2,4.3,0,12.3,13.2,27.6,490,2
2020,Q1,ALABAMA,"1,900","7,000",5500,410,6,0,1.7,0.1,3.4,4.3,12.4,780,11
2020,Q1,ARIZONA,"3,000","31,000",29000,"8,500",27,0.05,10.1,0,0.05,9,31.7,120,0.05
2020,Q1,ARKANSAS,"1,800","16,500",16500,"1,600",10,0.05,0.05,2.6,22.7,11.2,31.7,30,0.05
2020,Q1,CALIFORNIA,"240,000","1,710,000",1350000,"230,000",13,5,5.3,5.3,6,4.2,22.4,"66,000",4
2020,Q1,COLORADO,"4,000","13,000",4500,670,5,0.05,10.8,0.05,0,2.4,20.8,500,4
2020,Q1,CONNECTICUT,360,"3,800",3700,330,9,0.05,2.8,0,2.9,3,11.2,,0
2020,Q1,FLORIDA,"41,000","305,000",295000,"30,000",10,5.5,8.7,5.3,14.2,10.9,28,"8,000",3
2020,Q1,GEORGIA,"41,000","119,000",115000,"14,500",12,0.05,0.05,0.05,3.4,7.5,50.9,"22,000",18
2020,Q1,HAWAII,"1,300","16,000",16000,"1,800",11,0.05,0.05,0,60.8,0.05,75.3,"2,200",14
2020,Q1,IDAHO,"4,400","168,000",156000,"18,500",11,0.05,2.1,2.8,0.8,1.9,10.4,920,1
2020,Q1,ILLINOIS,"2,900","11,500",11500,"2,400",21,0.05,7.3,0,8.9,10,17.2,160,1
2020,Q1,INDIANA,"1,500","11,000",11000,"1,600",15,0.05,1.9,2.9,0.5,6.2,8.2,420,4
2020,Q1,IOWA,"6,000","17,000",9000,"1,600",9,0,5.7,0.05,1.9,5.5,22.3,420,2
2020,Q1,KANSAS,"2,000","6,500",4500,760,12,7.8,3.1,7.8,8.1,11.3,13.3,130,2
2020,Q1,KENTUCKY,"1,400","11,000",7000,"1,200",11,2,7.6,0.05,2.6,6.5,17.4,120,1
2020,Q1,LOUISIANA,"9,000","48,000",44000,"4,800",10,0.7,1.4,1.2,7,0.6,26.5,"20,000",42
2020,Q1,MAINE,460,"1,300",1300,160,12,0.7,2.2,0,1.2,3,19.6,,0
2020,Q1,MARYLAND,"1,900","7,000",7000,"1,900",27,0.05,8.5,0,1.5,2.4,19.9,30,0.05
2020,Q1,MASSACHUSETTS,"1,100","3,800",3800,470,12,1.8,4.5,0.05,0.5,2.2,13.9,100,3
2020,Q1,MICHIGAN,"10,000","60,000",60000,"7,000",12,0.05,0.05,0.05,0.5,0.7,8.1,100,0.05
2020,Q1,MINNESOTA,"1,300","58,000",21000,920,2,0,4.3,0.05,0,0.05,3.5,40,0.05
2020,Q1,MISSISSIPPI,"16,000","28,000",26000,"5,000",18,0.05,14.5,1.8,50.9,3.6,58.6,660,2
2020,Q1,MISSOURI,"3,400","8,500",8500,"5,500",65,0.9,2.1,1.6,3.4,3.4,8.4,0,0
2020,Q1,MONTANA,500,"47,000",18000,150,0.05,0,0.5,0,0,0.05,4,,0
2020,Q1,NEBRASKA,70,"17,000",9000,670,4,0.05,0.05,0,0.05,0.8,2.2,,0
2020,Q1,NEW JERSEY,800,"6,500",6500,430,7,0.5,3.2,0.05,2.9,2.3,9.4,40,1
2020,Q1,NEW MEXICO,120,"6,000",6000,40,1,0,0.7,0,0,0.05,2.1,0,0
2020,Q1,NEW YORK,230,"36,000",29000,"2,500",7,0,1.7,0,2.9,7.7,6.6,370,1
2020,Q1,NORTH CAROLINA,"2,600","24,000",15000,"2,500",10,4.8,1.4,0.6,7.1,5.1,35.7,490,2
2020,Q1,NORTH DAKOTA,0,"82,000",53000,"7,500",9,0,3.1,0,0,0,0.6,,0
2020,Q1,OHIO,840,"21,000",15500,"6,000",29,1.1,3,0.05,3.6,13.4,17.6,"1,100",5
2020,Q1,OKLAHOMA,"5,000","19,500",19500,700,4,0.05,0.05,0.5,0.6,0.05,11.4,,0
2020,Q1,OREGON,"9,000","108,000",97000,"4,800",4,10.8,1.3,14.5,10.4,0.05,24.4,"1,700",2
2020,Q1,OTHER STATES,560,"7,800",7800,440,6,0.05,0.8,0,0,0.05,5.8,20,0.05
2020,Q1,PENNSYLVANIA,370,"26,000",18500,"2,100",8,2.8,2.7,1.8,3.9,3.2,15.5,320,1
2020,Q1,SOUTH CAROLINA,"2,700","17,000",13000,"1,400",8,9.6,6.4,0.05,11.5,5.4,15.5,"1,100",6
2020,Q1,SOUTH DAKOTA,20,"20,000",20000,"1,200",6,0,0.05,2.1,0.05,0.05,14.7,,0
2020,Q1,TENNESSEE,"2,200","14,000",8000,"2,700",19,1,4.1,0,17.3,7.8,18.9,130,1
2020,Q1,TEXAS,"83,000","340,000",235000,"35,000",10,1.3,5.2,3.4,6.8,4.6,12.2,"24,000",7
2020,Q1,UTAH,"3,000","19,000",12000,"1,100",6,17.1,15.7,2.3,17.2,22.4,38.9,,0
2020,Q1,VERMONT,500,"7,000",6500,520,7,0.6,2,0.9,0.8,3.1,9.1,70,1
2020,Q1,VIRGINIA,"1,600","7,000",6000,"1,100",16,0.05,3.8,0.05,10.6,3.5,17.5,60,1
2020,Q1,WASHINGTON,580,"74,000",49000,"1,500",2,0.05,0.05,0.5,0.05,0.05,1.7,150,0.05
2020,Q1,WEST VIRGINIA,600,"8,000",6000,"1,100",14,1.3,2.6,0.6,7,0.05,17.3,680,9
2020,Q1,WISCONSIN,700,"28,000",16000,"1,900",7,0.05,2.7,0.05,1.9,3.1,9,370,1
2020,Q1,WYOMING,450,"17,000",4000,140,1,0.1,0.8,0,0.05,1.7,0.05,60,0.05
2020,Q2,ALABAMA,"4,700","8,500",8500,"4,100",48,1.6,7.9,7.7,18,9.5,28.5,"2,600",31
2020,Q2,ARIZONA,"14,500","26,000",26000,"1,300",5,0.05,5.5,4.2,0,0.6,22.1,"4,700",18
2020,Q2,ARKANSAS,"4,900","17,000",17000,"1,800",11,5.1,2.1,24.6,15.3,12.4,40.5,800,5
2020,Q2,CALIFORNIA,"175,000","1,200,000",1200000,"100,000",8,3.9,7.6,5.5,4.8,3.1,33.6,"240,000",20
2020,Q2,COLORADO,"7,000","27,000",16500,"2,100",8,0.05,0.5,0,0.05,2.5,35.4,"2,800",10
2020,Q2,CONNECTICUT,"1,200","4,300",3900,30,1,0,0.1,0,2.1,0.6,14.8,450,10
2020,Q2,FLORIDA,"25,000","310,000",310000,"40,000",13,3.4,5.9,5.8,16,7.9,33.1,"18,500",6
2020,Q2,GEORGIA,"18,500","147,000",145000,"10,000",7,6.9,7.9,2.9,19.6,13.4,47.9,"20,000",14
2020,Q2,HAWAII,"3,000","15,500",15500,0,0,1,1.1,0,41.1,0,43.1,"2,300",15
2020,Q2,IDAHO,"22,000","81,000",48000,"18,000",22,11.1,6.9,8.6,10.9,5.8,44.2,"29,000",36
2020,Q2,ILLINOIS,"4,200","12,000",12000,"1,500",13,1,11.9,8.3,8.2,4,23.5,"1,700",14
2020,Q2,INDIANA,"4,500","12,000",11000,920,8,1.8,5.4,20.2,12.5,1.5,26.8,"1,800",15
2020,Q2,IOWA,"17,000","29,000",21000,"3,600",12,16.6,3.5,0.8,24.7,0.5,30.6,"4,700",16
2020,Q2,KANSAS,"1,900","8,000",7500,680,9,24,28.9,32.8,34.1,14.3,68.4,"1,800",23
2020,Q2,KENTUCKY,"4,200","11,000",11000,"1,200",11,0.05,2.9,1.2,10.9,3.2,18.3,"3,500",32
2020,Q2,LOUISIANA,"2,300","53,000",53000,"1,800",3,0.5,3.5,0.05,4.7,1.3,23.7,"4,700",9
2020,Q2,MAINE,520,"22,000",1600,700,3,26.8,0.5,0,0.05,0,47.1,110,1
2020,Q2,MARYLAND,"4,400","8,000",7000,670,8,0.1,3.2,1.1,1.1,0.5,14.3,"1,700",21
2020,Q2,MASSACHUSETTS,870,"13,500",4400,630,5,0.05,1.1,0.05,2.1,0.05,14.7,540,4
2020,Q2,MICHIGAN,"11,000","85,000",64000,"1,500",2,2.2,3.2,6,11.5,1.1,38,"10,000",12
2020,Q2,MINNESOTA,"9,000","126,000",59000,"13,000",10,0.7,4.4,8.8,2.9,0.05,20.6,"2,600",2
2020,Q2,MISSISSIPPI,"1,500","37,000",34000,"4,500",12,0,8.5,0.9,57.8,0.05,93.1,570,2
2020,Q2,MISSOURI,"2,800","6,500",6500,390,6,5.7,11.2,3.1,1.5,1.9,17.4,"1,200",18
2020,Q2,MONTANA,"18,000","120,000",48000,"2,000",2,5.9,4.6,0,5.6,0.05,12.1,"16,000",13
2020,Q2,NEBRASKA,"7,000","41,000",16500,"1,900",5,4.8,0.05,12.2,1.1,2.7,17.5,"1,100",3
2020,Q2,NEW JERSEY,"1,500","21,000",7000,710,3,21.5,21.7,0.05,0.8,0.05,15.4,650,3
2020,Q2,NEW MEXICO,400,"6,000",3100,"1,000",17,0.05,0.05,0.05,0.05,0.05,3,40,1
2020,Q2,NEW YORK,"6,000","58,000",34000,"4,000",7,0.6,3.5,0.05,2.5,0.5,20.7,"2,800",5
2020,Q2,NORTH CAROLINA,"6,000","25,000",24000,"1,600",6,1.9,1.8,0,5.5,1.4,23,"1,300",5
2020,Q2,NORTH DAKOTA,"53,000","415,000",67000,"20,000",5,2.5,3,3.1,1.7,1.9,28.8,"38,000",9
2020,Q2,OHIO,"9,500","16,500",15500,"1,700",10,6.2,7.3,5.8,12,13.3,23.8,"3,700",22
2020,Q2,OKLAHOMA,"6,000","16,000",16000,"1,500",9,0.05,15.1,0.9,3.9,5.1,16.2,"3,100",19
2020,Q2,OREGON,"11,000","96,000",89000,"2,500",3,7.5,5.9,2.2,1.7,0.7,28,"19,000",20
2020,Q2,OTHER STATES,"1,400","9,840",6500,260,3,0.5,0.05,0,0.8,0.05,12.8,"1,500",15
2020,Q2,PENNSYLVANIA,"5,500","28,000",24000,930,3,1.4,3.3,0.05,2.6,1.3,26.6,"1,500",5
2020,Q2,SOUTH CAROLINA,"2,700","18,500",18500,"1,700",9,0.5,5.7,0.05,6.2,0.5,29.1,"2,500",14
2020,Q2,SOUTH DAKOTA,"10,000","220,000",9500,"4,600",2,4.8,52.5,0.05,46.4,5.3,53.3,"14,500",7
2020,Q2,TENNESSEE,"4,200","13,500",13500,"1,200",9,0.05,3.3,6.8,7.8,3,31.2,"3,200",24
2020,Q2,TEXAS,"15,000","385,000",360000,"35,000",9,3.3,5.7,4.6,7.7,5.8,30.2,"136,000",35
2020,Q2,UTAH,"8,500","31,000",21000,"2,800",9,0.05,0.05,13.1,0,7.7,38.4,"13,000",42
2020,Q2,VERMONT,680,"7,000",7000,200,3,0.1,1.1,0,0.5,0,10.7,110,2
2020,Q2,VIRGINIA,"4,800","8,000",7500,"1,200",15,0.05,7.9,0.05,7.9,1.1,33.7,"1,300",16
2020,Q2,WASHINGTON,"5,000","114,000",50000,"3,500",3,0.7,1.3,1,0.05,0.05,10.6,"3,300",3
2020,Q2,WEST VIRGINIA,"1,600","7,500",7500,570,8,0.7,2.8,0.5,1.8,1.9,46.2,"1,500",20
2020,Q2,WISCONSIN,"14,000","55,000",27000,"1,700",3,25,25.8,25.1,27.3,26.1,46.1,"4,600",8
2020,Q2,WYOMING,"4,400","30,000",17500,"2,000",7,0.1,3.5,1.1,0.05,1.2,28.8,"2,100",7
2020,Q3,ALABAMA,"1,800","19,000",9000,"3,700",19,0,5.4,12,29.1,11.7,64.9,990,5
2020,Q3,ARIZONA,"2,600","30,000",28000,"8,000",27,1.9,9.3,1.7,0.05,12.2,24.1,"1,800",6
2020,Q3,ARKANSAS,"1,500","22,000",19000,"1,700",8,3.9,1.3,13.9,15.6,8.6,33.9,390,2
2020,Q3,CALIFORNIA,"61,000","700,000",640000,"69,000",10,7.3,8.1,6.3,11.4,3.6,33.9,"108,000",15
2020,Q3,COLORADO,"3,800","29,000",29000,"7,000",24,0.05,6.3,0,1.1,19.8,23.1,"5,500",19
2020,Q3,CONNECTICUT,130,"4,700",4700,300,6,0,4,0,1.4,0,20.2,150,3
2020,Q3,FLORIDA,"36,000","230,000",220000,"29,000",13,12.8,7.9,14.8,19.9,10.9,42.2,"31,000",13
2020,Q3,GEORGIA,"22,000","163,000",150000,"23,000",14,3.5,5.3,3.4,22.5,13,49.6,"35,000",21
2020,Q3,HAWAII,"4,000","18,500",18500,500,3,0.05,0.5,0.05,63.5,0.05,62.7,"3,400",18
2020,Q3,IDAHO,"18,500","85,000",70000,"11,000",13,6.7,9,10.9,2.6,3.8,45,"8,500",10
2020,Q3,ILLINOIS,770,"14,000",14000,"1,400",10,1.8,6.6,4.9,15.6,8.4,28.1,690,5
2020,Q3,INDIANA,"1,200","15,000",15000,"1,600",11,1.7,0.7,24.5,12,1.3,41.4,"2,700",18
2020,Q3,IOWA,"1,100","38,000",34000,"1,800",5,3.9,4.5,6.3,29.4,0.05,49.1,"2,900",8
2020,Q3,KANSAS,600,"7,000",7000,910,13,15.6,2.1,34.1,24.8,0.05,93.8,730,10
2020,Q3,KENTUCKY,800,"12,000",11500,"1,400",12,1.4,2.4,1.6,4,5.1,23.3,510,4
2020,Q3,LOUISIANA,"1,200","48,000",48000,"2,600",5,4.7,3.6,0.8,14.4,3.4,27.2,"3,100",6
2020,Q3,MAINE,700,"10,000",9500,"1,500",15,0.7,4.6,0,2.5,6.2,65.2,820,8
2020,Q3,MARYLAND,"1,200","7,500",7500,690,9,0.05,0.6,0.05,4.8,2.9,17.6,220,3
2020,Q3,MASSACHUSETTS,840,"11,000",11000,330,3,1.5,1.2,0.8,1.6,0.7,29.7,810,7
2020,Q3,MICHIGAN,"37,000","106,000",96000,"34,000",32,3.4,5.9,8.9,14.5,1,53.1,"11,000",10
2020,Q3,MINNESOTA,"1,800","119,000",114000,"10,500",9,0.05,2.2,8.2,3.7,1.7,46.3,"3,700",3
2020,Q3,MISSISSIPPI,"2,500","29,000",26000,"1,600",6,0.05,3.3,0.05,41.8,6.2,45.7,130,0.05
2020,Q3,MISSOURI,290,"8,000",8000,730,9,0.05,2.4,1.1,8.8,2.4,30.8,820,10
2020,Q3,MONTANA,"6,500","139,000",138000,"8,500",6,0.9,8.6,0.05,2.1,1.2,36.6,"28,000",20
2020,Q3,NEBRASKA,"3,000","48,000",47000,"4,300",9,3.3,21.4,19.8,0.8,0.05,23.4,"3,100",6
2020,Q3,NEW JERSEY,"1,500","18,500",17500,"2,300",12,0,0.05,16.3,5.6,0.05,21.7,"1,800",10
2020,Q3,NEW MEXICO,"3,300","5,500",5500,"1,600",29,0,0.5,0,32.9,0.05,33.8,760,14
2020,Q3,NEW YORK,"5,500","61,000",61000,"3,600",6,6.3,2.1,3.3,7.8,1.1,18.2,"1,600",3
2020,Q3,NORTH CAROLINA,950,"27,000",26000,"4,600",17,0.05,0.05,0.05,17.9,0.05,70.5,"5,500",20
2020,Q3,NORTH DAKOTA,"57,000","495,000",455000,"53,000",11,12.3,9.3,4.1,15.9,1.4,61.3,"33,000",7
2020,Q3,OHIO,730,"22,000",22000,"1,900",9,0.8,10.8,3.7,10.4,1.4,28.6,"2,100",10
2020,Q3,OKLAHOMA,150,"8,000",7000,"1,100",14,0.9,2.4,1.7,8,0.8,52.4,930,12
2020,Q3,OREGON,"13,000","124,000",102000,"12,000",10,3.8,7.1,0.5,2.5,2.4,42.4,"28,000",23
2020,Q3,OTHER STATES,"2,230","11,630",10630,"2,080",18,0.05,14.1,6.3,7.1,0.05,76.4,700,6
2020,Q3,PENNSYLVANIA,"2,500","27,000",27000,"2,200",8,1.2,5.5,1.6,12.3,2.3,32.2,"1,200",4
2020,Q3,SOUTH CAROLINA,"1,200","13,500",12000,"1,800",13,0.05,1.5,6.2,28.9,0.9,27.1,"2,200",16
2020,Q3,SOUTH DAKOTA,"30,000","235,000",230000,"66,000",28,2.1,61.4,64.9,7,2,87,"12,500",5
2020,Q3,TENNESSEE,460,"15,000",15000,"2,200",15,2.3,2.4,0.5,15.5,2.2,37.7,860,6
2020,Q3,TEXAS,"9,000","173,000",167000,"9,500",5,2,1.6,6.7,13.6,0.6,20.2,"7,500",4
2020,Q3,UTAH,"1,500","30,000",24000,"2,000",7,0.05,3.7,31.6,0.05,3.9,61.7,"2,300",8
2020,Q3,VERMONT,700,"7,500",7500,210,3,0.9,0.9,3.8,0.7,0.05,26.6,180,2
2020,Q3,VIRGINIA,910,"8,500",8500,"1,200",14,0.05,4.1,0.05,8.3,5.8,27.5,730,9
2020,Q3,WASHINGTON,"5,000","104,000",94000,"7,000",7,0.05,1.3,10.5,0.05,0.6,19.2,"8,500",8
2020,Q3,WEST VIRGINIA,210,"8,000",8000,540,7,4.7,1.7,4.7,10.1,2.6,17.7,800,10
2020,Q3,WISCONSIN,970,"68,000",68000,"8,000",12,12.9,13.8,26.1,22.8,20.4,43.1,"9,000",13
2020,Q3,WYOMING,640,"34,000",33000,"3,600",11,0.7,1.8,5.9,0.05,0.9,13.4,"7,500",22
2020,Q4,ALABAMA,750,"17,000",17000,"1,100",6,15.4,2.3,2,43.2,16.9,50.8,60,0.05
2020,Q4,ARIZONA,"5,500","27,000",25000,"4,000",15,0.05,2.3,4.5,0.05,18.3,22.5,600,2
2020,Q4,ARKANSAS,380,"23,000",22000,"2,100",9,1.7,5.9,12.8,12.9,5.7,43.1,780,3
2020,Q4,CALIFORNIA,"120,000","1,400,000",700000,"164,000",12,7.1,4.2,4.8,11.1,4,45.5,"58,000",4
2020,Q4,COLORADO,930,"19,000",19000,"5,000",26,0.05,0.9,0,0,1.5,14.9,20,0.05
2020,Q4,CONNECTICUT,20,"4,600",4300,500,11,0.1,4.3,0,0.9,8.2,49.4,20,0.05
2020,Q4,FLORIDA,"50,000","290,000",240000,"29,000",10,10.4,2.3,19.6,21.7,7.5,45.7,"17,500",6
2020,Q4,GEORGIA,"11,000","174,000",165000,"30,000",17,1.8,1.9,7.5,12.9,6.7,35.5,"11,000",6
2020,Q4,HAWAII,200,"22,000",22000,"2,700",12,0.05,2.9,0,65.2,0,57.2,370,2
2020,Q4,IDAHO,"8,000","180,000",94000,"19,000",11,4.3,4.8,4.8,8.9,5.4,52.1,"1,700",1
2020,Q4,ILLINOIS,330,"13,000",13000,"1,700",13,1.1,2.7,2.9,9.8,6.9,26.4,410,3
2020,Q4,INDIANA,240,"11,000",10000,930,8,0.05,2.4,1.9,4.1,5.7,26.3,260,2
2020,Q4,IOWA,700,"38,000",38000,"4,800",13,2.6,1.8,0.05,0.9,1.4,39.8,850,2
2020,Q4,KANSAS,460,"7,000",6000,"2,400",34,1.2,26.4,33.3,30.3,25.9,37.7,170,2
2020,Q4,KENTUCKY,380,"11,500",11500,"1,100",10,0,8.2,0,8.8,9,23.8,520,5
2020,Q4,LOUISIANA,30,"52,000",46000,"1,700",3,0,2.9,0.05,2.9,0.05,22.2,620,1
2020,Q4,MAINE,180,"9,000",9000,100,1,0.5,1.2,0,0.05,0.6,30.8,250,3
2020,Q4,MARYLAND,60,"8,000",6000,980,12,1.5,6.2,0.7,1.8,2.1,27.5,460,6
2020,Q4,MASSACHUSETTS,270,"10,000",10000,390,4,0.05,0.05,0.05,1.2,0.9,17.4,90,1
2020,Q4,MICHIGAN,"2,400","101,000",97000,"10,500",10,5.3,3.6,3.1,5.4,4.3,42.9,"1,600",2
2020,Q4,MINNESOTA,"1,200","105,000",99000,"9,500",9,1,1.8,19.2,1.6,2.6,17.2,340,0.05
2020,Q4,MISSISSIPPI,300,"37,000",30000,"3,800",10,0,7.8,0.6,1.5,5.9,7.8,30,0.05
2020,Q4,MISSOURI,20,"7,000",6500,750,11,0.05,3.1,0.5,7.9,0.8,13.1,110,2
2020,Q4,MONTANA,"3,500","92,000",81000,"14,000",15,11.6,4.4,2.6,11.6,6,15.1,290,0.05
2020,Q4,NEBRASKA,280,"43,000",43000,"7,000",16,0.5,1.4,0.05,0.05,6.3,3.6,"2,500",6
2020,Q4,NEW JERSEY,"2,000","18,000",18000,310,2,0.5,0.2,0.6,2.1,0.7,6.8,480,3
2020,Q4,NEW MEXICO,80,"3,600",2400,190,5,1,2,0,0.05,0.9,15.7,50,1
2020,Q4,NEW YORK,"2,400","52,000",52000,"4,100",8,0.05,4.5,0.05,7.2,4.1,19.2,"5,000",10
2020,Q4,NORTH CAROLINA,200,"22,000",16500,"2,500",11,0.05,0.6,5.1,14,1.9,37.7,"9,000",41
2020,Q4,NORTH DAKOTA,"12,500","445,000",445000,"45,000",10,5.1,1.1,11.5,0.5,5.5,60.2,,0
2020,Q4,OHIO,10,"21,000",21000,"1,600",8,0.9,2.5,6.4,12.4,1.7,42.4,490,2
2020,Q4,OKLAHOMA,250,"28,000",7000,300,1,0.05,0.05,0.05,1.1,0.8,2.3,,0
2020,Q4,OREGON,"7,000","123,000",122000,"15,500",13,3.7,3.8,1.6,4.6,3.9,28.5,"2,600",2
2020,Q4,OTHER STATES,80,"10,740",10640,"2,470",23,0.05,12.5,0.05,1.1,7.4,44.5,"1,300",12
2020,Q4,PENNSYLVANIA,580,"25,000",23000,"1,900",8,1.3,1.8,1.9,3.9,2.6,28.1,440,2
2020,Q4,SOUTH CAROLINA,270,"18,500",11500,"2,600",14,0,2.7,1.3,4.2,3.8,22.9,210,1
2020,Q4,SOUTH DAKOTA,"1,000","197,000",197000,"16,000",8,6.5,0.05,4.5,1.4,1.8,22.6,150,0.05
2020,Q4,TENNESSEE,20,"13,500",13500,680,5,0.05,2.1,5.1,25.4,5.2,33.8,640,5
2020,Q4,TEXAS,"27,000","255,000",144000,"43,000",17,0.05,5.7,5,6.5,9.6,27.4,"1,700",1
2020,Q4,UTAH,"1,800","29,000",29000,"3,800",13,0.05,0.7,6.8,0.05,17.6,49.5,50,0.05
2020,Q4,VERMONT,30,"8,000",8000,270,3,0.5,0.6,0,0.05,0.05,10,,0
2020,Q4,VIRGINIA,70,"8,500",8000,"1,000",12,1.6,5.4,2,13.6,2.9,30.3,450,5
2020,Q4,WASHINGTON,"6,000","103,000",102000,"16,500",16,22.9,4.7,2.6,20.2,4.4,25.5,"2,000",2
2020,Q4,WEST VIRGINIA,120,"7,500",7500,550,7,0.05,4.5,1,4.3,1.1,7.2,800,11
2020,Q4,WISCONSIN,"2,800","60,000",60000,"8,000",13,0.05,1.8,7.4,0.6,1.2,29.3,"4,700",8
2020,Q4,WYOMING,160,"25,000",23000,"1,600",6,0.05,2.2,2.4,0,1.4,19.2,380,2
2021,Q1,ALABAMA,670,"10,000",10000,"1,100",11,0,3.1,0.05,30.3,4,52.2,200,2
2021,Q1,ARIZONA,"4,500","28,000",28000,"6,500",23,6,0.5,0,6.1,3.8,6.7,"4,500",16
2021,Q1,ARKANSAS,690,"21,000",21000,"4,900",23,0,3.8,13.2,18.3,2.5,27.2,130,1
2021,Q1,CALIFORNIA,"189,000","1,600,000",1180000,"275,000",17,1.7,6.2,7.2,5.7,3.4,29.9,"84,000",5
2021,Q1,COLORADO,"1,000","16,500",3000,700,4,0,1,0,0,7,7.9,30,0.05
2021,Q1,CONNECTICUT,400,"4,200",4200,800,19,0,1.6,0.5,3.5,1,17.8,50,1
2021,Q1,FLORIDA,"47,000","305,000",300000,"31,000",10,5.6,6.3,6.6,11.9,3.4,34.6,"17,000",6
2021,Q1,GEORGIA,"34,000","120,000",120000,"20,000",17,8.9,4.1,1.5,14.4,4.6,47.9,"14,500",12
2021,Q1,HAWAII,"2,300","19,500",19500,800,4,0,4.7,0,52.2,0,53,"1,600",8
2021,Q1,IDAHO,"11,000","193,000",167000,"14,500",8,0,1.6,8.9,9.9,1.5,30,"9,000",5
2021,Q1,ILLINOIS,"2,500","13,000",11500,"3,000",23,1.6,17.9,1.3,12.9,9.4,28.8,200,2
2021,Q1,INDIANA,"2,400","11,000",10000,"2,600",24,0,4.8,0.7,5.4,4.4,34.1,20,0.05
2021,Q1,IOWA,"1,100","26,000",15000,"2,100",8,0.05,7.8,3.7,0.7,3.8,18.9,30,0.05
2021,Q1,KANSAS,"1,000","8,000",5000,"1,400",18,0,19.1,0,2.8,2.2,25.7,10,0.05
2021,Q1,KENTUCKY,"1,000","11,000",11000,"2,100",19,0.05,5.1,0,16.9,9.3,27.5,80,1
2021,Q1,LOUISIANA,"3,600","53,000",51000,"7,000",13,0,10,1.6,3.8,1.1,62.1,"3,000",6
2021,Q1,MAINE,60,"2,900",2900,300,10,0.05,2.2,0,2.6,2.1,7.2,80,3
2021,Q1,MARYLAND,"1,300","7,000",7000,"1,800",26,0,19.7,0.05,1.1,2.7,34.6,240,3
2021,Q1,MASSACHUSETTS,30,"5,000",5000,980,20,1,7.8,0.5,3.6,4.5,28.9,90,2
2021,Q1,MICHIGAN,320,"78,000",78000,"1,500",2,0.05,0.7,0.05,0.05,1.6,2.3,"4,100",5
2021,Q1,MINNESOTA,"1,300","73,000",61000,"3,200",4,0,2.8,2.5,0.6,0.05,6.3,140,0.05
2021,Q1,MISSISSIPPI,"14,000","36,000",31000,"5,500",15,0,15.5,1,3.8,4.7,19.7,70,0.05
2021,Q1,MISSOURI,110,"5,500",5500,900,16,0.05,13.1,0.8,5.6,5.3,16.6,40,1
2021,Q1,MONTANA,820,"51,000",40000,330,1,0,0.05,0,0,0.05,15,20,0.05
2021,Q1,NEBRASKA,930,"18,000",11000,640,4,0.05,1.7,1.5,0.05,0.7,11,0,0
2021,Q1,NEW JERSEY,900,"14,000",14000,350,3,1,1.2,1.3,1.5,0.8,18.7,80,1
2021,Q1,NEW MEXICO,170,"5,500",3500,270,5,0,6.5,0,0.05,1.9,14.2,0,0
2021,Q1,NEW YORK,"2,600","30,000",30000,"4,900",16,0.6,5.7,0.5,3.9,4.8,15,380,1
2021,Q1,NORTH CAROLINA,"1,900","24,000",18000,"4,000",17,0.05,0.6,0.05,7.2,0.5,23.5,110,0.05
2021,Q1,NORTH DAKOTA,"2,700","65,000",51000,180,0.05,1,1.5,0.05,0.5,0.05,12,0,0
2021,Q1,OHIO,120,"17,500",17500,"4,000",23,2.9,8.2,2,14.4,4.9,26.6,20,0.05
2021,Q1,OKLAHOMA,"4,100","28,000",28000,"2,600",9,0,4.2,0.05,0.05,2,7.6,360,1
2021,Q1,OREGON,"1,600","80,000",76000,"3,100",4,1.4,1.2,0,10.7,0.6,12.8,610,1
2021,Q1,OTHER STATES,750,"6,640",6640,540,8,4.1,6.6,0.05,1.2,1.1,19.4,70,1
2021,Q1,PENNSYLVANIA,"1,100","24,000",23000,"5,500",23,0.05,6.8,0,11.6,8.6,18.1,40,0.05
2021,Q1,SOUTH CAROLINA,930,"18,000",15500,"1,200",7,0.05,4.1,3.2,10.1,0.9,48.5,190,1
2021,Q1,SOUTH DAKOTA,0,"34,000",28000,450,1,0,0.05,0.05,0,0.8,8.6,0,0
2021,Q1,TENNESSEE,460,"13,500",12000,"2,200",16,1.4,2.6,0.8,5.2,8.9,34.4,310,2
2021,Q1,TEXAS,"61,000","355,000",240000,"30,000",8,1.5,7.4,5.8,13,0.05,17.7,"13,500",4
2021,Q1,UTAH,"2,700","19,500",17500,"2,600",13,0,1,2.4,0.9,6.3,45.4,0,0
2021,Q1,VERMONT,700,"7,500",7500,"1,300",17,3.7,10.1,0,0.05,0.05,21.1,70,1
2021,Q1,VIRGINIA,"1,800","7,500",7500,"1,400",19,0,3.9,1.9,1,4.9,11.9,50,1
2021,Q1,WASHINGTON,"9,500","70,000",48000,"5,500",8,1,4.5,0.05,2.3,0.05,14.8,850,1
2021,Q1,WEST VIRGINIA,200,"9,000",7000,"1,200",13,0.7,1.2,2.6,3.3,3.1,13.6,460,5
2021,Q1,WISCONSIN,230,"44,000",42000,"2,500",6,0.05,3.6,0,0.05,3.2,16.1,170,0.05
2021,Q1,WYOMING,"3,000","14,500",13000,"2,200",15,0.05,3.3,0,0.05,7.9,8.4,"1,200",8
2021,Q2,ALABAMA,"3,400","9,500",9500,"2,700",28,0.5,5.8,2.1,35,7.4,55.2,930,10
2021,Q2,ARIZONA,"12,000","26,000",26000,"4,300",17,3.6,7.1,1.2,0,6.9,7.4,"3,700",14
2021,Q2,ARKANSAS,"9,000","12,500",12500,"1,600",13,5.7,2,2.8,21.9,3.6,42.2,"5,500",44
2021,Q2,CALIFORNIA,"165,000","1,060,000",1090000,"114,000",11,7.7,11.6,16.1,11.5,3.8,42.4,"180,000",17
2021,Q2,COLORADO,"6,000","25,000",17000,"8,500",34,0,0.5,0.05,0.05,2.9,56.1,"1,100",4
2021,Q2,CONNECTICUT,"1,100","4,000",3800,60,2,0.1,1,0.05,6,0,16.5,340,9
2021,Q2,FLORIDA,"53,000","300,000",280000,"33,000",11,4.3,6.4,10.1,22.9,7.7,43.4,"31,000",10
2021,Q2,GEORGIA,"25,000","135,000",134000,"21,000",16,5.2,5.2,2.8,13.8,5.8,44.7,"18,500",14
2021,Q2,HAWAII,490,"21,000",21000,490,2,0,0.05,0,60.8,0.05,92.6,"1,200",6
2021,Q2,IDAHO,"40,000","120,000",86000,"19,500",16,5.4,2,9.9,1.9,6.2,31.9,"19,000",16
2021,Q2,ILLINOIS,"3,700","13,000",12500,"1,100",8,1.6,4.1,3.5,4.5,7.4,32.5,"2,100",16
2021,Q2,INDIANA,"4,000","13,000",11000,560,4,0.6,6.1,7,7.3,1.3,22.8,"1,000",8
2021,Q2,IOWA,"11,000","29,000",25000,"2,200",8,1.2,2.6,0.8,2.5,8.2,13.7,"3,900",13
2021,Q2,KANSAS,"4,800","8,000",7500,"1,900",24,7.2,1.5,8.6,21.6,6.5,47.8,"1,600",20
2021,Q2,KENTUCKY,"2,100","11,500",10000,270,2,1,4.2,2.2,4,2.6,21.5,"4,500",39
2021,Q2,LOUISIANA,"8,000","29,000",29000,"2,300",8,0.05,10.6,0.05,3.7,0.9,29.1,"2,000",7
2021,Q2,MAINE,430,"18,000",2200,"1,100",6,0.05,1.5,0,0,0,13.9,260,1
2021,Q2,MARYLAND,"2,600","7,500",6500,320,4,0.05,2,0.6,8.9,1.4,17.2,690,9
2021,Q2,MASSACHUSETTS,"2,000","12,000",3700,810,7,0.05,0.05,34,34.3,0,45.5,310,3
2021,Q2,MICHIGAN,"10,000","112,000",74000,"3,500",3,0.8,0.8,3.5,2.7,0.05,44.8,"8,000",7
2021,Q2,MINNESOTA,"29,000","98,000",69000,"5,500",6,0.05,1.1,12.8,0,1.1,13.1,"4,000",4
2021,Q2,MISSISSIPPI,"9,500","35,000",34000,"4,600",13,3.2,3.2,0.5,11.3,9.9,46.7,"8,000",23
2021,Q2,MISSOURI,"2,300","4,800",4800,670,14,1.8,8.3,0.9,8.8,4.8,21.9,670,14
2021,Q2,MONTANA,"13,500","116,000",38000,"3,200",3,1.5,5.2,13.3,0,3,20.8,"15,500",13
2021,Q2,NEBRASKA,"9,000","37,000",18500,"1,800",5,0.05,3.2,7.4,0.05,1.3,17.3,810,2
2021,Q2,NEW JERSEY,"1,400","19,500",14500,410,2,0,1.8,2.6,5.5,1.3,11.8,140,1
2021,Q2,NEW MEXICO,560,"5,500",5500,670,12,1.3,0,2.5,1.2,0.05,60,"2,300",42
2021,Q2,NEW YORK,"15,000","50,000",28000,"3,000",6,0.5,2.3,1.7,3.9,3.5,35.8,"4,100",8
2021,Q2,NORTH CAROLINA,"6,000","23,000",22000,"1,700",7,0.05,0.05,0.05,3.5,0.05,35.8,"3,300",14
2021,Q2,NORTH DAKOTA,"11,500","495,000",42000,"6,000",1,0.05,2,0.05,0.7,0.05,29.2,"3,600",1
2021,Q2,OHIO,"8,000","13,500",13000,820,6,6.6,7.1,4.1,37.8,3.1,62.1,"2,400",18
2021,Q2,OKLAHOMA,"4,200","17,000",17000,"3,600",21,0.05,7,0.05,2.1,1,3.1,190,1
2021,Q2,OREGON,"25,000","108,000",60000,"3,300",3,6.2,6.5,10.1,8.3,1.8,17.2,"19,500",18
2021,Q2,OTHER STATES,"2,880","8,460",6020,140,2,0.05,5.7,4.6,0.05,4.7,42.8,"3,130",37
2021,Q2,PENNSYLVANIA,"7,000","23,000",20000,"2,000",9,1.4,1.2,2.6,5,0.5,21.4,"2,700",12
2021,Q2,SOUTH CAROLINA,"4,200","19,000",18000,"1,700",9,2.1,9.1,0.05,32.7,5,48.4,"4,900",26
2021,Q2,SOUTH DAKOTA,"39,000","210,000",16500,"7,000",3,3.6,27.3,4.2,12,0.7,49.4,"19,000",9
2021,Q2,TENNESSEE,"4,800","12,000",12000,720,6,0.05,3.1,2.4,10.3,0.05,22.4,"3,400",28
2021,Q2,TEXAS,"67,000","425,000",365000,"74,000",17,0,5.7,11.5,3.4,0.05,38.1,"72,000",17
2021,Q2,UTAH,"9,500","31,000",20000,"3,800",12,10.3,0.05,18.7,25.7,1.4,40,"3,700",12
2021,Q2,VERMONT,770,"7,000",7000,40,1,0.5,1.5,0,0.8,0,28.1,570,8
2021,Q2,VIRGINIA,"3,100","8,500",8000,530,6,3.6,2.7,2.1,6.3,3.7,13.3,820,10
2021,Q2,WASHINGTON,"9,500","122,000",66000,"2,900",2,8.4,4.7,1.2,19.1,0.05,31.7,"2,600",2
2021,Q2,WEST VIRGINIA,"1,900","9,000",8000,170,2,1.1,1,0,3.9,2.2,5.2,390,4
2021,Q2,WISCONSIN,"10,000","57,000",42000,"2,100",4,1.2,1.1,15.1,19.3,2.2,26.1,"7,500",13
2021,Q2,WYOMING,"7,500","30,000",13500,"2,700",9,0,1.5,6.9,0.9,2.4,8.3,"4,900",16
2021,Q3,ALABAMA,950,"9,500",9500,"1,400",15,0.9,16.3,11,25.9,1.9,37.4,280,3
2021,Q3,ARIZONA,"2,000","31,000",31000,"6,500",21,0.7,5.4,6.6,1.5,10.6,20.3,"2,300",7
2021,Q3,ARKANSAS,"2,400","20,000",20000,"1,800",9,3.2,5.8,30.6,32.9,4.9,42.3,"1,700",9
2021,Q3,CALIFORNIA,"47,000","680,000",650000,"25,000",4,14.2,11,13,16.5,5,39.6,"51,000",8
2021,Q3,COLORADO,"1,500","22,000",22000,"1,700",8,2.9,6.4,0,0.05,0.8,7.8,750,3
2021,Q3,CONNECTICUT,140,"4,200",4200,120,3,0.7,2.4,3.9,0.8,5.9,16.4,170,4
2021,Q3,FLORIDA,"34,000","255,000",235000,"39,000",15,7.1,11.4,14.1,20.5,8.7,43.4,"27,000",11
2021,Q3,GEORGIA,"28,000","123,000",116000,"22,000",18,4.8,13.4,12,32.2,7.6,63.9,"35,000",28
2021,Q3,HAWAII,100,"21,000",21000,"1,100",5,0.05,0,18,19,0.9,29.6,520,2
2021,Q3,IDAHO,"7,000","135,000",86000,"3,500",3,2.6,7,7,1.8,1.5,55.2,"3,000",2
2021,Q3,ILLINOIS,640,"14,500",14500,680,5,1.4,4.4,3.3,9.5,5.7,37.7,"1,200",8
2021,Q3,INDIANA,770,"16,500",16500,"1,700",10,5.2,1.9,17.4,23.7,2.3,39.3,"1,400",8
2021,Q3,IOWA,"1,000","54,000",37000,"4,500",8,2.8,0.05,5.9,1.6,2.2,7.5,130,0.05
2021,Q3,KANSAS,500,"9,000",9000,"1,600",18,10.1,17.7,14.9,31.1,14.7,66.8,"1,300",14
2021,Q3,KENTUCKY,900,"10,500",10500,"1,100",10,0.6,1.2,0.05,18.2,11,39.4,740,7
2021,Q3,LOUISIANA,"1,300","31,000",29000,"2,300",7,0,0.6,0,2.3,6,8,"2,800",9
2021,Q3,MAINE,380,"10,000",10000,"1,400",14,0.05,17,5,0,0,18.7,210,2
2021,Q3,MARYLAND,300,"6,000",6000,490,8,0.05,0.7,0.5,13.6,1.5,20,170,3
2021,Q3,MASSACHUSETTS,"1,700","13,000",13000,"1,100",8,0.6,0.5,1.5,8.7,4.5,23,"1,200",9
2021,Q3,MICHIGAN,"7,500","120,000",120000,"8,500",7,0.05,2.7,17,4.2,0.8,63.5,"4,800",4
2021,Q3,MINNESOTA,"5,000","106,000",106000,"7,000",7,0.05,2.3,10.5,1.1,1.8,27.5,"1,300",1
2021,Q3,MISSISSIPPI,770,"18,500",18500,"1,900",10,1.3,3,0.05,1.1,7.8,25.3,310,2
2021,Q3,MISSOURI,420,"7,000",6500,480,7,0.05,2.1,1.3,14.4,8.7,24,900,13
2021,Q3,MONTANA,870,"114,000",103000,"6,000",5,1.2,14.8,0.05,1.5,0.5,19.5,"7,500",7
2021,Q3,NEBRASKA,"1,200","49,000",45000,"6,000",12,0.05,3.2,1.8,0.05,1.8,13.7,"1,800",4
2021,Q3,NEW JERSEY,390,"19,500",19500,400,2,0.05,0.7,1.8,4.9,1.9,10.7,480,2
2021,Q3,NEW MEXICO,40,"5,500",5500,30,1,1.1,0,0,4.4,0,22.5,130,2
2021,Q3,NEW YORK,"2,200","67,000",62000,"5,500",8,3,11.8,5.6,14.1,11.2,37.7,"5,000",7
2021,Q3,NORTH CAROLINA,"3,800","25,000",23000,"3,000",12,0.9,6.6,0.05,10.4,1,29.3,"2,200",9
2021,Q3,NORTH DAKOTA,"7,500","580,000",510000,"67,000",12,2.2,7,4.1,6.1,5.5,31.7,"14,500",3
2021,Q3,OHIO,"1,300","21,000",21000,"1,700",8,0.7,8.2,23,49.9,4.1,78.7,"4,100",20
2021,Q3,OKLAHOMA,340,"3,300",3300,260,8,0.5,6.2,0.05,9.4,1.4,14.5,20,1
2021,Q3,OREGON,"9,000","132,000",130000,"14,000",11,3.4,9.6,10.9,8.4,1.3,39.4,"13,500",10
2021,Q3,OTHER STATES,210,"10,990",8890,530,5,0.05,4.6,11,10.9,2.2,31.7,"1,460",13
2021,Q3,PENNSYLVANIA,740,"28,000",25000,"1,600",6,1,4.2,2.6,15.3,3.8,40.5,980,4
2021,Q3,SOUTH CAROLINA,"2,500","20,000",17000,"2,200",11,2.8,4.3,1.3,5.3,3.2,15.8,460,2
2021,Q3,SOUTH DAKOTA,"7,000","235,000",230000,"29,000",12,1.1,14.1,3.9,4.6,1.3,18.3,"3,100",1
2021,Q3,TENNESSEE,850,"15,500",13500,"1,100",7,0.05,1.8,0.7,11.6,0.05,16,740,5
2021,Q3,TEXAS,"3,100","144,000",138000,"4,000",3,0.5,4.4,4.4,6,0.5,20.2,"6,000",4
2021,Q3,UTAH,"2,200","37,000",37000,"2,900",8,0.05,1.9,3.9,0.05,0.5,40,"1,900",5
2021,Q3,VERMONT,310,"7,000",7000,10,0.05,1.5,1.6,0,3,0.6,25.4,100,1
2021,Q3,VIRGINIA,530,"10,500",10500,890,8,0.9,4.6,0.8,12.1,1.9,19.2,750,7
2021,Q3,WASHINGTON,"4,300","79,000",72000,"4,900",6,4.9,12.7,2.3,2.2,1.6,34.3,"15,500",20
2021,Q3,WEST VIRGINIA,320,"8,000",8000,570,7,10.2,2.8,9.9,15.1,1.2,24.7,220,3
2021,Q3,WISCONSIN,"1,500","66,000",66000,"7,000",11,20.3,15.3,31.2,36.8,8,56,"4,300",7
2021,Q3,WYOMING,430,"36,000",27000,"2,200",6,0.05,0.8,0.5,0.05,0.8,4.7,"3,900",11
2021,Q4,ALABAMA,360,"9,000",9000,"1,100",12,3.5,2.5,6.8,44.7,1.4,60.8,10,0.05
2021,Q4,ARIZONA,"7,500","23,000",23000,"5,500",24,0.05,1.8,3.3,35.2,0.9,67.2,,0
2021,Q4,ARKANSAS,920,"18,000",18000,480,3,0,0.6,25.6,28.2,0.7,35.7,100,1
2021,Q4,CALIFORNIA,"15,000","1,210,000",640000,"50,000",4,3.7,2.8,1.9,4.8,2,14.6,"29,000",2
2021,Q4,COLORADO,200,"13,000",12000,"1,600",12,0,2.6,0.05,0.05,3.7,4.6,,0
2021,Q4,CONNECTICUT,140,"4,000",4000,180,5,0.6,0.6,0.6,0.6,2.8,20.6,130,3
2021,Q4,FLORIDA,"20,000","310,000",255000,"38,000",12,5.9,8.8,9.1,19,13.6,28.9,"11,000",4
2021,Q4,GEORGIA,"12,500","132,000",131000,"24,000",18,0.5,5.7,7.8,24.7,7.2,41,"12,000",9
2021,Q4,HAWAII,"1,100","20,000",20000,100,1,19.7,0,0,64.2,0,66.1,530,3
2021,Q4,IDAHO,250,"230,000",141000,"22,000",10,4.9,4,12,8,11.2,58.1,"4,300",2
2021,Q4,ILLINOIS,180,"12,500",12500,"1,300",10,2.4,2.3,1.4,9.1,7.2,31.9,810,6
2021,Q4,INDIANA,130,"14,500",14500,"1,700",12,11.3,1.5,21.3,19.6,1.9,43.6,"2,400",17
2021,Q4,IOWA,170,"51,000",51000,"4,000",8,0.9,1,17,1.2,1.7,17.9,90,0.05
2021,Q4,KANSAS,140,"8,000",8000,"2,100",26,1.5,14.6,15.5,20.1,13.9,30.5,50,1
2021,Q4,KENTUCKY,120,"10,500",10500,880,8,2.3,13.2,0.05,39,12,54.1,460,4
2021,Q4,LOUISIANA,"1,400","36,000",30000,"2,800",8,0,0.05,0.05,5.4,5.3,28.2,"1,300",4
2021,Q4,MAINE,70,"5,500",5500,700,13,0,15.2,0,18.1,2,29.3,160,3
2021,Q4,MARYLAND,"1,200","6,000",5500,720,12,0.05,3.1,0,12.2,0.7,21.2,,0
2021,Q4,MASSACHUSETTS,20,"10,500",10500,290,3,0.5,0.05,0,0.05,0.6,5.4,50,0.05
2021,Q4,MICHIGAN,140,"105,000",105000,"6,000",6,0,0.9,3.1,2.2,1.5,8.7,"2,200",2
2021,Q4,MINNESOTA,"4,900","100,000",100000,"10,500",11,0,0.6,3.4,0.05,1.4,8,350,0.05
2021,Q4,MISSISSIPPI,30,"23,000",15500,"3,000",13,0,0.05,5.8,8.6,8.3,27.8,240,1
2021,Q4,MISSOURI,190,"7,500",6000,590,8,0.05,1.3,1.1,6.3,0.8,17.3,120,2
2021,Q4,MONTANA,"3,200","102,000",92000,"17,000",17,3.1,4.9,0,2.9,0.05,27.2,"8,000",8
2021,Q4,NEBRASKA,10,"43,000",43000,"7,500",17,2.8,1.8,4.2,1.5,0.05,28,250,1
2021,Q4,NEW JERSEY,350,"19,500",19500,430,2,0.05,0.05,0,5.9,0.05,8.6,,0
2021,Q4,NEW MEXICO,"2,000","5,500",5500,"1,900",35,0,0.05,14.1,44.4,0.7,65.6,,0
2021,Q4,NEW YORK,440,"66,000",65000,"21,000",32,1,13.6,1.3,34.5,3.5,48,"26,000",39
2021,Q4,NORTH CAROLINA,260,"22,000",21000,"2,100",10,0,0.05,0.05,1.4,5.1,24.1,360,2
2021,Q4,NORTH DAKOTA,"11,000","485,000",485000,"27,000",6,2.8,7.8,0.05,0.9,0.05,28,"8,000",2
2021,Q4,OHIO,300,"17,000",13500,"1,600",9,0.05,1.5,2.5,10.9,6.6,36.6,460,3
2021,Q4,OKLAHOMA,230,"21,000",3300,"1,400",7,0.05,0.05,0.5,3.2,0.8,5.6,950,5
2021,Q4,OREGON,680,"103,000",103000,"10,500",10,8.7,1.3,2,23.3,0.05,28.8,"29,000",28
2021,Q4,OTHER STATES,140,"8,990",8990,510,6,0.9,4.2,0.05,0.05,0.05,14.2,110,1
2021,Q4,PENNSYLVANIA,250,"26,000",26000,"2,400",9,3.5,7,3.4,8.2,1.1,30.3,150,1
2021,Q4,SOUTH CAROLINA,70,"21,000",20000,"3,200",15,0.05,0.8,11.3,5.5,2,28.1,150,1
2021,Q4,SOUTH DAKOTA,"1,400","190,000",190000,"11,500",6,0.05,1.7,7.4,9,1.6,45.8,120,0.05
2021,Q4,TENNESSEE,20,"15,500",15500,"1,400",9,0.5,2.5,1.4,5.1,1,33.5,"1,200",8
2021,Q4,TEXAS,"2,100","290,000",146000,"23,000",8,1.2,4.1,9.8,8.3,5.5,19.4,"1,700",1
2021,Q4,UTAH,"1,500","37,000",37000,"3,200",9,0.7,2,0.7,0.7,4.7,4.8,"1,400",4
2021,Q4,VERMONT,0,"7,000",7000,40,1,0.05,0.05,0,0.6,0.8,16.1,50,1
2021,Q4,VIRGINIA,160,"8,500",8500,930,11,0.8,5.2,0.5,19.1,3.2,31.8,210,2
2021,Q4,WASHINGTON,"1,400","83,000",79000,"6,500",8,2,7.6,2.5,2.7,0.8,42.3,"2,300",3
2021,Q4,WEST VIRGINIA,10,"7,500",7500,560,7,0.6,1,1.9,6.3,3.1,13.8,100,1
2021,Q4,WISCONSIN,"1,100","47,000",47000,"5,500",12,0.5,2.5,0.7,0.05,0.7,28.4,150,0.05
2021,Q4,WYOMING,660,"22,000",21000,"2,400",11,9.3,2.3,0,2.3,0.6,14.7,560,3
2022,Q1,ALABAMA,"1,600","11,500",7500,"1,100",10,0,10.8,3.7,17,5.3,36.9,520,5
2022,Q1,ARIZONA,720,"32,000",25000,"2,300",7,3,0.05,0.05,0,0.5,14.8,10,0.05
2022,Q1,ARKANSAS,780,"21,000",18500,"2,600",12,0,1.3,23.1,28.1,8.9,39.8,20,0.05
2022,Q1,CALIFORNIA,"139,000","1,520,000",1060000,"162,000",11,3.3,3.9,5.3,7.2,4.2,29.7,"95,000",6
2022,Q1,COLORADO,0,"8,500",3800,540,6,3.8,3.4,0.6,0,2.6,13.5,10,0.05
2022,Q1,CONNECTICUT,10,"4,500",3500,420,9,1.4,3.5,0.05,2.3,1.2,10.2,170,4
2022,Q1,FLORIDA,"50,000","295,000",295000,"24,000",8,3.7,6.4,9.8,13.1,8.2,39,"13,500",5
2022,Q1,GEORGIA,"26,000","119,000",118000,"14,000",12,0.6,5.9,5.1,17.4,3,41.2,"18,000",15
2022,Q1,IDAHO,"7,500","215,000",194000,"8,000",4,0.05,1.4,35.5,1.1,1.3,57,"1,000",0.05
2022,Q1,ILLINOIS,900,"11,500",11500,"2,200",19,2,5.4,4.3,6.9,10.6,20.1,140,1
2022,Q1,INDIANA,"1,300","9,500",9500,"2,900",31,1.7,9.7,3.6,11.5,5.9,28.5,30,0.05
2022,Q1,IOWA,610,"29,000",26000,"2,800",10,0.7,1.6,0.9,13,5.1,29.7,30,0.05
2022,Q1,KANSAS,240,"5,000",4000,520,10,3.7,4.2,1.7,21.8,5.1,37.8,60,1
2022,Q1,KENTUCKY,50,"9,500",8500,"1,300",14,3,5.6,2.8,3.9,11,15.6,160,2
2022,Q1,LOUISIANA,"11,000","37,000",35000,"6,000",16,0,0.6,0,48.1,7.6,61.1,"2,200",6
2022,Q1,MAINE,0,"8,000",3100,340,4,0,7,0,1.2,1.2,7.3,120,2
2022,Q1,MARYLAND,"1,100","8,500",6500,"1,900",22,0.6,12.1,2.3,7.4,13.6,23.7,"1,000",12
2022,Q1,MASSACHUSETTS,350,"6,000",6000,950,16,0.7,1.6,0,2.9,2.7,13.4,510,9
2022,Q1,MICHIGAN,"1,400","71,000",66000,"4,500",6,1.9,4.2,1.4,1.9,0.05,6.1,"2,500",4
2022,Q1,MINNESOTA,"4,800","97,000",78000,"1,500",2,0,0.05,0.05,0,1,1.1,80,0.05
2022,Q1,MISSISSIPPI,"12,000","37,000",20000,"3,400",9,6.1,1.8,2,12.5,8.9,53.1,"2,300",6
2022,Q1,MISSOURI,310,"11,000",4800,730,7,0.05,5.3,0.5,8.6,5.2,11.1,570,5
2022,Q1,MONTANA,30,"54,000",45000,300,1,0,0.05,0,0,0.05,0.5,0,0
2022,Q1,NEBRASKA,30,"30,000",24000,840,3,0.7,0.05,0,0,2.3,3.2,0,0
2022,Q1,NEW JERSEY,"1,500","15,000",11500,550,4,0.05,0.6,0,3.9,1.8,13.3,30,0.05
2022,Q1,NEW MEXICO,"1,000","8,000",5500,"1,900",24,0.05,0.5,0,0.05,0.05,48.7,0,0
2022,Q1,NEW YORK,370,"44,000",44000,"5,500",13,0.05,7.7,3.1,4.1,6.6,16.6,730,2
2022,Q1,NORTH CAROLINA,"3,100","24,000",20000,"2,300",10,0.05,2.4,0,7.6,1,23.4,520,2
2022,Q1,NORTH DAKOTA,300,"89,000",75000,120,0.05,0,0,0,0,0.05,33.1,0,0
2022,Q1,OHIO,"1,600","16,000",16000,"2,400",15,0.7,2.2,1.7,4.8,7.2,18,530,3
2022,Q1,OKLAHOMA,50,"20,000",20000,"3,000",15,0,0,0,0.05,0.05,18.8,"3,500",18
2022,Q1,OREGON,"2,400","96,000",85000,"5,000",5,0,0.05,1.4,0,1.1,11.4,310,0.05
2022,Q1,OTHER STATES,620,"30,870",24870,"2,310",7,1,2.8,0.05,58.9,0.05,65.6,"1,060",3
2022,Q1,PENNSYLVANIA,"2,500","23,000",20000,"2,800",12,0.05,3.1,0.6,3.9,3,14.6,360,2
2022,Q1,SOUTH CAROLINA,"4,500","20,000",17000,"2,500",13,0,4.5,0.05,3.8,3.1,38,830,4
2022,Q1,SOUTH DAKOTA,40,"28,000",21000,"1,000",4,0,1.8,0.05,3.4,0.05,4.2,0,0
2022,Q1,TENNESSEE,"1,300","10,500",10500,"2,300",22,1,3.3,0.05,5.1,3,12.9,200,2
2022,Q1,TEXAS,"80,000","400,000",270000,"37,000",9,0.6,6,3.6,2.1,1.5,21.2,"34,000",9
2022,Q1,UTAH,"4,600","32,000",28000,"4,100",13,3,0.05,0,1.5,0.5,22.2,740,2
2022,Q1,VERMONT,250,"7,500",7000,380,5,1.3,2.7,4,1.9,0.5,15.2,0,0
2022,Q1,VIRGINIA,"1,100","9,500",7500,"1,700",18,2.5,12,0.05,13.9,7.8,25.7,200,2
2022,Q1,WASHINGTON,"1,400","102,000",70000,"7,500",7,3.6,2.6,0,4,0.05,8.3,"6,000",6
2022,Q1,WEST VIRGINIA,"1,000","5,000",4600,"1,000",20,1.7,6,1.2,7.4,0.9,15.8,200,4
2022,Q1,WISCONSIN,"1,400","53,000",39000,"2,800",5,0.05,2,6.5,0.05,0.5,7.9,240,0.05
2022,Q1,WYOMING,20,"8,000",6000,180,2,0,1.2,0,0,0.8,2.2,0,0
2022,Q2,ALABAMA,"4,600","12,000",12000,"1,500",13,1,17.9,6.9,14.3,3.7,36,"1,900",16
2022,Q2,ARIZONA,"17,500","32,000",31000,"4,300",13,1.3,4.8,0,0.05,0.05,8.4,"2,800",9
2022,Q2,ARKANSAS,"6,500","23,000",19000,"3,200",14,2,6.4,9.5,12.7,3.9,20.6,"1,200",5
2022,Q2,CALIFORNIA,"152,000","1,040,000",980000,"107,000",10,4.8,20.3,6.6,16.2,3.7,41.1,"120,000",12
2022,Q2,COLORADO,"8,000","19,500",8000,"1,400",7,0.6,26.5,0.05,0,0.05,31,"2,300",12
2022,Q2,CONNECTICUT,230,"4,100",4100,30,1,0,1.1,0,0,0,10.9,30,1
2022,Q2,FLORIDA,"56,000","310,000",295000,"46,000",15,5.7,12.2,8.2,15.3,6.3,31.8,"44,000",14
2022,Q2,GEORGIA,"27,000","131,000",128000,"26,000",20,1.4,8.3,6.1,9,5.7,35.9,"47,000",36
2022,Q2,IDAHO,"35,000","111,000",103000,"19,000",17,5.6,9.5,13.7,13.1,3.5,32.6,"8,500",8
2022,Q2,ILLINOIS,"4,300","9,500",9000,"1,100",12,3.2,7.3,1.6,7.4,10.6,18.3,"2,100",22
2022,Q2,INDIANA,"5,500","10,000",8000,"1,600",16,0.5,7.2,4.2,5,4.7,28.1,620,6
2022,Q2,IOWA,"5,000","49,000",27000,"2,300",5,1.6,4.6,0.9,1.1,5.7,49.3,"2,400",5
2022,Q2,KANSAS,"5,500","4,900",4800,720,15,1.7,23,21.1,1,1.9,41.6,580,12
2022,Q2,KENTUCKY,"3,600","10,500",7500,610,6,10.7,2.5,2.4,15.1,18.9,39.9,460,4
2022,Q2,LOUISIANA,"9,500","42,000",42000,"1,900",5,4.8,2.4,4.8,9.9,2.5,31.9,"11,500",27
2022,Q2,MAINE,"1,300","19,500",7500,890,5,0.05,0.05,0,0,0.05,0.05,300,2
2022,Q2,MARYLAND,"1,600","8,500",7500,390,5,2.4,14.7,0.8,7.9,1.7,19.9,"1,100",13
2022,Q2,MASSACHUSETTS,"1,200","10,500",5500,270,3,1.3,0.8,0.5,1.2,0.5,4.7,890,8
2022,Q2,MICHIGAN,"13,000","88,000",69000,"3,200",4,3.1,2.8,7.1,0.05,0.05,10.6,"3,500",4
2022,Q2,MINNESOTA,"6,000","110,000",102000,"1,500",1,0.05,2.6,0.05,0.7,0.05,4.9,"2,000",2
2022,Q2,MISSISSIPPI,"15,500","47,000",46000,"9,000",19,0.05,15.2,0.7,21,5.8,21.7,"7,000",15
2022,Q2,MISSOURI,"6,000","10,500",10500,"1,500",14,0.8,2.6,0.5,3,1.6,11.5,"4,800",46
2022,Q2,MONTANA,"6,000","106,000",41000,960,1,0,8.7,1.7,0,0,16.4,"8,000",8
2022,Q2,NEBRASKA,"11,000","46,000",19000,"2,400",5,0.7,0.7,0,21.9,0.05,26.4,"5,000",11
2022,Q2,NEW JERSEY,"2,600","19,000",16000,140,1,0.7,0.05,0.6,0.8,0,7,70,0.05
2022,Q2,NEW MEXICO,"4,200","7,000",7000,"1,600",23,8.6,31.5,0.9,8.6,0.7,52,"2,200",31
2022,Q2,NEW YORK,"6,000","57,000",35000,"2,000",4,0.8,1.7,0.05,3.4,1,23,"4,300",8
2022,Q2,NORTH CAROLINA,"7,500","30,000",25000,"1,200",4,3.5,0.05,0,2.8,1,23.9,"3,300",11
2022,Q2,NORTH DAKOTA,"15,000","495,000",77000,"17,000",3,0.9,9.9,4.8,22.7,0.5,38.9,"8,500",2
2022,Q2,OHIO,"4,400","15,500",15500,400,3,5.5,2.3,3.1,5.3,2,67,"1,200",8
2022,Q2,OKLAHOMA,"10,500","20,000",12500,"10,000",50,0,9.8,1.4,2.6,0.7,18.4,"2,100",11
2022,Q2,OREGON,"12,500","96,000",94000,"13,000",14,9.5,17.5,16.1,23.2,0.05,57.3,"19,500",20
2022,Q2,OTHER STATES,"3,630","32,390",26390,540,2,4.8,5.6,1.6,45.8,1.6,57.3,"2,500",8
2022,Q2,PENNSYLVANIA,"7,000","24,000",23000,730,3,0.6,1.1,0.05,3.3,2.1,19,"2,300",10
2022,Q2,SOUTH CAROLINA,"3,500","23,000",22000,"2,500",11,0,1.2,12.8,29.2,0.9,30,"3,200",14
2022,Q2,SOUTH DAKOTA,"2,000","177,000",13500,"4,200",2,0,13.9,2.6,31.6,1.4,47.4,"19,000",11
2022,Q2,TENNESSEE,"9,000","11,500",9500,"4,400",38,1,24.4,0.05,23.7,1.7,30.9,"1,200",10
2022,Q2,TEXAS,"42,000","415,000",345000,"46,000",11,0.05,5.1,0.6,28.6,0.9,37.2,"113,000",27
2022,Q2,UTAH,"8,500","29,000",23000,"4,600",16,6.9,23.8,7.9,0.8,8.3,40.1,"5,000",17
2022,Q2,VERMONT,"3,300","8,500",7500,150,2,0,1.3,0.7,1.5,0.05,21.2,160,2
2022,Q2,VIRGINIA,"2,900","10,500",9000,580,6,0.9,18.1,0.6,21.7,1.7,30.8,680,6
2022,Q2,WASHINGTON,"12,500","109,000",97000,"14,000",13,4.3,14.2,3.4,7.3,1.6,50.8,"23,000",21
2022,Q2,WEST VIRGINIA,"2,400","7,500",5000,260,3,3.6,1,0,7.4,0.9,13.1,"2,600",35
2022,Q2,WISCONSIN,"7,000","62,000",52000,"1,600",3,4.9,9.6,11.8,14.6,6,26.9,"1,300",2
2022,Q2,WYOMING,"4,900","26,000",8000,"1,900",7,5.1,3,0,2.5,1,12.6,"1,800",7
2022,Q3,ALABAMA,870,"14,000",14000,"1,900",14,0.5,5.5,4.2,25.7,4,70.7,"2,000",14
2022,Q3,ARIZONA,"2,900","25,000",25000,"1,900",8,1.1,2.2,4.5,0.9,3.8,6.4,"2,100",8
2022,Q3,ARKANSAS,"2,100","26,000",26000,"4,400",17,0.05,7,13,12.6,4.8,25.1,370,1
2022,Q3,CALIFORNIA,"11,000","660,000",590000,"24,000",4,4.3,9.8,6.2,7.2,7.9,30.4,"57,000",9
2022,Q3,COLORADO,"5,000","24,000",21000,"2,800",12,0.05,2.2,0,0,5.4,14.4,120,1
2022,Q3,CONNECTICUT,80,"4,300",4300,90,2,0.5,4.6,1,3.3,0.05,9.4,180,4
2022,Q3,FLORIDA,"38,000","285,000",245000,"58,000",20,1.7,14.2,13.9,30.8,16.6,56.5,"29,000",10
2022,Q3,GEORGIA,"18,500","118,000",118000,"23,000",19,7,16.3,5.6,21.4,10.1,49.4,"39,000",33
2022,Q3,IDAHO,"3,500","112,000",104000,"9,500",8,5,9.5,9.8,4.9,3.7,44,"12,000",11
2022,Q3,ILLINOIS,730,"12,500",12500,"1,100",9,0.7,1.4,11.8,20.1,10,37.4,770,6
2022,Q3,INDIANA,370,"14,000",14000,650,5,0.05,2.9,41.2,4.7,2.3,49.8,"1,300",9
2022,Q3,IOWA,590,"53,000",52000,650,1,2.4,2.4,2.1,3.1,2.1,5.1,830,2
2022,Q3,KANSAS,370,"7,000",7000,"1,000",14,2.7,2.4,30.8,7.3,17.3,50.6,140,2
2022,Q3,KENTUCKY,980,"13,500",13500,820,6,0,17.5,0,17.2,22.3,26.1,"1,400",10
2022,Q3,LOUISIANA,"4,900","55,000",41000,"4,500",8,0.9,1.9,0.05,17,3.9,51.9,"3,100",6
2022,Q3,MAINE,310,"11,000",11000,"6,500",59,51.8,0.05,51.8,1,0.05,60.2,350,3
2022,Q3,MARYLAND,600,"4,800",4500,510,11,4.6,3.4,4.5,36.1,3.1,61.9,"1,300",27
2022,Q3,MASSACHUSETTS,350,"9,000",9000,400,4,1.5,7.5,0.05,4.9,0.05,20.8,610,7
2022,Q3,MICHIGAN,"8,000","98,000",98000,"15,500",16,2.1,3.5,4.6,2.8,1.7,25.4,"5,500",6
2022,Q3,MINNESOTA,"1,700","106,000",105000,"7,500",7,0.05,4.1,10.7,1.4,2.3,10.7,590,1
2022,Q3,MISSISSIPPI,"2,100","21,000",20000,"2,700",13,0.9,12.2,3.6,14.6,9.5,56.1,"2,800",13
2022,Q3,MISSOURI,250,"8,500",8500,660,8,0.05,14.7,0.8,13.1,0.05,20.4,360,4
2022,Q3,MONTANA,970,"124,000",105000,"6,000",5,0.05,7.5,3,0.05,0.7,22.1,"2,100",2
2022,Q3,NEBRASKA,"1,100","51,000",51000,"3,500",7,3.8,7.5,1.7,0.05,0.05,18.3,"1,100",2
2022,Q3,NEW JERSEY,"1,700","21,000",21000,"1,600",8,0.05,0.7,0.05,10.1,7.7,15.4,210,1
2022,Q3,NEW MEXICO,460,"9,000",8500,150,2,0,2.4,1.3,1.1,1.1,7.3,230,3
2022,Q3,NEW YORK,"2,800","63,000",61000,"4,700",7,9.3,16.7,21.1,13.8,7.8,57.3,"5,500",9
2022,Q3,NORTH CAROLINA,"2,100","33,000",31000,"2,600",8,1.5,0.9,1.4,26.1,1.1,35.8,"2,500",8
2022,Q3,NORTH DAKOTA,"7,000","520,000",495000,"82,000",16,4.2,7.3,17.1,12.7,0.9,56.1,"14,500",3
2022,Q3,OHIO,900,"19,000",19000,"1,100",6,0.05,6.3,10.1,16.8,2.4,41.9,"1,500",8
2022,Q3,OKLAHOMA,300,"2,100",2100,120,6,0.6,8.1,10,1.5,1.6,27.1,90,4
2022,Q3,OREGON,"2,600","97,000",82000,"10,500",11,6.1,12.7,4.3,10,0.5,32,"6,500",7
2022,Q3,OTHER STATES,920,"33,930",33430,630,2,2.1,4.4,5.3,4.5,2.2,22.5,910,3
2022,Q3,PENNSYLVANIA,"1,600","30,000",28000,"1,600",5,0.6,3.7,1.7,4.6,0.8,25.8,"1,200",4
2022,Q3,SOUTH CAROLINA,760,"15,500",15500,"2,500",16,5.6,7.1,6.7,24.7,5.6,34.9,700,5
2022,Q3,SOUTH DAKOTA,250,"194,000",178000,"22,000",11,0.05,18.1,16.8,3.4,0.5,24.7,"2,500",1
2022,Q3,TENNESSEE,"1,300","10,500",9500,"1,600",15,10.3,11.3,8.5,20.5,10.8,27.3,400,4
2022,Q3,TEXAS,"11,500","205,000",194000,"8,500",4,0.05,5.5,5.9,11.6,1.6,12.4,"4,400",2
2022,Q3,UTAH,"2,600","32,000",32000,"4,200",13,3.4,2.6,17.6,18.5,4,26.7,"2,600",8
2022,Q3,VERMONT,910,"10,000",10000,240,2,0.7,2.1,0,1,0.6,32.4,"1,800",18
2022,Q3,VIRGINIA,850,"12,000",12000,"1,000",8,0.6,1.6,2.3,13.9,7.2,34.5,"1,100",9
2022,Q3,WASHINGTON,"2,800","84,000",81000,"3,000",4,0.05,0.05,0,0.05,0.7,11.1,"1,100",1
2022,Q3,WEST VIRGINIA,520,"8,000",8000,360,5,3.8,0.05,3.4,9.2,2.1,14.8,660,8
2022,Q3,WISCONSIN,"4,400","58,000",58000,"14,000",24,7.2,5,6.7,7.9,6.9,20.4,"8,000",14
2022,Q3,WYOMING,"1,100","30,000",29000,"3,900",13,4.9,1.5,4.9,4.4,0.05,14.1,"2,300",8
2022,Q4,ALABAMA,900,"11,000",11000,"1,100",10,0,5.6,0.6,9.7,6.7,23.1,560,5
2022,Q4,ARIZONA,"1,500","37,000",25000,"5,000",14,0.9,3.1,0,0.5,1.8,17.9,570,2
2022,Q4,ARKANSAS,110,"22,000",12500,940,4,0.05,0.05,0.05,2.7,0.6,9.9,30,0.05
2022,Q4,CALIFORNIA,"30,000","1,050,000",660000,"60,000",6,18.8,27.1,19,24.8,3.4,48.6,"58,000",6
2022,Q4,COLORADO,"1,100","20,000",18000,"2,000",10,0.05,0.05,0.05,0.05,4.5,5.3,70,0.05
2022,Q4,CONNECTICUT,20,"4,100",4100,330,8,0.05,1.2,0.7,2.3,0.6,12.8,40,1
2022,Q4,FLORIDA,"30,000","300,000",270000,"61,000",20,3.5,7.8,14.2,14.7,7,33.2,"40,000",13
2022,Q4,GEORGIA,"18,000","133,000",109000,"30,000",23,3.3,8.5,3.7,11.5,2.1,33.5,"17,000",13
2022,Q4,IDAHO,"40,000","154,000",99000,"22,000",14,2.2,2,4.1,2.8,10.8,17.8,"6,000",4
2022,Q4,ILLINOIS,80,"11,000",10000,"1,600",15,0.3,2.3,4.2,9,8.9,25.2,460,4
2022,Q4,INDIANA,300,"12,500",12500,"2,200",18,18.2,17.1,20.7,23.4,14.8,43.1,"1,200",10
2022,Q4,IOWA,80,"51,000",15500,"1,700",3,0.9,1.4,2.3,1.3,2.9,6.7,90,0.05
2022,Q4,KANSAS,100,"6,000",6000,860,14,0,30.1,0.8,2.7,1.8,70,130,2
2022,Q4,KENTUCKY,130,"15,500",13500,"2,300",15,0,6.6,0.05,5.2,10.2,20.3,630,4
2022,Q4,LOUISIANA,170,"34,000",32000,"3,100",9,1.2,5.2,2.1,9.1,0.9,18.5,640,2
2022,Q4,MAINE,0,"4,900",4900,150,3,0,0,8.1,2.3,0.7,9,60,1
2022,Q4,MARYLAND,"1,400","5,000",4900,520,10,0.9,13.4,0.6,10.9,2.2,40.9,20,0.05
2022,Q4,MASSACHUSETTS,140,"6,000",6000,260,4,3,10.6,1.5,0.7,2,29.8,160,3
2022,Q4,MICHIGAN,"8,500","73,000",73000,"5,500",8,6.3,2.6,1.5,4.3,5.3,24.9,700,1
2022,Q4,MINNESOTA,150,"99,000",99000,"4,600",5,0.05,0.9,3,0.05,1.1,9.1,110,0.05
2022,Q4,MISSISSIPPI,"2,900","31,000",18000,"3,600",12,0.5,5.4,5,1.7,4.7,13,250,1
2022,Q4,MISSOURI,220,"7,000",4900,380,5,0,2.2,0,8.8,1,12.5,300,4
2022,Q4,MONTANA,"2,300","101,000",98000,"4,500",4,1.3,0.7,7.3,8.8,0,27.8,"6,000",6
2022,Q4,NEBRASKA,"1,100","47,000",29000,"5,500",12,10.9,0,0.05,12.9,7.4,31.4,300,1
2022,Q4,NEW JERSEY,730,"20,000",20000,"1,000",5,0.05,0.5,0.05,6.1,4.1,15,70,0.05
2022,Q4,NEW MEXICO,20,"9,500",9500,920,10,4.8,1.4,1.6,5,1.1,20.3,180,2
2022,Q4,NEW YORK,740,"62,000",62000,"14,000",23,19.1,41.1,19.5,38.8,3.4,59.3,"1,600",3
2022,Q4,NORTH CAROLINA,0,"29,000",26000,"3,400",12,3.1,3.7,3.6,6.4,0.05,13.5,480,2
2022,Q4,NORTH DAKOTA,"11,500","390,000",385000,"39,000",10,1.6,0.9,4.3,12.2,2.5,35.6,"4,200",1
2022,Q4,OHIO,700,"17,500",17500,920,5,0.05,2.2,0.05,8.2,2.6,15.2,"1,200",7
2022,Q4,OKLAHOMA,0,"16,500",2300,180,1,0,0.9,1.3,1.1,0.05,10.4,,0
2022,Q4,OREGON,"10,000","83,000",83000,"15,000",18,19.8,3.3,15.8,25.5,1.7,63.4,110,0.05
2022,Q4,OTHER STATES,"1,190","30,030",30030,480,2,0.05,0,0.05,18.5,0.7,22.4,130,0.05
2022,Q4,PENNSYLVANIA,250,"30,000",30000,"3,500",12,1.5,3.1,7.1,12.6,4.9,49.4,"1,100",4
2022,Q4,SOUTH CAROLINA,500,"15,500",12500,"1,700",11,0,4.9,0.5,2.4,1.4,23.6,910,6
2022,Q4,SOUTH DAKOTA,20,"175,000",175000,"27,000",15,5,9.4,11.4,30.7,0.05,67.1,10,0.05
2022,Q4,TENNESSEE,"1,700","10,500",8500,"1,400",13,2.5,1,0.7,7.6,3.1,24.4,620,6
2022,Q4,TEXAS,720,"260,000",210000,"7,500",3,4.3,3.8,4.3,12.8,3,14,"2,200",1
2022,Q4,UTAH,990,"26,000",25000,"1,800",7,2.1,0.05,0.05,3.2,0.05,9.2,250,1
2022,Q4,VERMONT,400,"10,000",10000,370,4,1.1,0,0.6,3.2,0,12,,0
2022,Q4,VIRGINIA,300,"10,500",9000,"1,300",12,0.05,6.4,0,20.9,3.9,43.3,750,7
2022,Q4,WASHINGTON,540,"89,000",84000,"7,500",8,0,4.2,0.05,6.4,8.2,34,220,0.05
2022,Q4,WEST VIRGINIA,0,"8,000",7500,"1,100",14,0.8,6.4,0,3.8,0.5,33.4,220,3
2022,Q4,WISCONSIN,140,"47,000",26000,"3,500",7,19.4,9.9,17.5,21.4,11.7,23.2,380,1
2022,Q4,WYOMING,640,"21,000",19500,"3,200",15,4.2,0,0,5.9,7.4,22.9,,0
2023,Q1,ALABAMA,"2,000","15,500",11000,"1,400",9,0.7,9.9,1.5,18.3,8.3,31.9,880,6
2023,Q1,ARIZONA,290,"34,000",34000,510,2,0,0.05,0.05,0,0.5,72.9,80,0.05
2023,Q1,ARKANSAS,"1,200","23,000",21000,"2,200",10,5.3,2,24.7,51.4,5.9,62.2,10,0.05
2023,Q1,CALIFORNIA,"88,000","1,330,000",1020000,"196,000",15,11.3,23,14.1,18.2,16.7,48.7,"48,000",4
2023,Q1,COLORADO,520,"10,500",10500,520,5,0,0.9,0.05,0,1.4,1.8,0,0
2023,Q1,CONNECTICUT,560,"4,000",3600,360,9,0.6,3.3,0.1,1.7,5.9,7,70,2
2023,Q1,FLORIDA,"51,000","305,000",270000,"34,000",11,3.5,4.2,5.6,11.1,8.5,28.1,"18,500",6
2023,Q1,GEORGIA,"18,500","121,000",121000,"13,000",11,0.05,1.7,7.7,1.3,7.4,31.2,"8,000",7
2023,Q1,IDAHO,"4,000","167,000",165000,"12,500",7,0.05,1.2,5.3,2.8,6,12.1,"8,000",5
2023,Q1,ILLINOIS,"1,800","9,500",9000,"1,800",19,0.6,10.5,0.9,9,10,21.5,320,3
2023,Q1,INDIANA,300,"10,000",7000,"1,300",13,0.05,6,0,4.5,2.3,24.8,40,0.05
2023,Q1,IOWA,210,"64,000",50000,"1,700",3,1.3,1.4,2.2,1,3.2,26.9,240,0.05
2023,Q1,KANSAS,940,"3,900",3300,490,13,0.8,8.9,5.4,2.7,2.7,20.9,20,1
2023,Q1,KENTUCKY,260,"10,500",9500,"1,100",10,0.05,3.2,1.7,5.9,9.4,10.9,80,1
2023,Q1,LOUISIANA,"6,000","38,000",29000,"4,800",13,2.4,2.9,2,10,6,48.2,"3,700",10
2023,Q1,MAINE,190,"7,500",2600,290,4,0,0.8,1.5,0,2.5,16.8,130,2
2023,Q1,MARYLAND,670,"6,000",6000,"1,100",18,2.5,7.3,0,4.7,3.9,16.4,140,2
2023,Q1,MASSACHUSETTS,200,"8,000",6000,820,10,1.5,5.2,0,2.7,1.8,9.6,80,1
2023,Q1,MICHIGAN,330,"64,000",59000,"9,000",14,0.5,1.1,1.2,0.6,1.7,6.5,"2,100",3
2023,Q1,MINNESOTA,30,"57,000",41000,"1,100",2,0.8,1.3,0.05,0.05,1.4,9.2,"1,600",3
2023,Q1,MISSISSIPPI,"65,000","37,000",29000,"2,300",6,1.1,15.4,7.5,9.6,2.7,19.6,"4,100",11
2023,Q1,MISSOURI,"1,400","9,000",6500,940,10,0,3.6,0,4.3,9.5,12.7,100,1
2023,Q1,MONTANA,0,"51,000",23000,70,0.05,0,0,0.05,0,0.05,0.6,0,0
2023,Q1,NEBRASKA,0,"23,000",17000,"1,100",5,0.05,4.3,0,0.05,0.05,20.2,0,0
2023,Q1,NEW JERSEY,530,"14,500",12500,"1,300",9,0.05,1.7,0,6.7,3.8,20,110,1
2023,Q1,NEW MEXICO,460,"8,500",8500,"4,600",54,64.8,0.9,1,0.05,1.4,84.2,760,9
2023,Q1,NEW YORK,560,"40,000",40000,"8,000",20,22.6,3.9,1.4,10.3,4.9,33.5,510,1
2023,Q1,NORTH CAROLINA,"2,200","30,000",26000,"4,100",14,0.05,4.5,0.05,6.1,2.5,22.5,"2,800",9
2023,Q1,NORTH DAKOTA,"2,700","89,000",82000,"2,400",3,0,0.6,0.05,0,0,32,"1,000",1
2023,Q1,OHIO,190,"21,000",17500,"2,500",12,0,20.1,11.5,10.6,4.3,37.8,160,1
2023,Q1,OKLAHOMA,10,"17,000",16500,"1,600",9,0,2.8,0.05,1.1,0.05,4.7,0,0
2023,Q1,OREGON,"1,500","97,000",77000,"8,000",8,6,11.4,0.05,13.1,2,28.7,500,1
2023,Q1,OTHER STATES,"2,510","31,050",28750,730,2,13.2,1.1,0,17.7,0.05,21.3,470,2
2023,Q1,PENNSYLVANIA,430,"29,000",27000,"4,800",17,2.5,2,0.7,4.6,7.7,20.9,490,2
2023,Q1,SOUTH CAROLINA,"2,700","16,000",14500,"1,700",11,0,10.4,0.05,7.3,7.4,32.2,800,5
2023,Q1,SOUTH DAKOTA,0,"93,000",93000,"2,200",2,0.05,1.8,0.05,0,1,2.7,0,0
2023,Q1,TENNESSEE,"2,100","12,000",11000,"1,800",15,0.9,7,1,5.5,4.9,39.8,40,0.05
2023,Q1,TEXAS,"62,000","300,000",171000,"20,000",7,0.05,9.7,7.6,6.7,1.1,11.3,"8,500",3
2023,Q1,UTAH,900,"24,000",19000,"2,600",11,19,2.8,19,19.4,2,32.4,360,2
2023,Q1,VERMONT,30,"10,000",10000,400,4,0.05,0,0.05,0.05,1.6,3.1,40,0.05
2023,Q1,VIRGINIA,470,"10,500",9500,"1,200",11,0.05,4.2,0.05,10.5,4.8,22.6,150,1
2023,Q1,WASHINGTON,270,"99,000",65000,"13,500",14,2.3,6.4,2.5,2.4,4.5,12.1,250,0.05
2023,Q1,WEST VIRGINIA,40,"6,000",5000,600,10,1,2,1.1,2.8,3.4,14.5,40,1
2023,Q1,WISCONSIN,"1,400","29,000",27000,"3,300",11,0.8,2.7,0.5,0.9,7.2,15,270,1
2023,Q1,WYOMING,0,"17,000",15000,150,1,0,1.4,0,0,0.05,10.4,0,0
2023,Q2,ALABAMA,"4,800","16,000",16000,"2,100",13,2.2,4.5,1,10.5,9.2,37.1,"4,200",26
2023,Q2,ARIZONA,"4,900","34,000",34000,"8,500",25,2.1,0.7,0,0,0.05,15.4,"2,400",7
2023,Q2,ARKANSAS,"6,500","24,000",22000,"11,000",46,2.8,1.9,7.4,13.1,3.1,22.4,"2,200",9
2023,Q2,CALIFORNIA,"139,000","940,000",910000,"152,000",16,4,11.3,4.5,3.3,4.1,41.4,"112,000",12
2023,Q2,COLORADO,"4,500","33,000",10000,"1,100",3,5.5,0.7,1.3,5.1,0.05,64.4,"1,500",5
2023,Q2,CONNECTICUT,690,"4,200",4200,230,5,0.8,2.7,0,4.9,0.7,66.3,800,19
2023,Q2,FLORIDA,"58,000","295,000",250000,"50,000",17,6.7,14.7,17.6,23,7.4,48.9,"23,000",8
2023,Q2,GEORGIA,"25,000","132,000",129000,"31,000",23,2.3,9.5,3.8,11.9,7,29.2,"45,000",34
2023,Q2,IDAHO,"22,000","132,000",82000,"7,000",5,5.9,1.3,5.7,6.7,1.4,40.9,"11,000",8
2023,Q2,ILLINOIS,"3,300","9,500",9500,530,6,3.2,6.7,6.8,13.3,3.7,25.6,700,7
2023,Q2,INDIANA,"4,100","10,500",9000,320,3,1.6,18.3,7.4,5.6,3,23.8,"1,500",14
2023,Q2,IOWA,"11,500","69,000",63000,"3,400",5,4.5,5.1,9.9,2.6,0.05,17.9,"2,700",4
2023,Q2,KANSAS,"1,600","3,300",2500,760,23,0.1,3,24,2.2,3,38.1,360,11
2023,Q2,KENTUCKY,"1,000","9,500",9000,550,6,0.9,0.7,1.2,2.8,5.5,8.3,450,5
2023,Q2,LOUISIANA,"4,400","44,000",39000,"2,700",6,0.05,24.7,17.5,3.6,0.8,32,"9,000",20
2023,Q2,MAINE,510,"15,500",7500,"1,000",6,3.9,0.05,4.7,0.05,0,10.6,"1,100",7
2023,Q2,MARYLAND,710,"5,500",5500,200,4,0.6,0.8,0.05,0.9,0.05,18.8,730,13
2023,Q2,MASSACHUSETTS,"1,300","10,500",7500,"1,500",14,0.7,10.6,0.05,0.05,1.6,28.2,510,5
2023,Q2,MICHIGAN,"9,500","85,000",46000,"4,200",5,1.8,3.2,2.6,7.7,10,12,"3,700",4
2023,Q2,MINNESOTA,"12,500","76,000",56000,"2,600",3,0.05,1.1,10.1,2.1,7.7,13,"1,700",2
2023,Q2,MISSISSIPPI,"12,000","72,000",70000,"3,500",5,1,9,3.3,3.6,2.5,12.8,"8,000",11
2023,Q2,MISSOURI,"4,600","10,000",9500,390,4,0.8,4.7,0.5,6.3,3.3,12.9,910,9
2023,Q2,MONTANA,"22,000","97,000",51000,"4,500",5,2.1,6.5,2.9,0.05,0.05,23.7,"18,500",19
2023,Q2,NEBRASKA,"10,000","28,000",8000,"1,200",4,0.6,0.6,0.5,4.8,3.7,27.4,"2,300",8
2023,Q2,NEW JERSEY,"1,000","19,500",14000,720,4,0.6,1.6,0.05,2.6,0.9,14.4,520,3
2023,Q2,NEW MEXICO,530,"4,300",4300,230,5,1.3,1.1,0.7,0.6,0.05,4,250,6
2023,Q2,NEW YORK,"6,500","60,000",31000,"1,800",3,2,9.7,2.1,8.9,0.05,25.4,"2,100",4
2023,Q2,NORTH CAROLINA,"9,000","28,000",28000,"2,300",8,0.9,1.6,0.05,8.8,2.5,28.7,"5,500",20
2023,Q2,NORTH DAKOTA,"35,000","410,000",62000,"23,000",6,2.7,1.4,6.7,6.7,0.05,64.6,"4,200",1
2023,Q2,OHIO,"8,000","19,500",18500,"1,200",6,0.7,1,5.7,33.5,4.4,65.3,"5,000",26
2023,Q2,OKLAHOMA,"6,000","13,000",10000,320,2,0,0.7,0,0.9,0.05,4,"2,900",22
2023,Q2,OREGON,"29,000","95,000",91000,"23,000",24,3.5,4.3,14.3,9.3,0.05,27.9,"31,000",33
2023,Q2,OTHER STATES,"2,920","32,700",31270,"1,170",4,3.9,0.5,2,3.5,0.05,10.3,"3,600",11
2023,Q2,PENNSYLVANIA,"8,000","29,000",25000,"1,700",6,2.7,1.1,6.9,7.2,1.1,13.8,"2,200",8
2023,Q2,SOUTH CAROLINA,"2,800","17,500",17000,"1,200",7,0.7,16,0.05,5.8,2.7,32.7,"2,600",15
2023,Q2,SOUTH DAKOTA,"11,500","146,000",13000,"2,600",2,0.05,1.3,6,7.2,0.9,13.6,"26,000",18
2023,Q2,TENNESSEE,"3,900","13,500",12500,920,7,0,2.8,0.05,1.6,1.8,13.3,"2,500",19
2023,Q2,TEXAS,"85,000","360,000",340000,"16,500",5,11.2,30.9,12.5,43.6,10.5,48.1,"119,000",33
2023,Q2,UTAH,"9,500","18,500",15500,"3,700",20,25.5,28.6,28,33.6,0.05,55,"2,500",14
2023,Q2,VERMONT,990,"9,500",9500,160,2,0,0.05,0.8,0.5,1.2,9.7,210,2
2023,Q2,VIRGINIA,"4,000","10,500",9000,670,6,0.8,6.6,0,7.5,3,23.3,"1,300",12
2023,Q2,WASHINGTON,"18,500","123,000",87000,"4,400",4,6.1,4.3,9.2,1,0.05,41.6,"15,500",13
2023,Q2,WEST VIRGINIA,"1,300","6,500",5500,350,5,1.8,1.8,0,3.2,0.8,31.1,"1,000",15
2023,Q2,WISCONSIN,"5,500","54,000",15500,570,1,47.8,50.2,49.2,9.8,46.8,57.2,"1,300",2
2023,Q2,WYOMING,"5,000","19,000",16500,"1,400",7,0,2.3,0,10.9,2.5,17.2,"2,200",12
2023,Q3,ALABAMA,"1,200","15,000",15000,"2,400",16,4.1,4.4,1.1,35.3,6.4,67.5,"2,700",18
2023,Q3,ARIZONA,"3,000","30,000",30000,"4,600",15,2.7,18.1,3.8,0.05,0.7,26.3,790,3
2023,Q3,ARKANSAS,"3,600","34,000",19500,"1,000",3,3.1,5,24.3,16.7,4.2,38.6,390,1
2023,Q3,CALIFORNIA,"21,000","600,000",570000,"32,000",5,2.3,4.4,3.7,2.6,2.3,22.1,"61,000",10
2023,Q3,COLORADO,170,"26,000",23000,"6,500",25,3.1,12.9,12.6,0.05,0.05,45.1,"2,300",9
2023,Q3,CONNECTICUT,140,"4,100",3700,120,3,0.1,0.7,0.05,0.05,0.05,11,150,4
2023,Q3,FLORIDA,"44,000","290,000",245000,"34,000",12,7.2,10.1,8.3,16.6,10.1,28,"21,000",7
2023,Q3,GEORGIA,"17,000","133,000",126000,"23,000",17,1,9.7,6.4,16,11.1,34.4,"10,500",8
2023,Q3,IDAHO,"1,800","154,000",125000,"8,000",5,4.4,1.8,1.7,3.1,1.7,18.3,"11,000",7
2023,Q3,ILLINOIS,360,"12,000",12000,950,8,1.2,2.6,5,12.2,4.7,35.9,870,7
2023,Q3,INDIANA,150,"15,500",14500,440,3,1.8,1.8,8.7,12.1,0.5,40.9,"1,100",7
2023,Q3,IOWA,670,"71,000",71000,"1,800",3,0.05,2,14.6,0.7,14.4,24.4,720,1
2023,Q3,KANSAS,150,"5,500",3300,400,7,0.7,5.1,20.3,23.6,1,70.8,80,1
2023,Q3,KENTUCKY,660,"8,000",8000,740,9,2.1,5,7.2,9.6,3.3,35.4,540,7
2023,Q3,LOUISIANA,"4,600","46,000",46000,"3,300",7,0.05,5.6,0,20.5,2,29.4,"6,000",13
2023,Q3,MAINE,40,"6,000",6000,"1,400",23,0,0.05,0,0.05,0,17.3,220,4
2023,Q3,MARYLAND,400,"4,200",4100,170,4,0,4.1,4.1,13.4,1.6,32.9,840,20
2023,Q3,MASSACHUSETTS,160,"9,000",9000,380,4,1.8,0.7,0,3.3,0.7,17.4,470,5
2023,Q3,MICHIGAN,"1,600","105,000",91000,"8,500",8,0.8,0.6,1.7,1.6,3.7,29,"4,800",5
2023,Q3,MINNESOTA,600,"72,000",71000,"5,500",8,3.4,3.3,12.7,2.5,4.2,29.9,"2,200",3
2023,Q3,MISSISSIPPI,"1,100","28,000",27000,"4,100",15,0.05,12,1.3,2.9,1.3,34.9,120,0.05
2023,Q3,MISSOURI,700,"13,500",13500,880,7,0.05,8.9,0.8,3.9,2,17.5,320,2
2023,Q3,MONTANA,"2,200","98,000",84000,"6,500",7,2.8,21.1,1.1,0.05,0.05,32.4,"6,000",6
2023,Q3,NEBRASKA,540,"52,000",32000,"4,800",9,0,1.2,2,0.05,4.2,19.7,"3,100",6
2023,Q3,NEW JERSEY,"1,000","22,000",20000,440,2,0.05,0.7,0,2.2,1.1,14.1,"1,300",6
2023,Q3,NEW MEXICO,"1,000","6,000",4600,500,8,0.05,0,0.05,1.5,0.7,23,450,8
2023,Q3,NEW YORK,"2,000","65,000",65000,"2,900",4,3.9,4.6,6,11.9,6.3,24.7,"5,500",8
2023,Q3,NORTH CAROLINA,"2,400","26,000",26000,"3,400",13,2.8,2.4,0.6,6.6,2.2,29.9,"2,800",11
2023,Q3,NORTH DAKOTA,"9,000","480,000",420000,"62,000",13,3,3.5,12.4,7.1,0.05,41.1,"13,500",3
2023,Q3,OHIO,380,"27,000",26000,"1,600",6,0.6,4.4,5.7,7.1,1.8,38.5,"1,500",6
2023,Q3,OKLAHOMA,20,"3,200",2500,200,6,0.05,1.8,0,0,0,12,30,1
2023,Q3,OREGON,"5,000","112,000",101000,"11,500",10,26.6,26.4,24.2,21.2,1.2,64,"28,000",25
2023,Q3,OTHER STATES,"1,260","21,660",20160,740,3,0.05,6.5,0,21.8,0.05,30.7,950,4
2023,Q3,PENNSYLVANIA,"1,400","32,000",32000,"1,300",4,1.4,1.3,2.7,4,1.6,19.6,"1,000",3
2023,Q3,SOUTH CAROLINA,"1,100","16,000",15000,"2,300",14,0.05,13.6,3.4,24.6,1.4,53.3,700,4
2023,Q3,SOUTH DAKOTA,750,"200,000",141000,"20,000",10,3.1,8.1,8,4,0.9,26.3,"2,300",1
2023,Q3,TENNESSEE,900,"14,500",13000,"1,900",13,0.05,1.6,1.7,3,2.8,15.1,"1,100",8
2023,Q3,TEXAS,"2,800","205,000",188000,"7,500",4,0,3.9,1,0.7,0.7,4.5,"1,100",1
2023,Q3,UTAH,"5,500","22,000",22000,"2,300",10,25.1,1,29.5,26.5,1.2,67.5,"1,500",7
2023,Q3,VERMONT,680,"10,000",10000,170,2,0.05,2,0,15.1,0.9,25.9,80,1
2023,Q3,VIRGINIA,880,"11,500",11500,"1,000",9,0.05,2.9,0.05,14.1,2,33.5,690,6
2023,Q3,WASHINGTON,"1,900","82,000",67000,"2,400",3,1.4,0.05,4.7,1.9,0.9,12,"3,300",4
2023,Q3,WEST VIRGINIA,400,"8,000",7500,230,3,0,1.7,1.2,6.3,0,20.7,790,10
2023,Q3,WISCONSIN,"1,500","59,000",59000,"7,000",12,0.9,0.8,7.4,1.2,2.2,54.9,"3,400",6
2023,Q3,WYOMING,"1,600","23,000",23000,860,0.05,0.7,1.1,0.7,1.3,1.9,10.1,"2,000",9
2023,Q4,ALABAMA,420,"10,500",10500,760,7,8.2,14.5,2.1,62.4,5.1,72,80,1
2023,Q4,ARIZONA,"3,200","28,000",28000,"5,500",20,0,1,0.7,0,16.9,24.8,700,3
2023,Q4,ARKANSAS,330,"37,000",37000,"3,100",8,8.5,0.6,8.3,9.6,2.6,60.8,10,0.05
2023,Q4,CALIFORNIA,"60,000","1,000,000",570000,"64,000",6,3.4,3.2,2.4,3.8,2.9,33.7,"52,000",5
2023,Q4,COLORADO,0,"15,500",15500,980,6,0,0.7,0,0,5.3,11.4,180,1
2023,Q4,CONNECTICUT,0,"4,100",4100,480,12,0,3.6,0,0.05,1.5,5,10,0.05
2023,Q4,FLORIDA,"22,000","335,000",305000,"33,000",10,4.1,17.4,30.3,14.9,14.1,38.7,"19,500",6
2023,Q4,GEORGIA,"4,000","140,000",127000,"25,000",18,3.2,18.8,2.9,15.8,10.1,42,"15,500",11
2023,Q4,IDAHO,"1,400","215,000",148000,"4,000",2,10.2,0.8,8.3,1,1.2,55.3,"5,000",2
2023,Q4,ILLINOIS,200,"11,000",10500,740,7,0.5,2.8,5.8,15.8,4.7,32.3,210,2
2023,Q4,INDIANA,150,"15,000",15000,"4,100",27,5.8,2,8.4,32.8,0.05,47.5,620,4
2023,Q4,IOWA,530,"70,000",70000,"1,700",2,0.05,0.9,12.1,12.1,0.05,19.1,120,0.05
2023,Q4,KANSAS,110,"3,300",3300,800,24,0,41.5,43.2,51.4,41.3,63.6,40,1
2023,Q4,KENTUCKY,270,"8,000",8000,860,11,0,4.7,11.8,10.9,3.2,28.7,660,8
2023,Q4,LOUISIANA,"1,100","44,000",39000,"1,700",4,0,1.7,1.1,1.1,1.4,10.1,"3,200",7
2023,Q4,MAINE,260,"4,300",4300,220,5,0.1,0.5,0,3.8,2.8,23.3,60,1
2023,Q4,MARYLAND,500,"6,500",4400,"1,900",29,0,0.05,0,19,3.1,33.8,340,5
2023,Q4,MASSACHUSETTS,40,"5,500",5500,590,11,4.6,0.5,0.05,0.6,0.05,8.8,70,1
2023,Q4,MICHIGAN,260,"75,000",75000,"7,500",10,3.1,9.2,2.3,2.2,2.3,13.3,"3,200",4
2023,Q4,MINNESOTA,"1,000","57,000",57000,"6,000",11,0.5,0.8,9.2,3,3.6,25.9,290,1
2023,Q4,MISSISSIPPI,440,"34,000",25000,"3,500",10,0,12.9,0.8,0.6,3.1,16,"1,800",5
2023,Q4,MISSOURI,30,"14,000",13500,600,4,0.05,4.7,0.05,9.7,2.5,41.2,750,5
2023,Q4,MONTANA,420,"87,000",84000,"2,600",3,2.8,1.9,6.9,0.5,0.8,22.5,"3,300",4
2023,Q4,NEBRASKA,940,"42,000",39000,"5,500",13,0.5,7.9,0.6,0.05,1.6,15.6,560,1
2023,Q4,NEW JERSEY,530,"23,000",23000,770,3,0.05,0.05,2.4,2.8,1.2,12.5,120,1
2023,Q4,NEW MEXICO,30,"6,500",6500,"1,100",17,4.1,13.6,2.2,3.4,3.8,24.6,110,2
2023,Q4,NEW YORK,420,"58,000",54000,"5,000",9,2.9,15.8,4.5,18.5,5.2,35.1,"1,300",2
2023,Q4,NORTH CAROLINA,430,"27,000",25000,"2,900",11,0.05,0.9,0.05,6.5,1.5,37,500,2
2023,Q4,NORTH DAKOTA,"10,000","365,000",360000,"8,000",2,0.8,6.5,4.1,1.6,0,40.4,"7,500",2
2023,Q4,OHIO,90,"16,000",13000,"1,200",8,1.5,2.1,2.5,14.3,16.4,34.4,270,2
2023,Q4,OKLAHOMA,10,"17,500",1700,100,1,0,0.05,0,0,0.05,2.5,20,0.05
2023,Q4,OREGON,760,"113,000",107000,"6,500",6,3,0.7,0.5,2.5,1.4,51.1,"10,000",9
2023,Q4,OTHER STATES,"1,680","22,160",22160,"3,200",14,12.7,3.6,2.8,40.4,2.2,49.7,"4,350",20
2023,Q4,PENNSYLVANIA,"1,300","25,000",25000,"2,300",9,0.05,1.1,8.8,10.4,3,30.1,820,3
2023,Q4,SOUTH CAROLINA,530,"18,000",15000,"1,300",7,9.5,5.9,16.3,8,10.2,48.9,"1,200",7
2023,Q4,SOUTH DAKOTA,250,"188,000",182000,"2,600",1,2,17.7,15,48.5,0,52.7,"1,400",1
2023,Q4,TENNESSEE,900,"12,500",12500,"1,900",15,0.05,1.1,2.1,5,1.8,10.1,250,2
2023,Q4,TEXAS,400,"220,000",75000,"9,500",4,0,16.2,23.2,12.3,9.5,36.1,480,0.05
2023,Q4,UTAH,390,"23,000",23000,"2,700",12,15.6,15.7,5.2,15,2.4,43.3,20,0.05
2023,Q4,VERMONT,500,"6,500",6500,90,1,0.6,0.05,0.8,4.7,1.4,11.5,,0
2023,Q4,VIRGINIA,170,"10,500",10500,"2,100",20,2.8,4.9,0.05,21.6,3.8,42.5,450,4
2023,Q4,WASHINGTON,40,"92,000",80000,"19,000",21,6.9,8.9,0.9,1.2,24.2,46.5,"1,700",2
2023,Q4,WEST VIRGINIA,"2,400","8,000",8000,930,12,0.05,1.6,1.1,4,1.2,15,230,3
2023,Q4,WISCONSIN,390,"51,000",49000,"6,500",13,5.2,0.6,6.1,5.2,2.5,28.6,380,1
2023,Q4,WYOMING,20,"18,500",18500,"1,700",0.05,0,1.5,2,0.1,1.6,13.2,,0
2024,Q1,ALABAMA,"2,400","11,000",9500,"1,600",15,6.3,2.9,1.9,18.8,4.5,24,860,8
2024,Q1,ARIZONA,"3,300","30,000",26000,"1,900",6,1.4,0.05,0.6,0.5,2.4,15.5,670,2
2024,Q1,ARKANSAS,"3,260","21,500",16000,"1,700",8,0.9,3.4,2,14.2,4.3,17.1,120,1
2024,Q1,CALIFORNIA,"250,000","1,000,000",940000,"210,000",21,18.2,17.8,20.9,24.1,14.8,56.8,"135,000",14
2024,Q1,COLORADO,500,"11,000",5500,370,3,0.05,1.8,0.05,4.3,1,5.4,0,0
2024,Q1,CONNECTICUT,500,"4,000",3200,100,3,0,0,0.05,0.9,0.6,7.8,0,0
2024,Q1,FLORIDA,"35,000","310,000",310000,"24,000",8,2.5,4.2,9.8,10.5,3.3,28.2,"10,500",3
2024,Q1,GEORGIA,"34,000","130,000",120000,"28,000",22,0.5,3.6,1.1,8.9,5.7,18.5,"2,000",2
2024,Q1,IDAHO,"10,200","195,000",195000,"23,000",12,6,5.7,0,5.4,1,27.4,760,0
2024,Q1,ILLINOIS,"2,500","10,500",10000,"2,300",22,2.4,2.5,4.6,13.9,11.5,34.6,300,3
2024,Q1,INDIANA,"2,510","11,000",8000,410,4,0,3.3,0,3.2,0.05,53.3,0,0
2024,Q1,IOWA,"2,700","59,000",56000,"1,900",3,0.7,3.2,0.05,0.7,1.7,15,0,0
2024,Q1,KANSAS,"1,200","4,500",2400,270,6,0.7,15.5,1,2,2.7,23.5,10,0
2024,Q1,KENTUCKY,500,"16,000",6500,660,4,4.6,1.9,2.8,7.3,5.5,9,10,0
2024,Q1,LOUISIANA,"5,500","44,000",44000,"8,500",19,3.1,5.5,3.5,2.8,4.7,11,"2,300",5
2024,Q1,MAINE,550,"9,000",1400,370,4,0,0.05,0,0.9,0,21.1,140,2
2024,Q1,MARYLAND,"1,700","5,000",5000,660,13,0.05,7.1,0,12.4,0,24.7,920,18
2024,Q1,MASSACHUSETTS,500,"5,600",4800,650,12,0.05,0.6,0,0.8,2.6,3.7,640,11
2024,Q1,MICHIGAN,"10,000","90,000",69000,"3,000",3,0.5,1,1.1,0.6,1.4,4.3,0,0
2024,Q1,MINNESOTA,"10,000","100,000",25000,830,1,1.1,2,0,0.05,0.5,1.9,210,0
2024,Q1,MISSISSIPPI,"10,500","42,000",28000,"3,700",9,3.9,3.1,4.1,7.5,7.8,25,"1,500",4
2024,Q1,MISSOURI,"1,000","11,500",9500,"1,100",10,0.6,7.5,0.5,2.1,3.5,15,40,0
2024,Q1,MONTANA,"6,000","41,000",36000,50,0,0,0,0,0,0.05,0.05,0,0
2024,Q1,NEBRASKA,"5,000","19,500",17500,"1,200",6,0,0.05,0,0,0.8,14.8,0,0
2024,Q1,NEW JERSEY,"1,500","17,000",12500,"1,200",7,0,1.7,0,3.2,4.1,20.7,320,2
2024,Q1,NEW MEXICO,500,"4,300",4300,"1,200",28,74,0.7,0,0.5,0.05,91.9,0,0
2024,Q1,NEW YORK,"1,500","40,000",40000,"2,300",6,10.5,4.8,1.7,4.8,1.8,21.5,350,1
2024,Q1,NORTH CAROLINA,"5,000","27,000",25000,"5,500",20,0.05,1.6,0,1.2,2.5,29.2,"3,100",11
2024,Q1,NORTH DAKOTA,"9,500","78,000",65000,"8,500",11,0,7.1,0,0,3.5,23.6,0,0
2024,Q1,OHIO,"2,500","26,000",15000,"2,100",8,2.1,5.4,1.7,9.7,3.1,35.3,150,1
2024,Q1,OKLAHOMA,"3,000","18,000",17500,"2,200",12,3.3,1,1.1,18.8,0.9,34,320,2
2024,Q1,OREGON,"12,300","101,000",90000,"8,000",8,22.6,0,22.3,1.5,0.05,24.3,"5,500",5
2024,Q1,OTHER STATES,"2,650","26,150",17350,"1,030",4,0.8,5.7,0,15.8,0.05,29.3,660,3
2024,Q1,PENNSYLVANIA,"2,130","26,000",24000,"2,800",11,1.9,3.2,0,2.3,5.7,16.5,600,2
2024,Q1,SOUTH CAROLINA,"2,800","14,000",14000,870,6,0.05,3.3,1.8,7.4,3.5,36.1,820,6
2024,Q1,SOUTH DAKOTA,"5,000","78,000",68000,"2,000",3,2.7,0,0.05,2.7,0.05,10.7,50,0
2024,Q1,TENNESSEE,"1,300","11,500",11500,"1,700",15,0.05,2.1,0.7,5.4,10.4,13.6,170,1
2024,Q1,TEXAS,"67,000","290,000",205000,"28,000",10,0.9,1.8,4.5,5.6,2.7,22.2,"46,000",16
2024,Q1,UTAH,460,"17,500",10000,980,6,6.6,0.05,0.7,5.3,4.5,13.2,120,1
2024,Q1,VERMONT,730,"7,500",7000,230,3,0.05,4,0.8,1.2,1.7,6.8,20,0
2024,Q1,VIRGINIA,640,"10,500",7000,"1,200",11,1.4,4.4,1.1,7.5,3.1,21,200,2
2024,Q1,WASHINGTON,"1,100","114,000",50000,"6,500",6,0,2.8,0,0,8.8,18.4,570,1
2024,Q1,WEST VIRGINIA,700,"6,500",5000,640,10,0.05,3.9,0,2.4,2,12.9,10,0
2024,Q1,WISCONSIN,420,"57,000",31000,"1,600",3,0.6,1.7,0.05,1.7,2.7,11.3,120,0
2024,Q1,WYOMING,0,"13,000",1900,490,4,0,20,0,0.05,0.9,21,10,0
2024,Q2,ALABAMA,"3,500","13,500",12000,"1,400",10,3.6,5.3,2.4,23.2,1.3,70.1,"2,700",20
2024,Q2,ARIZONA,"18,500","36,000",30000,"13,500",38,0.05,1,1,0.05,0,11.7,"7,000",19
2024,Q2,ARKANSAS,"5,500","28,000",20000,"2,800",10,2.7,15,12.7,14.6,8.6,34.4,430,2
2024,Q2,CALIFORNIA,"164,000","960,000",920000,"58,000",6,1.7,16.2,29,29.9,4.4,53.8,"113,000",12
2024,Q2,COLORADO,"1,100","18,500",10500,290,2,0,0.9,0.05,0,0.05,1.2,450,2
2024,Q2,CONNECTICUT,960,"4,100",4100,140,3,0.05,2.5,0.05,1.1,0.05,6.3,770,19
2024,Q2,FLORIDA,"57,000","310,000",305000,"37,000",12,4.3,12.9,14.6,15.8,4.8,42.2,"12,500",4
2024,Q2,GEORGIA,"17,000","145,000",132000,"13,000",9,1.7,9.4,2.6,11.6,2.3,31.3,"10,500",7
2024,Q2,IDAHO,"8,000","130,000",112000,"8,000",6,3,12.2,1.2,6.6,0.05,32.7,"29,000",22
2024,Q2,ILLINOIS,"4,000","8,500",8500,800,9,0.6,3.6,0.6,13.4,3.2,32,"1,700",20
2024,Q2,INDIANA,"3,200","12,500",9500,420,3,0.05,1.8,0,13.6,1.7,21.9,"1,000",8
2024,Q2,IOWA,"6,000","56,000",45000,"3,300",6,3.3,7.8,0.05,7.9,1.2,17.1,"9,000",16
2024,Q2,KANSAS,"2,200","6,000",4100,740,12,2.2,1.4,21.5,5.8,2.7,42,960,16
2024,Q2,KENTUCKY,930,"15,000",15000,"1,200",8,2,0.05,2.7,3,5,42,550,4
2024,Q2,LOUISIANA,"9,000","46,000",36000,"1,900",4,0,17,1,1.6,1.1,7.7,300,1
2024,Q2,MAINE,"1,100","9,500",8500,850,9,0.05,0,1.2,0.05,0.05,3.1,370,4
2024,Q2,MARYLAND,"2,900","6,000",6000,320,5,0,0.9,0.5,0.6,1.1,26.9,700,12
2024,Q2,MASSACHUSETTS,790,"5,500",4900,220,4,0.5,2.1,0,0.8,0.05,6.6,630,11
2024,Q2,MICHIGAN,"21,000","95,000",87000,"8,000",8,9.7,4.2,7.6,10.5,4.8,24.4,"15,500",16
2024,Q2,MINNESOTA,"20,000","112,000",106000,"2,000",2,0.9,0.5,0.8,2.4,0.5,24.4,"11,000",10
2024,Q2,MISSISSIPPI,"12,500","49,000",49000,"4,500",9,0,0.05,0.05,1.3,14.2,4.7,"6,000",12
2024,Q2,MISSOURI,"2,000","12,500",10500,540,4,0.5,2.1,0.5,7.1,6,13.5,480,4
2024,Q2,MONTANA,"11,000","92,000",24000,520,1,1.4,0.05,3.4,0.05,0,10.6,"10,000",11
2024,Q2,NEBRASKA,"10,000","29,000",15500,"1,200",4,0.7,0.7,0.05,1.1,3.5,5.9,"7,500",26
2024,Q2,NEW JERSEY,"2,300","15,000",14500,710,5,1.5,0.9,1,3,0.7,16.6,640,4
2024,Q2,NEW MEXICO,"1,100","2,000",2000,290,15,0,0.05,1.1,0.05,2.1,26.7,540,27
2024,Q2,NEW YORK,"3,500","50,000",31000,"1,600",3,2.8,3.5,3,6.7,6,39.3,"3,000",6
2024,Q2,NORTH CAROLINA,"6,000","26,000",26000,"1,700",7,0.05,0.8,0.05,3.5,1,16.2,"5,000",19
2024,Q2,NORTH DAKOTA,"7,500","457,000",49000,"17,500",4,3,17.5,0.05,11.9,1.4,41.8,"21,000",5
2024,Q2,OHIO,"4,900","26,000",26000,660,3,0.5,21.9,4.6,4.6,1.3,35,"4,700",18
2024,Q2,OKLAHOMA,"7,500","15,500",13000,"1,300",8,1.9,7.8,1.5,2.3,0.05,13.4,"4,100",26
2024,Q2,OREGON,"21,000","105,000",95000,"9,000",9,3.5,0.05,2.2,0.9,0,5.3,"13,500",13
2024,Q2,OTHER STATES,"2,500","28,035",16970,"1,460",5,29,8.7,2.7,30,4.2,31.2,"2,110",8
2024,Q2,PENNSYLVANIA,"5,500","25,000",22000,"1,600",6,1.2,2,7.7,10.7,1.8,30.1,"1,500",6
2024,Q2,SOUTH CAROLINA,"2,300","14,500",13500,470,3,1.9,5.4,8.2,26.7,1.2,31.6,"4,900",34
2024,Q2,SOUTH DAKOTA,"17,000","217,000",21000,"8,000",4,0.05,1.5,12.7,7.5,0.05,14,"1,900",1
2024,Q2,TENNESSEE,"1,900","12,000",11000,760,6,0,4.9,0.7,5.1,2.8,52,640,5
2024,Q2,TEXAS,"43,000","300,000",290000,"38,000",13,0.05,5.6,0.5,40.9,0.6,43.9,"74,000",25
2024,Q2,UTAH,"4,400","20,000",16500,"1,500",8,2.4,0.7,1.2,0.05,8.8,9.6,"2,000",10
2024,Q2,VERMONT,270,"10,500",8000,130,1,1.1,0.5,0,1.1,0.05,5.6,320,3
2024,Q2,VIRGINIA,"3,000","11,000",9000,450,4,5.8,6.7,0.05,7.4,0.9,20.5,"2,100",19
2024,Q2,WASHINGTON,"20,000","128,000",106000,"6,000",5,2.3,19.1,9.8,11.7,11.6,54,"2,400",2
2024,Q2,WEST VIRGINIA,"1,200","7,000",6500,460,7,0.5,5.1,1.2,2.4,0.8,13.5,"1,200",17
2024,Q2,WISCONSIN,"16,000","67,000",55000,"3,800",6,11.1,5.2,3.9,11.3,16.5,30,"11,000",16
2024,Q2,WYOMING,"7,500","25,000",12000,"1,400",6,0.05,0,0.05,1.3,2.6,2.4,"1,800",7
2024,Q3,CALIFORNIA,"8,000","630,000",600000,"36,000",6,17.3,4.6,9.1,18.8,3,35,"43,000",7
2024,Q3,FLORIDA,"39,000","295,000",290000,"32,000",11,4.1,8.2,11,16.7,4.1,34.8,"17,500",6
2024,Q3,GEORGIA,"34,000","153,000",148000,"35,000",23,4.9,18.2,7.3,14.6,10.5,31.9,"17,000",11
2024,Q3,IDAHO,"6,500","155,000",116000,"10,000",6,0.8,0.05,3.9,0.05,5.2,25.7,"12,000",8
2024,Q3,IOWA,"1,000","55,000",54000,"6,000",11,2,4.8,1,15.2,0.9,37.5,"1,000",2
2024,Q3,LOUISIANA,"6,000","48,000",48000,"6,500",14,0.05,0.05,1.7,2.2,2.6,17.8,"1,700",4
2024,Q3,MICHIGAN,"4,500","97,000",96000,"8,000",8,8.8,5.8,14.5,9,5.1,31.3,"10,000",10
2024,Q3,MINNESOTA,"5,000","120,000",117000,"10,500",9,0.05,2.1,5.1,1.5,3.6,21.1,"1,800",2
2024,Q3,MISSISSIPPI,320,"21,000",18500,"3,400",16,6.8,5.3,10.1,8.4,14.7,46.4,70,0
2024,Q3,MONTANA,"1,600","115,000",101000,"7,500",7,3.4,3.2,6.8,0.6,1,35.6,"4,200",4
2024,Q3,NEW YORK,"1,600","51,000",50000,"4,600",9,8.2,13.6,6.4,12.7,6.4,24.1,"1,800",4
2024,Q3,NORTH CAROLINA,"1,300","28,000",26000,"2,800",10,1.1,1.7,0.7,6.7,1.7,14,"1,700",6
2024,Q3,NORTH DAKOTA,"7,500","460,000",445000,"18,500",4,1.9,6,3,12.7,3.3,37.5,"14,000",3
2024,Q3,OHIO,"1,000","26,000",25000,"1,100",4,0.05,4,7.3,14.5,3.7,34.1,"1,500",6
2024,Q3,OREGON,"3,100","130,000",113000,"29,000",22,7,2.5,19.5,3.8,0.05,66.2,"21,000",16
2024,Q3,OTHER STATES,"23,920","397,510",365110,"42,040",11,0.9,5.5,3.9,11.2,2.4,26.9,"22,750",6
2024,Q3,PENNSYLVANIA,"1,400","29,000",28000,"1,900",7,1.1,4.1,4.8,13.1,4.9,27.1,970,3
2024,Q3,SOUTH DAKOTA,110,"225,000",225000,"15,000",7,0.05,2.3,5.5,5.9,1.7,18.1,"3,000",1
2024,Q3,TEXAS,"1,200","107,000",88000,"7,000",7,0.7,16.1,1.3,3.5,3,14.6,"1,300",1
2024,Q3,WASHINGTON,600,"92,000",62000,"5,000",5,0.05,1.4,0.05,0.05,0.05,21.1,"2,700",3
2024,Q3,WISCONSIN,"2,100","80,000",80000,"15,500",19,7.4,1.8,3.5,34,0.6,55.3,"5,500",7
2024,Q4,CALIFORNIA,"46,000","950,000",580000,"88,000",9,4.5,4,4.5,3.3,8.2,30.1,"48,000",5
2024,Q4,FLORIDA,"36,000","310,000",275000,"43,000",14,6,22.6,13.8,13.1,6.7,29.3,"11,500",4
2024,Q4,GEORGIA,"23,000","153,000",146000,"31,000",20,3.1,19.4,3.6,15.3,12.6,32,"4,200",3
2024,Q4,IDAHO,60,"225,000",148000,"25,000",11,7.2,2.9,11.3,16.6,2.9,40.6,660,0
2024,Q4,IOWA,10,"51,000",51000,"4,200",8,1.8,1.4,1.3,0.05,3.6,9.8,140,0
2024,Q4,LOUISIANA,50,"48,000",42000,"10,000",21,0,0.05,1.2,2,4.1,8.7,320,1
2024,Q4,MICHIGAN,140,"91,000",87000,"8,000",9,8.4,6.7,7.3,2,3.8,26.7,410,0
2024,Q4,MINNESOTA,600,"116,000",116000,"8,500",7,0.05,1.3,8,5.2,2.9,23.1,"12,000",10
2024,Q4,MISSISSIPPI,60,"34,000",18000,"8,000",24,18.6,0.05,1,11.3,5.4,9,0,0
2024,Q4,MONTANA,"1,000","99,000",95000,"15,500",16,1.8,9.8,18.5,0,0.7,25.8,0,0
2024,Q4,NEW YORK,630,"46,000",44000,"3,200",7,2.5,2.9,1.9,7.1,3.6,31.5,"1,000",2
2024,Q4,NORTH CAROLINA,570,"26,000",26000,"2,900",11,0.05,1.9,1.1,11.2,2.9,20.7,"2,100",8
2024,Q4,NORTH DAKOTA,"2,200","365,000",360000,"19,000",5,6.8,1.8,2.7,2,1.2,34.2,"14,000",4
2024,Q4,OHIO,200,"26,000",26000,"3,200",12,1.8,4.2,1.6,6.6,8.2,53.5,"3,100",12
2024,Q4,OREGON,"5,000","104,000",103000,"18,000",17,0.05,0.05,3.9,1.1,1.6,45.8,"4,800",5
2024,Q4,OTHER STATES,"6,190","454,980",343040,"54,270",12,8.9,13.9,8.3,13.4,11.2,29.8,"4,550",1
2024,Q4,PENNSYLVANIA,360,"29,000",29000,"2,000",7,2.7,4.4,7.3,13.3,2.3,30.3,580,2
2024,Q4,SOUTH DAKOTA,200,"200,000",199000,"20,000",10,1.1,0.6,19.7,0.05,0.8,12.6,"2,200",1
2024,Q4,TEXAS,"1,900","190,000",101000,"17,000",9,5.9,8,8.4,11.1,4.7,27.8,390,0
2024,Q4,WASHINGTON,"3,600","106,000",87000,"14,000",13,4.5,0.7,3.8,14.3,11.8,34.5,"9,000",8
2024,Q4,WISCONSIN,260,"56,000",56000,"8,500",15,6.9,1.7,0.05,0.7,4.9,24.4,230,0
2025,Q1,CALIFORNIA,"182,500","1,260,000",910000,"83,000",7,8.7,7.3,7.6,7.6,8.3,38.4,"64,000",5
2025,Q1,FLORIDA,"49,000","320,000",305000,"40,000",13,3.9,4.2,15.8,18.4,8.1,43.9,"16,500",5
2025,Q1,GEORGIA,"57,000","146,000",144000,"26,000",18,2.1,5.8,8.5,10,10.5,25.9,"8,000",5
2025,Q1,IDAHO,"5,000","200,000",159000,"11,000",6,0.05,14.9,14.5,0.05,3.2,24.8,"3,100",2
2025,Q1,IOWA,"7,000","49,000",39000,"3,900",8,1.2,1.8,0.05,0.05,1.6,8.1,0,0
2025,Q1,LOUISIANA,"8,500","80,000",38000,"6,500",8,0,12.9,5,11.3,20.6,23,"3,900",5
2025,Q1,MICHIGAN,"16,000","85,500",65000,"3,100",4,0.6,1.8,0.05,2.2,1.2,4.9,100,0
2025,Q1,MINNESOTA,"10,000","97,500",65000,"1,700",2,0.05,1.4,0.6,1.3,1.4,6.9,290,0
2025,Q1,MISSISSIPPI,"14,500","60,000",25000,"4,000",7,0,3.4,9.3,1,12.8,25.9,"8,000",13
2025,Q1,MONTANA,"4,500","48,000",30000,200,0,0,0.05,0.5,1.4,0.6,2.4,150,0
2025,Q1,NEW YORK,"6,500","50,000",39000,"2,500",5,1.9,6,1.1,3.6,17.2,29.2,580,1
2025,Q1,NORTH CAROLINA,"4,000","28,000",24000,"2,500",9,0.05,2.3,0.05,3.2,4.5,6,"4,600",16
2025,Q1,NORTH DAKOTA,"7,300","96,000",73000,"7,500",8,2.1,2.1,0,0.05,0.05,21.2,410,0
2025,Q1,OHIO,"5,000","28,000",20000,"1,800",6,0.05,10.6,0.9,4.5,5,24,290,1
2025,Q1,OREGON,"20,500","105,500",57000,"9,000",9,2,0,0.05,0,2,27.2,"19,000",18
2025,Q1,OTHER STATES,"103,580","366,410",283700,"34,460",9,4.4,9.4,5.4,10.2,8.9,21.9,"5,710",2
2025,Q1,PENNSYLVANIA,"6,000","29,500",22000,"1,000",3,2.2,3.6,1.8,6.3,4.6,18.4,370,1
2025,Q1,SOUTH DAKOTA,"1,500","80,000",66000,"4,600",6,1.6,0.7,0.9,3.1,0.5,3.2,40,0
2025,Q1,TEXAS,"65,000","356,000",162000,"19,000",5,5.6,7.3,13.9,18.5,7.2,36.7,"22,000",6
2025,Q1,WASHINGTON,"10,500","100,000",68000,"2,500",3,1.9,6.2,0.5,0.6,0.7,24,"1,600",2
2025,Q1,WISCONSIN,"8,290","48,000",39000,"3,000",6,0.05,2.4,0,0.5,3.8,17.5,70,0
2025,Q2,CALIFORNIA,"185,000","840,000",820000,"80,000",10,6.3,9.3,10.5,15.3,2.5,41.6,"131,000",16
2025,Q2,FLORIDA,"38,000","325,000",325000,"38,000",12,2.7,8.4,3.1,7.4,1.2,20.1,"39,000",12
2025,Q2,GEORGIA,"35,000","156,000",155000,"25,000",16,1,2.4,1.9,7.5,17,20,"21,000",13
2025,Q2,IDAHO,"5,600","132,000",114000,"8,000",6,2.4,4.7,5.6,19.3,0.05,27.2,"15,500",12
2025,Q2,IOWA,"9,000","56,000",45000,"3,700",7,1.3,2.8,21.3,21.9,0.05,15.4,"8,000",14
2025,Q2,LOUISIANA,"8,000","81,000",81000,"15,500",19,1.5,9,5.3,3.2,0.05,10.2,"11,500",14
2025,Q2,MICHIGAN,"20,000","87,000",84000,"6,500",7,0.05,8,0.05,5.2,0.5,9,"22,000",25
2025,Q2,MINNESOTA,"14,500","104,000",95000,"6,000",6,0.05,3.7,21.7,0.6,0.05,8.6,"11,000",11
2025,Q2,MISSISSIPPI,"9,000","71,000",70000,"3,000",4,0,11.8,0.05,9,12.4,28.2,"4,500",6
2025,Q2,MONTANA,"7,000","100,000",47000,"9,500",10,8.8,12.8,0.05,3.6,0,11,"9,000",9
2025,Q2,NEW YORK,"14,000","53,000",38000,"2,000",4,0.8,2.4,0.05,2.1,1,14.7,"3,900",7
2025,Q2,NORTH CAROLINA,"6,500","27,000",27000,"2,300",9,0.6,2,0.7,6.9,1.6,26.3,"3,500",13
2025,Q2,NORTH DAKOTA,"12,000","395,000",71000,"13,000",3,3.5,1.2,10.6,22.3,1.4,36.8,"21,000",5
2025,Q2,OHIO,"8,500","25,000",25000,"2,200",9,1.7,13.6,7,17.7,2.4,39.3,"4,900",20
2025,Q2,OREGON,"27,000","106,000",105000,"5,500",5,6.6,13.8,10.7,0.05,1,10.2,"14,500",14
2025,Q2,OTHER STATES,"137,910","363,840",315310,"32,200",9,5.1,5.7,7.6,8,4.9,38.8,"51,190",14
2025,Q2,PENNSYLVANIA,"8,500","30,000",25000,930,3,1.1,3.4,0.05,9.9,2,44.1,"2,700",9
2025,Q2,SOUTH DAKOTA,"2,600","220,000",36000,"6,000",3,0.05,0,0,1.4,0.05,15,"11,000",5
2025,Q2,TEXAS,"68,000","380,000",365000,"23,000",6,7,2,6.8,8,4.8,17,"73,000",19
2025,Q2,WASHINGTON,"15,000","113,000",100000,"7,500",7,4.7,6.4,4.5,6.5,0.05,24.4,"19,500",17
2025,Q2,WISCONSIN,"10,500","55,000",44000,"2,800",5,0.05,1.5,4.7,16,12.3,12.3,"8,500",15
