sample_year,state_code,region,quarter,mean_varroa,max_varroa,nosema,abpv,amsv1,cbpv,dwv,dwvb,iapv,kbv,lsv2,bip_loss_prev5yrs_list,bip_mean_loss_prev5yrs,nass_mean_loss_prev5yrs,bip_loss,State,"HONEY, BEE COLONIES - ADDED & REPLACED, MEASURED IN COLONIES","HONEY, BEE COLONIES - INVENTORY, MAX, MEASURED IN COLONIES",COLONIES AT FIRST OF QUARTER,"HONEY, BEE COLONIES - LOSS, DEADOUT, MEASURED IN COLONIES","HONEY, BEE COLONIES - LOSS, DEADOUT, MEASURED IN PCT OF COLONIES","HONEY, BEE COLONIES, AFFECTED BY DISEASE - INVENTORY, MEASURED IN PCT OF COLONIES","HONEY, BEE COLONIES, AFFECTED BY OTHER CAUSES - INVENTORY, MEASURED IN PCT OF COLONIES","HONEY, BEE COLONIES, AFFECTED BY PESTICIDES - INVENTORY, MEASURED IN PCT OF COLONIES","HONEY, BEE COLONIES, AFFECTED BY PESTS ((EXCL VARROA MITES)) - INVENTORY, MEASURED IN PCT OF COLONIES","HONEY, BEE COLONIES, AFFECTED BY UNKNOWN CAUSES - INVENTORY, MEASURED IN PCT OF COLONIES","HONEY, BEE COLONIES, AFFECTED BY VARROA MITES - INVENTORY, MEASURED IN PCT OF COLONIES","HONEY, BEE COLONIES, RENOVATED - INVENTORY, MEASURED IN COLONIES","HONEY, BEE COLONIES, RENOVATED - INVENTORY, MEASURED IN PCT OF COLONIES",nass_loss_percent,ID_state,pcpn,tmax,tmin,tmpc,state
2015,AL,Southeast,Q2,2.366,8.0,0.1433333333333333,0.0,0.0,50.0,52.5,0.0,30.0,90.0,38.57142857142857,"[0.7091785523248659, 0.5048497751452139, 0.60318951181211, 0.5382029838231348]",0.5888552057763312,,,ALABAMA,"1,900","7,500",7500.0,860,12.0,0.0,3.2,2.3,42.5,4.1,16.7,680,9.0,0.12,1,0.5755276262746027,0.8358974358974358,0.8324999999999999,0.8434363709353673,AL
2015,AL,Southeast,Q3,4.143,12.09,0.09,90.0,0.0,0.0,61.25,0.0,0.0,40.0,30.0,"[0.7091785523248659, 0.5048497751452139, 0.60318951181211, 0.5382029838231348]",0.5888552057763312,,,ALABAMA,160,"9,000",8500.0,"1,400",16.0,0.0,2.2,2.6,70.6,17.7,63.1,260,3.0,0.16,1,0.519326535451743,0.898168498168498,0.9129166666666666,0.9173022882376556,AL
2015,AL,Southeast,Q4,9.085,10.98,0.0,0.0,0.0,0.0,60.0,0.0,0.0,0.0,30.0,"[0.4723671385085909, 0.6710373381890713, 0.7186462451296507, 0.7124032955564691, 0.5212141601940685]",0.6191336355155701,,,ALABAMA,80,"8,000",8000.0,610,8.0,0.2,2.8,0.2,6.4,1.9,3.1,60,1.0,0.08,1,0.7384396490396017,0.7,0.6900000000000001,0.7009233239662787,AL
2015,AR,South,Q2,2.397272727272727,6.43,0.0136363636363636,0.0,0.0,70.0,56.0,0.0,0.0,0.0,43.333333333333336,"[0.5044053722166479, 0.617919640049565, 0.5765567420714995, 0.5522082354215065]",0.5627724974398047,,,ARKANSAS,"11,500","13,500",13500.0,"1,900",14.0,7.0,27.4,22.6,63.4,9.3,65.9,"5,500",41.0,0.14,4,0.2788712354754565,0.7728937728937728,0.69625,0.7442794058611,AR
2015,AR,South,Q3,3.7483333333333335,8.11,0.0208333333333333,50.0,0.0,90.0,68.18181818181819,0.0,80.0,0.0,45.0,"[0.5044053722166479, 0.617919640049565, 0.5765567420714995, 0.5522082354215065]",0.5627724974398047,,,ARKANSAS,500,"30,000",23000.0,"9,000",30.0,0.9,1.8,5.0,32.4,1.4,69.2,210,1.0,0.3,4,0.2516006639791321,0.8941391941391941,0.8229166666666667,0.8715375351264552,AR
2015,CA,West,Q1,0.7911764705882354,5.45,2.4176470588235297,48.333333333333336,0.0,30.0,61.333333333333336,0.0,30.0,80.0,72.85714285714286,"[0.4419736282712049, 0.37833815772725055, 0.36733201887290123, 0.5963255626497236, 0.4712014474370305]",0.4510341629916222,,,CALIFORNIA,"250,000","1,690,000",1440000.0,"255,000",15.0,3.0,6.5,7.5,7.2,2.8,24.7,"124,000",7.0,0.15,5,0.2940479013516718,0.436996336996337,0.3295833333333333,0.3829787234042553,CA
2015,CA,West,Q2,0.8990909090909092,5.17,0.2,30.0,0.0,60.0,30.0,0.0,40.0,30.0,32.5,"[0.5697559304556725, 0.6440451296466143, 0.5480833950811825, 0.563439967346004]",0.5813311056323683,,,CALIFORNIA,"170,000","1,050,000",1040000.0,"104,000",10.0,7.8,14.2,23.0,21.5,3.1,50.9,"285,000",27.0,0.1,5,0.4417832582404553,0.6494505494505495,0.5675,0.6142111601766359,CA
2015,CA,West,Q4,1.95,11.76,0.1166666666666666,53.75,0.0,0.0,58.57142857142857,0.0,30.0,50.0,60.0,"[0.37833815772725055, 0.36733201887290123, 0.5963255626497236, 0.4712014474370305, 0.5549639308138364]",0.47363222350014844,,,CALIFORNIA,"39,000","1,260,000",750000.0,"149,000",12.0,6.2,10.5,11.7,12.7,7.3,37.3,"75,000",6.0,0.12,5,0.344320607066635,0.4684981684981685,0.3758333333333333,0.4227217984745082,CA
2015,CT,Northeast,Q2,0.39,0.78,3.1750000000000003,0.0,0.0,0.0,30.0,0.0,0.0,0.0,80.0,"[0.6891324149059846, 0.7358647281023128, 0.6578116501743623, 0.6803900226300678]",0.6907997039531819,,,CONNECTICUT,"1,100","3,000",3000.0,80,3.0,1.9,1.0,0.8,0.4,0.7,10.2,150,5.0,0.03,7,0.5496798672041736,0.7520146520146519,0.7529166666666668,0.7595343235648334,CT
2015,CT,Northeast,Q3,2.3286363636363636,16.19,0.1318181818181818,0.0,0.0,30.0,40.0,0.0,0.0,0.0,46.0,"[0.6891324149059846, 0.7358647281023128, 0.6578116501743623, 0.6803900226300678]",0.6907997039531819,,,CONNECTICUT,190,"3,700",3700.0,50,1.0,0.4,7.8,1.5,1.2,0.0,39.3,440,12.0,0.01,7,0.4477116433483519,0.8483516483516482,0.8774999999999998,0.8731433159373746,CT
2015,FL,Southeast,Q1,0.372,1.07,0.12,30.0,0.0,90.0,35.0,0.0,0.0,0.0,86.66666666666667,"[0.46872141055651406, 0.3279468919907065, 0.3617040466957051, 0.5438104841214509, 0.6211086743850849]",0.4646583015498923,,,FLORIDA,"54,000","315,000",305000.0,"42,000",13.0,0.8,5.1,8.9,13.5,4.4,22.3,"25,000",8.0,0.13,9,0.4856533080388902,0.5820512820512821,0.54,0.5636290646326776,FL
2015,FL,Southeast,Q3,2.1,4.13,0.0,0.0,0.0,0.0,45.0,0.0,0.0,0.0,0.0,"[0.6692479562481846, 0.582087433789342, 0.5310168527310852, 0.5387583311024049]",0.5802776434677541,,,FLORIDA,"37,000","220,000",164000.0,"36,000",16.0,6.7,21.9,22.9,21.7,3.4,39.5,"29,000",13.0,0.16,9,0.5624851790372303,0.8908424908424908,0.9208333333333332,0.9164993978321958,FL
2015,FL,Southeast,Q4,7.196666666666666,28.17,0.2833333333333333,54.0,0.0,0.0,68.0,0.0,30.0,0.0,43.333333333333336,"[0.3279468919907065, 0.3617040466957051, 0.5438104841214509, 0.6211086743850849, 0.500537461189412]",0.4710215116764719,,,FLORIDA,"30,000","260,000",220000.0,"37,000",14.0,2.5,3.0,6.8,18.4,4.2,27.3,"28,000",11.0,0.14,9,0.6530709034858905,0.7051282051282051,0.7037500000000001,0.7105580088317944,FL
2015,GA,Southeast,Q3,0.992,7.72,0.09,33.333333333333336,0.0,30.0,59.473684210526315,0.0,30.0,0.0,30.0,"[0.4947532666079121, 0.6522625916264664, 0.6375624926341616, 0.6443996443994666]",0.6072444988170017,,,GEORGIA,"19,500","110,000",108000.0,"13,000",12.0,3.6,8.9,21.2,16.2,3.6,47.6,"15,500",14.0,0.12,10,0.3078017548019919,0.773992673992674,0.6641666666666668,0.7290244881573664,GA
2015,GA,Southeast,Q4,7.89,7.89,0.0,0.0,0.0,0.0,40.0,0.0,0.0,0.0,0.0,"[0.3812151126262817, 0.38357877682699026, 0.5295186390389749, 0.46157425755235926, 0.5328682151828544]",0.4577510002454921,,,GEORGIA,"4,400","121,000",110000.0,"18,000",15.0,5.3,3.7,4.5,13.9,1.3,43.5,"1,900",2.0,0.15,10,0.4339577898980317,0.4073260073260074,0.3870833333333334,0.3950220794861501,GA
2015,HI,Hawaii,Q1,0.8999999999999999,3.56,0.6749999999999999,30.0,0.0,30.0,30.0,0.0,30.0,0.0,0.0,,,,,HAWAII,"3,400","10,500",10500.0,380,4.0,1.6,2.0,0.0,37.7,0.0,38.8,760,7.0,0.04,11,0.3514346691961109,0.3296703296703296,0.2966666666666667,0.3087113608992372,HI
2015,HI,Hawaii,Q2,1.95,5.85,0.0,30.0,0.0,0.0,30.0,0.0,0.0,0.0,0.0,,,,,HAWAII,"1,100","13,500",13500.0,120,1.0,0.3,3.2,0.1,61.0,0.1,60.1,"1,200",9.0,0.01,11,0.6587621531894713,0.7362637362637363,0.7308333333333333,0.7402649538338018,HI
2015,HI,Hawaii,Q3,2.54625,6.75,0.19375,46.666666666666664,0.0,0.0,70.0,0.0,0.0,0.0,0.0,,,,,HAWAII,"1,200","14,500",14500.0,"2,700",19.0,0.1,2.5,0.1,80.5,0.0,78.1,"5,500",38.0,0.19,11,0.5024899217453166,0.8293040293040294,0.8375,0.8426334805299077,HI
2015,HI,Hawaii,Q4,0.0,0.0,0.5625,65.0,0.0,0.0,0.0,0.0,0.0,30.0,30.0,,,,,HAWAII,"2,700","13,000",13000.0,690,5.0,0.2,0.0,0.0,33.9,0.0,31.0,760,6.0,0.05,11,0.5494427317998577,0.5516483516483517,0.5475000000000001,0.5507828181453231,HI
2015,IA,Upper Midwest,Q2,0.35,0.35,0.35,0.0,0.0,0.0,30.0,0.0,90.0,90.0,70.0,"[0.24134151229645484, 0.6758008249469084, 0.5183454203510713, 0.34207812788926084]",0.44439147137092383,,,IOWA,"6,500","24,000",12500.0,"1,400",6.0,2.9,2.7,7.8,5.1,1.9,21.5,"3,100",13.0,0.06,15,0.6156035096039838,0.7765567765567765,0.7516666666666667,0.7723805700521879,IA
2015,IA,Upper Midwest,Q3,2.3200000000000003,5.54,0.0,0.0,0.0,80.0,40.0,0.0,60.0,50.0,0.0,"[0.24134151229645484, 0.6758008249469084, 0.5183454203510713, 0.34207812788926084]",0.44439147137092383,,,IOWA,640,"37,000",29000.0,"3,000",8.0,0.1,5.6,4.7,5.8,3.4,17.4,680,2.0,0.08,15,0.5926013753853451,0.8443223443223444,0.8466666666666665,0.8550782818145324,IA
2015,IA,Upper Midwest,Q4,7.4825,23.92,0.2875,0.0,0.0,0.0,53.333333333333336,0.0,0.0,0.0,0.0,"[0.17369530063459437, 0.1872574462256843, 0.39729737446971103, 0.376006557653084, 0.24497236459897942]",0.2758458087164106,,,IOWA,40,"35,000",35000.0,"4,300",12.0,0.6,24.8,6.4,0.9,1.4,53.4,30,0.0,0.12,15,0.578610386530709,0.6146520146520147,0.5891666666666666,0.6057808109193095,IA
2015,ID,Northwest,Q2,2.59,2.59,0.0,0.0,0.0,0.0,30.0,0.0,0.0,0.0,0.0,"[0.47606316800441617, 0.6761248621843521, 0.7338999275556031, 0.8016095391076403]",0.6719243742130029,,,IDAHO,"16,500","72,000",62000.0,"6,500",9.0,6.5,13.7,6.0,6.7,0.3,25.5,"10,500",15.0,0.09,12,0.6492767370168366,0.7311355311355311,0.7183333333333334,0.7322360497792052,ID
2015,ID,Northwest,Q3,3.5345454545454547,26.67,0.009090909090909,43.333333333333336,0.0,53.333333333333336,47.36842105263158,0.0,50.0,0.0,42.5,"[0.47606316800441617, 0.6761248621843521, 0.7338999275556031, 0.8016095391076403]",0.6719243742130029,,,IDAHO,"5,500","128,000",80000.0,"14,000",11.0,1.7,2.2,10.0,5.2,6.4,46.8,"11,500",9.0,0.11,12,0.4915816931467868,0.8194139194139194,0.8141666666666667,0.8261742272179847,ID
2015,ID,Northwest,Q4,1.69,1.69,0.0,60.0,0.0,0.0,70.0,0.0,0.0,0.0,0.0,"[0.47492768633316873, 0.4811254783372292, 0.6458858582366056, 0.5070326990798109, 0.6425763444421835]",0.5503096132857996,,,IDAHO,"5,500","145,000",121000.0,"22,000",15.0,4.3,2.8,4.0,0.6,4.5,38.9,"5,500",4.0,0.15,12,0.4972729428503675,0.5571428571428572,0.5495833333333333,0.5547972701726214,ID
2015,IL,Ohio Valley,Q3,4.205,12.52,0.0458333333333333,61.25,0.0,33.333333333333336,62.17391304347826,0.0,52.857142857142854,70.0,30.0,"[0.6358345328628796, 0.559330506562477, 0.5972251213077348, 0.6222241790978631]",0.6036535849577386,,,ILLINOIS,"1,300","14,000",14000.0,"1,400",10.0,0.6,3.4,0.4,3.0,1.0,7.7,"1,100",8.0,0.1,13,0.5809817405738678,0.8014652014652014,0.8091666666666667,0.8141308711360898,IL
2015,IN,Ohio Valley,Q2,0.23,0.23,0.2,0.0,0.0,0.0,30.0,0.0,0.0,0.0,0.0,"[0.7223687562519827, 0.7475334145465221, 0.702494845809041, 0.5956137418409118]",0.6920026896121144,,,INDIANA,"4,900","12,500",8000.0,"1,300",10.0,7.0,4.4,0.5,1.8,2.0,15.4,"4,300",34.0,0.1,14,0.5672278871235475,0.7622710622710622,0.7254166666666666,0.7523083099156964,IN
2015,IN,Ohio Valley,Q3,6.671304347826087,21.15,0.0565217391304347,60.0,0.0,55.0,67.14285714285714,0.0,67.5,30.0,53.333333333333336,"[0.7223687562519827, 0.7475334145465221, 0.702494845809041, 0.5956137418409118]",0.6920026896121144,,,INDIANA,"1,400","15,000",15000.0,"1,600",11.0,4.8,1.0,8.2,10.3,6.2,13.7,420,3.0,0.11,14,0.4505572682001423,0.8934065934065933,0.8625,0.8904054596547571,IN
2015,KY,Ohio Valley,Q3,4.61875,9.89,0.0375,43.333333333333336,0.0,0.0,63.333333333333336,0.0,40.0,0.0,43.333333333333336,"[0.6253080082655211, 0.7134658724693737, 0.5610522135428078, 0.6051840025628776]",0.6262525242101451,,,KENTUCKY,170,"10,000",10000.0,"1,300",13.0,1.2,9.0,6.5,11.3,2.0,40.4,550,6.0,0.13,17,0.5186151292387954,0.7512820512820512,0.7366666666666666,0.7519068647129669,KY
2015,KY,Ohio Valley,Q4,4.28,7.57,0.0375,73.33333333333333,0.0,75.0,57.5,0.0,0.0,0.0,60.0,"[0.18018206333640008, 0.44220592045836826, 0.4322889769085734, 0.41571066618964203, 0.3843835327108377]",0.37095423192076427,,,KENTUCKY,20,"8,500",8500.0,"1,100",13.0,0.4,7.2,9.8,14.8,1.7,22.2,10,0.0,0.13,17,0.5219350248992174,0.4186813186813187,0.4283333333333333,0.4211160176635889,KY
2015,MD,Northeast,Q4,7.623333333333334,19.07,0.2166666666666666,50.0,0.0,0.0,70.0,0.0,0.0,0.0,0.0,"[0.3857955985678936, 0.293351932310439, 0.5223592317257791, 0.2731872971797735, 0.38572339746303863]",0.3720834914493848,,,MARYLAND,0,"9,500",7500.0,730,8.0,0.1,0.2,0.0,2.0,4.3,5.6,0,0.0,0.08,20,0.4455774247095092,0.4714285714285715,0.48875,0.478924126856684,MD
2015,MI,Upper Midwest,Q2,1.02,1.72,0.1666666666666666,0.0,0.0,0.0,33.333333333333336,0.0,35.0,0.0,86.66666666666667,"[0.6179649800710786, 0.6855145489834245, 0.594778985917939, 0.6430434223635678]",0.6353254843340025,,,MICHIGAN,"13,500","88,000",58000.0,"9,500",11.0,0.6,16.4,9.1,13.0,3.1,26.9,"5,500",6.0,0.11,22,0.6132321555608253,0.8351648351648352,0.8479166666666667,0.8510638297872339,MI
2015,MI,Upper Midwest,Q3,0.21,0.21,0.0,0.0,0.0,0.0,30.0,0.0,60.0,40.0,90.0,"[0.6179649800710786, 0.6855145489834245, 0.594778985917939, 0.6430434223635678]",0.6353254843340025,,,MICHIGAN,"3,300","89,000",89000.0,"7,000",8.0,7.3,1.8,13.7,16.3,8.8,44.6,"3,800",4.0,0.08,22,0.4424946644534029,0.9205128205128204,0.9225,0.9341629867523082,MI
2015,MI,Upper Midwest,Q4,5.993478260869565,20.75,0.1391304347826087,43.84615384615385,0.0,65.0,62.608695652173914,0.0,44.44444444444444,50.0,47.77777777777778,"[0.2724025562643462, 0.18561139869340126, 0.494158757035139, 0.23604901011373813, 0.2182852037779256]",0.28130138517691006,,,MICHIGAN,210,"73,000",67000.0,"9,000",12.0,0.0,3.2,4.1,4.1,3.7,30.2,"1,600",2.0,0.12,22,0.6990751719231683,0.7065934065934065,0.6925,0.7061421116017664,MI
2015,MN,Upper Midwest,Q2,0.868,4.73,0.16,0.0,0.0,0.0,35.0,0.0,51.25,90.0,66.66666666666667,"[0.5858291607115493, 0.6347116442834704, 0.627219535558723, 0.5405029032801355]",0.5970658109584696,,,MINNESOTA,"20,000","125,000",71000.0,"12,500",10.0,1.4,10.1,16.5,6.2,9.3,25.4,"21,000",17.0,0.1,23,0.6575764761678919,0.7542124542124543,0.7595833333333333,0.7639502207948616,MN
2015,MN,Upper Midwest,Q3,7.745,16.19,0.0375,65.0,0.0,30.0,80.0,0.0,35.0,40.0,30.0,"[0.5858291607115493, 0.6347116442834704, 0.627219535558723, 0.5405029032801355]",0.5970658109584696,,,MINNESOTA,640,"136,000",133000.0,"32,000",24.0,7.4,7.0,27.4,14.6,7.2,33.3,"2,300",2.0,0.24,23,0.5598766895897558,0.8487179487179487,0.8641666666666667,0.8667201926936974,MN
2015,MN,Upper Midwest,Q4,13.23,16.58,0.05,70.0,0.0,30.0,67.5,0.0,53.333333333333336,30.0,30.0,"[0.35821195719155696, 0.22296880852344636, 0.4377464697682508, 0.22161837103142845, 0.30909436966641646]",0.30992799523621983,,,MINNESOTA,600,"105,000",104000.0,"10,000",10.0,8.4,3.8,25.0,8.7,8.9,43.6,40,0.0,0.1,23,0.6324401233104103,0.5824175824175823,0.5566666666666666,0.572059413890004,MN
2015,MT,Northern Rockies & Plains,Q2,0.81,4.31,0.2526315789473684,0.0,0.0,70.0,51.333333333333336,0.0,80.0,0.0,72.5,"[0.5509867449330628, 0.9491452372284392, 0.591751709536137, 0.5397126910508383]",0.6578990956871194,,,MONTANA,"14,000","210,000",36000.0,"4,200",2.0,0.8,1.6,5.3,0.9,0.0,9.0,"33,000",16.0,0.02,26,0.3061418069717809,0.7157509157509157,0.6145833333333334,0.6732236049779206,MT
2015,MT,Northern Rockies & Plains,Q3,5.527272727272727,17.39,0.0227272727272727,30.0,0.0,45.0,56.0,0.0,65.0,70.0,52.0,"[0.5509867449330628, 0.9491452372284392, 0.591751709536137, 0.5397126910508383]",0.6578990956871194,,,MONTANA,"3,200","156,000",140000.0,"10,500",7.0,10.7,6.4,2.3,16.4,5.3,52.5,"10,000",6.0,0.07,26,0.2748399336020868,0.8553113553113553,0.7491666666666666,0.8149337615415496,MT
2015,NC,Southeast,Q3,4.701818181818182,8.32,0.1681818181818181,30.0,0.0,30.0,64.0,0.0,70.0,40.0,30.0,"[0.4832837716092333, 0.5781432625483478, 0.6154069789799302, 0.6474332806141982]",0.5810668234379274,,,NORTH CAROLINA,"2,500","24,000",24000.0,"2,900",12.0,0.7,5.7,7.5,27.9,8.5,33.9,"1,100",5.0,0.12,33,0.4707137775669908,0.8113553113553112,0.8058333333333334,0.8173424327579285,NC
2015,ND,Northern Rockies & Plains,Q3,0.77,4.75,0.00625,0.0,0.0,0.0,44.285714285714285,0.0,30.0,30.0,0.0,,0.5997394521626145,,,NORTH DAKOTA,"11,000","500,000",460000.0,"93,000",19.0,8.1,4.1,12.3,15.5,3.7,33.8,"22,000",4.0,0.19,34,0.4621769030116196,0.9212454212454212,0.9129166666666666,0.9293456443195502,ND
2015,ND,Northern Rockies & Plains,Q4,0.0,0.0,0.0,0.0,0.0,0.0,90.0,0.0,0.0,0.0,30.0,,0.39744168789873024,,,NORTH DAKOTA,"2,700","275,000",230000.0,"35,000",13.0,1.8,3.7,1.5,2.3,2.1,10.8,"9,000",3.0,0.13,34,0.5788475219350249,0.6358974358974361,0.58125,0.6138097149739061,ND
2015,NJ,Northeast,Q2,1.4166666666666667,3.55,0.6166666666666667,0.0,0.0,0.0,55.0,0.0,0.0,0.0,50.0,"[0.6660676844525129, 0.5925315541650555, 0.5642941678236182, 0.6478678054741513]",0.6176903029788345,,,NEW JERSEY,"2,100","19,000",8500.0,"1,800",10.0,0.3,1.0,26.1,3.6,2.4,52.5,"2,900",15.0,0.1,30,0.5454114299264881,0.6593406593406594,0.6204166666666667,0.6455238859895626,NJ
2015,NJ,Northeast,Q3,4.228695652173913,12.47,0.2456521739130435,63.333333333333336,0.0,50.0,60.0,0.0,34.0,30.0,55.0,"[0.6660676844525129, 0.5925315541650555, 0.5642941678236182, 0.6478678054741513]",0.6176903029788345,,,NEW JERSEY,190,"18,500",18500.0,210,1.0,0.1,1.1,0.0,1.0,0.7,7.2,500,3.0,0.01,30,0.4970358074460517,0.7772893772893773,0.7641666666666668,0.7792051384985949,NJ
2015,NJ,Northeast,Q4,5.2625,9.97,0.0,60.0,0.0,30.0,72.5,0.0,80.0,0.0,0.0,"[0.3687344135773726, 0.4189605541730943, 0.6601683294563881, 0.33813410326804294, 0.3906666522232094]",0.4353328105396215,,,NEW JERSEY,20,"8,500",8000.0,270,3.0,0.0,0.4,0.4,2.2,1.2,7.7,10,0.0,0.03,30,0.4588570073511975,0.4948717948717948,0.49375,0.4937775993576876,NJ
2015,NM,Southwest,Q3,14.152222222222225,22.38,0.0555555555555555,0.0,0.0,50.0,68.88888888888889,0.0,55.0,0.0,0.0,"[0.6889144915808725, 0.7817821097640076, 0.7063898902426482]",0.7256954971958427,,,NEW MEXICO,"1,300","6,500",6500.0,"1,600",25.0,55.0,55.5,58.0,55.0,0.7,61.2,650,10.0,0.25,31,0.5508655442257528,0.8575091575091575,0.8866666666666667,0.8819751103974306,NM
2015,NM,Southwest,Q4,11.568666666666669,28.33,0.0,50.0,0.0,0.0,58.0,0.0,0.0,30.0,30.0,"[0.6532744900717966, 0.39796560326908104, 0.4278278647286706, 0.5059408049747719]",0.49625219076108007,,,NEW MEXICO,290,"6,000",6000.0,290,5.0,0.2,0.6,8.4,0.3,1.7,30.9,30,1.0,0.05,31,0.7379653782309699,0.6512820512820512,0.6458333333333333,0.6527498996386994,NM
2015,NY,Northeast,Q2,1.6527777777777777,11.15,0.375,0.0,0.0,63.333333333333336,61.875,0.0,50.0,30.0,50.833333333333336,"[0.6370669068443512, 0.6392506668924378, 0.5663549923998656, 0.7297326762736769]",0.6431013106025829,,,NEW YORK,"11,000","34,000",24000.0,"1,100",3.0,4.5,3.3,4.4,12.5,1.1,19.1,"1,500",4.0,0.03,32,0.4211524780649751,0.653846153846154,0.58125,0.6234443998394219,NY
2015,NY,Northeast,Q3,1.9214285714285713,3.76,0.0642857142857143,90.0,0.0,0.0,65.0,0.0,50.0,0.0,64.0,"[0.6370669068443512, 0.6392506668924378, 0.5663549923998656, 0.7297326762736769]",0.6431013106025829,,,NEW YORK,"4,400","47,000",44000.0,"6,500",14.0,5.7,8.8,17.1,14.3,1.5,40.0,"7,000",15.0,0.14,32,0.3640028456248518,0.8021978021978022,0.7304166666666666,0.7763950220794862,NY
2015,OH,Ohio Valley,Q3,3.626363636363637,8.95,0.0431818181818181,35.55555555555556,0.0,40.0,58.18181818181818,0.0,52.0,30.0,35.0,"[0.7162097380957587, 0.6730198480640508, 0.5625988660360903, 0.6277073413184102]",0.6448839483785775,,,OHIO,"2,300","23,000",23000.0,"1,900",8.0,0.6,1.6,23.4,8.0,1.7,30.7,880,4.0,0.08,35,0.2729428503675599,0.7919413919413919,0.6804166666666667,0.746688077077479,OH
2015,OH,Ohio Valley,Q4,7.11,7.11,0.0,90.0,0.0,0.0,60.0,0.0,0.0,0.0,0.0,"[0.3073254878386388, 0.3477620337324083, 0.42293739912379313, 0.35020969258612167, 0.23915133968787106]",0.3334771905937666,,,OHIO,200,"19,000",19000.0,"2,400",13.0,2.0,14.5,7.3,8.8,2.1,36.3,140,1.0,0.13,35,0.6035096039838749,0.4688644688644689,0.46375,0.4656764351665998,OH
2015,PA,Northeast,Q2,1.1666666666666667,5.84,0.15,0.0,0.0,0.0,50.0,0.0,60.0,0.0,32.5,"[0.6286093236458963, 0.6301627126765994, 0.6401347974917717, 0.6465233104360686]",0.6363575360625839,,,PENNSYLVANIA,"8,500","19,000",15500.0,"1,600",8.0,2.6,6.7,1.6,5.8,2.1,11.4,"2,600",14.0,0.08,38,0.4685795589281479,0.8417582417582417,0.8262499999999999,0.8446407065435567,PA
2015,PA,Northeast,Q3,3.5725,10.02,0.08125,0.0,0.0,60.0,53.333333333333336,0.0,30.0,0.0,50.0,"[0.6286093236458963, 0.6301627126765994, 0.6401347974917717, 0.6465233104360686]",0.6363575360625839,,,PENNSYLVANIA,"1,800","25,000",25000.0,"1,800",7.0,3.7,7.2,5.1,11.3,0.8,45.1,"2,400",10.0,0.07,38,0.547071377756699,0.8985347985347983,0.9216666666666664,0.9213167402649538,PA
2015,PA,Northeast,Q4,18.4,18.4,0.5,30.0,0.0,0.0,70.0,0.0,0.0,0.0,30.0,"[0.32746346209999244, 0.3196891488729351, 0.46677850258515585, 0.3207229410361, 0.33734701621127294]",0.35440021416109124,,,PENNSYLVANIA,"1,300","23,000",22000.0,"2,500",11.0,1.0,0.8,0.3,4.3,1.0,32.2,"6,500",28.0,0.11,38,0.8453877163860564,0.6912087912087913,0.6879166666666666,0.695704536330791,PA
2015,SC,Southeast,Q2,2.17,6.51,0.0,0.0,0.0,0.0,67.5,0.0,60.0,70.0,40.0,"[0.5658918936205912, 0.595348680888744, 0.6598493284750963, 0.590103751345711]",0.6027984135825356,,,SOUTH CAROLINA,"1,100","18,500",17500.0,950,5.0,0.5,3.7,1.4,5.4,0.7,29.9,"2,000",11.0,0.05,40,0.5677021579321793,0.7930402930402929,0.775,0.7928542753914091,SC
2015,SC,Southeast,Q3,3.055,6.19,0.0375,70.0,0.0,60.0,73.33333333333333,0.0,60.0,50.0,40.0,"[0.5658918936205912, 0.595348680888744, 0.6598493284750963, 0.590103751345711]",0.6027984135825356,,,SOUTH CAROLINA,880,"12,000",12000.0,"2,000",17.0,18.3,3.9,14.7,31.0,3.0,58.4,580,5.0,0.17,40,0.5520512212473323,0.8553113553113553,0.8654166666666668,0.8707346447209956,SC
2015,SD,Northern Rockies & Plains,Q2,0.6633333333333333,3.65,1.7555555555555555,30.0,0.0,0.0,46.0,0.0,44.0,0.0,51.42857142857143,,0.612690479744359,,,SOUTH DAKOTA,"27,000","290,000",100000.0,"21,000",7.0,1.8,1.4,2.0,11.1,1.5,9.8,"23,000",8.0,0.07,41,0.6229547071377758,0.8362637362637362,0.8375,0.8470493777599357,SD
2015,SD,Northern Rockies & Plains,Q3,2.19,11.09,0.60625,70.0,0.0,40.0,57.142857142857146,0.0,0.0,0.0,40.0,,0.5997394521626145,,,SOUTH DAKOTA,"2,100","295,000",295000.0,"53,000",18.0,2.0,1.9,7.1,7.3,5.7,22.0,"13,000",4.0,0.18,41,0.3379179511501067,0.9545787545787544,0.9391666666666666,0.9602569249297468,SD
2015,SD,Northern Rockies & Plains,Q4,3.527333333333333,13.7,0.1133333333333333,63.75,0.0,30.0,55.0,0.0,50.0,35.0,43.333333333333336,[0.18350341907227397],0.18350341907227397,,,SOUTH DAKOTA,"2,400","205,000",194000.0,"9,000",4.0,1.9,2.4,7.1,3.0,4.1,16.8,0,0.0,0.04,41,0.5240692435380603,0.7047619047619047,0.6583333333333332,0.688478522681654,SD
2015,TN,Southeast,Q2,3.3113333333333332,9.16,0.0633333333333333,0.0,0.0,70.0,56.666666666666664,0.0,56.666666666666664,90.0,60.0,"[0.6558763991941574, 0.6396468829994129, 0.6357179364819785, 0.5683664521369394]",0.6249019177031221,,,TENNESSEE,"3,600","7,500",7500.0,730,10.0,1.8,2.6,9.8,26.3,3.0,47.8,920,12.0,0.1,42,0.3483519089400047,0.6937728937728938,0.6120833333333333,0.6599759132878362,TN
2015,TX,South,Q1,1.366,4.75,0.22,0.0,0.0,0.0,46.666666666666664,0.0,0.0,70.0,50.0,"[0.26917310802968775, 0.42281847267257533, 0.4865308714033132, 0.5339084003006009]",0.4281077131015443,,,TEXAS,"82,000","250,000",191000.0,"26,000",10.0,5.0,2.3,11.1,12.2,6.2,21.5,"51,000",20.0,0.1,43,0.3666113350723263,0.1948717948717949,0.0879166666666666,0.1336812525090325,TX
2015,TX,South,Q2,1.4799999999999998,3.05,0.65,75.0,0.0,40.0,38.0,0.0,33.333333333333336,80.0,46.666666666666664,"[0.7394605697749633, 0.31492510005301655, 0.731866777820052, 0.4547217646730368]",0.5602435530802672,,,TEXAS,"76,000","315,000",305000.0,"33,000",11.0,2.5,7.4,6.6,22.9,3.0,19.3,"94,000",30.0,0.11,43,0.5677021579321793,0.6296703296703298,0.5770833333333334,0.6081894821356885,TX
2015,TX,South,Q3,3.48,6.77,0.0083333333333333,47.5,0.0,30.0,71.66666666666667,0.0,90.0,0.0,63.333333333333336,"[0.7394605697749633, 0.31492510005301655, 0.731866777820052, 0.4547217646730368]",0.5602435530802672,,,TEXAS,"5,500","136,000",76000.0,"16,500",12.0,1.3,4.7,19.4,26.0,5.2,30.7,"4,800",4.0,0.12,43,0.5050984111927911,0.7644688644688644,0.7350000000000001,0.7575270975511844,TX
2015,TX,South,Q4,0.4599999999999999,1.91,0.03,0.0,0.0,0.0,40.0,0.0,0.0,0.0,40.0,"[0.26917310802968775, 0.42281847267257533, 0.4865308714033132, 0.5339084003006009, 0.3250000931702546]",0.4074861891152864,,,TEXAS,"13,000","250,000",125000.0,"25,000",10.0,2.7,2.2,5.4,8.7,8.0,20.9,"2,000",1.0,0.1,43,0.47189945458857,0.4571428571428572,0.4445833333333333,0.4500200722601365,TX
2015,UT,Southwest,Q1,0.5,0.5,0.0,0.0,0.0,0.0,0.0,0.0,0.0,0.0,30.0,"[0.5719944334787788, 0.4276629973760858, 0.5564824480022903, 0.37130538653806855, 0.17699736735941518]",0.42088852655092773,,,UTAH,"2,500","24,000",6000.0,"3,300",14.0,0.1,3.0,4.4,0.9,0.5,13.6,290,1.0,0.14,44,0.4396490396016125,0.4282051282051282,0.38,0.4030509835407467,UT
2015,UT,Southwest,Q2,0.891875,4.5,0.0843749999999999,30.0,0.0,60.0,41.0,0.0,48.57142857142857,90.0,53.333333333333336,"[0.6843786156840004, 0.662721756176575, 0.48299930403705627, 0.634133538409797]",0.6160583035768572,,,UTAH,"10,000","27,000",24000.0,"3,400",13.0,1.5,5.6,12.3,10.8,1.2,27.2,"3,900",14.0,0.13,44,0.548968460991226,0.767032967032967,0.7437499999999999,0.7635487755921316,UT
2015,UT,Southwest,Q3,6.0042857142857144,14.59,0.1928571428571428,0.0,0.0,40.0,61.42857142857143,0.0,85.0,66.66666666666667,55.0,"[0.6843786156840004, 0.662721756176575, 0.48299930403705627, 0.634133538409797]",0.6160583035768572,,,UTAH,"1,400","36,000",31000.0,"8,000",22.0,41.6,3.6,33.6,25.0,0.1,40.1,"2,200",6.0,0.22,44,0.5447000237135404,0.8296703296703297,0.8474999999999999,0.8482537133681253,UT
2015,VA,Southeast,Q2,1.2333333333333334,3.33,0.0999999999999999,0.0,0.0,0.0,66.66666666666667,0.0,0.0,0.0,30.0,"[0.6385005972593893, 0.6258863626580499, 0.6029905158385056, 0.6061529338040524]",0.6183826023899993,,,VIRGINIA,"2,100","7,500",7500.0,270,4.0,1.8,3.0,0.2,13.0,4.5,26.2,430,6.0,0.04,46,0.5850130424472373,0.7439560439560439,0.6995833333333333,0.7298273785628263,VA
2015,VA,Southeast,Q3,5.977499999999999,12.82,0.3666666666666667,40.0,0.0,30.0,63.333333333333336,0.0,30.0,0.0,55.0,"[0.6385005972593893, 0.6258863626580499, 0.6029905158385056, 0.6061529338040524]",0.6183826023899993,,,VIRGINIA,520,"8,000",8000.0,680,9.0,1.3,3.5,3.7,14.2,8.9,29.0,220,3.0,0.09,46,0.5397201802229072,0.8051282051282052,0.8037500000000002,0.8133279807306303,VA
2015,VA,Southeast,Q4,5.537777777777778,15.16,0.1111111111111111,46.666666666666664,0.0,80.0,67.77777777777777,0.0,30.0,55.0,50.0,"[0.3846257206500229, 0.4123805975413801, 0.5725102989222439, 0.3522589184670111, 0.42557748938192586]",0.42947060499251677,,,VIRGINIA,0,"7,500",7500.0,750,10.0,0.4,5.8,0.0,17.2,10.4,26.3,350,5.0,0.1,46,0.4576713303296181,0.5831501831501833,0.5525,0.5704536330790847,VA
2015,VT,Northeast,Q2,5.4350000000000005,8.05,0.775,0.0,0.0,30.0,85.0,0.0,0.0,0.0,75.0,"[0.7939149630103086, 0.7202485575279058, 0.738237883096672, 0.5498691289778933]",0.7005676331531949,,,VERMONT,580,"6,000",6000.0,100,2.0,0.1,1.3,0.0,1.9,0.1,3.7,50,1.0,0.02,45,0.316338629357363,0.6681318681318682,0.6108333333333333,0.6451224407868326,VT
2015,VT,Northeast,Q3,3.480454545454545,9.53,0.1227272727272727,0.0,0.0,52.0,61.578947368421055,0.0,40.0,0.0,30.0,"[0.7939149630103086, 0.7202485575279058, 0.738237883096672, 0.5498691289778933]",0.7005676331531949,,,VERMONT,30,"6,500",6000.0,40,1.0,0.0,0.4,0.0,0.5,0.0,22.7,20,0.0,0.01,45,0.3032961821199905,0.764102564102564,0.7033333333333334,0.7422721798474508,VT
2015,WI,Upper Midwest,Q2,2.08375,5.57,0.1375,50.0,0.0,30.0,56.666666666666664,0.0,40.0,0.0,66.66666666666667,"[0.596972781035177, 0.5791094596451856, 0.5821166429223832, 0.6180953589792463]",0.594073560645498,,,WISCONSIN,"10,000","65,000",25000.0,"4,600",7.0,1.0,15.2,8.2,5.6,2.3,35.3,"5,500",9.0,0.07,49,0.5916528337680816,0.7322344322344322,0.8045833333333334,0.7735849056603772,WI
2015,WI,Upper Midwest,Q3,13.063846153846155,47.39,0.1884615384615384,30.0,0.0,46.666666666666664,66.15384615384616,0.0,62.5,40.0,40.0,"[0.596972781035177, 0.5791094596451856, 0.5821166429223832, 0.6180953589792463]",0.594073560645498,,,WISCONSIN,"1,300","62,000",60000.0,"9,000",15.0,8.3,12.6,20.9,20.1,13.5,47.3,"4,300",7.0,0.15,49,0.908940004742708,0.7791208791208791,0.8670833333333334,0.8293857888398233,WI
2015,WI,Upper Midwest,Q4,13.555,26.82,0.3,90.0,0.0,0.0,85.0,0.0,60.0,60.0,70.0,"[0.2632206564553987, 0.18287558616064614, 0.5176274729261745, 0.2846866758189299, 0.23628191973579082]",0.296938462219388,,,WISCONSIN,210,"48,000",48000.0,"6,500",14.0,2.5,6.6,21.9,15.6,21.4,49.4,10,0.0,0.14,49,0.7612046478539247,0.7465201465201464,0.8245833333333333,0.7916499397832194,WI
2015,WV,Ohio Valley,Q3,4.557916666666666,13.32,0.01875,30.0,0.0,42.0,56.52173913043478,0.0,30.0,0.0,38.333333333333336,"[0.7566678683038562, 0.7823571249669965, 0.7278344730240913, 0.7244404312438489]",0.7478249743846983,,,WEST VIRGINIA,300,"7,000",7000.0,300,4.0,1.0,3.0,1.5,5.3,1.1,21.7,270,4.0,0.04,48,0.2992648802466208,0.7772893772893773,0.6566666666666666,0.7270172621437174,WV
2016,AL,Southeast,Q1,2.002,4.49,0.03,0.0,0.0,0.0,50.0,0.0,30.0,0.0,80.0,"[0.4723671385085909, 0.6710373381890713, 0.7186462451296507, 0.7124032955564691, 0.5212141601940685]",0.6191336355155701,0.26,,ALABAMA,"2,100","7,500",7500.0,"1,700",23.0,4.3,2.4,8.1,22.0,11.3,24.2,90,1.0,0.23,1,0.5897557505335548,0.6032967032967034,0.5616666666666668,0.586109995985548,AL
2016,AL,Southeast,Q2,1.615714285714286,5.64,0.1928571428571428,0.0,0.0,30.0,60.0,0.0,80.0,0.0,40.0,"[0.7091785523248659, 0.5048497751452139, 0.60318951181211, 0.5382029838231348, 0.5380593963084517]",0.5786960438827553,0.12,,ALABAMA,"1,200","8,000",8000.0,930,12.0,0.3,4.8,1.7,8.2,5.4,9.6,690,9.0,0.12,1,0.5020156509366849,0.8326007326007326,0.8058333333333334,0.8289843436370935,AL
2016,AL,Southeast,Q3,4.166,12.64,0.15,30.0,0.0,46.666666666666664,87.14285714285714,52.0,60.0,90.0,30.0,"[0.7091785523248659, 0.5048497751452139, 0.60318951181211, 0.5382029838231348, 0.5380593963084517]",0.5786960438827553,0.16,,ALABAMA,440,"8,000",8000.0,"1,200",15.0,0.0,3.2,3.8,42.0,13.8,11.7,50,1.0,0.15,1,0.4768792980792032,0.9282051282051282,0.9383333333333332,0.9462063428342032,AL
2016,CA,West,Q1,0.4853846153846154,1.81,0.6230769230769231,35.0,0.0,50.0,49.09090909090909,0.0,30.0,0.0,59.23076923076923,"[0.37833815772725055, 0.36733201887290123, 0.5963255626497236, 0.4712014474370305, 0.5549639308138364]",0.47363222350014844,0.15,,CALIFORNIA,"210,000","1,410,000",1130000.0,"200,000",14.0,9.0,8.4,13.5,15.2,4.4,38.1,"139,000",10.0,0.14,5,0.3009248280768319,0.4183150183150184,0.3008333333333333,0.3588920112404657,CA
2016,CA,West,Q2,0.4155555555555555,1.19,0.7000000000000001,30.0,0.0,86.66666666666667,36.666666666666664,0.0,30.0,0.0,60.0,"[0.5697559304556725, 0.6440451296466143, 0.5480833950811825, 0.563439967346004, 0.6835331719735213]",0.601771518900599,0.1,,CALIFORNIA,"240,000","1,150,000",1110000.0,"108,000",9.0,11.2,15.3,14.2,14.1,2.6,49.7,"185,000",16.0,0.09,5,0.372302584775907,0.6652014652014653,0.56125,0.6198313930148535,CA
2016,CA,West,Q3,2.6585714285714284,10.82,0.2785714285714286,90.0,0.0,40.0,48.0,0.0,0.0,0.0,65.0,"[0.5697559304556725, 0.6440451296466143, 0.5480833950811825, 0.563439967346004, 0.6835331719735213]",0.601771518900599,0.1,,CALIFORNIA,"33,000","820,000",740000.0,"82,000",10.0,8.5,10.4,18.8,17.8,6.9,42.2,"78,000",10.0,0.1,5,0.3379179511501067,0.7915750915750915,0.6883333333333335,0.7503010839020473,CA
2016,CA,West,Q4,1.5646666666666669,7.73,1.09,47.5,0.0,0.0,73.57142857142857,75.0,60.0,65.0,68.33333333333333,"[0.36733201887290123, 0.5963255626497236, 0.4712014474370305, 0.5549639308138364, 0.5680183766155993]",0.5115682672778182,0.12,,CALIFORNIA,"40,000","1,330,000",770000.0,"205,000",15.0,8.0,9.6,9.1,13.7,3.5,41.9,"35,000",3.0,0.15,5,0.2987906094379891,0.502930402930403,0.38125,0.4443998394219189,CA
2016,CO,Southwest,Q2,1.37,3.22,0.675,30.0,0.0,0.0,65.0,75.0,30.0,0.0,90.0,"[0.7236369160432828, 0.5732804759109258, 0.6628058321925554, 0.5683185637472925, 0.5822647818565019]",0.6220613139501117,0.08,,COLORADO,"9,000","29,000",9500.0,"1,800",6.0,3.3,2.6,1.4,0.8,0.3,38.7,680,2.0,0.06,6,0.4152240929570785,0.676923076923077,0.6458333333333334,0.6668004817342433,CO
2016,CO,Southwest,Q3,2.8707142857142856,10.72,0.0178571428571428,50.0,0.0,30.0,55.45454545454545,58.333333333333336,90.0,0.0,63.333333333333336,"[0.7236369160432828, 0.5732804759109258, 0.6628058321925554, 0.5683185637472925, 0.5822647818565019]",0.6220613139501117,0.15,,COLORADO,"1,100","37,000",33000.0,"6,500",18.0,16.8,10.6,24.6,22.4,0.1,49.3,740,2.0,0.18,6,0.4382262271757173,0.8227106227106227,0.8258333333333334,0.8338016860698513,CO
2016,CO,Southwest,Q4,14.66,14.66,0.0,90.0,0.0,0.0,80.0,90.0,0.0,0.0,0.0,"[0.4640786064711274, 0.3994927611901854, 0.30909823730691943, 0.45513763205741575, 0.33233904990735985]",0.3920292573866016,0.1,,COLORADO,"2,500","30,000",30000.0,"4,500",15.0,0.1,13.0,3.1,1.3,0.1,32.4,0,0.0,0.15,6,0.4771164334835191,0.5036630036630036,0.4845833333333333,0.4941790445604175,CO
2016,CT,Northeast,Q2,0.615,1.17,0.0625,0.0,0.0,30.0,55.0,60.0,0.0,0.0,40.0,"[0.6891324149059846, 0.7358647281023128, 0.6578116501743623, 0.6803900226300678, 0.5981628590850556]",0.6722723349795566,0.03,,CONNECTICUT,390,"2,500",2500.0,100,4.0,0.5,4.4,0.3,0.6,1.2,9.3,60,2.0,0.04,7,0.5186151292387954,0.7183150183150184,0.7191666666666666,0.7254114813327982,CT
2016,CT,Northeast,Q3,3.4166666666666665,12.32,0.2041666666666666,30.0,0.0,0.0,61.0,36.666666666666664,0.0,60.0,90.0,"[0.6891324149059846, 0.7358647281023128, 0.6578116501743623, 0.6803900226300678, 0.5981628590850556]",0.6722723349795566,0.01,,CONNECTICUT,890,"3,100",3100.0,270,9.0,0.0,5.0,0.2,1.6,0.8,18.8,180,6.0,0.09,7,0.665876215318947,0.8684981684981686,0.9079166666666666,0.8980329185066238,CT
2016,CT,Northeast,Q4,6.40125,14.96,0.1125,0.0,0.0,50.0,86.25,50.0,90.0,90.0,30.0,"[0.24587647558484438, 0.46599976591765435, 0.23541238380839402, 0.3073833578009071, 0.2847559339120148]",0.3078855834047629,0.07,,CONNECTICUT,0,"3,100",3100.0,240,8.0,1.1,5.8,1.0,6.6,3.2,14.7,0,0.0,0.08,7,0.382973677970121,0.5743589743589744,0.5604166666666666,0.5700521878763549,CT
2016,DE,Northeast,Q2,2.1033333333333335,3.69,0.0,30.0,0.0,0.0,56.666666666666664,30.0,0.0,0.0,60.0,"[0.6868878544574253, 0.6936296099743375, 0.5126602827595519, 0.5252873367224586]",0.6046162709784433,,,,,,,,,,,,,,,,,,8,0.5738676784443917,0.8780219780219778,0.8883333333333333,0.8944199116820554,DE
2016,DE,Northeast,Q3,1.95,11.09,0.140625,35.45454545454545,0.0,60.0,67.27272727272727,40.0,60.0,0.0,65.0,"[0.6868878544574253, 0.6936296099743375, 0.5126602827595519, 0.5252873367224586]",0.6046162709784433,,,,,,,,,,,,,,,,,,8,0.7104576713303296,0.9307692307692308,0.9854166666666668,0.9698916097952628,DE
2016,DE,Northeast,Q4,0.99,0.99,0.05,60.0,0.0,0.0,50.0,30.0,0.0,0.0,0.0,"[0.23562465835078883, 0.45581497718533825, 0.25536104084786193, 0.43050520254850055, 0.3845425451033363]",0.3523696848071652,,,,,,,,,,,,,,,,,,8,0.3590230021342186,0.7992673992673993,0.7945833333333333,0.8052990766760336,DE
2016,FL,Southeast,Q1,5.825,10.58,0.575,64.0,0.0,30.0,73.75,0.0,50.0,80.0,70.0,"[0.3279468919907065, 0.3617040466957051, 0.5438104841214509, 0.6211086743850849, 0.500537461189412]",0.4710215116764719,0.13,,FLORIDA,"49,000","295,000",275000.0,"40,000",14.0,0.4,1.8,4.9,5.8,1.4,23.6,"15,500",5.0,0.14,9,0.5032013279582641,0.6172161172161174,0.5691666666666666,0.5973504616619832,FL
2016,FL,Southeast,Q4,5.163,19.53,0.6,57.5,0.0,75.0,75.0,64.0,90.0,70.0,46.666666666666664,"[0.3617040466957051, 0.5438104841214509, 0.6211086743850849, 0.500537461189412, 0.3951952599309405]",0.48447118526451866,0.14,,FLORIDA,"31,000","300,000",255000.0,"41,000",14.0,7.7,13.6,17.0,27.1,6.5,30.9,"11,500",4.0,0.14,9,0.4164097699786578,0.7124542124542124,0.6483333333333333,0.6880770774789242,FL
2016,GA,Southeast,Q2,3.103333333333333,3.9,0.9499999999999998,0.0,0.0,0.0,66.66666666666667,0.0,30.0,0.0,30.0,"[0.4947532666079121, 0.6522625916264664, 0.6375624926341616, 0.6443996443994666, 0.5908829631415489]",0.6039721916819112,0.19,,GEORGIA,"17,500","111,000",108000.0,"11,000",10.0,2.0,11.7,28.4,28.4,2.7,59.3,"3,600",3.0,0.1,10,0.3367322741285274,0.6501831501831503,0.56,0.6114010437575272,GA
2016,GA,Southeast,Q3,2.998333333333333,12.24,0.0416666666666666,44.0,0.0,0.0,75.29411764705883,50.833333333333336,45.0,0.0,60.0,"[0.4947532666079121, 0.6522625916264664, 0.6375624926341616, 0.6443996443994666, 0.5908829631415489]",0.6039721916819112,0.12,,GEORGIA,"12,500","103,000",102000.0,"13,000",13.0,2.4,7.6,12.1,16.4,4.5,30.7,"2,300",2.0,0.13,10,0.2900165994783021,0.7622710622710622,0.6449999999999999,0.7129666800481734,GA
2016,GA,Southeast,Q4,2.5416666666666665,7.67,0.15,30.0,0.0,32.5,72.0,50.0,0.0,0.0,60.0,"[0.38357877682699026, 0.5295186390389749, 0.46157425755235926, 0.5328682151828544, 0.43481932209003626]",0.46847184213824306,0.15,,GEORGIA,"12,000","112,000",96000.0,"11,000",10.0,3.7,4.1,7.6,8.6,2.5,43.6,450,0.0,0.1,10,0.4548257054778278,0.4014652014652014,0.3833333333333333,0.3894018466479326,GA
2016,HI,Hawaii,Q1,0.8657142857142858,6.86,0.6607142857142857,35.0,0.0,0.0,54.0,0.0,0.0,0.0,0.0,,,0.04,,HAWAII,570,"15,000",15000.0,280,2.0,0.0,0.8,0.1,1.5,0.0,0.3,530,4.0,0.02,11,0.3571259188996917,0.412087912087912,0.40875,0.4074668807707748,HI
2016,HI,Hawaii,Q2,1.4008333333333332,10.09,1.2125,40.0,0.0,50.0,48.333333333333336,0.0,30.0,0.0,0.0,,,0.01,,HAWAII,870,"13,500",13500.0,830,6.0,0.0,3.2,0.6,38.1,0.0,35.6,0,0.0,0.06,11,0.4816220061655205,0.7384615384615384,0.7187499999999999,0.7358490566037738,HI
2016,HI,Hawaii,Q3,2.0233333333333334,6.77,0.9583333333333334,38.0,0.0,70.0,83.33333333333333,90.0,70.0,80.0,30.0,,,0.19,,HAWAII,430,"13,500",13500.0,600,4.0,0.1,0.0,0.8,75.3,0.0,67.8,820,6.0,0.04,11,0.6314915816931468,0.8413919413919414,0.8712499999999999,0.8655158570855079,HI
2016,HI,Hawaii,Q4,0.0,0.0,1.575,36.666666666666664,0.0,0.0,0.0,0.0,0.0,0.0,0.0,,,0.05,,HAWAII,60,"13,500",13500.0,970,7.0,0.0,0.2,0.1,40.8,0.1,39.9,840,6.0,0.07,11,0.3770452928622243,0.5256410256410257,0.52,0.5234845443596949,HI
2016,IA,Upper Midwest,Q2,2.417333333333333,13.66,0.24,30.0,0.0,65.0,41.333333333333336,0.0,45.0,40.0,46.25,"[0.24134151229645484, 0.6758008249469084, 0.5183454203510713, 0.34207812788926084, 0.38151809744249876]",0.4318167965852388,0.06,,IOWA,"26,000","26,000",10500.0,"2,400",9.0,18.7,6.0,0.6,17.8,5.7,23.5,760,3.0,0.09,15,0.5449371591178563,0.7663003663003661,0.73125,0.7571256523484544,IA
2016,IA,Upper Midwest,Q3,15.18,15.18,0.0,30.0,0.0,0.0,90.0,50.0,0.0,0.0,0.0,"[0.24134151229645484, 0.6758008249469084, 0.5183454203510713, 0.34207812788926084, 0.38151809744249876]",0.4318167965852388,0.08,0.352573033735305,IOWA,"10,500","50,000",50000.0,"5,500",11.0,0.8,2.4,16.7,3.4,5.6,32.6,"2,400",5.0,0.11,15,0.5942613232155561,0.8732600732600733,0.8837499999999998,0.8896025692492976,IA
2016,IA,Upper Midwest,Q4,2.1625,4.47,0.8125,55.0,0.0,0.0,76.66666666666667,70.0,70.0,65.0,75.0,"[0.1872574462256843, 0.39729737446971103, 0.376006557653084, 0.24497236459897942, 0.2284158717561724]",0.28678992294072625,0.12,0.352573033735305,IOWA,0,"54,000",54000.0,"4,700",9.0,8.9,11.4,9.0,9.8,6.3,18.7,20,0.0,0.09,15,0.4434432060706663,0.5974358974358974,0.5441666666666667,0.574468085106383,IA
2016,ID,Northwest,Q2,0.85,3.25,0.2214285714285714,0.0,0.0,30.0,44.0,42.0,0.0,0.0,72.5,"[0.47606316800441617, 0.6761248621843521, 0.7338999275556031, 0.8016095391076403, 0.6322420610791056]",0.6639879115862234,0.09,,IDAHO,"19,000","80,000",60000.0,"6,000",8.0,2.7,5.4,3.1,4.8,2.7,21.2,"5,500",7.0,0.08,12,0.5103153900877402,0.7263736263736263,0.6966666666666668,0.7185869128863911,ID
2016,ID,Northwest,Q3,2.9,15.15,0.0058823529411764,30.0,0.0,30.0,66.36363636363636,57.142857142857146,76.66666666666667,0.0,60.0,"[0.47606316800441617, 0.6761248621843521, 0.7338999275556031, 0.8016095391076403, 0.6322420610791056]",0.6639879115862234,0.11,,IDAHO,"1,900","131,000",79000.0,"13,000",10.0,4.5,6.0,7.6,4.7,3.3,25.3,"2,800",2.0,0.1,12,0.5883329381076594,0.838827838827839,0.8579166666666665,0.8578883982336412,ID
2016,IL,Ohio Valley,Q2,1.14,1.14,0.0,30.0,0.0,0.0,40.0,30.0,80.0,80.0,70.0,"[0.6358345328628796, 0.559330506562477, 0.5972251213077348, 0.6222241790978631, 0.569355662460836]",0.5967940004583581,0.14,,ILLINOIS,"2,200","9,000",9000.0,740,8.0,2.0,4.7,3.1,4.4,2.1,11.4,380,4.0,0.08,13,0.493004505572682,0.7142857142857143,0.68625,0.7069450020072261,IL
2016,IL,Ohio Valley,Q3,3.113809523809524,7.48,0.0857142857142857,52.5,0.0,63.333333333333336,72.63157894736842,65.0,73.33333333333333,90.0,62.0,"[0.6358345328628796, 0.559330506562477, 0.5972251213077348, 0.6222241790978631, 0.569355662460836]",0.5967940004583581,0.1,,ILLINOIS,850,"11,000",11000.0,"1,300",12.0,0.7,2.9,4.3,7.9,1.6,17.4,310,3.0,0.12,13,0.657339340763576,0.8080586080586081,0.8258333333333334,0.8253713368125251,IL
2016,IN,Ohio Valley,Q3,2.6375,6.44,0.06875,40.0,0.0,30.0,73.75,50.0,0.0,0.0,0.0,"[0.7223687562519827, 0.7475334145465221, 0.702494845809041, 0.5956137418409118, 0.5091796444363835]",0.6554380805769682,0.11,0.5822729655101058,INDIANA,450,"9,500",9500.0,600,6.0,1.2,2.5,0.6,12.4,1.2,50.4,550,6.0,0.06,14,0.5596395541854399,0.8820512820512822,0.865,0.8847852268165396,IN
2016,IN,Ohio Valley,Q4,16.0225,26.85,0.0625,65.0,0.0,40.0,90.0,56.666666666666664,0.0,0.0,90.0,"[0.32063377951324257, 0.5912613210224561, 0.44710421103525533, 0.18988669554314674, 0.33089705966131455]",0.375956613355083,0.1,0.5822729655101058,INDIANA,20,"7,500",7500.0,"1,200",16.0,0.2,1.0,1.4,9.6,3.8,28.2,0,0.0,0.16,14,0.2878823808394593,0.5868131868131868,0.4862499999999999,0.5407466880770776,IN
2016,KY,Ohio Valley,Q1,2.49,5.06,0.0,0.0,0.0,0.0,30.0,0.0,0.0,0.0,40.0,"[0.18018206333640008, 0.44220592045836826, 0.4322889769085734, 0.41571066618964203, 0.3843835327108377]",0.37095423192076427,0.39,,KENTUCKY,390,"6,500",6500.0,"1,300",20.0,0.7,12.5,6.3,9.0,8.4,23.6,40,1.0,0.2,17,0.4866018496561536,0.2857142857142857,0.2445833333333333,0.2597350461661983,KY
2016,KY,Ohio Valley,Q2,2.888888888888889,8.77,0.0333333333333333,30.0,0.0,30.0,45.0,0.0,30.0,0.0,54.0,"[0.6253080082655211, 0.7134658724693737, 0.5610522135428078, 0.6051840025628776, 0.5620721270371019]",0.6134164447755364,0.12,,KENTUCKY,"2,100","6,000",5500.0,450,8.0,1.7,16.0,28.4,36.1,3.8,38.9,270,5.0,0.08,17,0.4277922693858193,0.6003663003663005,0.54875,0.5784825371336813,KY
2016,KY,Ohio Valley,Q3,2.87625,6.8,0.04375,32.5,0.0,40.0,78.57142857142857,30.0,50.0,0.0,80.0,"[0.6253080082655211, 0.7134658724693737, 0.5610522135428078, 0.6051840025628776, 0.5620721270371019]",0.6134164447755364,0.13,,KENTUCKY,900,"7,500",7500.0,"1,000",13.0,0.9,7.4,11.5,25.7,4.5,42.3,230,3.0,0.13,17,0.4517429452217216,0.7483516483516485,0.7304166666666666,0.7474909674829386,KY
2016,KY,Ohio Valley,Q4,6.15,10.85,0.0,30.0,0.0,0.0,72.5,40.0,0.0,0.0,70.0,"[0.44220592045836826, 0.4322889769085734, 0.41571066618964203, 0.3843835327108377, 0.3455522276052482]",0.40402826477453396,0.13,,KENTUCKY,60,"7,500",7500.0,950,13.0,3.3,10.3,3.0,22.3,5.7,48.2,80,1.0,0.13,17,0.5195636708560589,0.3974358974358974,0.39625,0.3938177438779607,KY
2016,LA,South,Q2,2.06,2.06,0.35,0.0,0.0,0.0,0.0,30.0,0.0,0.0,0.0,"[0.6193065061865595, 0.26333572558419194, 0.3769011723673886, 0.5701854920647706, 0.6648361568395025]",0.49891301060848264,0.04,,LOUISIANA,"10,000","53,000",52000.0,"4,300",8.0,0.0,1.2,0.3,1.1,0.6,20.7,"9,500",18.0,0.08,18,0.5162437751956367,0.7175824175824176,0.7129166666666666,0.7213970293054998,LA
2016,LA,South,Q3,4.866666666666667,7.92,0.15,90.0,0.0,0.0,60.0,50.0,0.0,0.0,0.0,"[0.6193065061865595, 0.26333572558419194, 0.3769011723673886, 0.5701854920647706, 0.6648361568395025]",0.49891301060848264,0.04,,LOUISIANA,"2,600","60,000",51000.0,"7,000",12.0,0.0,9.6,1.6,26.1,0.7,39.5,"2,100",4.0,0.12,18,0.5627223144415461,0.8630036630036629,0.8941666666666667,0.8887996788438378,LA
2016,LA,South,Q4,4.15,13.38,0.2274999999999999,50.0,0.0,50.0,63.5,47.142857142857146,30.0,0.0,56.0,"[0.5153657905152775, 0.688208144194739, 0.5714977505267883, 0.5031173043847411, 0.5164798364840173]",0.5589337652211126,0.07,,LOUISIANA,250,"57,000",48000.0,"2,000",4.0,1.0,0.7,0.1,1.0,1.2,2.9,340,1.0,0.04,18,0.3787052406924354,0.563003663003663,0.5458333333333334,0.5564030509835408,LA
2016,MA,Northeast,Q3,2.717916666666667,6.9,0.04375,40.0,0.0,70.0,73.91304347826087,63.333333333333336,63.333333333333336,0.0,71.66666666666667,"[0.5547829037354517, 0.6761652985585425, 0.6238079375687768, 0.6356479248736218, 0.6284450278288114]",0.6237698185130409,0.08,,MASSACHUSETTS,450,"9,500",9500.0,530,6.0,6.8,3.4,0.1,8.7,7.9,14.1,40,0.0,0.06,21,0.6056438226227175,0.7586080586080586,0.765,0.7691690084303491,MA
2016,MD,Northeast,Q1,0.95,0.95,0.25,0.0,0.0,0.0,30.0,0.0,0.0,0.0,0.0,"[0.3857955985678936, 0.293351932310439, 0.5223592317257791, 0.2731872971797735, 0.38572339746303863]",0.3720834914493848,0.41,,MARYLAND,"1,200","7,500",7500.0,820,11.0,0.0,6.7,9.5,0.1,0.7,26.2,10,0.0,0.11,20,0.3981503438463362,0.3146520146520147,0.3166666666666667,0.3099156965074267,MD
2016,MD,Northeast,Q2,1.5625,3.8,0.05,30.0,0.0,60.0,32.857142857142854,0.0,30.0,0.0,50.0,"[0.49715097409148457, 0.5641741929644226, 0.4453980938785327, 0.5981773992481809, 0.5955636351238915]",0.5400928590613024,0.03,,MARYLAND,"2,800","9,000",8000.0,320,4.0,2.4,3.3,2.9,2.3,0.6,4.2,400,4.0,0.04,20,0.4133270097225516,0.63992673992674,0.5908333333333333,0.6198313930148535,MD
2016,MD,Northeast,Q3,4.265000000000001,6.19,0.275,0.0,0.0,30.0,35.0,90.0,90.0,80.0,60.0,"[0.49715097409148457, 0.5641741929644226, 0.4453980938785327, 0.5981773992481809, 0.5955636351238915]",0.5400928590613024,0.09,0.45848478499215317,MARYLAND,400,"7,000",7000.0,200,3.0,0.1,0.6,0.7,4.8,1.6,10.8,20,0.0,0.03,20,0.5326061180934315,0.7882783882783883,0.785,0.7952629466077881,MD
2016,MD,Northeast,Q4,23.43,23.43,0.0,0.0,0.0,0.0,90.0,0.0,0.0,0.0,0.0,"[0.293351932310439, 0.5223592317257791, 0.2731872971797735, 0.38572339746303863, 0.3352741428857464]",0.36197920031295533,0.08,0.45848478499215317,MARYLAND,20,"9,500",7500.0,500,5.0,4.5,5.8,4.6,8.3,0.6,23.8,30,0.0,0.05,20,0.4111927910837088,0.4468864468864469,0.4625,0.4524287434765155,MD
2016,MI,Upper Midwest,Q3,1.94,2.97,0.0,0.0,0.0,70.0,70.0,90.0,0.0,0.0,90.0,"[0.6179649800710786, 0.6855145489834245, 0.594778985917939, 0.6430434223635678, 0.6949365484000654]",0.647247697147215,0.08,0.4127879430293252,MICHIGAN,"11,000","108,000",108000.0,"15,000",14.0,0.3,6.5,9.1,25.1,2.7,64.1,"9,500",9.0,0.14,22,0.5224092957078492,0.9289377289377292,0.9495833333333332,0.9510236852669612,MI
2016,MI,Upper Midwest,Q4,3.7955,15.71,0.2375,57.69230769230769,0.0,53.333333333333336,74.0,75.0,61.111111111111114,80.0,71.53846153846153,"[0.18561139869340126, 0.494158757035139, 0.23604901011373813, 0.2182852037779256, 0.5352922344171596]",0.33387932080747273,0.12,0.4127879430293252,MICHIGAN,10,"101,000",101000.0,"12,500",12.0,0.1,4.0,2.7,1.5,0.6,23.9,130,0.0,0.12,22,0.4363291439411904,0.7124542124542124,0.6408333333333334,0.6836611802488961,MI
2016,MN,Upper Midwest,Q2,1.24125,7.24,0.290625,40.0,0.0,55.0,31.333333333333332,0.0,44.285714285714285,50.0,56.666666666666664,"[0.5858291607115493, 0.6347116442834704, 0.627219535558723, 0.5405029032801355, 0.6492459677107155]",0.6075018423089188,0.1,,MINNESOTA,"24,000","126,000",27000.0,"13,000",10.0,6.5,8.6,18.2,6.0,7.6,20.8,"4,200",3.0,0.1,23,0.5088925776618449,0.7673992673992672,0.7458333333333333,0.7643516659975914,MN
2016,MN,Upper Midwest,Q3,9.81,15.69,0.0,90.0,0.0,40.0,85.0,90.0,90.0,0.0,0.0,"[0.5858291607115493, 0.6347116442834704, 0.627219535558723, 0.5405029032801355, 0.6492459677107155]",0.6075018423089188,0.24,,MINNESOTA,"1,300","138,000",132000.0,"26,000",19.0,6.2,17.8,22.4,14.6,8.9,47.2,"1,900",1.0,0.19,23,0.6426369456959924,0.8615384615384613,0.8845833333333335,0.8831794460056202,MN
2016,MN,Upper Midwest,Q4,7.234999999999999,17.8,0.15,52.5,0.0,0.0,62.5,85.0,90.0,80.0,30.0,"[0.22296880852344636, 0.4377464697682508, 0.22161837103142845, 0.30909436966641646, 0.2284380012671936]",0.28397320405134713,0.1,,MINNESOTA,0,"114,000",113000.0,"13,500",12.0,3.1,5.0,17.6,7.7,8.9,27.5,0,0.0,0.12,23,0.3459805548968461,0.572893772893773,0.5370833333333334,0.5580088317944601,MN
2016,MS,Southeast,Q1,2.0725,6.51,0.0125,30.0,0.0,30.0,55.0,0.0,0.0,0.0,80.0,"[0.3594382072591198, 0.7538170180413345, 0.7285516429846816, 0.5352710431072988, 0.49604736932103033]",0.574625056142693,0.11,,MISSISSIPPI,"48,000","50,000",21000.0,"7,500",15.0,0.0,0.3,3.2,1.6,14.5,13.8,"25,000",50.0,0.15,24,0.3004505572682001,0.3805860805860807,0.3308333333333333,0.3528703331995182,MS
2016,MS,Southeast,Q2,3.4,7.66,0.5,0.0,0.0,0.0,48.57142857142857,0.0,0.0,40.0,30.0,"[0.5592609943740634, 0.7797559020391984, 0.6036818666434437]",0.6475662543522351,0.12,,MISSISSIPPI,"9,000","90,000",85000.0,"3,700",4.0,1.2,1.2,2.7,2.3,0.1,12.3,"61,000",68.0,0.04,24,0.3912734171211762,0.6483516483516484,0.5595833333333333,0.6097952629466079,MS
2016,MT,Northern Rockies & Plains,Q2,0.762,2.25,0.315,0.0,0.0,60.0,32.5,90.0,31.666666666666668,60.0,55.714285714285715,"[0.5509867449330628, 0.9491452372284392, 0.591751709536137, 0.5397126910508383, 0.550981903845898]",0.636515657318875,0.02,,MONTANA,"25,000","157,000",62000.0,"7,000",4.0,4.5,6.9,3.9,7.1,0.2,30.3,"13,500",9.0,0.04,26,0.2976049324164098,0.716117216117216,0.6199999999999999,0.6760337213970294,MT
2016,MT,Northern Rockies & Plains,Q3,3.0517391304347825,18.93,0.0565217391304347,30.0,0.0,56.666666666666664,52.63157894736842,49.04761904761905,70.0,0.0,74.16666666666667,"[0.5509867449330628, 0.9491452372284392, 0.591751709536137, 0.5397126910508383, 0.550981903845898]",0.636515657318875,0.07,0.3655792984493518,MONTANA,"4,100","158,000",147000.0,"11,500",7.0,7.0,6.1,6.9,8.8,1.4,41.9,"6,500",4.0,0.07,26,0.2530234764050272,0.8622710622710623,0.7300000000000001,0.8093135287033321,MT
2016,NC,Southeast,Q2,3.47,6.54,1.45,0.0,0.0,0.0,36.666666666666664,0.0,0.0,0.0,90.0,"[0.4832837716092333, 0.5781432625483478, 0.6154069789799302, 0.6474332806141982, 0.7064750459383417]",0.6061484679380102,0.08,0.3655792984493518,NORTH CAROLINA,"10,000","24,000",23000.0,"1,600",7.0,4.7,8.3,33.8,23.5,41.7,51.8,550,2.0,0.07,33,0.4654967986720417,0.7120879120879121,0.6754166666666667,0.7009233239662788,NC
2016,NC,Southeast,Q4,0.75,0.75,0.4,0.0,0.0,0.0,70.0,0.0,0.0,0.0,0.0,"[0.5983308629569214, 0.6933161948470511, 0.5826875752341591, 0.5720537094625349, 0.6343980951420831]",0.6161572875285499,0.1,,NORTH CAROLINA,220,"25,000",25000.0,"5,500",22.0,1.8,12.5,0.0,7.7,1.3,24.0,50,0.0,0.22,33,0.405501541380128,0.5186813186813187,0.5079166666666667,0.5138498594941792,NC
2016,ND,Northern Rockies & Plains,Q2,0.45,1.13,0.9,0.0,0.0,50.0,30.0,0.0,30.0,0.0,53.333333333333336,,0.612690479744359,0.06,,NORTH DAKOTA,"23,000","530,000",110000.0,"27,000",5.0,2.1,3.6,1.1,3.7,0.2,16.2,"95,000",18.0,0.05,34,0.538534503201328,0.8080586080586081,0.7812499999999999,0.8040947410678443,ND
2016,ND,Northern Rockies & Plains,Q3,3.089090909090909,13.46,0.6520833333333333,36.0,0.0,50.0,70.83333333333333,71.66666666666667,67.5,76.66666666666667,46.666666666666664,,0.5997394521626145,0.19,,NORTH DAKOTA,"25,000","550,000",510000.0,"71,000",13.0,6.3,9.9,12.9,11.8,3.1,38.0,"104,000",19.0,0.13,34,0.4669196110979369,0.9263736263736264,0.9175,0.934564431955038,ND
2016,NE,Northern Rockies & Plains,Q2,2.1942857142857144,6.09,0.0142857142857142,34.0,0.0,30.0,56.666666666666664,56.666666666666664,50.0,60.0,83.33333333333333,[0.8075499102701247],0.8075499102701247,0.06,,NEBRASKA,"8,000","43,000",19500.0,"6,000",14.0,1.0,1.1,3.8,0.1,3.5,6.1,"28,000",65.0,0.14,27,0.4123784681052881,0.6369963369963371,0.5654166666666667,0.6065837013247692,NE
2016,NE,Northern Rockies & Plains,Q3,1.1658823529411766,7.44,0.0558823529411764,30.0,0.0,0.0,61.0,76.66666666666667,62.857142857142854,60.0,82.5,[0.8075499102701247],0.8075499102701247,0.08,,NEBRASKA,390,"47,000",45000.0,"8,500",18.0,0.1,1.6,10.2,1.6,0.1,20.4,"27,000",57.0,0.18,27,0.4571970595209865,0.7776556776556777,0.7354166666666667,0.7655560016057809,NE
2016,NJ,Northeast,Q3,3.7646666666666664,13.06,0.1633333333333333,42.857142857142854,0.0,30.0,75.33333333333333,58.0,64.0,80.0,40.0,"[0.6660676844525129, 0.5925315541650555, 0.5642941678236182, 0.6478678054741513, 0.6807505108276914]",0.6303023445486058,0.01,,NEW JERSEY,120,"18,000",18000.0,270,2.0,1.2,1.3,8.5,7.1,0.3,20.2,80,0.0,0.02,30,0.4735594024187811,0.7937728937728936,0.7754166666666666,0.7936571657968688,NJ
2016,NJ,Northeast,Q4,9.528888888888888,22.54,0.1444444444444444,32.0,0.0,40.0,87.5,71.42857142857143,80.0,0.0,0.0,"[0.4189605541730943, 0.6601683294563881, 0.33813410326804294, 0.3906666522232094, 0.46223897154803983]",0.4540337221337549,0.03,,NEW JERSEY,400,"12,000",12000.0,340,3.0,0.4,3.4,1.9,11.3,8.6,28.6,0,0.0,0.03,30,0.5003557031064738,0.4487179487179487,0.4529166666666667,0.4488157366519471,NJ
2016,NM,Southwest,Q3,1.5423076923076924,2.59,0.0769230769230769,30.0,0.0,60.0,58.46153846153846,55.0,70.0,0.0,90.0,"[0.6889144915808725, 0.7817821097640076, 0.7063898902426482, 0.6811035979283597]",0.714547522378972,0.25,,NEW MEXICO,"2,000","6,500",6500.0,"1,100",17.0,55.2,1.7,24.1,55.4,0.7,59.5,"1,000",15.0,0.17,31,0.6355228835665165,0.8842490842490842,0.9175,0.911682055399438,NM
2016,NM,Southwest,Q4,6.546363636363637,15.43,0.009090909090909,30.0,0.0,50.0,75.45454545454545,70.0,70.0,0.0,0.0,"[0.6532744900717966, 0.39796560326908104, 0.4278278647286706, 0.5059408049747719, 0.48176122436522706]",0.49335399748190945,0.05,0.7250277175830971,NEW MEXICO,"1,100","7,000",7000.0,"1,600",23.0,7.2,0.8,0.0,0.3,0.3,46.2,20,0.0,0.23,31,0.4617026322029879,0.6307692307692307,0.58375,0.611802488960257,NM
2016,NV,Southwest,Q3,1.9775,6.63,0.0,30.0,0.0,0.0,72.5,70.0,0.0,0.0,80.0,,0.555268541042343,,0.7250277175830971,,,,,,,,,,,,,,,,28,0.5226464311121651,0.8560439560439561,0.86875,0.8723404255319149,NV
2016,NV,Southwest,Q4,3.20625,15.75,0.09375,45.0,0.0,30.0,75.0,80.0,60.0,70.0,57.5,[0.48550424457247343],0.48550424457247343,,,,,,,,,,,,,,,,,,28,0.4277922693858193,0.5417582417582418,0.525,0.53472501003613,NV
2016,NY,Northeast,Q2,2.68875,9.25,0.2406249999999999,30.0,0.0,43.333333333333336,69.33333333333333,44.61538461538461,32.5,0.0,80.0,"[0.6370669068443512, 0.6392506668924378, 0.5663549923998656, 0.7297326762736769, 0.7794321675109698]",0.6703674819842602,0.03,,NEW YORK,"13,500","46,000",31000.0,"4,000",9.0,0.9,4.1,11.7,3.1,3.8,20.4,"1,500",3.0,0.09,32,0.4028930519326535,0.6626373626373627,0.5925,0.6338819751103976,NY
2016,NY,Northeast,Q3,2.4642857142857144,8.21,0.0428571428571428,30.0,0.0,50.0,87.14285714285714,58.0,65.0,80.0,90.0,"[0.6370669068443512, 0.6392506668924378, 0.5663549923998656, 0.7297326762736769, 0.7794321675109698]",0.6703674819842602,0.14,0.22484904390219806,NEW YORK,"1,900","56,000",56000.0,"10,000",18.0,5.5,24.7,5.2,9.0,2.6,37.4,800,1.0,0.18,32,0.4590941427555134,0.7747252747252747,0.7279166666666667,0.7603372139702931,NY
2016,OH,Ohio Valley,Q2,3.69,3.69,0.0,30.0,0.0,0.0,30.0,0.0,50.0,50.0,60.0,"[0.7162097380957587, 0.6730198480640508, 0.5625988660360903, 0.6277073413184102, 0.6711713782368107]",0.6501414343502241,0.11,0.22484904390219806,OHIO,"6,000","16,500",14000.0,"1,700",10.0,0.6,2.9,18.3,2.2,1.4,10.6,"1,100",7.0,0.1,35,0.3300924828076832,0.6659340659340659,0.5854166666666667,0.6314733038940186,OH
2016,OR,Northwest,Q1,1.6733333333333331,3.73,2.533333333333333,80.0,0.0,46.666666666666664,46.666666666666664,0.0,30.0,0.0,60.0,"[0.21348036344530374, 0.489355980183668, 0.4964911850219865, 0.5027566829396166, 0.3345731588733106]",0.40733147409277703,0.08,,OREGON,"3,800","92,000",68000.0,"2,900",3.0,5.3,2.4,0.0,15.0,0.3,20.4,"1,300",1.0,0.03,37,0.4899217453165758,0.4157509157509158,0.3983333333333333,0.4046567643516661,OR
2016,OR,Northwest,Q2,0.4718181818181818,1.73,0.8363636363636363,30.0,0.0,0.0,47.142857142857146,0.0,46.666666666666664,0.0,58.0,"[0.6258945960385793, 0.7009634010158504, 0.5499726146523016, 0.6126293879997692, 0.5111935447011366]",0.6001307088815274,0.06,,OREGON,"19,000","132,000",77000.0,"4,300",3.0,9.9,16.7,2.6,14.5,6.0,52.7,"16,000",12.0,0.03,37,0.4368034147498222,0.6615384615384615,0.65,0.6603773584905661,OR
2016,OR,Northwest,Q3,2.6900000000000004,5.23,0.05,30.0,0.0,0.0,55.0,80.0,0.0,0.0,0.0,"[0.6258945960385793, 0.7009634010158504, 0.5499726146523016, 0.6126293879997692, 0.5111935447011366]",0.6001307088815274,0.09,0.48282637146141316,OREGON,"2,900","112,000",107000.0,"7,500",7.0,12.5,5.1,9.6,18.5,1.5,52.9,"4,300",4.0,0.07,37,0.4206782072563433,0.8135531135531135,0.83625,0.8334002408671215,OR
2016,PA,Northeast,Q2,1.012857142857143,2.75,1.292857142857143,0.0,0.0,0.0,38.333333333333336,0.0,0.0,0.0,55.0,"[0.6286093236458963, 0.6301627126765994, 0.6401347974917717, 0.6465233104360686, 0.6174797441179556]",0.6325819776736583,0.08,0.48282637146141316,PENNSYLVANIA,"6,500","14,000",11000.0,"1,300",9.0,2.4,4.6,3.6,3.9,0.9,18.7,"1,100",8.0,0.09,38,0.5010671093194213,0.8278388278388278,0.8100000000000002,0.8289843436370935,PA
2016,PA,Northeast,Q3,2.5516666666666667,7.81,0.0611111111111111,63.333333333333336,0.0,70.0,79.33333333333333,53.75,70.0,0.0,80.0,"[0.6286093236458963, 0.6301627126765994, 0.6401347974917717, 0.6465233104360686, 0.6174797441179556]",0.6325819776736583,0.07,,PENNSYLVANIA,680,"22,000",19000.0,"1,300",6.0,1.6,2.8,4.3,7.7,1.2,27.3,780,4.0,0.06,38,0.5688878349537586,0.9238095238095236,0.95,0.9482135688478524,PA
2016,PA,Northeast,Q4,11.04,11.04,0.45,90.0,0.0,30.0,90.0,80.0,0.0,0.0,40.0,"[0.3196891488729351, 0.46677850258515585, 0.3207229410361, 0.33734701621127294, 0.281971569712662]",0.34530183568362516,0.11,,PENNSYLVANIA,120,"21,000",21000.0,"3,100",15.0,1.0,4.9,2.8,2.6,3.1,18.7,180,1.0,0.15,38,0.475456485653308,0.6794871794871795,0.6295833333333334,0.6603773584905661,PA
2016,SC,Southeast,Q1,2.9716666666666662,11.59,0.2333333333333333,0.0,0.0,35.0,76.0,0.0,0.0,0.0,63.333333333333336,"[0.35559393781861337, 0.5561114587680405, 0.4930884546835014, 0.37558416241507553, 0.45984487924354644]",0.44804457858575547,0.15,,SOUTH CAROLINA,"3,200","16,500",16500.0,"3,500",21.0,0.6,5.1,2.0,2.3,4.8,10.7,380,2.0,0.21,40,0.5513398150343847,0.5131868131868133,0.4862499999999999,0.5006021678040947,SC
2016,SC,Southeast,Q2,2.543,14.56,0.255,0.0,0.0,45.0,50.0,0.0,36.666666666666664,0.0,51.25,"[0.5658918936205912, 0.595348680888744, 0.6598493284750963, 0.590103751345711, 0.5383564642515173]",0.5899100237163319,0.05,,SOUTH CAROLINA,"2,200","13,500",12500.0,"1,300",10.0,1.0,14.3,35.8,36.6,1.3,51.3,410,3.0,0.1,40,0.4868389850604696,0.7886446886446886,0.7570833333333334,0.7820152549177039,SC
2016,SD,Northern Rockies & Plains,Q3,2.1836842105263155,12.26,0.0078947368421052,48.57142857142857,0.0,0.0,66.66666666666667,75.38461538461539,30.0,0.0,74.28571428571429,,0.5997394521626145,0.18,,SOUTH DAKOTA,"4,200","191,000",178000.0,"25,000",13.0,14.2,4.6,22.7,19.5,2.8,48.8,"9,500",5.0,0.13,41,0.4538771638605644,0.9391941391941392,0.9462499999999998,0.9554395824969892,SD
2016,SD,Northern Rockies & Plains,Q4,5.614000000000001,18.17,0.0,35.0,0.0,35.0,77.5,70.0,65.0,80.0,90.0,[0.18350341907227397],0.18350341907227397,0.04,,SOUTH DAKOTA,0,"146,000",146000.0,"11,000",8.0,0.3,1.0,6.0,5.3,0.3,48.9,"2,400",2.0,0.08,41,0.3474033673227412,0.7146520146520147,0.6762500000000001,0.702529104777198,SD
2016,TN,Southeast,Q2,2.6342857142857143,9.33,0.0142857142857142,80.0,0.0,40.0,47.5,0.0,30.0,30.0,55.55555555555556,"[0.6558763991941574, 0.6396468829994129, 0.6357179364819785, 0.5683664521369394, 0.6378203635365098]",0.6274856068697996,0.1,,TENNESSEE,"3,900","8,000",8000.0,580,7.0,0.1,9.1,0.4,22.7,2.6,40.9,200,3.0,0.07,42,0.3066160777804126,0.7047619047619047,0.6183333333333334,0.6692091529506222,TN
2016,TX,South,Q1,4.168,8.97,0.25,55.0,0.0,30.0,52.5,0.0,30.0,0.0,70.0,"[0.26917310802968775, 0.42281847267257533, 0.4865308714033132, 0.5339084003006009, 0.3250000931702546]",0.4074861891152864,0.1,,TEXAS,"126,000","320,000",240000.0,"30,000",9.0,2.3,3.7,9.4,9.8,2.5,19.4,"49,000",15.0,0.09,43,0.4465259663267725,0.3161172161172161,0.27,0.2886391007627459,TX
2016,TX,South,Q2,1.2333333333333334,5.88,0.2611111111111111,60.0,0.0,30.0,38.57142857142857,0.0,30.0,50.0,60.0,"[0.7394605697749633, 0.31492510005301655, 0.731866777820052, 0.4547217646730368, 0.45196823178408485]",0.5385884888210307,0.11,,TEXAS,"74,000","350,000",340000.0,"36,000",10.0,7.5,7.4,2.4,9.0,3.7,26.1,"54,000",15.0,0.1,43,0.4308750296419255,0.6219780219780221,0.5549999999999999,0.592934564431955,TX
2016,TX,South,Q4,2.582222222222222,10.02,0.2055555555555555,60.0,0.0,0.0,66.66666666666667,44.285714285714285,70.0,0.0,66.0,"[0.42281847267257533, 0.4865308714033132, 0.5339084003006009, 0.3250000931702546, 0.37664086655643936]",0.42897974082063667,0.1,,TEXAS,"2,200","310,000",136000.0,"39,000",13.0,3.2,2.8,3.6,17.5,1.4,33.1,650,0.0,0.13,43,0.4617026322029879,0.4128205128205129,0.41125,0.4090726615816941,TX
2016,UT,Southwest,Q2,0.9472222222222224,3.48,0.2027777777777778,30.0,0.0,43.333333333333336,37.69230769230769,0.0,47.142857142857146,60.0,50.0,"[0.6843786156840004, 0.662721756176575, 0.48299930403705627, 0.634133538409797, 0.5831921143268496]",0.6094850657268557,0.13,0.4753513341791631,UTAH,"12,000","25,000",14500.0,"4,800",19.0,1.8,3.4,7.3,0.1,0.8,23.0,"7,000",28.0,0.19,44,0.5653308038890207,0.7366300366300366,0.7129166666666666,0.7318346045764754,UT
2016,UT,Southwest,Q3,3.73,6.42,0.0,0.0,0.0,0.0,87.5,0.0,65.0,70.0,70.0,"[0.6843786156840004, 0.662721756176575, 0.48299930403705627, 0.634133538409797, 0.5831921143268496]",0.6094850657268557,0.22,0.4753513341791631,UTAH,"1,200","33,000",27000.0,"3,200",10.0,0.6,2.5,21.8,20.2,1.7,32.1,120,0.0,0.1,44,0.542091534266066,0.8586080586080586,0.8854166666666667,0.8815736651947009,UT
2016,UT,Southwest,Q4,12.44,13.59,0.0,75.0,0.0,0.0,60.0,90.0,90.0,0.0,0.0,"[0.5564824480022903, 0.37130538653806855, 0.17699736735941518, 0.410084751849895, 0.2945708173363152]",0.3618881542171969,0.07,,UTAH,440,"30,000",30000.0,"1,600",5.0,0.2,0.7,0.9,0.1,0.3,26.4,50,0.0,0.05,44,0.4183068532131848,0.5842490842490844,0.53875,0.5648334002408671,UT
2016,VA,Southeast,Q1,0.2,0.2,0.0,0.0,0.0,0.0,30.0,0.0,0.0,0.0,0.0,"[0.3846257206500229, 0.4123805975413801, 0.5725102989222439, 0.3522589184670111, 0.42557748938192586]",0.42947060499251677,0.28,,VIRGINIA,560,"6,500",6500.0,"1,100",17.0,0.0,5.0,0.4,7.3,3.8,32.7,70,1.0,0.17,46,0.4346691961109793,0.4428571428571429,0.39875,0.4195102368526696,VA
2016,VA,Southeast,Q2,3.200909090909091,6.97,0.0363636363636363,70.0,0.0,30.0,56.0,0.0,30.0,40.0,40.0,"[0.6385005972593893, 0.6258863626580499, 0.6029905158385056, 0.6061529338040524, 0.6118105632718243]",0.6170681945663643,0.04,,VIRGINIA,"2,200","6,500",6000.0,230,4.0,6.8,7.3,6.0,4.2,2.9,23.1,480,7.0,0.04,46,0.5861987194688167,0.7216117216117215,0.6725000000000001,0.7045363307908471,VA
2016,VA,Southeast,Q3,5.755,7.99,0.0,0.0,0.0,0.0,90.0,0.0,0.0,0.0,0.0,"[0.6385005972593893, 0.6258863626580499, 0.6029905158385056, 0.6061529338040524, 0.6118105632718243]",0.6170681945663643,0.09,,VIRGINIA,460,"8,000",8000.0,810,10.0,1.1,5.3,2.3,24.1,3.6,39.1,360,5.0,0.1,46,0.4970358074460517,0.8428571428571427,0.8358333333333334,0.8498594941790445,VA
2016,VA,Southeast,Q4,8.225,12.86,0.0,0.0,0.0,90.0,85.0,0.0,0.0,0.0,0.0,"[0.4123805975413801, 0.5725102989222439, 0.3522589184670111, 0.42557748938192586, 0.39771100461799935]",0.4320876617861121,0.1,0.4756137582017069,VIRGINIA,230,"7,000",7000.0,730,10.0,2.0,1.8,0.0,19.9,5.1,31.4,10,0.0,0.1,46,0.4626511738202514,0.5468864468864469,0.5095833333333333,0.5299076676033722,VA
2016,VT,Northeast,Q2,2.1666666666666665,3.09,0.35,0.0,0.0,0.0,50.0,70.0,0.0,0.0,80.0,"[0.7939149630103086, 0.7202485575279058, 0.738237883096672, 0.5498691289778933, 0.7156017705027395]",0.7035744606231039,0.02,0.4756137582017069,VERMONT,480,"6,500",5000.0,20,0.0,0.1,0.3,0.0,0.1,0.1,2.6,30,1.0,0.0,45,0.3440834716623192,0.6604395604395604,0.6137499999999999,0.6427137695704537,VT
2016,VT,Northeast,Q3,3.2890476190476186,9.9,0.1357142857142857,43.333333333333336,0.0,56.666666666666664,74.73684210526316,48.75,70.0,70.0,65.0,"[0.7939149630103086, 0.7202485575279058, 0.738237883096672, 0.5498691289778933, 0.7156017705027395]",0.7035744606231039,0.01,,VERMONT,170,"6,500",6500.0,400,6.0,1.7,2.4,0.0,8.0,0.8,5.6,50,1.0,0.06,45,0.3018733696940953,0.7388278388278386,0.68625,0.7201926936973104,VT
2016,WA,Northwest,Q2,2.7085,11.55,0.4875,30.0,0.0,42.5,41.578947368421055,0.0,44.0,45.0,61.666666666666664,"[0.6568565310645742, 0.6611081061222612, 0.6206783790945591, 0.6565403465631865, 0.6317701528406707]",0.6453907031370504,0.04,,WASHINGTON,"21,000","143,000",91000.0,"6,000",4.0,3.3,11.1,3.1,11.4,0.6,40.9,"11,500",8.0,0.04,47,0.4783021105050983,0.650915750915751,0.6100000000000001,0.6354877559213168,WA
2016,WA,Northwest,Q3,0.955,2.05,0.025,0.0,0.0,30.0,43.333333333333336,0.0,0.0,0.0,0.0,"[0.6568565310645742, 0.6611081061222612, 0.6206783790945591, 0.6565403465631865, 0.6317701528406707]",0.6453907031370504,0.12,,WASHINGTON,"7,500","74,000",57000.0,"5,000",7.0,0.9,4.3,19.1,1.4,0.1,65.2,"2,000",3.0,0.07,47,0.6151292387953521,0.7717948717948716,0.7825,0.7848253713368124,WA
2016,WI,Upper Midwest,Q2,3.0785714285714287,9.84,0.0142857142857142,30.0,0.0,0.0,77.14285714285714,60.0,80.0,0.0,70.0,"[0.596972781035177, 0.5791094596451856, 0.5821166429223832, 0.6180953589792463, 0.46232942651916187]",0.5677247338202308,0.07,,WISCONSIN,"17,500","78,000",18500.0,"5,500",7.0,12.8,14.9,12.6,3.7,10.5,23.4,"3,600",5.0,0.07,49,0.6525966326772588,0.7311355311355311,0.8166666666666668,0.778803693295865,WI
2016,WI,Upper Midwest,Q3,3.974285714285714,14.38,0.125,56.0,0.0,0.0,65.0,72.72727272727273,45.0,70.0,80.0,"[0.596972781035177, 0.5791094596451856, 0.5821166429223832, 0.6180953589792463, 0.46232942651916187]",0.5677247338202308,0.15,,WISCONSIN,880,"75,000",71000.0,"12,000",16.0,10.8,5.1,15.8,13.6,11.1,31.5,640,1.0,0.16,49,0.7505335546597107,0.765934065934066,0.85125,0.8149337615415495,WI
2016,WI,Upper Midwest,Q4,2.223333333333333,3.53,0.0166666666666666,33.333333333333336,0.0,0.0,66.66666666666667,83.33333333333333,50.0,0.0,80.0,"[0.18287558616064614, 0.5176274729261745, 0.2846866758189299, 0.23628191973579082, 0.3452087536530747]",0.31333608165892324,0.14,,WISCONSIN,10,"59,000",59000.0,"7,500",13.0,10.0,10.6,10.6,12.2,46.2,69.3,20,0.0,0.13,49,0.7538534503201328,0.7227106227106227,0.8104166666666668,0.7715776796467282,WI
2016,WV,Ohio Valley,Q2,0.37,0.37,0.0,0.0,0.0,0.0,50.0,0.0,0.0,0.0,0.0,"[0.7566678683038562, 0.7823571249669965, 0.7278344730240913, 0.7244404312438489, 0.7371712584810766]",0.7456942312039739,0.12,,WEST VIRGINIA,"2,600","7,000",7000.0,990,14.0,4.2,14.7,0.0,0.8,0.7,20.1,160,2.0,0.14,48,0.3599715437514821,0.6326007326007327,0.5366666666666667,0.5901244480128462,WV
2016,WV,Ohio Valley,Q3,4.3454999999999995,12.24,0.05,40.0,0.0,33.333333333333336,73.88888888888889,57.5,0.0,0.0,66.66666666666667,"[0.7566678683038562, 0.7823571249669965, 0.7278344730240913, 0.7244404312438489, 0.7371712584810766]",0.7456942312039739,0.04,,WEST VIRGINIA,130,"7,500",7500.0,190,3.0,3.6,8.1,0.1,7.1,0.4,41.5,220,3.0,0.03,48,0.3094617026322029,0.7692307692307693,0.6483333333333333,0.7193898032918508,WV
2016,WV,Ohio Valley,Q4,5.433333333333334,9.94,0.0166666666666666,30.0,0.0,0.0,83.33333333333333,30.0,0.0,0.0,90.0,"[0.2708242039718458, 0.6255845677755116, 0.48884184411031695, 0.27959223923381293, 0.42264973081037427]",0.4174985171803723,0.09,0.5366708372620193,WEST VIRGINIA,80,"7,500",7500.0,"1,000",13.0,1.1,4.3,1.1,2.3,2.8,23.8,60,1.0,0.13,48,0.3322267014465259,0.4230769230769231,0.3329166666666667,0.3769570453633078,WV
2017,AL,Southeast,Q1,5.1375,10.23,0.1375,0.0,0.0,90.0,72.5,50.0,0.0,0.0,30.0,"[0.6710373381890713, 0.7186462451296507, 0.7124032955564691, 0.5212141601940685, 0.40553935483783576]",0.605768078781419,0.245,0.5366708372620193,ALABAMA,570,"7,000",7000.0,"1,600",23.0,0.2,6.7,3.2,9.8,9.3,19.9,740,11.0,0.23,1,0.6303059046715674,0.6586080586080586,0.6145833333333334,0.641910879164994,AL
2017,AL,Southeast,Q2,2.24,3.8,0.0,0.0,0.0,65.0,60.0,0.0,30.0,0.0,90.0,"[0.5048497751452139, 0.60318951181211, 0.5382029838231348, 0.5380593963084517, 0.6346698267892901]",0.5637942987756401,0.12,,ALABAMA,"1,200","6,500",6500.0,440,7.0,0.0,9.4,4.2,13.6,5.3,17.9,500,8.0,0.07,1,0.7431823571259188,0.8260073260073258,0.8116666666666668,0.8285828984343638,AL
2017,AL,Southeast,Q3,4.615714285714286,12.2,0.0285714285714285,0.0,0.0,0.0,61.666666666666664,46.666666666666664,0.0,0.0,0.0,"[0.5048497751452139, 0.60318951181211, 0.5382029838231348, 0.5380593963084517, 0.6346698267892901]",0.5637942987756401,0.155,,ALABAMA,690,"9,500",7000.0,900,9.0,0.0,7.5,35.4,22.1,3.9,69.5,530,6.0,0.09,1,0.5672278871235475,0.884981684981685,0.91,0.9084704937775993,AL
2017,AL,Southeast,Q4,7.248,12.85,0.0,50.0,0.0,65.0,80.0,30.0,0.0,0.0,0.0,"[0.7186462451296507, 0.7124032955564691, 0.5212141601940685, 0.40553935483783576, 0.5625551181104549]",0.5840716347656958,0.08499999999999999,,ALABAMA,550,"7,500",7500.0,990,13.0,8.8,1.7,9.5,10.1,5.2,22.3,500,7.0,0.13,1,0.4863647142518378,0.6611721611721613,0.6275000000000001,0.6495383380168608,AL
2017,AR,South,Q2,2.46,6.24,0.0,0.0,0.0,80.0,42.5,62.5,60.0,0.0,35.0,"[0.617919640049565, 0.5765567420714995, 0.5522082354215065, 0.4008138749991841, 0.5906498228074555]",0.5476296630698421,0.14,,ARKANSAS,"6,000","24,000",17000.0,"1,900",8.0,1.9,2.7,3.9,9.6,2.5,19.4,"1,300",5.0,0.08,4,0.3080388902063078,0.7714285714285714,0.6983333333333334,0.7438779606583702,AR
2017,AR,South,Q3,2.8236842105263156,6.32,0.0,32.5,0.0,40.0,55.294117647058826,40.0,80.0,30.0,61.666666666666664,"[0.617919640049565, 0.5765567420714995, 0.5522082354215065, 0.4008138749991841, 0.5906498228074555]",0.5476296630698421,0.175,0.3005701362079952,ARKANSAS,"4,400","29,000",29000.0,"6,000",21.0,0.0,9.3,17.0,9.1,2.3,61.4,410,1.0,0.21,4,0.2449608726582879,0.9058608058608058,0.8341666666666667,0.8831794460056202,AR
2017,CA,West,Q1,0.4792307692307692,5.91,1.073076923076923,30.0,0.0,45.0,44.0,41.666666666666664,51.666666666666664,40.0,66.66666666666667,"[0.36733201887290123, 0.5963255626497236, 0.4712014474370305, 0.5549639308138364, 0.5680183766155993]",0.5115682672778182,0.14500000000000002,0.3005701362079952,CALIFORNIA,"137,000","1,470,000",1170000.0,"195,000",13.0,7.5,6.6,9.2,12.6,6.3,37.7,"93,000",6.0,0.13,5,0.3324638368508418,0.4380952380952381,0.3391666666666666,0.3881975110397431,CA
2017,CA,West,Q2,0.5025,1.04,0.7,30.0,0.0,60.0,35.0,47.5,70.0,0.0,70.0,"[0.6440451296466143, 0.5480833950811825, 0.563439967346004, 0.6835331719735213, 0.5922085165388457]",0.6062620361172335,0.095,,CALIFORNIA,"160,000","990,000",980000.0,"90,000",9.0,3.1,4.8,13.0,7.7,3.4,38.0,"220,000",22.0,0.09,5,0.3609200853687455,0.6666666666666669,0.55625,0.618627057406664,CA
2017,CA,West,Q3,0.0,0.0,0.25,0.0,0.0,0.0,0.0,30.0,50.0,0.0,0.0,"[0.6440451296466143, 0.5480833950811825, 0.563439967346004, 0.6835331719735213, 0.5922085165388457]",0.6062620361172335,0.1,,CALIFORNIA,"73,000","670,000",590000.0,"67,000",10.0,5.6,10.1,13.4,15.8,3.6,42.3,"74,000",11.0,0.1,5,0.389850604695281,0.7853479853479852,0.6941666666666666,0.7494981934965879,CA
2017,CA,West,Q4,2.335,10.08,0.5041666666666667,62.857142857142854,0.0,0.0,69.16666666666667,47.5,55.0,70.0,46.666666666666664,"[0.5963255626497236, 0.4712014474370305, 0.5549639308138364, 0.5680183766155993, 0.5005514018307703]",0.538212143869392,0.135,,CALIFORNIA,"90,000","1,200,000",680000.0,"155,000",13.0,7.4,17.1,17.0,14.1,6.3,47.9,"104,000",9.0,0.13,5,0.2700972255157695,0.5080586080586081,0.3833333333333333,0.4480128462464874,CA
2017,CO,Southwest,Q3,1.2242857142857144,6.23,0.0071428571428571,40.0,0.0,30.0,49.09090909090909,40.0,90.0,0.0,60.0,"[0.5732804759109258, 0.6628058321925554, 0.5683185637472925, 0.5822647818565019, 0.6255556453366113]",0.6024450598087774,0.16499999999999998,,COLORADO,"2,900","42,000",35000.0,"4,300",10.0,2.6,7.8,9.1,1.4,1.4,52.9,"6,410",15.0,0.1,6,0.4467631017310884,0.7904761904761903,0.7999999999999999,0.8032918506623845,CO
2017,CT,Northeast,Q2,0.7628571428571428,3.64,0.3571428571428571,0.0,0.0,80.0,42.5,30.0,0.0,0.0,90.0,"[0.7358647281023128, 0.6578116501743623, 0.6803900226300678, 0.5981628590850556, 0.6986712236161345]",0.6741800967215866,0.035,0.5021938099937641,CONNECTICUT,"2,200","3,000",3000.0,140,5.0,0.0,1.9,0.5,0.2,0.7,9.1,350,12.0,0.05,7,0.4783021105050983,0.7487179487179486,0.75875,0.7607386591730229,CT
2017,CT,Northeast,Q3,3.641818181818182,14.49,0.2227272727272727,30.0,0.0,45.0,55.55555555555556,38.75,0.0,0.0,40.0,"[0.7358647281023128, 0.6578116501743623, 0.6803900226300678, 0.5981628590850556, 0.6986712236161345]",0.6741800967215866,0.049999999999999996,0.5021938099937641,CONNECTICUT,50,"3,500",3500.0,130,4.0,0.1,13.0,0.0,1.5,0.0,25.1,20,1.0,0.04,7,0.6654019445103154,0.8347985347985348,0.8795833333333334,0.8659173022882376,CT
2017,CT,Northeast,Q4,6.758333333333333,14.04,0.075,0.0,0.0,50.0,60.0,53.333333333333336,70.0,50.0,0.0,"[0.46599976591765435, 0.23541238380839402, 0.3073833578009071, 0.2847559339120148, 0.3701717111232715]",0.33274463051244835,0.07500000000000001,,CONNECTICUT,190,"4,000",4000.0,330,8.0,0.0,1.6,0.6,2.8,1.6,36.4,110,3.0,0.08,7,0.3846336258003319,0.561904761904762,0.5554166666666667,0.5600160578081093,CT
2017,DE,Northeast,Q2,2.34,4.05,0.025,0.0,0.0,0.0,70.0,30.0,90.0,80.0,90.0,"[0.6868878544574253, 0.6936296099743375, 0.5126602827595519, 0.5252873367224586, 0.5862716215061249]",0.6009473410839796,,,,,,,,,,,,,,,,,,8,0.660896371828314,0.8780219780219781,0.8908333333333331,0.8956242472902447,DE
2017,DE,Northeast,Q3,0.74,0.74,0.05,70.0,0.0,0.0,60.0,40.0,0.0,0.0,0.0,"[0.6868878544574253, 0.6936296099743375, 0.5126602827595519, 0.5252873367224586, 0.5862716215061249]",0.6009473410839796,,,,,,,,,,,,,,,,,,8,0.8181171448897321,0.9175824175824174,0.9825,0.9614612605379366,DE
2017,DE,Northeast,Q4,8.38,8.38,0.0,90.0,0.0,0.0,90.0,50.0,0.0,0.0,0.0,"[0.45581497718533825, 0.25536104084786193, 0.43050520254850055, 0.3845425451033363, 0.3791806489270275]",0.38108088292241293,,,,,,,,,,,,,,,,,,8,0.4280294047901352,0.7787545787545787,0.79125,0.7928542753914091,DE
2017,FL,Southeast,Q1,2.73,7.17,1.2375,30.0,0.0,30.0,43.333333333333336,30.0,0.0,0.0,30.0,"[0.3617040466957051, 0.5438104841214509, 0.6211086743850849, 0.500537461189412, 0.3951952599309405]",0.48447118526451866,0.135,,FLORIDA,"78,000","265,000",260000.0,"30,000",11.0,1.5,6.2,14.2,14.8,17.9,37.6,"34,000",13.0,0.11,9,0.5088925776618448,0.6710622710622711,0.6104166666666667,0.6471296668004818,FL
2017,FL,Southeast,Q2,3.49,5.08,0.5333333333333333,40.0,0.0,0.0,70.0,35.0,0.0,0.0,75.0,"[0.582087433789342, 0.5310168527310852, 0.5387583311024049, 0.43099825917408663, 0.3674299998289142]",0.4900581753251666,0.14,,FLORIDA,"40,000","255,000",245000.0,"35,000",14.0,6.1,6.5,9.0,14.4,18.9,36.5,"50,000",20.0,0.14,9,0.5985297604932417,0.8366300366300365,0.8220833333333333,0.8390204737053392,FL
2017,FL,Southeast,Q4,6.506666666666667,19.52,0.3083333333333333,40.0,0.0,30.0,69.0,35.0,40.0,0.0,40.0,"[0.5438104841214509, 0.6211086743850849, 0.500537461189412, 0.3951952599309405, 0.415699816766153]",0.49527033927860825,0.14,0.4072894357497213,FLORIDA,"55,000","240,000",180000.0,"50,000",21.0,7.5,7.6,10.4,16.8,26.2,41.4,"36,000",15.0,0.21,9,0.4095328432534977,0.676923076923077,0.6458333333333334,0.6672019269369731,FL
2017,GA,Southeast,Q3,2.064,8.35,0.1525,43.333333333333336,0.0,60.0,64.0,63.68421052631579,50.0,0.0,56.0,"[0.6522625916264664, 0.6375624926341616, 0.6443996443994666, 0.5908829631415489, 0.5534105689291203]",0.6157036521461527,0.125,0.4072894357497213,GEORGIA,"19,000","122,000",121000.0,"15,500",13.0,2.3,15.1,14.1,18.0,6.9,47.6,"23,000",19.0,0.13,10,0.291913682712829,0.7937728937728937,0.6783333333333333,0.7470895222802089,GA
2017,GA,Southeast,Q4,0.395,0.67,0.0,0.0,0.0,0.0,80.0,35.0,0.0,0.0,0.0,"[0.5295186390389749, 0.46157425755235926, 0.5328682151828544, 0.43481932209003626, 0.4601177274469421]",0.4837796322622334,0.125,0.18624937318326562,GEORGIA,"4,300","145,000",125000.0,"21,000",14.0,12.3,3.6,15.3,15.1,4.6,56.8,"2,200",2.0,0.14,10,0.4026559165283377,0.3989010989010989,0.3725,0.3833801686069851,GA
2017,IA,Upper Midwest,Q2,1.1078947368421053,5.0,0.3552631578947368,30.0,0.0,70.0,44.0,67.77777777777777,45.0,0.0,75.38461538461539,"[0.6758008249469084, 0.5183454203510713, 0.34207812788926084, 0.38151809744249876, 0.3533762525684986]",0.45422374463964754,0.075,0.18624937318326562,IOWA,"23,000","23,000",12000.0,"2,400",10.0,7.5,8.1,26.6,27.6,0.9,39.3,"3,900",17.0,0.1,15,0.5947355940241877,0.772893772893773,0.7499999999999999,0.7695704536330791,IA
2017,IA,Upper Midwest,Q3,0.24,0.24,0.0,70.0,0.0,0.0,90.0,70.0,0.0,0.0,0.0,"[0.6758008249469084, 0.5183454203510713, 0.34207812788926084, 0.38151809744249876, 0.3533762525684986]",0.45422374463964754,0.095,,IOWA,"2,100","43,000",40000.0,"2,200",5.0,2.4,4.0,3.9,7.2,2.2,17.2,"4,000",9.0,0.05,15,0.5449371591178563,0.8391941391941391,0.8408333333333333,0.8502609393817744,IA
2017,ID,Northwest,Q2,0.274,0.88,0.05,0.0,0.0,0.0,40.0,38.0,50.0,0.0,56.666666666666664,"[0.6761248621843521, 0.7338999275556031, 0.8016095391076403, 0.6322420610791056, 0.6865782146249193]",0.7060909209103241,0.08499999999999999,,IDAHO,"22,000","78,000",61000.0,"10,500",13.0,4.0,7.8,8.3,6.4,4.8,30.5,"31,000",40.0,0.13,12,0.6080151766658762,0.7369963369963369,0.7133333333333333,0.732637494981935,ID
2017,ID,Northwest,Q3,2.0142105263157895,8.07,0.1605263157894737,0.0,0.0,30.0,48.333333333333336,37.22222222222222,32.5,0.0,42.5,"[0.6761248621843521, 0.7338999275556031, 0.8016095391076403, 0.6322420610791056, 0.6865782146249193]",0.7060909209103241,0.10500000000000001,0.4418155168149004,IDAHO,"9,000","116,000",89000.0,"12,000",10.0,6.7,9.5,15.5,19.1,5.1,53.7,"16,500",14.0,0.1,12,0.47189945458857,0.8175824175824177,0.8083333333333333,0.8225612203934161,ID
2017,IL,Ohio Valley,Q2,2.6475,4.45,0.05,30.0,0.0,0.0,57.5,33.333333333333336,0.0,0.0,45.0,"[0.559330506562477, 0.5972251213077348, 0.6222241790978631, 0.569355662460836, 0.5992852173391587]",0.5894841373536139,0.11000000000000001,0.4418155168149004,ILLINOIS,"3,600","12,000",11500.0,"1,200",10.0,0.7,5.6,3.0,4.3,1.5,11.3,"1,600",13.0,0.1,13,0.5131610149395305,0.7073260073260073,0.6783333333333333,0.6993175431553592,IL
2017,IL,Ohio Valley,Q3,4.3055,13.46,0.065,42.22222222222222,0.0,47.5,60.588235294117645,46.0,40.0,30.0,60.0,"[0.559330506562477, 0.5972251213077348, 0.6222241790978631, 0.569355662460836, 0.5992852173391587]",0.5894841373536139,0.11,,ILLINOIS,710,"13,000",13000.0,"1,100",8.0,2.8,4.6,2.8,14.2,3.3,29.9,"1,200",9.0,0.08,13,0.4415461228361395,0.8135531135531135,0.7949999999999999,0.8137294259333601,IL
2017,IN,Ohio Valley,Q2,1.221666666666667,7.17,0.0916666666666666,30.0,0.0,67.5,61.0,57.77777777777778,63.333333333333336,0.0,73.0,"[0.7475334145465221, 0.702494845809041, 0.5956137418409118, 0.5091796444363835, 0.5597956107599333]",0.6229234514785583,0.065,,INDIANA,"3,000","11,000",7500.0,"1,200",11.0,0.1,8.6,43.3,2.1,1.2,5.5,510,5.0,0.11,14,0.536874555371117,0.7652014652014651,0.7129166666666666,0.7482938578883982,IN
2017,IN,Ohio Valley,Q3,4.818461538461539,13.66,0.0499999999999999,62.0,0.0,55.0,59.166666666666664,45.0,80.0,53.333333333333336,40.0,"[0.7475334145465221, 0.702494845809041, 0.5956137418409118, 0.5091796444363835, 0.5597956107599333]",0.6229234514785583,0.08499999999999999,,INDIANA,420,"13,000",13000.0,930,7.0,0.4,3.8,3.9,5.9,2.0,13.9,740,6.0,0.07,14,0.4239981029167655,0.8787545787545787,0.8412499999999999,0.8719389803291849,IN
2017,IN,Ohio Valley,Q4,10.374545454545457,18.13,0.0727272727272727,70.0,0.0,55.0,79.0909090909091,52.72727272727273,52.5,0.0,80.0,"[0.5912613210224561, 0.44710421103525533, 0.18988669554314674, 0.33089705966131455, 0.4807030452120912]",0.4079704664948528,0.13,,INDIANA,320,"11,500",11500.0,"1,700",15.0,1.7,3.9,0.7,5.6,8.0,23.5,100,1.0,0.15,14,0.2973677970120938,0.5622710622710624,0.4741666666666667,0.5214773183460458,IN
2017,KS,South,Q2,3.74,5.71,0.0,0.0,0.0,0.0,80.0,45.0,0.0,0.0,30.0,"[0.7257350934989073, 0.591751709536137, 0.6361965624455006, 0.4946658383671487, 0.32529021698298677]",0.554727884166136,0.13,,KANSAS,"2,500","6,000",3800.0,390,7.0,0.7,1.7,22.6,8.5,6.4,17.3,870,15.0,0.07,16,0.788475219350249,0.8315018315018314,0.8620833333333333,0.8558811722199919,KS
2017,KS,South,Q3,2.598181818181818,10.54,0.0386363636363636,30.0,0.0,0.0,49.44444444444444,37.89473684210526,36.666666666666664,30.0,32.5,"[0.7257350934989073, 0.591751709536137, 0.6361965624455006, 0.4946658383671487, 0.32529021698298677]",0.554727884166136,0.22,,KANSAS,"1,400","7,000",7000.0,"1,700",24.0,14.8,1.1,20.3,52.6,7.4,65.4,"1,000",14.0,0.24,16,0.6668247569362106,0.9010989010989012,0.95625,0.9389803291850662,KS
2017,KY,Ohio Valley,Q1,0.08,0.08,0.0,0.0,0.0,0.0,30.0,0.0,30.0,0.0,70.0,"[0.44220592045836826, 0.4322889769085734, 0.41571066618964203, 0.3843835327108377, 0.3455522276052482]",0.40402826477453396,0.29500000000000004,,KENTUCKY,950,"7,000",6500.0,"1,300",19.0,0.4,16.0,3.8,11.5,7.5,31.9,430,6.0,0.19,17,0.4545885700735119,0.2597069597069597,0.2174999999999999,0.2320353271778402,KY
2017,KY,Ohio Valley,Q2,1.4054545454545453,5.09,0.0363636363636363,30.0,0.0,30.0,42.5,30.0,45.0,0.0,68.75,"[0.7134658724693737, 0.5610522135428078, 0.6051840025628776, 0.5620721270371019, 0.599026762551642]",0.6081601956327606,0.1,,KENTUCKY,"3,100","7,500",7000.0,900,12.0,1.0,4.3,4.5,11.6,4.9,25.7,590,8.0,0.12,17,0.5465971069480674,0.5952380952380953,0.58,0.5909273384183059,KY
2017,KY,Ohio Valley,Q3,4.63625,10.14,0.0375,60.0,0.0,70.0,62.5,37.142857142857146,40.0,30.0,35.0,"[0.7134658724693737, 0.5610522135428078, 0.6051840025628776, 0.5620721270371019, 0.599026762551642]",0.6081601956327606,0.13,,KENTUCKY,450,"9,000",9000.0,"1,600",18.0,4.6,10.3,0.6,39.2,6.2,46.4,700,8.0,0.18,17,0.4247095091297131,0.7399267399267401,0.7158333333333334,0.735046166198314,KY
2017,KY,Ohio Valley,Q4,7.84,16.02,0.15,0.0,0.0,0.0,85.0,30.0,0.0,0.0,30.0,"[0.4322889769085734, 0.41571066618964203, 0.3843835327108377, 0.3455522276052482, 0.4817540364379378]",0.41193788797044784,0.13,,KENTUCKY,50,"7,500",7500.0,870,12.0,0.5,5.6,6.5,24.4,19.1,54.3,120,2.0,0.12,17,0.5537111690775433,0.3930402930402931,0.3695833333333334,0.3785628261742272,KY
2017,MA,Northeast,Q2,0.79,0.79,0.05,0.0,0.0,0.0,80.0,30.0,0.0,0.0,90.0,"[0.6761652985585425, 0.6238079375687768, 0.6356479248736218, 0.6284450278288114, 0.636851238947836]",0.6401834855555177,0.03,,MASSACHUSETTS,"1,400","8,000",2500.0,140,2.0,12.9,0.4,11.0,12.5,1.6,14.8,490,6.0,0.02,21,0.4507944036044581,0.6428571428571429,0.6033333333333333,0.6282617422721799,MA
2017,MA,Northeast,Q3,2.5185,6.34,0.11,40.0,0.0,51.666666666666664,55.88235294117647,44.21052631578947,53.75,70.0,44.0,"[0.6761652985585425, 0.6238079375687768, 0.6356479248736218, 0.6284450278288114, 0.636851238947836]",0.6401834855555177,0.07,,MASSACHUSETTS,790,"9,000",9000.0,760,8.0,0.7,0.8,2.3,0.9,0.1,82.0,460,5.0,0.08,21,0.5010671093194214,0.7538461538461538,0.7358333333333333,0.7527097551184264,MA
2017,MA,Northeast,Q4,10.876666666666669,19.94,0.1333333333333333,0.0,0.0,0.0,76.66666666666667,43.333333333333336,0.0,0.0,0.0,"[0.5223198056006068, 0.3605039297379561, 0.4082845054731925, 0.29502443893245944, 0.29711815275718]",0.37665016650027894,0.075,,MASSACHUSETTS,120,"6,000",6000.0,"1,100",18.0,6.7,1.5,2.7,1.2,0.3,13.2,550,9.0,0.18,21,0.3324638368508418,0.3406593406593406,0.3225,0.3267763950220795,MA
2017,MD,Northeast,Q2,1.3299999999999998,3.88,0.29,0.0,0.0,75.0,32.5,34.0,0.0,0.0,60.0,"[0.5641741929644226, 0.4453980938785327, 0.5981773992481809, 0.5955636351238915, 0.5810559606794037]",0.5568738563788862,0.035,,MARYLAND,"3,400","9,500",8000.0,190,2.0,0.8,2.1,0.3,6.9,1.1,3.3,930,10.0,0.02,20,0.5219350248992174,0.6483516483516484,0.61875,0.6382978723404256,MD
2017,MD,Northeast,Q4,9.04,9.04,0.35,50.0,0.0,0.0,90.0,60.0,30.0,0.0,0.0,"[0.5223592317257791, 0.2731872971797735, 0.38572339746303863, 0.3352741428857464, 0.3104222919447409]",0.36539327223981577,0.065,,MARYLAND,20,"10,500",8000.0,"1,300",12.0,0.2,1.8,1.1,3.1,7.8,7.9,410,4.0,0.12,20,0.493004505572682,0.4043956043956044,0.4162499999999999,0.407065435568045,MD
2017,MI,Upper Midwest,Q2,0.46,0.92,0.825,0.0,0.0,0.0,30.0,30.0,60.0,0.0,70.0,"[0.6855145489834245, 0.594778985917939, 0.6430434223635678, 0.6949365484000654, 0.5902130230183296]",0.6416973057366653,0.09,,MICHIGAN,"20,000","100,000",55000.0,"7,500",8.0,0.2,0.9,2.1,7.2,0.5,19.1,"13,500",14.0,0.08,22,0.7386767844439175,0.824175824175824,0.8241666666666667,0.8334002408671215,MI
2017,MI,Upper Midwest,Q3,8.2525,17.29,0.0,0.0,0.0,0.0,35.0,45.0,40.0,0.0,30.0,"[0.6855145489834245, 0.594778985917939, 0.6430434223635678, 0.6949365484000654, 0.5902130230183296]",0.6416973057366653,0.11000000000000001,,MICHIGAN,"4,300","109,000",103000.0,"17,500",16.0,8.6,15.0,13.7,11.9,2.9,56.8,"11,500",11.0,0.16,22,0.5674650225278633,0.8897435897435898,0.9229166666666664,0.9173022882376556,MI
2017,MI,Upper Midwest,Q4,8.117,24.16,0.74,50.666666666666664,0.0,55.0,80.0,55.0,65.45454545454545,35.0,40.0,"[0.494158757035139, 0.23604901011373813, 0.2182852037779256, 0.5352922344171596, 0.36145532064260255]",0.369048105197313,0.12,,MICHIGAN,990,"88,000",88000.0,"11,500",13.0,5.3,1.5,23.6,13.6,2.0,53.8,"1,900",2.0,0.13,22,0.4467631017310884,0.6710622710622711,0.63125,0.6567643516659976,MI
2017,MN,Upper Midwest,Q2,1.3305555555555555,5.07,0.0666666666666666,30.0,0.0,40.0,44.61538461538461,46.47058823529411,56.25,65.0,56.92307692307692,"[0.6347116442834704, 0.627219535558723, 0.5405029032801355, 0.6492459677107155, 0.30568688110427644]",0.5514733863874641,0.1,,MINNESOTA,"19,000","128,000",32000.0,"12,000",9.0,2.3,6.6,12.8,4.7,2.2,20.5,"8,500",7.0,0.09,23,0.6971780886886413,0.7633699633699634,0.7433333333333334,0.7611401043757526,MN
2017,MN,Upper Midwest,Q3,7.882,21.24,0.0,58.0,0.0,0.0,68.0,60.0,50.0,40.0,40.0,"[0.6347116442834704, 0.627219535558723, 0.5405029032801355, 0.6492459677107155, 0.30568688110427644]",0.5514733863874641,0.215,,MINNESOTA,"1,900","136,000",136000.0,"20,000",15.0,1.8,11.6,9.4,4.7,2.3,39.8,"2,200",2.0,0.15,23,0.4529286222433009,0.856043956043956,0.8466666666666667,0.8623042954636692,MN
2017,MN,Upper Midwest,Q4,9.392,14.38,0.0,52.0,0.0,0.0,78.0,72.0,35.0,0.0,30.0,"[0.4377464697682508, 0.22161837103142845, 0.30909436966641646, 0.2284380012671936, 0.3602341232588967]",0.31142626699843723,0.11,,MINNESOTA,"1,900","98,000",98000.0,"7,000",7.0,4.2,7.2,39.8,4.0,3.1,62.9,450,0.05,0.07,23,0.3613943561773773,0.5523809523809525,0.5116666666666667,0.5339221196306705,MN
2017,MO,South,Q3,4.056,10.5,0.05,50.0,0.0,0.0,72.0,58.0,86.66666666666667,30.0,55.0,"[0.724294516714822, 0.6127016653792583, 0.6739026705067052, 0.6699044181666922, 0.6122975981492569]",0.6586201737833469,0.07,,MISSOURI,320,"9,000",9000.0,580,6.0,2.8,1.6,34.0,36.0,35.0,77.7,310,3.0,0.06,25,0.4555371116907754,0.8391941391941391,0.77875,0.8201525491770373,MO
2017,MO,South,Q4,5.19,5.44,0.025,45.0,0.0,0.0,60.0,65.0,0.0,0.0,0.0,"[0.6593370530771223, 0.5222917959620872, 0.4452413435125835, 0.49728406475740106, 0.5250887664924766]",0.5298486047603341,0.060000000000000005,,MISSOURI,100,"9,500",9500.0,820,9.0,1.0,4.2,0.1,14.2,1.6,16.7,230,2.0,0.09,25,0.3113587858667299,0.4897435897435898,0.39875,0.4452027298273786,MO
2017,MS,Southeast,Q1,1.2023076923076923,5.53,0.2192307692307692,0.0,0.0,90.0,55.0,40.0,0.0,0.0,50.0,"[0.7538170180413345, 0.7285516429846816, 0.5352710431072988, 0.49604736932103033, 0.33333333333333337]",0.5694040813575357,0.13,,MISSISSIPPI,"23,000","68,000",31000.0,"2,600",4.0,0.05,0.5,0.1,35.3,1.4,41.7,"7,000",10.0,0.04,24,0.3322267014465259,0.3087912087912088,0.2633333333333333,0.2806101967081493,MS
2017,MT,Northern Rockies & Plains,Q2,0.0,0.0,0.0,0.0,0.0,0.0,0.0,70.0,0.0,0.0,0.0,"[0.9491452372284392, 0.591751709536137, 0.5397126910508383, 0.550981903845898]",0.6578978854153281,0.03,,MONTANA,"18,000","135,000",47000.0,"3,700",3.0,4.2,4.4,3.5,4.0,0.6,20.0,"18,000",13.0,0.03,26,0.277922693858193,0.7135531135531135,0.6058333333333333,0.667603372139703,MT
2017,MT,Northern Rockies & Plains,Q3,4.242222222222222,35.37,0.1361111111111111,0.0,0.0,0.0,50.833333333333336,56.875,55.0,0.0,44.0,"[0.9491452372284392, 0.591751709536137, 0.5397126910508383, 0.550981903845898]",0.6578978854153281,0.07,,MONTANA,"3,100","161,000",154000.0,"18,500",11.0,6.9,19.1,2.2,6.7,2.0,42.3,"23,000",14.0,0.11,26,0.2783969646668248,0.8622710622710623,0.7575,0.8221597751906863,MT
2017,MT,Northern Rockies & Plains,Q4,2.91,2.91,0.0,0.0,0.0,0.0,80.0,50.0,0.0,0.0,0.0,"[0.5586692071705851, 0.29052434523939674, 0.5138275651956024, 0.5236694883775332]",0.47167265149577936,0.10500000000000001,,MONTANA,"5,500","121,000",115000.0,"13,000",11.0,3.1,5.3,5.9,4.1,4.1,54.2,"2,900",2.0,0.11,26,0.2556319658525018,0.547985347985348,0.4341666666666667,0.4941790445604175,MT
2017,NC,Southeast,Q2,3.481904761904762,9.72,0.069047619047619,0.0,0.0,50.0,52.63157894736842,50.0,46.0,70.0,60.0,"[0.5781432625483478, 0.6154069789799302, 0.6474332806141982, 0.7064750459383417, 0.5116674329937265]",0.6118252002149089,0.07500000000000001,,NORTH CAROLINA,"5,000","25,000",24000.0,"3,000",12.0,2.3,5.1,0.8,5.5,1.5,23.4,"2,700",11.0,0.12,33,0.5575053355465971,0.7271062271062272,0.7025,0.7217984745082296,NC
2017,NC,Southeast,Q3,4.757142857142857,16.18,0.25,0.0,0.0,56.666666666666664,80.0,53.333333333333336,70.0,80.0,30.0,"[0.5781432625483478, 0.6154069789799302, 0.6474332806141982, 0.7064750459383417, 0.5116674329937265]",0.6118252002149089,0.09,,NORTH CAROLINA,"4,100","27,000",26000.0,"3,300",12.0,3.3,7.6,20.3,36.1,1.8,74.5,"2,900",11.0,0.12,33,0.4745079440360445,0.8029304029304029,0.8008333333333333,0.8109193095142513,NC
2017,ND,Northern Rockies & Plains,Q2,0.0,0.0,0.0,0.0,0.0,90.0,30.0,70.0,60.0,0.0,90.0,,0.612690479744359,0.055,,NORTH DAKOTA,"31,000","450,000",115000.0,"16,000",4.0,3.2,3.2,5.3,4.0,1.0,29.3,"41,000",9.0,0.04,34,0.550628408821437,0.8051282051282052,0.7737499999999999,0.7992773986350864,ND
2017,ND,Northern Rockies & Plains,Q3,0.0,0.0,0.0,0.0,0.0,46.666666666666664,37.77777777777778,41.36363636363637,60.0,30.0,48.57142857142857,,0.5997394521626145,0.16,,NORTH DAKOTA,"24,000","490,000",470000.0,"48,000",10.0,3.4,8.1,8.1,11.9,1.9,42.0,"100,000",20.0,0.1,34,0.5307090348589045,0.8996336996336995,0.8962499999999999,0.9096748293857888,ND
2017,ND,Northern Rockies & Plains,Q4,0.0,0.0,0.0,0.0,0.0,0.0,70.0,50.0,0.0,0.0,0.0,,0.39744168789873024,0.12,,NORTH DAKOTA,"10,000","410,000",410000.0,"26,000",6.0,0.2,0.9,0.5,16.5,0.3,41.7,"2,900",1.0,0.06,34,0.3412378468105288,0.6267399267399268,0.5583333333333333,0.597751906864713,ND
2017,NE,Northern Rockies & Plains,Q2,2.983333333333333,3.48,0.25,60.0,0.0,30.0,56.666666666666664,66.66666666666667,0.0,0.0,70.0,"[0.8075499102701247, 0.7914855859429253]",0.799517748106525,0.1,,NEBRASKA,"7,000","43,000",7500.0,"1,500",3.0,1.0,16.0,37.6,38.4,0.8,50.1,"27,000",63.0,0.03,27,0.6120464785392461,0.6304029304029304,0.5970833333333333,0.618627057406664,NE
2017,NE,Northern Rockies & Plains,Q3,2.297142857142857,11.54,0.0833333333333333,35.0,0.0,0.0,43.1578947368421,52.38095238095238,52.22222222222222,40.0,54.0,"[0.8075499102701247, 0.7914855859429253]",0.799517748106525,0.13,,NEBRASKA,880,"47,000",46000.0,"3,700",8.0,0.4,9.2,7.1,6.6,0.2,15.1,"13,500",29.0,0.08,27,0.475456485653308,0.7523809523809524,0.7275,0.7478924126856684,NE
2017,NJ,Northeast,Q3,3.5858333333333334,14.85,0.1333333333333333,56.666666666666664,0.0,75.0,63.333333333333336,45.45454545454545,48.0,30.0,50.0,"[0.5925315541650555, 0.5642941678236182, 0.6478678054741513, 0.6807505108276914, 0.5886233243962788]",0.6148134725373591,0.015,,NEW JERSEY,280,"16,000",16000.0,420,3.0,0.0,0.4,0.8,2.9,1.9,10.7,110,1.0,0.03,30,0.4899217453165758,0.7560439560439559,0.7504166666666666,0.7607386591730229,NJ
2017,NJ,Northeast,Q4,6.510000000000001,13.69,0.3166666666666666,40.0,0.0,45.0,71.66666666666667,41.666666666666664,70.0,0.0,36.666666666666664,"[0.6601683294563881, 0.33813410326804294, 0.3906666522232094, 0.46223897154803983, 0.5692052776645861]",0.4840826668320533,0.03,,NEW JERSEY,330,"15,500",15500.0,"1,200",8.0,4.4,3.3,4.4,6.8,0.0,18.9,270,2.0,0.08,30,0.4839933602086791,0.4362637362637362,0.4275,0.4299478121236452,NJ
2017,NM,Southwest,Q3,5.646,16.9,0.025,0.0,0.0,30.0,65.55555555555556,45.625,60.0,30.0,45.0,"[0.7817821097640076, 0.7063898902426482, 0.6811035979283597, 0.7216750303469084]",0.722737657070481,0.21000000000000002,,NEW MEXICO,"1,800","8,500",8500.0,"2,500",29.0,17.8,3.1,13.6,3.3,0.3,74.3,200,2.0,0.29,31,0.5463599715437515,0.8538461538461537,0.88125,0.8771577679646728,NM
2017,NM,Southwest,Q4,11.9025,13.97,0.0,30.0,0.0,0.0,56.666666666666664,42.5,0.0,0.0,0.0,"[0.39796560326908104, 0.4278278647286706, 0.5059408049747719, 0.48176122436522706, 0.2799177001769044]",0.41868263950293105,0.14,,NEW MEXICO,"1,700","8,000",8000.0,"1,900",24.0,0.0,10.0,10.3,0.3,1.0,86.1,,0.0,0.24,31,0.428266540194451,0.613919413919414,0.575,0.5981533520674429,NM
2017,NV,Southwest,Q3,1.868421052631579,8.11,0.1447368421052631,30.0,0.0,0.0,45.45454545454545,42.72727272727273,50.0,30.0,73.07692307692308,,0.555268541042343,,,,,,,,,,,,,,,,,,28,0.5518140858430164,0.816849816849817,0.8425,0.8382175832998795,NV
2017,NY,Northeast,Q2,0.755,1.21,0.025,0.0,0.0,90.0,50.0,30.0,30.0,0.0,30.0,"[0.6392506668924378, 0.5663549923998656, 0.7297326762736769, 0.7794321675109698, 0.6716420702325703]",0.677282514661904,0.06,,NEW YORK,"16,500","43,000",25000.0,"1,300",3.0,2.1,8.9,2.0,2.1,0.1,22.2,"7,500",17.0,0.03,32,0.3253497747213659,0.6608058608058608,0.5779166666666666,0.6254516258530711,NY
2017,NY,Northeast,Q3,1.7027272727272729,9.09,0.1613636363636363,42.0,0.0,63.333333333333336,54.0,44.285714285714285,48.0,70.0,50.0,"[0.6392506668924378, 0.5663549923998656, 0.7297326762736769, 0.7794321675109698, 0.6716420702325703]",0.677282514661904,0.16,,NEW YORK,"3,100","59,000",59000.0,"6,500",11.0,6.2,13.6,9.4,19.8,1.8,45.1,"9,000",15.0,0.11,32,0.3803651885226464,0.7846153846153847,0.7158333333333333,0.7595343235648334,NY
2017,OH,Ohio Valley,Q2,1.3914285714285717,2.5,0.0928571428571428,50.0,0.0,0.0,61.42857142857143,45.0,30.0,0.0,66.66666666666667,"[0.6730198480640508, 0.5625988660360903, 0.6277073413184102, 0.6711713782368107, 0.6117978173948023]",0.6292590502100329,0.10500000000000001,,OHIO,"7,000","15,000",13500.0,"1,100",7.0,6.2,16.6,10.4,6.4,3.0,45.5,"2,500",17.0,0.07,35,0.3889020630780175,0.6274725274725275,0.56125,0.5989562424729025,OH
2017,OH,Ohio Valley,Q3,3.9842857142857144,10.92,0.0107142857142857,55.0,0.0,0.0,50.0,35.0,75.0,90.0,30.0,"[0.6730198480640508, 0.5625988660360903, 0.6277073413184102, 0.6711713782368107, 0.6117978173948023]",0.6292590502100329,0.08,,OHIO,"1,100","23,000",23000.0,"1,800",8.0,4.7,11.7,6.7,19.1,7.0,51.5,"1,800",8.0,0.08,35,0.2653545174294522,0.8157509157509157,0.7033333333333334,0.7703733440385389,OH
2017,OH,Ohio Valley,Q4,2.78,2.78,0.0,0.0,0.0,0.0,70.0,50.0,0.0,0.0,0.0,"[0.42293739912379313, 0.35020969258612167, 0.23915133968787106, 0.31850141483405947, 0.4311160244325618]",0.35238317413288145,0.12,,OHIO,510,"18,500",18500.0,"2,800",15.0,7.1,8.4,6.4,23.3,2.9,45.3,960,5.0,0.15,35,0.4735594024187811,0.4611721611721612,0.4458333333333334,0.4524287434765154,OH
2017,OR,Northwest,Q2,1.212857142857143,5.44,0.2833333333333333,40.0,0.0,50.0,40.76923076923077,67.0,65.0,75.0,70.0,"[0.7009634010158504, 0.5499726146523016, 0.6126293879997692, 0.5111935447011366, 0.36724308337355316]",0.5484004063485222,0.045,,OREGON,"15,500","92,000",71000.0,"5,000",5.0,8.8,15.8,3.5,10.6,11.3,37.2,"22,000",24.0,0.05,37,0.6208204884989329,0.6648351648351649,0.6766666666666667,0.6756322761942996,OR
2017,PA,Northeast,Q2,0.114,0.28,0.43,0.0,0.0,0.0,43.333333333333336,40.0,60.0,80.0,72.5,"[0.6301627126765994, 0.6401347974917717, 0.6465233104360686, 0.6174797441179556, 0.6204940837796971]",0.6309589297004184,0.08499999999999999,,PENNSYLVANIA,"7,500","17,500",15500.0,540,3.0,0.7,2.4,1.5,1.0,1.5,13.5,"2,300",13.0,0.03,38,0.584064500829974,0.8296703296703297,0.8275,0.8386190285026093,PA
2017,PA,Northeast,Q3,2.2615384615384615,10.31,0.0461538461538461,30.0,0.0,53.333333333333336,40.90909090909091,40.0,50.0,0.0,42.0,"[0.6301627126765994, 0.6401347974917717, 0.6465233104360686, 0.6174797441179556, 0.6204940837796971]",0.6309589297004184,0.065,,PENNSYLVANIA,"6,000","18,500",18500.0,"1,500",8.0,2.7,2.2,3.7,5.7,0.9,41.4,"1,600",9.0,0.08,38,0.5790846573393408,0.891941391941392,0.9191666666666668,0.916097952629466,PA
2017,PA,Northeast,Q4,8.94,8.94,0.0,0.0,0.0,0.0,0.0,0.0,0.0,0.0,0.0,"[0.46677850258515585, 0.3207229410361, 0.33734701621127294, 0.281971569712662, 0.3820618280162792]",0.357776371512294,0.13,,PENNSYLVANIA,"2,500","24,000",24000.0,"5,500",23.0,1.0,2.9,6.9,5.4,2.3,44.7,"1,100",5.0,0.23,38,0.4159354991700261,0.6626373626373628,0.62625,0.6495383380168608,PA
2017,SC,Southeast,Q1,1.2185714285714284,2.82,0.075,30.0,0.0,50.0,47.857142857142854,38.0,53.333333333333336,45.0,51.0,"[0.5561114587680405, 0.4930884546835014, 0.37558416241507553, 0.45984487924354644, 0.44253320209250957]",0.4654324314405347,0.18,,SOUTH CAROLINA,"4,700","17,500",17000.0,"1,600",9.0,0.4,2.7,1.1,5.3,1.8,12.6,970,6.0,0.09,40,0.5200379416646905,0.5659340659340659,0.5404166666666667,0.5556001605780811,SC
2017,SC,Southeast,Q2,2.645,10.48,0.295,0.0,0.0,56.666666666666664,44.44444444444444,55.0,60.0,70.0,64.28571428571429,"[0.595348680888744, 0.6598493284750963, 0.590103751345711, 0.5383564642515173, 0.5250926481511415]",0.581750174622442,0.07500000000000001,,SOUTH CAROLINA,"3,000","20,000",20000.0,870,4.0,15.1,4.1,18.5,21.7,0.4,24.3,"3,700",19.0,0.04,40,0.6276974152240931,0.7875457875457876,0.7708333333333333,0.7876354877559212,SC
2017,SD,Northern Rockies & Plains,Q3,1.7671428571428571,6.76,0.0714285714285714,50.0,0.0,30.0,47.69230769230769,50.0,65.0,0.0,30.0,,0.5997394521626145,0.155,,SOUTH DAKOTA,"6,000","159,000",152000.0,"16,500",10.0,5.0,27.0,10.1,13.4,2.5,47.4,"7,500",5.0,0.1,41,0.5124496087265829,0.9285714285714286,0.9266666666666664,0.9401846647932556,SD
2017,SD,Northern Rockies & Plains,Q4,3.3549999999999995,14.62,0.08,35.0,0.0,0.0,61.25,37.0,75.0,30.0,0.0,,0.39744168789873024,0.06,,SOUTH DAKOTA,0,"111,000",111000.0,"6,500",6.0,4.1,7.5,4.4,0.1,2.7,17.3,,0.0,0.06,41,0.3196585250177851,0.7007326007326007,0.6354166666666667,0.6748293857888398,SD
2017,TN,Southeast,Q1,7.68,7.68,0.0,0.0,0.0,50.0,90.0,0.0,0.0,0.0,0.0,"[0.5703018235135073, 0.6252892271827428, 0.42204549174475203, 0.4577946542396998, 0.4980353558894731]",0.514693310514035,0.2,,TENNESSEE,"1,500","8,500",8500.0,"1,600",19.0,0.9,8.1,2.4,12.6,7.0,28.6,160,2.0,0.19,42,0.3658999288593787,0.4293040293040294,0.38625,0.4062625451625853,TN
2017,TN,Southeast,Q2,2.811304347826087,8.39,0.1304347826086956,40.0,0.0,45.0,53.0,50.833333333333336,55.0,65.0,65.0,"[0.6396468829994129, 0.6357179364819785, 0.5683664521369394, 0.6378203635365098, 0.6672530054378278]",0.6297609281185337,0.085,,TENNESSEE,"2,600","9,000",8500.0,"1,300",14.0,1.0,10.6,3.1,25.5,3.9,53.4,"1,500",17.0,0.14,42,0.2729428503675599,0.7032967032967034,0.6020833333333334,0.6607788036932959,TN
2017,TX,South,Q1,0.8300000000000001,2.37,0.1833333333333333,30.0,0.0,0.0,30.0,30.0,70.0,0.0,90.0,"[0.42281847267257533, 0.4865308714033132, 0.5339084003006009, 0.3250000931702546, 0.37664086655643936]",0.42897974082063667,0.095,,TEXAS,"130,000","340,000",275000.0,"49,000",14.0,2.0,3.5,5.1,22.5,3.6,36.2,"68,000",20.0,0.14,43,0.4318235712591889,0.2904761904761905,0.2629166666666666,0.2705740666399037,TX
2017,TX,South,Q2,1.4458333333333335,6.26,0.375,36.666666666666664,0.0,55.0,34.44444444444444,65.0,50.0,0.0,66.25,"[0.31492510005301655, 0.731866777820052, 0.4547217646730368, 0.45196823178408485, 0.44108789670288273]",0.47891395420661464,0.10500000000000001,,TEXAS,"43,000","350,000",345000.0,"28,000",8.0,1.5,2.8,12.4,16.8,1.4,28.7,"148,000",42.0,0.08,43,0.6144178325824046,0.6201465201465202,0.5912499999999999,0.6101967081493377,TX
2017,TX,South,Q4,2.862727272727273,9.62,0.0818181818181818,43.333333333333336,0.0,0.0,60.0,40.0,70.0,0.0,42.0,"[0.4865308714033132, 0.5339084003006009, 0.3250000931702546, 0.37664086655643936, 0.4501957530015117]",0.434455196886424,0.115,,TEXAS,"3,200","285,000",127000.0,"20,000",7.0,7.1,3.8,2.9,21.4,5.2,33.9,"1,900",1.0,0.07,43,0.4764050272705715,0.4062271062271062,0.3808333333333333,0.3910076274588519,TX
2017,UT,Southwest,Q2,0.481875,1.8,0.684375,40.0,0.0,73.33333333333333,34.0,37.27272727272727,55.714285714285715,0.0,68.0,"[0.662721756176575, 0.48299930403705627, 0.634133538409797, 0.5831921143268496, 0.5470891863421616]",0.582027179858488,0.16,,UTAH,"12,500","31,000",21000.0,"2,700",9.0,0.3,12.6,0.1,1.3,0.0,36.7,"10,000",32.0,0.09,44,0.6004268437277686,0.7567765567765568,0.7420833333333333,0.7575270975511843,UT
2017,UT,Southwest,Q3,0.515,1.05,0.025,0.0,0.0,0.0,30.0,45.0,0.0,30.0,80.0,"[0.662721756176575, 0.48299930403705627, 0.634133538409797, 0.5831921143268496, 0.5470891863421616]",0.582027179858488,0.16,,UTAH,"5,500","35,000",35000.0,"6,500",19.0,0.5,15.9,16.7,0.1,9.1,40.5,"3,200",9.0,0.19,44,0.4828076831870998,0.8296703296703297,0.8412499999999999,0.8450421517462865,UT
2017,UT,Southwest,Q4,8.925,21.87,0.0125,70.0,0.0,0.0,47.5,45.0,60.0,0.0,65.0,"[0.37130538653806855, 0.17699736735941518, 0.410084751849895, 0.2945708173363152, 0.34141444006185795]",0.3188745526291104,0.060000000000000005,,UTAH,480,"29,000",29000.0,"2,000",7.0,11.0,9.4,9.2,8.9,19.8,24.3,70,0.05,0.07,44,0.3915105525254921,0.5663003663003663,0.5287499999999999,0.5499799277398636,UT
2017,VA,Southeast,Q2,1.435294117647059,6.28,0.3705882352941176,30.0,0.0,62.0,46.0,55.0,52.5,70.0,60.0,"[0.6258863626580499, 0.6029905158385056, 0.6061529338040524, 0.6118105632718243, 0.5747034620502469]",0.6043087675245358,0.04,,VIRGINIA,"3,100","9,500",8500.0,"1,000",11.0,0.9,1.8,5.0,18.0,4.8,18.7,"1,100",12.0,0.11,46,0.5869101256817643,0.7322344322344322,0.695,0.7213970293054998,VA
2017,VA,Southeast,Q3,1.7833333333333332,2.67,0.0999999999999999,0.0,0.0,30.0,45.0,0.0,0.0,0.0,0.0,"[0.6258863626580499, 0.6029905158385056, 0.6061529338040524, 0.6118105632718243, 0.5747034620502469]",0.6043087675245358,0.095,,VIRGINIA,430,"11,500",11500.0,"1,200",10.0,1.5,4.4,0.5,26.5,1.6,50.3,430,4.0,0.1,46,0.498221484467631,0.7967032967032965,0.7904166666666667,0.8020875150541951,VA
2017,VA,Southeast,Q4,7.000909090909091,14.72,0.7772727272727273,50.0,0.0,75.0,75.45454545454545,41.0,47.5,56.666666666666664,38.0,"[0.5725102989222439, 0.3522589184670111, 0.42557748938192586, 0.39771100461799935, 0.4203399005418864]",0.43367952238621327,0.1,,VIRGINIA,300,"9,500",9500.0,"1,100",12.0,1.3,6.9,7.5,20.6,3.9,20.9,210,2.0,0.12,46,0.4507944036044581,0.5285714285714287,0.49,0.5106382978723404,VA
2017,VT,Northeast,Q2,0.9433333333333336,2.83,0.5404761904761904,30.0,0.0,0.0,45.833333333333336,30.833333333333332,53.333333333333336,50.0,56.666666666666664,"[0.7202485575279058, 0.738237883096672, 0.5498691289778933, 0.7156017705027395, 0.6340979673182162]",0.6716110614846854,0.01,,VERMONT,390,"8,000",6000.0,170,2.0,0.3,0.2,0.0,0.3,0.5,3.3,190,2.0,0.02,45,0.4360920085368746,0.6175824175824176,0.5854166666666667,0.6057808109193096,VT
2017,VT,Northeast,Q3,0.9666666666666668,1.99,0.6333333333333333,0.0,0.0,0.0,40.0,30.0,30.0,0.0,30.0,"[0.7202485575279058, 0.738237883096672, 0.5498691289778933, 0.7156017705027395, 0.6340979673182162]",0.6716110614846854,0.034999999999999996,,VERMONT,520,"7,500",7500.0,180,2.0,4.7,7.0,0.05,9.0,0.7,16.8,270,4.0,0.02,45,0.2625088925776618,0.7879120879120879,0.7095833333333333,0.7587314331593739,VT
2017,WA,Northwest,Q2,3.98,6.8,0.5166666666666667,0.0,0.0,30.0,40.0,60.0,90.0,0.0,60.0,"[0.6611081061222612, 0.6206783790945591, 0.6565403465631865, 0.6317701528406707, 0.5497635219026615]",0.6239721013046677,0.04,,WASHINGTON,"30,000","111,000",75000.0,"7,000",6.0,4.2,3.6,7.5,5.0,0.4,21.3,"20,000",18.0,0.06,47,0.5930756461939768,0.6490842490842491,0.6158333333333333,0.6374949819349659,WA
2017,WA,Northwest,Q3,5.968125,50.4,0.015625,30.0,0.0,43.333333333333336,49.09090909090909,40.0,0.0,0.0,34.0,"[0.6611081061222612, 0.6206783790945591, 0.6565403465631865, 0.6317701528406707, 0.5497635219026615]",0.6239721013046677,0.095,,WASHINGTON,"5,500","92,000",82000.0,"17,000",18.0,2.0,0.7,1.2,2.7,2.4,23.7,"10,500",11.0,0.18,47,0.4742708086317286,0.7582417582417582,0.7412500000000001,0.7575270975511843,WA
2017,WA,Northwest,Q4,1.105,1.77,0.0,30.0,0.0,45.0,35.0,45.0,0.0,0.0,70.0,"[0.519535879441265, 0.414735526115357, 0.39968806860383077, 0.4161596406401906, 0.30080770669743606]",0.4101853642996159,0.08,,WASHINGTON,"2,900","72,000",66000.0,"4,000",6.0,0.05,0.4,0.3,6.0,0.2,21.7,"14,000",19.0,0.06,47,0.3751482096276974,0.3747252747252747,0.3733333333333333,0.3701324769169008,WA
2017,WI,Upper Midwest,Q2,1.1911111111111112,2.75,0.3222222222222222,0.0,0.0,40.0,35.714285714285715,55.714285714285715,70.0,0.0,72.5,"[0.5791094596451856, 0.5821166429223832, 0.6180953589792463, 0.46232942651916187, 0.6144703298326177]",0.5712242435797189,0.07,,WISCONSIN,"13,000","65,000",18000.0,"4,000",6.0,1.7,3.2,2.2,1.7,0.3,13.8,"6,500",10.0,0.06,49,0.5409058572444866,0.7402930402930402,0.8120833333333334,0.7812123645122442,WI
2017,WI,Upper Midwest,Q3,3.421666666666667,10.87,0.0041666666666666,32.5,0.0,75.0,54.0,50.833333333333336,50.0,30.0,32.5,"[0.5791094596451856, 0.5821166429223832, 0.6180953589792463, 0.46232942651916187, 0.6144703298326177]",0.5712242435797189,0.155,,WISCONSIN,"6,000","75,000",74000.0,"12,500",17.0,18.5,13.0,21.8,21.0,12.1,61.6,"9,000",12.0,0.17,49,0.442257529049087,0.7706959706959706,0.8462500000000001,0.8149337615415495,WI
2017,WI,Upper Midwest,Q4,2.41,2.41,0.0,0.0,0.0,30.0,80.0,50.0,0.0,0.0,0.0,"[0.5176274729261745, 0.2846866758189299, 0.23628191973579082, 0.3452087536530747, 0.49752596213320766]",0.3762661568534355,0.135,,WISCONSIN,530,"55,000",51000.0,"8,500",15.0,33.1,15.3,22.8,36.9,15.2,53.1,"3,000",5.0,0.15,49,0.8129001659947831,0.7183150183150182,0.8012499999999999,0.7639502207948616,WI
2017,WV,Ohio Valley,Q2,2.118333333333333,6.18,0.1583333333333333,50.0,0.0,60.0,51.111111111111114,50.0,50.0,0.0,56.0,"[0.7823571249669965, 0.7278344730240913, 0.7244404312438489, 0.7371712584810766, 0.6703657426278684]",0.7284338060687763,0.13,,WEST VIRGINIA,"4,100","7,500",7500.0,370,5.0,1.8,3.7,0.4,1.6,1.6,11.6,"2,500",33.0,0.05,48,0.3611572207730614,0.6164835164835164,0.5204166666666666,0.5732637494981936,WV
2017,WV,Ohio Valley,Q3,6.747777777777777,11.53,0.2222222222222222,30.0,0.0,30.0,63.333333333333336,35.0,40.0,30.0,50.0,"[0.7823571249669965, 0.7278344730240913, 0.7244404312438489, 0.7371712584810766, 0.6703657426278684]",0.7284338060687763,0.035,,WEST VIRGINIA,440,"9,000",9000.0,930,10.0,1.4,9.5,0.6,6.2,3.8,23.2,"1,900",21.0,0.1,48,0.3239269622954707,0.7677655677655677,0.6579166666666667,0.7226013649136893,WV
2017,WV,Ohio Valley,Q4,12.033333333333331,24.0,0.4333333333333333,80.0,0.0,0.0,66.66666666666667,30.0,0.0,0.0,0.0,"[0.6255845677755116, 0.48884184411031695, 0.27959223923381293, 0.42264973081037427, 0.4023856953328032]",0.44381081545256384,0.11,,WEST VIRGINIA,70,"8,500",8500.0,"1,200",14.0,2.4,7.8,0.1,5.3,3.6,60.1,"1,600",19.0,0.14,48,0.304244723737254,0.4168498168498168,0.3329166666666667,0.3737454837414693,WV
2018,AK,Northwest,Q3,1.176,6.55,0.7,0.0,0.0,30.0,30.0,38.0,0.0,0.0,35.0,,0.5991627851710898,,,,,,,,,,,,,,,,,,2,0.3542802940479014,0.9494505494505496,0.8837499999999998,0.9313528703331996,AK
2018,AL,Southeast,Q1,0.9,1.8,0.0,0.0,0.0,60.0,45.0,0.0,0.0,0.0,0.0,"[0.7186462451296507, 0.7124032955564691, 0.5212141601940685, 0.40553935483783576, 0.5625551181104549]",0.5840716347656958,0.24,,ALABAMA,"1,200","7,500",7500.0,820,11.0,1.9,8.6,14.9,30.2,4.5,29.2,"1,500",20.0,0.11,1,0.5518140858430164,0.606959706959707,0.5675000000000001,0.5913287836210358,AL
2018,AL,Southeast,Q2,2.732222222222222,4.7,0.3388888888888888,0.0,0.0,43.333333333333336,61.42857142857143,30.0,0.0,30.0,30.0,"[0.60318951181211, 0.5382029838231348, 0.5380593963084517, 0.6346698267892901, 0.603850651181473]",0.583594473982892,0.10333333333333333,,ALABAMA,"1,700","8,500",7000.0,650,8.0,1.3,9.4,14.4,27.3,2.1,25.2,710,8.0,0.08,1,0.6065923642399811,0.8318681318681317,0.8070833333333335,0.8297872340425531,AL
2018,AL,Southeast,Q3,3.9238461538461538,8.54,0.0961538461538461,0.0,0.0,60.0,70.0,52.72727272727273,30.0,60.0,30.0,"[0.60318951181211, 0.5382029838231348, 0.5380593963084517, 0.6346698267892901, 0.603850651181473]",0.583594473982892,0.13333333333333333,,ALABAMA,"1,600","8,500",8500.0,"1,700",20.0,0.7,7.8,14.6,69.4,6.8,77.5,"1,300",15.0,0.2,1,0.5985297604932417,0.9076923076923076,0.9412499999999998,0.9357687675632276,AL
2018,AL,Southeast,Q4,5.232,12.58,0.04,0.0,0.0,90.0,51.25,40.0,0.0,0.0,0.0,"[0.7124032955564691, 0.5212141601940685, 0.40553935483783576, 0.5625551181104549, 0.4962546293053993]",0.5395933116008456,0.09999999999999999,,ALABAMA,210,"6,500",6500.0,830,13.0,1.3,3.4,1.5,20.5,7.5,20.6,"1,300",20.0,0.13,1,0.6751244960872659,0.6421245421245423,0.6370833333333333,0.6435166599759133,AL
2018,AR,South,Q2,1.9075,4.64,0.0375,0.0,0.0,0.0,47.142857142857146,55.0,30.0,0.0,85.0,"[0.5765567420714995, 0.5522082354215065, 0.4008138749991841, 0.5906498228074555, 0.4630965579152533]",0.5166650466429797,0.12000000000000001,,ARKANSAS,"13,000","16,000",14500.0,"2,000",13.0,0.7,17.0,2.2,12.8,13.2,30.9,"1,900",12.0,0.13,4,0.2940479013516718,0.7721611721611722,0.695,0.7430750702529106,AR
2018,AR,South,Q3,4.496666666666667,9.63,0.0333333333333333,0.0,0.0,80.0,68.0,66.0,40.0,0.0,0.0,"[0.5765567420714995, 0.5522082354215065, 0.4008138749991841, 0.5906498228074555, 0.4630965579152533]",0.5166650466429797,0.18666666666666665,,ARKANSAS,"2,600","29,000",29000.0,"2,300",8.0,0.1,0.5,17.6,7.8,0.6,29.9,840,3.0,0.08,4,0.2338155086554422,0.9135531135531134,0.8295833333333335,0.8855881172219991,AR
2018,AR,South,Q4,9.468571428571428,23.81,0.0285714285714285,30.0,0.0,0.0,57.142857142857146,62.857142857142854,0.0,0.0,40.0,"[0.6320319079106647, 0.3059165577414209, 0.5293951481830299, 0.5573421796173189, 0.6166099221325245]",0.5282591431169917,0.16,,ARKANSAS,110,"31,000",30000.0,"6,000",19.0,0.0,5.3,73.5,7.1,2.2,82.8,230,1.0,0.19,4,0.3658999288593787,0.6234432234432236,0.5866666666666667,0.6093938177438781,AR
2018,CA,West,Q1,1.6285714285714283,13.35,0.3321428571428572,30.0,0.0,75.0,60.0,42.857142857142854,30.0,0.0,42.5,"[0.5963255626497236, 0.4712014474370305, 0.5549639308138364, 0.5680183766155993, 0.5005514018307703]",0.538212143869392,0.14,,CALIFORNIA,"205,000","1,540,000",1150000.0,"215,000",14.0,4.8,8.0,11.5,11.3,4.9,41.3,"133,000",9.0,0.14,5,0.2935736305430401,0.4245421245421246,0.2954166666666666,0.3596949016459253,CA
2018,CA,West,Q3,1.904,6.29,0.0349999999999999,60.0,0.0,0.0,55.0,52.857142857142854,0.0,0.0,0.0,"[0.5480833950811825, 0.563439967346004, 0.6835331719735213, 0.5922085165388457, 0.6110184661469438]",0.5996567034172994,0.10000000000000002,,CALIFORNIA,"63,000","700,000",590000.0,"73,000",10.0,4.5,12.0,17.8,6.6,3.6,57.3,"141,000",20.0,0.1,5,0.3262983163386294,0.8120879120879122,0.7029166666666666,0.7691690084303493,CA
2018,CA,West,Q4,0.95,2.54,0.0166666666666666,40.0,0.0,0.0,56.666666666666664,70.0,0.0,0.0,40.0,"[0.4712014474370305, 0.5549639308138364, 0.5680183766155993, 0.5005514018307703, 0.5636656987837101]",0.5316801710961894,0.13333333333333333,,CALIFORNIA,"86,000","1,200,000",680000.0,"170,000",14.0,9.8,9.3,11.6,16.6,7.1,44.1,"46,000",4.0,0.14,5,0.3213184728479962,0.4384615384615385,0.34625,0.3918105178643115,CA
2018,CO,Southwest,Q2,1.6366666666666667,2.83,0.0999999999999999,30.0,0.0,0.0,30.0,40.0,80.0,0.0,60.0,"[0.6628058321925554, 0.5683185637472925, 0.5822647818565019, 0.6255556453366113, 0.5306254161120354]",0.5939140478489993,0.09666666666666668,,COLORADO,"12,500","27,000",16500.0,"3,000",11.0,12.7,4.2,3.6,0.05,0.5,41.7,"4,700",17.0,0.11,6,0.5072326298316338,0.6692307692307694,0.6495833333333334,0.6643918105178643,CO
2018,CO,Southwest,Q3,2.2857142857142856,13.14,0.0249999999999999,0.0,0.0,30.0,40.0,35.833333333333336,0.0,0.0,85.0,"[0.6628058321925554, 0.5683185637472925, 0.5822647818565019, 0.6255556453366113, 0.5306254161120354]",0.5939140478489993,0.1433333333333333,,COLORADO,"1,500","35,000",34000.0,"5,000",14.0,5.6,8.5,2.9,16.6,4.5,72.6,"5,000",14.0,0.14,6,0.6900640265591653,0.8073260073260073,0.8458333333333334,0.834604576475311,CO
2018,DE,Northeast,Q2,1.0332,3.86,0.206,0.0,0.0,54.0,42.77777777777778,35.5,54.285714285714285,0.0,61.25,"[0.6936296099743375, 0.5126602827595519, 0.5252873367224586, 0.5862716215061249, 0.5622258668603275]",0.5760149435645601,,,,,,,,,,,,,,,,,,8,0.6919611097936922,0.8688644688644687,0.8899999999999999,0.8896025692492976,DE
2018,DE,Northeast,Q3,1.662,3.82,0.1033333333333333,67.5,0.0,30.0,59.0,40.0,70.0,0.0,42.5,"[0.6936296099743375, 0.5126602827595519, 0.5252873367224586, 0.5862716215061249, 0.5622258668603275]",0.5760149435645601,,,,,,,,,,,,,,,,,,8,0.7223144415461229,0.9216117216117216,0.9858333333333336,0.9654757125652348,DE
2018,DE,Northeast,Q4,5.895,15.41,0.2916666666666667,70.0,0.0,0.0,40.0,50.0,0.0,0.0,0.0,"[0.25536104084786193, 0.43050520254850055, 0.3845425451033363, 0.3791806489270275, 0.13229787556778105]",0.3163774625989014,,,,,,,,,,,,,,,,,,8,0.5214607540905857,0.780952380952381,0.7970833333333334,0.7968687274187073,DE
2018,FL,Southeast,Q1,2.058888888888889,6.44,0.5388888888888889,0.0,0.0,30.0,63.75,32.5,60.0,0.0,40.0,"[0.5438104841214509, 0.6211086743850849, 0.500537461189412, 0.3951952599309405, 0.415699816766153]",0.49527033927860825,0.12666666666666668,,FLORIDA,"57,000","255,000",245000.0,"39,000",15.0,4.5,5.5,9.2,15.3,16.0,31.7,"38,000",15.0,0.15,9,0.479013516718046,0.6194139194139194,0.5741666666666667,0.6009634684865516,FL
2018,FL,Southeast,Q2,2.69,6.99,0.1666666666666666,0.0,0.0,0.0,36.666666666666664,35.0,0.0,0.0,45.0,"[0.5310168527310852, 0.5387583311024049, 0.43099825917408663, 0.3674299998289142, 0.4192598682350269]",0.4574926622143035,0.14,,FLORIDA,"49,000","275,000",250000.0,"56,000",20.0,9.6,10.1,15.5,27.5,21.1,45.3,"68,000",25.0,0.2,9,0.603035333175243,0.8315018315018314,0.8116666666666668,0.8313930148534725,FL
2018,FL,Southeast,Q3,1.198,4.38,0.1866666666666666,36.666666666666664,0.0,30.0,60.76923076923077,45.38461538461539,52.0,30.0,42.0,"[0.5310168527310852, 0.5387583311024049, 0.43099825917408663, 0.3674299998289142, 0.4192598682350269]",0.4574926622143035,0.16333333333333333,,FLORIDA,"53,000","220,000",197000.0,"30,000",14.0,4.2,14.3,7.6,20.5,9.8,35.0,"40,000",18.0,0.14,9,0.5712591889969173,0.9062271062271062,0.9412499999999998,0.934965877157768,FL
2018,FL,Southeast,Q4,1.6788888888888889,4.3,0.5777777777777778,45.0,0.0,0.0,50.0,48.888888888888886,60.0,0.0,30.0,"[0.6211086743850849, 0.500537461189412, 0.3951952599309405, 0.415699816766153, 0.5146929795869115]",0.4894468383717004,0.16333333333333333,,FLORIDA,"53,000","290,000",240000.0,"43,000",15.0,9.0,8.0,14.1,22.4,6.7,46.7,"20,000",7.0,0.15,9,0.6933839222195874,0.6633699633699633,0.6541666666666667,0.6635889201124048,FL
2018,GA,Southeast,Q3,2.1869565217391305,7.25,0.0217391304347826,48.333333333333336,0.0,0.0,62.27272727272727,47.72727272727273,36.666666666666664,30.0,56.666666666666664,"[0.6375624926341616, 0.6443996443994666, 0.5908829631415489, 0.5534105689291203, 0.5088435667794662]",0.5870198471767527,0.12666666666666668,,GEORGIA,"27,000","138,000",134000.0,"17,000",12.0,2.4,6.0,27.7,20.4,7.2,49.8,"33,000",24.0,0.12,10,0.2454351434669196,0.7904761904761903,0.6566666666666666,0.7350461661983141,GA
2018,GA,Southeast,Q4,1.435,4.44,0.0375,0.0,0.0,0.0,50.0,35.0,30.0,0.0,0.0,"[0.46157425755235926, 0.5328682151828544, 0.43481932209003626, 0.4601177274469421, 0.4585543577183665]",0.4695867759981117,0.13,,GEORGIA,"6,500","164,000",148000.0,"19,500",12.0,9.2,5.6,6.9,17.4,7.8,41.4,"49,000",30.0,0.12,10,0.3817880009485416,0.3923076923076923,0.3670833333333333,0.376555600160578,GA
2018,IA,Upper Midwest,Q2,0.5013043478260869,3.7,0.55,46.666666666666664,0.0,0.0,45.0,48.095238095238095,48.18181818181818,30.0,73.33333333333333,"[0.5183454203510713, 0.34207812788926084, 0.38151809744249876, 0.3533762525684986, 0.3451336758283313]",0.38809031481593215,0.08333333333333333,,IOWA,"15,500","47,000",45000.0,"4,300",9.0,0.9,8.4,7.9,9.3,0.3,12.7,"4,800",10.0,0.09,15,0.5935499170026085,0.771062271062271,0.7508333333333332,0.7687675632276195,IA
2018,ID,Northwest,Q2,1.0779999999999998,3.54,0.0699999999999999,0.0,0.0,0.0,30.0,42.5,45.0,0.0,60.0,"[0.7338999275556031, 0.8016095391076403, 0.6322420610791056, 0.6865782146249193, 0.6457316372091717]",0.700012275915288,0.09999999999999999,,IDAHO,"14,500","94,000",59000.0,"6,500",7.0,3.0,4.1,18.5,3.7,4.4,51.6,"29,000",31.0,0.07,12,0.5477827839696466,0.7318681318681318,0.7133333333333333,0.7294259333600965,ID
2018,ID,Northwest,Q3,2.586315789473684,15.17,0.0447368421052631,0.0,0.0,40.0,43.63636363636363,40.0,80.0,0.0,46.0,"[0.7338999275556031, 0.8016095391076403, 0.6322420610791056, 0.6865782146249193, 0.6457316372091717]",0.700012275915288,0.10333333333333335,,IDAHO,"15,000","101,000",82000.0,"14,000",14.0,14.6,13.8,26.5,5.4,5.7,83.6,"21,000",21.0,0.14,12,0.5605880958027034,0.8315018315018314,0.8487500000000001,0.8490566037735849,ID
2018,IN,Ohio Valley,Q2,0.0,0.0,0.2,0.0,0.0,90.0,30.0,33.333333333333336,0.0,0.0,90.0,"[0.702494845809041, 0.5956137418409118, 0.5091796444363835, 0.5597956107599333, 0.6381111810156421]",0.6010390047723824,0.08,,INDIANA,"4,000","9,500",8000.0,"1,800",19.0,0.4,1.3,4.5,3.5,1.1,78.0,730,8.0,0.19,14,0.4427317998577187,0.7919413919413919,0.7175,0.7643516659975913,IN
2018,IN,Ohio Valley,Q3,2.317142857142857,8.91,0.0857142857142857,50.0,0.0,0.0,54.54545454545455,53.84615384615385,90.0,30.0,50.0,"[0.702494845809041, 0.5956137418409118, 0.5091796444363835, 0.5597956107599333, 0.6381111810156421]",0.6010390047723824,0.08,,INDIANA,520,"11,500",11500.0,990,9.0,1.4,5.0,20.6,12.2,0.5,29.5,"1,200",10.0,0.09,14,0.5072326298316339,0.8714285714285714,0.8566666666666667,0.8751505419510236,IN
2018,IN,Ohio Valley,Q4,4.909999999999999,14.58,0.1928571428571428,50.0,0.0,0.0,48.57142857142857,51.42857142857143,53.333333333333336,40.0,50.0,"[0.44710421103525533, 0.18988669554314674, 0.33089705966131455, 0.4807030452120912, 0.39911704212247645]",0.36954161071485686,0.1366666666666667,,INDIANA,40,"9,000",9000.0,"3,300",37.0,23.8,35.4,64.6,21.3,2.3,51.3,"1,200",13.0,0.37,14,0.4363291439411904,0.5076923076923078,0.4504166666666666,0.4801284624648737,IN
2018,KY,Ohio Valley,Q1,0.6166666666666667,1.85,0.1999999999999999,0.0,0.0,90.0,30.0,30.0,0.0,0.0,30.0,"[0.4322889769085734, 0.41571066618964203, 0.3843835327108377, 0.3455522276052482, 0.4817540364379378]",0.41193788797044784,0.26,,KENTUCKY,760,"5,500",5500.0,"1,200",22.0,0.9,8.0,11.0,29.6,5.9,43.0,20,0.05,0.22,17,0.4811477353568888,0.267032967032967,0.2283333333333333,0.2412685668406262,KY
2018,KY,Ohio Valley,Q2,0.9277777777777776,3.18,0.0388888888888888,0.0,0.0,0.0,35.0,30.0,40.0,0.0,38.57142857142857,"[0.5610522135428078, 0.6051840025628776, 0.5620721270371019, 0.599026762551642, 0.3431305182458564]",0.5340931247880571,0.10666666666666667,,KENTUCKY,"1,500","6,000",5500.0,910,15.0,0.6,4.1,1.0,20.2,5.9,40.9,560,9.0,0.15,17,0.4695281005454114,0.5996336996336997,0.5366666666666667,0.572059413890004,KY
2018,KY,Ohio Valley,Q3,2.365,5.07,0.005,40.0,0.0,0.0,40.0,30.0,40.0,0.0,53.333333333333336,"[0.5610522135428078, 0.6051840025628776, 0.5620721270371019, 0.599026762551642, 0.3431305182458564]",0.5340931247880571,0.14666666666666667,,KENTUCKY,300,"7,000",6500.0,840,12.0,1.6,4.5,1.5,26.5,7.6,47.1,660,9.0,0.12,17,0.4868389850604696,0.7567765567765568,0.7391666666666667,0.7555198715375352,KY
2018,KY,Ohio Valley,Q4,3.803333333333333,5.97,0.0,0.0,0.0,50.0,63.333333333333336,65.0,0.0,0.0,33.333333333333336,"[0.41571066618964203, 0.3843835327108377, 0.3455522276052482, 0.4817540364379378, 0.4023856953328032]",0.4059572316552938,0.12666666666666668,,KENTUCKY,60,"7,000",7000.0,"2,000",29.0,1.2,5.5,6.8,41.9,4.3,57.1,430,6.0,0.29,17,0.5688878349537586,0.3380952380952381,0.3491666666666667,0.3388197511039743,KY
2018,LA,South,Q3,3.43875,9.64,0.075,30.0,0.0,80.0,46.42857142857143,52.72727272727273,30.0,0.0,0.0,"[0.3769011723673886, 0.5701854920647706, 0.6648361568395025, 0.7466640481936843, 0.45518830043228176]",0.5627550339795255,0.12333333333333334,,LOUISIANA,"1,600","53,000",53000.0,"1,900",4.0,0.2,1.0,1.7,29.9,1.6,31.3,"2,300",4.0,0.04,18,0.7548019919373962,0.8446886446886446,0.9,0.881172219991971,LA
2018,LA,South,Q4,2.10375,8.0,0.05,0.0,0.0,50.0,42.0,30.0,0.0,0.0,42.5,"[0.5714977505267883, 0.5031173043847411, 0.5164798364840173, 0.6263246244147752, 0.4914244462182161]",0.5417687924057076,0.053333333333333344,,LOUISIANA,130,"52,000",50000.0,"2,600",5.0,0.3,1.0,5.9,6.7,1.7,16.6,200,0.05,0.05,18,0.6046952810054541,0.5315018315018315,0.5529166666666667,0.5423524688879969,LA
2018,MA,Northeast,Q2,0.675,0.98,0.35,0.0,0.0,90.0,55.0,35.0,0.0,0.0,65.0,"[0.6238079375687768, 0.6356479248736218, 0.6284450278288114, 0.636851238947836, 0.5886233243962788]",0.6226750907230649,0.02666666666666667,0.5284915785907089,MASSACHUSETTS,910,"8,000",3500.0,260,3.0,1.0,2.0,1.4,1.1,2.1,6.3,350,4.0,0.03,21,0.4548257054778278,0.63992673992674,0.5904166666666667,0.6194299478121237,MA
2018,MA,Northeast,Q3,2.69,12.6,0.0225,0.0,0.0,46.666666666666664,58.125,53.333333333333336,46.666666666666664,0.0,62.0,"[0.6238079375687768, 0.6356479248736218, 0.6284450278288114, 0.636851238947836, 0.5886233243962788]",0.6226750907230649,0.07333333333333335,0.5284915785907089,MASSACHUSETTS,850,"10,000",8000.0,"2,200",22.0,10.7,1.1,10.1,11.2,10.3,75.9,730,7.0,0.22,21,0.5043870049798435,0.7549450549450548,0.7520833333333332,0.7611401043757529,MA
2018,MD,Northeast,Q2,0.8544444444444445,3.52,0.5166666666666667,50.0,0.0,46.666666666666664,40.90909090909091,41.111111111111114,53.333333333333336,30.0,50.0,"[0.4453980938785327, 0.5981773992481809, 0.5955636351238915, 0.5810559606794037, 0.4811842798697624]",0.5402758737599542,0.030000000000000002,0.4419736282712049,MARYLAND,"2,400","8,000",7000.0,370,5.0,0.8,4.4,0.3,3.4,0.4,11.8,"1,200",15.0,0.05,20,0.4683424235238321,0.6362637362637364,0.5916666666666666,0.6186270574066641,MD
2018,MD,Northeast,Q3,3.2513333333333336,8.82,0.0266666666666666,63.333333333333336,0.0,0.0,50.0,51.0,60.0,0.0,0.0,"[0.4453980938785327, 0.5981773992481809, 0.5955636351238915, 0.5810559606794037, 0.4811842798697624]",0.5402758737599542,0.10333333333333333,0.4419736282712049,MARYLAND,580,"7,500",7500.0,360,5.0,0.3,1.1,0.6,6.0,3.8,11.7,680,9.0,0.05,20,0.4783021105050983,0.7835164835164835,0.7745833333333334,0.7876354877559214,MD
2018,MD,Northeast,Q4,4.75,10.59,0.0999999999999999,70.0,0.0,80.0,46.666666666666664,35.0,0.0,0.0,0.0,"[0.2731872971797735, 0.38572339746303863, 0.3352741428857464, 0.3104222919447409, 0.3388203950927138]",0.32868550491320264,0.08333333333333333,,MARYLAND,60,"9,000",7000.0,690,8.0,0.3,4.9,1.2,5.3,1.7,16.6,90,1.0,0.08,20,0.4515058098174057,0.3787545787545788,0.4241666666666667,0.3970293054997993,MD
2018,ME,Northeast,Q2,0.4742857142857142,1.04,0.3642857142857143,0.0,0.0,60.0,50.0,40.0,0.0,0.0,60.0,"[0.6881020443670183, 0.6952861823319973, 0.671800820230817, 0.6735159033618272, 0.688817956122096]",0.6835045812827512,0.10333333333333335,,MAINE,430,"23,000",2200.0,"3,100",13.0,0.2,0.5,1.3,0.8,0.05,1.4,790,3.0,0.13,19,0.4892103391036282,0.6556776556776557,0.6308333333333334,0.6479325572059413,ME
2018,ME,Northeast,Q3,2.120588235294118,8.71,0.15,0.0,0.0,70.0,58.0,44.0,50.0,0.0,52.0,"[0.6881020443670183, 0.6952861823319973, 0.671800820230817, 0.6735159033618272, 0.688817956122096]",0.6835045812827512,0.07666666666666667,,MAINE,60,"12,500",12500.0,890,7.0,1.1,3.5,0.0,1.0,0.5,37.0,170,1.0,0.07,19,0.6646905382973678,0.8021978021978022,0.8304166666666667,0.8249698916097953,ME
2018,MI,Upper Midwest,Q2,0.7733333333333333,1.65,1.1416666666666666,0.0,0.0,0.0,64.0,52.0,45.0,0.0,82.5,"[0.594778985917939, 0.6430434223635678, 0.6949365484000654, 0.5902130230183296, 0.6297179550038947]",0.6305379869407594,0.08666666666666667,,MICHIGAN,"23,000","70,000",37000.0,"7,500",11.0,10.8,12.7,11.7,18.6,9.8,75.4,"8,500",12.0,0.11,22,0.5596395541854399,0.8373626373626373,0.81875,0.8382175832998795,MI
2018,MI,Upper Midwest,Q3,5.747777777777777,19.73,0.05,0.0,0.0,30.0,56.666666666666664,55.55555555555556,30.0,0.0,30.0,"[0.594778985917939, 0.6430434223635678, 0.6949365484000654, 0.5902130230183296, 0.6297179550038947]",0.6305379869407594,0.12666666666666668,,MICHIGAN,"3,000","88,000",88000.0,"8,000",9.0,1.1,19.5,23.8,13.8,18.6,92.4,"22,000",25.0,0.09,22,0.6006639791320845,0.9106227106227108,0.9483333333333336,0.9413890004014452,MI
2018,MI,Upper Midwest,Q4,7.338888888888889,17.03,0.1166666666666666,0.0,0.0,33.333333333333336,65.71428571428571,62.857142857142854,63.333333333333336,0.0,70.0,"[0.23604901011373813, 0.2182852037779256, 0.5352922344171596, 0.36145532064260255, 0.35171414390381683]",0.3405591825710485,0.12333333333333334,,MICHIGAN,"3,900","77,000",77000.0,"6,000",8.0,15.6,2.4,15.1,31.2,6.6,52.0,"1,800",2.0,0.08,22,0.6431112165046241,0.6406593406593407,0.6391666666666668,0.6439181051786431,MI
2018,MN,Upper Midwest,Q2,0.9630434782608696,7.59,0.8152173913043478,80.0,0.0,50.0,46.25,41.73913043478261,45.833333333333336,30.0,63.5,"[0.627219535558723, 0.5405029032801355, 0.6492459677107155, 0.30568688110427644, 0.5640315456931718]",0.5373373666694045,0.09666666666666668,,MINNESOTA,"42,000","116,000",69000.0,"8,500",7.0,7.2,8.0,6.0,9.3,20.7,12.9,"25,000",22.0,0.07,23,0.4612283613943562,0.7725274725274724,0.7483333333333333,0.7691690084303494,MN
2018,MN,Upper Midwest,Q3,2.941,8.37,0.24,56.666666666666664,0.0,0.0,37.5,52.22222222222222,0.0,0.0,55.0,"[0.627219535558723, 0.5405029032801355, 0.6492459677107155, 0.30568688110427644, 0.5640315456931718]",0.5373373666694045,0.19333333333333333,,MINNESOTA,"1,600","127,000",121000.0,"29,000",23.0,6.0,9.3,28.4,12.4,8.1,44.5,"6,500",5.0,0.23,23,0.5029641925539483,0.8666666666666666,0.8733333333333334,0.8807707747892414,MN
2018,MN,Upper Midwest,Q4,9.066,31.76,0.06,47.5,0.0,0.0,50.0,48.0,45.0,0.0,0.0,"[0.22161837103142845, 0.30909436966641646, 0.2284380012671936, 0.3602341232588967, 0.47769352478257165]",0.3194156780013014,0.09666666666666668,0.46872141055651406,MINNESOTA,"2,500","86,000",84000.0,"11,500",13.0,4.2,3.8,7.9,5.2,2.4,28.4,590,1.0,0.13,23,0.4896846099122598,0.5054945054945057,0.4929166666666667,0.4989963869931755,MN
2018,MO,South,Q2,1.4525,3.8,0.0583333333333333,0.0,0.0,65.0,48.888888888888886,57.0,43.333333333333336,0.0,62.0,"[0.6127016653792583, 0.6739026705067052, 0.6699044181666922, 0.6122975981492569, 0.5925140786243002]",0.6322640861652425,0.04666666666666667,0.46872141055651406,MISSOURI,"2,100","7,000",7000.0,390,6.0,0.8,8.3,1.5,13.2,2.6,11.8,800,11.0,0.06,25,0.498221484467631,0.7098901098901098,0.64625,0.6852669610598153,MO
2018,MT,Northern Rockies & Plains,Q2,0.4225,1.48,0.1,0.0,0.0,0.0,47.5,37.5,44.285714285714285,0.0,54.285714285714285,"[0.591751709536137, 0.5397126910508383, 0.550981903845898, 0.5898484437852021]",0.5680736870545189,0.03,0.5557566651493041,MONTANA,"17,000","176,000",50000.0,"5,500",3.0,3.3,0.9,1.7,4.7,1.2,42.9,"22,000",13.0,0.03,26,0.2847996205833531,0.7245421245421244,0.6158333333333333,0.6784423926134083,MT
2018,MT,Northern Rockies & Plains,Q3,1.888,10.13,0.0325,0.0,0.0,65.0,42.94117647058823,54.73684210526316,60.0,40.0,41.25,"[0.591751709536137, 0.5397126910508383, 0.550981903845898, 0.5898484437852021]",0.5680736870545189,0.08333333333333333,0.5557566651493041,MONTANA,"3,100","153,000",145000.0,"18,500",12.0,18.0,21.8,6.8,18.5,2.7,43.8,"22,000",14.0,0.12,26,0.2489921745316576,0.8890109890109887,0.7595833333333333,0.8378161380971497,MT
2018,NC,Southeast,Q2,1.02375,6.07,0.20625,0.0,0.0,0.0,46.0,32.5,53.333333333333336,30.0,55.0,"[0.6154069789799302, 0.6474332806141982, 0.7064750459383417, 0.5116674329937265, 0.6032364818240942]",0.6168438440700582,0.09000000000000001,0.4828062756077365,NORTH CAROLINA,"4,100","17,500",16000.0,"2,500",14.0,0.5,14.6,2.4,2.6,0.8,9.7,800,5.0,0.14,33,0.5612995020156509,0.7157509157509157,0.6995833333333333,0.7145724608590928,NC
2018,ND,Northern Rockies & Plains,Q2,0.52,1.32,0.3333333333333333,0.0,0.0,90.0,50.0,56.666666666666664,90.0,40.0,62.5,,0.612690479744359,0.049999999999999996,0.4828062756077365,NORTH DAKOTA,"23,000","460,000",74000.0,"23,000",5.0,4.9,4.9,4.7,7.9,4.3,34.8,"64,000",14.0,0.05,34,0.4586198719468817,0.83003663003663,0.78125,0.8165395423524688,ND
2018,ND,Northern Rockies & Plains,Q3,4.120555555555556,16.5,0.2777777777777778,0.0,0.0,90.0,45.333333333333336,58.8235294117647,76.0,30.0,62.5,,0.5997394521626145,0.14,,NORTH DAKOTA,"23,000","490,000",455000.0,"59,000",12.0,9.6,10.9,10.4,11.5,1.2,52.6,"14,500",3.0,0.12,34,0.5352146075409059,0.9087912087912088,0.9145833333333332,0.923323966278603,ND
2018,NE,Northern Rockies & Plains,Q2,0.795,2.12,0.1375,0.0,0.0,0.0,30.0,30.0,50.0,0.0,36.666666666666664,"[0.8075499102701247, 0.7914855859429253, 0.4649537311559667]",0.6879964091230056,0.07666666666666667,,NEBRASKA,"4,000","46,000",10500.0,"2,100",5.0,1.4,9.0,4.2,1.4,5.5,5.0,900,2.0,0.05,27,0.4647853924590941,0.6285714285714286,0.5683333333333334,0.6029706945002007,NE
2018,NE,Northern Rockies & Plains,Q3,2.9415,10.18,0.125,0.0,0.0,0.0,47.69230769230769,52.63157894736842,45.0,45.0,75.0,"[0.8075499102701247, 0.7914855859429253, 0.4649537311559667]",0.6879964091230056,0.11333333333333334,,NEBRASKA,"8,500","54,000",52000.0,"6,500",12.0,5.9,4.3,6.5,3.2,4.0,24.1,"5,000",9.0,0.12,27,0.5966326772587147,0.7725274725274723,0.7670833333333333,0.7775993576876756,NE
2018,NJ,Northeast,Q2,0.332,0.75,0.27,0.0,0.0,30.0,52.5,38.0,0.0,30.0,70.0,"[0.5642941678236182, 0.6478678054741513, 0.6807505108276914, 0.5886233243962788, 0.5631587983718788]",0.6089389213787237,0.06666666666666667,,NEW JERSEY,"1,300","15,000",4400.0,270,2.0,0.05,3.4,0.1,3.3,0.1,16.5,170,1.0,0.02,30,0.4609912259900403,0.6315018315018316,0.6020833333333332,0.6210357286230429,NJ
2018,NJ,Northeast,Q3,0.66,0.66,0.0,0.0,0.0,0.0,0.0,30.0,0.0,0.0,0.0,"[0.5642941678236182, 0.6478678054741513, 0.6807505108276914, 0.5886233243962788, 0.5631587983718788]",0.6089389213787237,0.02,0.28271954584448866,NEW JERSEY,250,"14,000",14000.0,320,2.0,0.2,1.0,0.1,5.1,0.4,12.3,220,2.0,0.02,30,0.5847759070429216,0.782051282051282,0.7975000000000001,0.7976716178241671,NJ
2018,NV,Southwest,Q3,3.225882352941176,10.35,0.2277777777777778,42.5,0.0,30.0,57.5,70.58823529411765,70.0,0.0,63.75,[0.5232687053772038],0.5232687053772038,,0.28271954584448866,,,,,,,,,,,,,,,,28,0.6777329855347404,0.8377289377289375,0.8841666666666669,0.8699317543155358,NV
2018,NV,Southwest,Q4,2.835,5.84,0.0,0.0,0.0,0.0,30.0,52.5,0.0,0.0,0.0,[0.23988304993390808],0.23988304993390808,,,,,,,,,,,,,,,,,,28,0.6770215793217926,0.5131868131868133,0.5325000000000001,0.5226816539542353,NV
2018,NY,Northeast,Q2,0.4449999999999999,0.82,0.0,0.0,0.0,0.0,30.0,30.0,0.0,0.0,50.0,"[0.5663549923998656, 0.7297326762736769, 0.7794321675109698, 0.6716420702325703, 0.5010263851915313]",0.6496376583217228,0.049999999999999996,,NEW YORK,"11,000","42,000",20000.0,"2,700",6.0,15.0,16.7,6.6,20.0,3.7,39.6,"2,400",6.0,0.06,32,0.3922219587384397,0.6490842490842491,0.5791666666666666,0.6198313930148535,NY
2018,NY,Northeast,Q3,2.8505882352941176,15.04,0.1117647058823529,50.0,0.0,35.0,62.72727272727273,48.75,55.0,0.0,62.5,"[0.5663549923998656, 0.7297326762736769, 0.7794321675109698, 0.6716420702325703, 0.5010263851915313]",0.6496376583217228,0.14333333333333334,,NEW YORK,"3,600","56,000",55000.0,"3,900",7.0,18.6,22.9,24.4,20.6,10.2,40.7,"3,700",7.0,0.07,32,0.3682712829025373,0.7673992673992673,0.7029166666666666,0.7442794058611,NY
2018,NY,Northeast,Q4,2.284,4.37,0.02,57.5,0.0,0.0,60.0,54.0,80.0,30.0,0.0,"[0.25303435039305033, 0.2887154361016001, 0.46812485029080286, 0.36531200238699735, 0.3165805612555167]",0.3383534400855935,0.11666666666666668,,NEW YORK,"1,000","53,000",53000.0,"4,400",8.0,7.8,7.8,2.4,4.5,0.7,26.0,"1,500",3.0,0.08,32,0.2928622243300925,0.3205128205128205,0.3016666666666666,0.3063026896828582,NY
2018,OH,Ohio Valley,Q2,0.16,0.32,0.5,0.0,0.0,0.0,30.0,30.0,0.0,0.0,60.0,"[0.5625988660360903, 0.6277073413184102, 0.6711713782368107, 0.6117978173948023, 0.6308808475622221]",0.6208312501096671,0.09333333333333334,,OHIO,"9,000","13,000",11000.0,"1,500",12.0,1.7,21.6,2.7,30.7,1.5,38.8,"2,100",16.0,0.12,35,0.3604458145601138,0.6424908424908425,0.5708333333333333,0.611802488960257,OH
2018,OH,Ohio Valley,Q3,4.028235294117646,18.27,0.0323529411764705,58.0,0.0,60.0,51.875,48.333333333333336,33.333333333333336,30.0,43.333333333333336,"[0.5625988660360903, 0.6277073413184102, 0.6711713782368107, 0.6117978173948023, 0.6308808475622221]",0.6208312501096671,0.08,,OHIO,"1,300","16,000",16000.0,"1,300",8.0,2.6,11.9,1.3,40.9,1.2,58.9,"2,100",13.0,0.08,35,0.2387953521460754,0.8018315018315019,0.6720833333333334,0.7482938578883982,OH
2018,OH,Ohio Valley,Q4,6.275,14.9,0.29,80.0,0.0,0.0,58.0,42.0,40.0,0.0,50.0,"[0.35020969258612167, 0.23915133968787106, 0.31850141483405947, 0.4311160244325618, 0.4329744876906554]",0.3543905918462539,0.13,0.4083920216900384,OHIO,170,"15,500",15500.0,"2,100",14.0,0.1,2.4,8.1,5.8,9.9,29.3,450,3.0,0.14,35,0.4484230495612995,0.467032967032967,0.4487500000000001,0.4572460859092734,OH
2018,OK,South,Q2,2.183333333333333,3.36,0.0,45.0,0.0,0.0,40.0,30.0,30.0,0.0,0.0,"[0.4736494942709122, 0.7675047225123615, 0.5946532977702932, 0.5747177330841551, 0.5978779691939591]",0.6016806433663362,0.03666666666666667,0.4083920216900384,OKLAHOMA,"10,500","15,500",15500.0,"1,700",11.0,9.6,12.4,26.7,10.9,0.1,60.2,"6,500",42.0,0.11,36,0.5812188759781836,0.6783882783882783,0.6541666666666667,0.6716178241670013,OK
2018,OK,South,Q3,2.779333333333333,7.43,0.06,42.5,0.0,0.0,48.888888888888886,48.333333333333336,0.0,0.0,40.0,"[0.4736494942709122, 0.7675047225123615, 0.5946532977702932, 0.5747177330841551, 0.5978779691939591]",0.6016806433663362,0.09333333333333334,0.6319315213768191,OKLAHOMA,20,"2,100",2100.0,370,18.0,0.1,17.2,23.5,51.1,23.4,59.6,10,0.05,0.18,36,0.7638131373013992,0.7963369963369964,0.8241666666666667,0.818546768366118,OK
2018,OK,South,Q4,2.483333333333333,6.6,0.0499999999999999,70.0,0.0,0.0,47.5,30.0,40.0,0.0,30.0,"[0.4888343491776417, 0.5900819754081972, 0.34405254607206526, 0.24565415298832216, 0.6601861669847076]",0.46576183812618677,0.043500000000000004,0.6319315213768191,OKLAHOMA,60,"57,000",2200.0,"2,500",4.0,0.05,0.05,0.0,0.4,0.3,13.1,20,0.05,0.04,36,0.5724448660184965,0.4490842490842491,0.4866666666666667,0.4656764351665998,OK
2018,OR,Northwest,Q2,1.2670588235294118,4.91,0.6588235294117648,0.0,0.0,44.0,38.18181818181818,37.05882352941177,46.25,30.0,57.27272727272727,"[0.5499726146523016, 0.6126293879997692, 0.5111935447011366, 0.36724308337355316, 0.5973367645793568]",0.5276750790612235,0.04666666666666667,0.2872438072002941,OREGON,"17,500","107,000",41000.0,"3,400",3.0,8.1,15.6,6.6,3.5,0.2,46.1,"24,000",22.0,0.03,37,0.4735594024187811,0.6589743589743591,0.6575,0.6631874749096748,OR
2018,OR,Northwest,Q3,5.540869565217391,19.98,0.0239130434782608,45.0,0.0,50.0,45.5,56.52173913043478,52.0,0.0,60.0,"[0.5499726146523016, 0.6126293879997692, 0.5111935447011366, 0.36724308337355316, 0.5973367645793568]",0.5276750790612235,0.09666666666666668,0.2872438072002941,OREGON,"3,000","117,000",116000.0,"13,000",11.0,7.0,10.7,45.1,2.8,0.8,57.2,"49,000",42.0,0.11,37,0.5809817405738678,0.8047619047619046,0.8566666666666667,0.8386190285026093,OR
2018,OR,Northwest,Q4,1.18,1.18,0.0,30.0,0.0,0.0,30.0,80.0,0.0,0.0,60.0,"[0.5027566829396166, 0.3345731588733106, 0.6255728066925755, 0.41709029665492636, 0.24381306655175594]",0.424761202342437,0.09000000000000001,0.660270812911244,OREGON,"10,500","101,000",89000.0,"13,000",13.0,16.0,0.9,14.8,4.6,0.2,44.1,"12,000",12.0,0.13,37,0.7199430875029643,0.4824175824175825,0.5020833333333334,0.4917703733440385,OR
2018,PA,Northeast,Q2,1.189,4.74,0.2299999999999999,0.0,0.0,60.0,55.0,32.5,30.0,30.0,66.0,"[0.6401347974917717, 0.6465233104360686, 0.6174797441179556, 0.6204940837796971, 0.6468148303612662]",0.6342893532373518,0.06666666666666667,0.660270812911244,PENNSYLVANIA,"6,000","19,500",15500.0,"1,100",6.0,2.2,1.6,2.0,16.0,1.9,31.3,"1,600",8.0,0.06,38,0.5677021579321793,0.83003663003663,0.8154166666666669,0.8329987956643917,PA
2018,PA,Northeast,Q3,3.104117647058824,15.36,0.1294117647058823,0.0,0.0,50.0,47.5,32.857142857142854,46.666666666666664,30.0,30.0,"[0.6401347974917717, 0.6465233104360686, 0.6174797441179556, 0.6204940837796971, 0.6468148303612662]",0.6342893532373518,0.07,,PENNSYLVANIA,"2,900","21,000",20000.0,860,4.0,1.9,1.7,1.6,8.1,2.6,23.5,"2,300",11.0,0.04,38,0.6158406450082997,0.9047619047619048,0.9441666666666666,0.9357687675632276,PA
2018,PA,Northeast,Q4,4.687142857142858,17.35,0.0142857142857142,55.0,0.0,0.0,47.142857142857146,48.57142857142857,0.0,0.0,45.0,"[0.3207229410361, 0.33734701621127294, 0.281971569712662, 0.3820618280162792, 0.2671561517717319]",0.31785190134960917,0.16333333333333333,,PENNSYLVANIA,270,"21,000",21000.0,"4,000",19.0,6.7,7.8,13.0,10.7,5.4,26.9,"1,500",7.0,0.19,38,0.6604221010196824,0.6446886446886446,0.6395833333333334,0.6459253311922923,PA
2018,SC,Southeast,Q1,1.3,2.41,0.03,40.0,0.0,0.0,44.0,42.0,56.666666666666664,0.0,53.333333333333336,"[0.4930884546835014, 0.37558416241507553, 0.45984487924354644, 0.44253320209250957, 0.49630081269955506]",0.4534703022268376,0.15,0.5061524579095376,SOUTH CAROLINA,"1,900","14,500",13500.0,"1,800",12.0,0.7,13.5,2.6,15.5,3.0,29.3,"2,800",19.0,0.12,40,0.6755987668958976,0.5043956043956045,0.48375,0.4941790445604176,SC
2018,SC,Southeast,Q2,2.4810526315789474,18.44,0.2131578947368421,0.0,0.0,65.0,45.0,35.0,46.666666666666664,30.0,47.142857142857146,"[0.6598493284750963, 0.590103751345711, 0.5383564642515173, 0.5250926481511415, 0.6010820135398574]",0.5828968411526647,0.06333333333333334,0.5061524579095376,SOUTH CAROLINA,"2,600","14,000",14000.0,"1,300",9.0,0.7,10.0,1.6,3.5,3.0,14.2,"4,000",29.0,0.09,40,0.6222433009248282,0.7838827838827839,0.7658333333333334,0.783621035728623,SC
2018,SC,Southeast,Q4,2.56,2.56,0.05,0.0,0.0,0.0,30.0,40.0,0.0,0.0,0.0,"[0.37558416241507553, 0.45984487924354644, 0.44253320209250957, 0.49630081269955506, 0.47428971094634487]",0.44971055347940625,0.11333333333333334,,SOUTH CAROLINA,770,"12,500",10000.0,"1,500",12.0,0.3,1.3,1.4,16.1,5.5,32.2,790,6.0,0.12,40,0.6156035096039839,0.567032967032967,0.5658333333333333,0.5684464070654357,SC
2018,SD,Northern Rockies & Plains,Q3,5.116250000000001,45.06,0.146875,52.5,0.0,62.5,50.0,55.0,60.0,0.0,45.0,,0.5997394521626145,0.1366666666666667,,SOUTH DAKOTA,"8,000","197,000",168000.0,"22,000",11.0,3.3,45.0,8.5,32.9,1.6,54.7,"6,500",3.0,0.11,41,0.487787526677733,0.9373626373626374,0.9416666666666664,0.9522280208751506,SD
2018,SD,Northern Rockies & Plains,Q4,10.02875,48.03,0.3874999999999999,65.0,0.0,80.0,55.0,61.25,53.333333333333336,0.0,70.0,,0.39744168789873024,0.06,,SOUTH DAKOTA,"2,000","140,000",140000.0,"21,000",15.0,7.0,2.1,1.6,1.3,2.5,12.8,430,0.05,0.15,41,0.5117382025136353,0.645054945054945,0.6233333333333333,0.6386993175431556,SD
2018,TN,Southeast,Q2,2.174545454545455,7.0,0.1409090909090909,0.0,0.0,45.0,62.72727272727273,31.666666666666668,75.0,0.0,54.0,"[0.6357179364819785, 0.5683664521369394, 0.6378203635365098, 0.6672530054378278, 0.45027479392172476]",0.5918865103029961,0.10333333333333335,,TENNESSEE,"3,800","8,000",8000.0,"1,200",15.0,3.0,6.2,3.4,22.9,2.5,30.0,"1,300",16.0,0.15,42,0.2748399336020868,0.7267399267399267,0.6199999999999999,0.6820553994379767,TN
2018,TX,South,Q1,0.045,0.09,0.0,0.0,0.0,0.0,30.0,30.0,50.0,0.0,55.0,"[0.4865308714033132, 0.5339084003006009, 0.3250000931702546, 0.37664086655643936, 0.4501957530015117]",0.434455196886424,0.11,,TEXAS,"124,000","290,000",205000.0,"32,000",11.0,4.8,1.7,0.2,10.1,10.3,21.5,"42,000",14.0,0.11,43,0.4507944036044581,0.2802197802197801,0.24375,0.2557205941389001,TX
2018,TX,South,Q2,0.6718181818181818,4.18,0.1954545454545454,0.0,0.0,30.0,53.333333333333336,38.0,42.5,30.0,68.75,"[0.731866777820052, 0.4547217646730368, 0.45196823178408485, 0.44108789670288273, 0.6175095582566231]",0.5394308458473359,0.09666666666666668,,TEXAS,"79,000","315,000",305000.0,"38,000",12.0,8.1,8.5,4.5,17.7,14.6,26.5,"71,000",23.0,0.12,43,0.4761678918662556,0.6076923076923078,0.5579166666666666,0.5869128863910077,TX
2018,TX,South,Q3,0.954,2.88,0.0,0.0,0.0,0.0,37.5,30.0,0.0,0.0,0.0,"[0.731866777820052, 0.4547217646730368, 0.45196823178408485, 0.44108789670288273, 0.6175095582566231]",0.5394308458473359,0.11,,TEXAS,"7,500","124,000",112000.0,"7,500",6.0,0.4,2.8,6.2,4.4,0.9,18.8,"9,500",8.0,0.06,43,0.5245435143466921,0.7666666666666665,0.7579166666666666,0.7695704536330793,TX
2018,TX,South,Q4,1.7971428571428572,5.71,0.125,33.333333333333336,0.0,0.0,52.0,41.111111111111114,0.0,0.0,58.0,"[0.5339084003006009, 0.3250000931702546, 0.37664086655643936, 0.4501957530015117, 0.5931677675331498]",0.45578257611239126,0.10000000000000002,,TEXAS,"11,000","260,000",116000.0,"17,000",7.0,5.5,6.2,3.0,18.5,3.7,18.6,70,0.05,0.07,43,0.5695992411667062,0.3622710622710623,0.3779166666666666,0.3653151344841429,TX
2018,UT,Southwest,Q1,0.0,0.0,0.0,0.0,0.0,0.0,30.0,30.0,0.0,0.0,0.0,"[0.37130538653806855, 0.17699736735941518, 0.410084751849895, 0.2945708173363152, 0.34141444006185795]",0.3188745526291104,0.1366666666666667,,UTAH,490,"17,000",7500.0,620,4.0,0.1,0.1,0.0,0.0,0.5,18.7,50,0.05,0.04,44,0.4678681527152003,0.467032967032967,0.4304166666666666,0.4484142914492172,UT
2018,UT,Southwest,Q2,0.9375,5.49,0.22,0.0,0.0,45.0,57.142857142857146,33.333333333333336,45.0,30.0,66.36363636363636,"[0.48299930403705627, 0.634133538409797, 0.5831921143268496, 0.5470891863421616, 0.5274426173239429]",0.5549713520879614,0.1366666666666667,,UTAH,"9,500","26,000",14500.0,"1,900",7.0,2.0,1.4,1.7,3.7,1.9,43.5,"4,100",16.0,0.07,44,0.6450082997391511,0.7575091575091576,0.7408333333333333,0.7567242071457246,UT
2018,UT,Southwest,Q3,2.7725000000000004,9.06,0.0041666666666666,0.0,0.0,30.0,41.666666666666664,42.72727272727273,30.0,0.0,70.0,"[0.48299930403705627, 0.634133538409797, 0.5831921143268496, 0.5470891863421616, 0.5274426173239429]",0.5549713520879614,0.17,,UTAH,970,"30,000",30000.0,"4,400",15.0,0.1,1.0,0.2,15.5,0.7,34.0,"1,400",5.0,0.15,44,0.6805786103865307,0.8395604395604396,0.8816666666666666,0.8695303091128062,UT
2018,UT,Southwest,Q4,11.363333333333337,24.66,0.0249999999999999,80.0,0.0,0.0,60.0,58.333333333333336,80.0,0.0,40.0,"[0.17699736735941518, 0.410084751849895, 0.2945708173363152, 0.34141444006185795, 0.29757299743574894]",0.30412807480864645,0.06333333333333334,,UTAH,180,"27,000",27000.0,"3,400",13.0,5.5,6.5,8.0,9.8,4.9,48.0,400,1.0,0.13,44,0.6179748636471426,0.5435897435897437,0.5458333333333334,0.5459654757125653,UT
2018,VA,Southeast,Q2,0.6557142857142857,2.02,0.2714285714285714,0.0,0.0,50.0,37.5,33.333333333333336,0.0,0.0,40.0,"[0.6029905158385056, 0.6061529338040524, 0.6118105632718243, 0.5747034620502469, 0.5708663801852433]",0.5933047710299745,0.06333333333333334,,VIRGINIA,"2,600","6,000",5000.0,500,8.0,3.2,23.1,1.3,18.8,1.5,22.7,700,12.0,0.08,46,0.6376571022053593,0.7274725274725273,0.6945833333333333,0.718988358089121,VA
2018,VA,Southeast,Q3,1.36,2.96,0.1,0.0,0.0,0.0,65.0,40.0,0.0,0.0,35.0,"[0.6029905158385056, 0.6061529338040524, 0.6118105632718243, 0.5747034620502469, 0.5708663801852433]",0.5933047710299745,0.09666666666666668,,VIRGINIA,"1,000","7,500",7500.0,610,8.0,2.6,11.6,7.7,28.5,1.7,39.0,990,13.0,0.08,46,0.7026322029879061,0.817948717948718,0.8412500000000002,0.8382175832998795,VA
2018,VT,Northeast,Q2,0.7055555555555555,2.17,0.6722222222222222,0.0,0.0,0.0,46.666666666666664,36.0,0.0,0.0,55.0,"[0.738237883096672, 0.5498691289778933, 0.7156017705027395, 0.6340979673182162, 0.5526429978599925]",0.6380899495511028,0.013333333333333334,0.43091844117208766,VERMONT,"2,600","6,500",5500.0,520,8.0,0.7,1.8,16.7,1.5,0.1,21.8,140,2.0,0.08,45,0.4138012805311833,0.6315018315018316,0.6004166666666666,0.6206342834203132,VT
2018,VT,Northeast,Q3,3.656666666666667,6.95,0.1444444444444444,47.5,0.0,55.0,47.142857142857146,53.333333333333336,0.0,0.0,0.0,"[0.738237883096672, 0.5498691289778933, 0.7156017705027395, 0.6340979673182162, 0.5526429978599925]",0.6380899495511028,0.03,0.43091844117208766,VERMONT,"1,200","7,000",7000.0,90,1.0,4.3,0.3,24.1,4.9,0.0,29.3,80,1.0,0.01,45,0.276262746027982,0.7611721611721611,0.6933333333333334,0.7358490566037738,VT
2018,VT,Northeast,Q4,2.3000000000000003,4.86,0.0,60.0,0.0,53.333333333333336,46.666666666666664,56.666666666666664,0.0,0.0,0.0,"[0.44652656575467264, 0.35049563368987124, 0.48577915549534856, 0.600792957458741, 0.43037534819797474]",0.4627939321193216,0.08666666666666667,0.37205564680216485,VERMONT,10,"6,500",6500.0,170,3.0,0.0,0.8,0.0,1.3,0.7,6.2,20,0.05,0.03,45,0.6027981977709271,0.4380952380952381,0.47125,0.4520272982737856,VT
2018,WA,Northwest,Q3,3.428181818181818,8.84,0.0499999999999999,40.0,0.0,70.0,36.666666666666664,57.5,90.0,0.0,37.5,"[0.6206783790945591, 0.6565403465631865, 0.6317701528406707, 0.5497635219026615, 0.6210008563635097]",0.6159506513529175,0.12333333333333334,0.37205564680216485,WASHINGTON,"7,000","84,000",76000.0,"12,000",14.0,0.6,9.9,2.7,0.6,2.8,7.1,"3,600",4.0,0.14,47,0.5748162200616552,0.7703296703296704,0.7641666666666668,0.7747892412685669,WA
2018,WA,Northwest,Q4,7.54,10.74,0.0166666666666666,0.0,0.0,0.0,30.0,60.0,30.0,0.0,0.0,"[0.414735526115357, 0.39968806860383077, 0.4161596406401906, 0.30080770669743606, 0.3561695335478475]",0.3775120951209324,0.07333333333333333,,WASHINGTON,"5,500","81,000",75000.0,"11,000",14.0,11.7,3.3,4.9,0.5,1.3,34.5,"1,400",2.0,0.14,47,0.4334835190894001,0.3498168498168498,0.3795833333333333,0.3592934564431955,WA
2018,WI,Upper Midwest,Q2,0.3875,1.23,0.2,0.0,0.0,0.0,32.5,37.5,30.0,0.0,56.0,"[0.5821166429223832, 0.6180953589792463, 0.46232942651916187, 0.6144703298326177, 0.5271789352795963]",0.560838138706601,0.06666666666666667,,WISCONSIN,"12,000","56,000",26000.0,"6,500",12.0,18.3,29.5,27.1,16.9,0.8,32.1,"7,000",13.0,0.12,49,0.7287170974626511,0.7326007326007326,0.8237500000000001,0.7828181453231634,WI
2018,WI,Upper Midwest,Q3,2.092857142857143,7.81,0.2928571428571428,80.0,0.0,0.0,37.5,51.53846153846154,40.0,30.0,60.0,"[0.5821166429223832, 0.6180953589792463, 0.46232942651916187, 0.6144703298326177, 0.5271789352795963]",0.560838138706601,0.16,,WISCONSIN,"2,400","69,000",61000.0,"10,000",14.0,2.6,6.1,19.5,32.7,4.3,54.4,"3,800",6.0,0.14,49,1.0,0.7688644688644689,0.8595833333333334,0.8201525491770373,WI
2018,WI,Upper Midwest,Q4,4.535,7.63,0.0,55.0,0.0,0.0,70.0,80.0,0.0,0.0,0.0,"[0.2846866758189299, 0.23628191973579082, 0.3452087536530747, 0.49752596213320766, 0.28790843618723516]",0.33032234950564765,0.14,,WISCONSIN,"1,600","48,000",48000.0,"8,500",18.0,1.5,7.6,24.5,28.3,5.2,29.9,530,1.0,0.18,49,0.7346454825705478,0.7347985347985347,0.8183333333333334,0.7820152549177039,WI
2018,WV,Ohio Valley,Q2,0.9375,3.13,0.1124999999999999,0.0,0.0,0.0,55.0,40.0,0.0,0.0,85.0,"[0.7278344730240913, 0.7244404312438489, 0.7371712584810766, 0.6703657426278684, 0.6144501995219701]",0.6948524209797711,0.10333333333333333,,WEST VIRGINIA,"2,300","7,000",7000.0,570,8.0,0.9,13.6,2.9,7.5,7.9,13.8,550,8.0,0.08,48,0.3834479487787526,0.634065934065934,0.53125,0.5881172219991971,WV
2018,WV,Ohio Valley,Q3,2.4525,9.3,0.11875,30.0,0.0,0.0,55.0,39.0,35.0,0.0,60.0,"[0.7278344730240913, 0.7244404312438489, 0.7371712584810766, 0.6703657426278684, 0.6144501995219701]",0.6948524209797711,0.05666666666666667,,WEST VIRGINIA,170,"8,000",7500.0,520,7.0,0.3,6.8,0.3,52.6,2.1,57.0,"1,200",15.0,0.07,48,0.2883566516480911,0.7827838827838827,0.65375,0.7290244881573666,WV
2019,AK,Northwest,Q2,0.6539999999999999,2.32,0.32,0.0,0.0,0.0,30.0,40.0,80.0,0.0,30.0,,0.5966628331056228,,,,,,,,,,,,,,,,,,2,0.2563433720654494,0.8087912087912089,0.6916666666666667,0.7615415495784825,AK
2019,AK,Northwest,Q3,2.0,2.0,0.0,0.0,0.0,0.0,40.0,60.0,0.0,0.0,30.0,,0.5991627851710898,,,,,,,,,,,,,,,,,,2,0.3056675361631492,0.9505494505494504,0.8758333333333332,0.927739863508631,AK
2019,AL,Southeast,Q2,4.004545454545454,10.25,0.0454545454545454,0.0,0.0,0.0,42.0,40.0,30.0,0.0,30.0,"[0.5382029838231348, 0.5380593963084517, 0.6346698267892901, 0.603850651181473, 0.6208510537863248]",0.5871267823777349,0.0975,0.40795785143016017,,,,,,,,,,,,,,,,1,0.5653308038890207,0.8391941391941391,0.82,0.8402248093135285,AL
2019,AL,Southeast,Q3,6.07875,16.12,0.01875,80.0,0.0,70.0,51.25,52.5,75.0,0.0,0.0,"[0.5382029838231348, 0.5380593963084517, 0.6346698267892901, 0.603850651181473, 0.6208510537863248]",0.5871267823777349,0.15000000000000002,0.40795785143016017,ALABAMA,160,"7,000",7000.0,990,14.0,2.9,9.7,0.2,24.6,6.4,30.6,330,5.0,0.14,1,0.4496087265828788,0.931868131868132,0.9291666666666668,0.9429947812123644,AL
2019,AL,Southeast,Q4,6.553333333333334,8.71,0.075,0.0,0.0,0.0,48.333333333333336,55.0,0.0,0.0,30.0,"[0.5212141601940685, 0.40553935483783576, 0.5625551181104549, 0.4962546293053993, 0.38414814746279746]",0.4739422819821112,0.1075,,ALABAMA,240,"6,000",6000.0,660,11.0,0.6,9.0,4.9,26.7,11.3,46.7,70,1.0,0.11,1,0.6284088214370406,0.6663003663003663,0.6329166666666668,0.6551585708550782,AL
2019,AR,South,Q1,2.83,8.02,0.0,0.0,0.0,0.0,40.0,30.0,0.0,0.0,0.0,"[0.6320319079106647, 0.3059165577414209, 0.5293951481830299, 0.5573421796173189, 0.6166099221325245]",0.5282591431169917,0.20500000000000002,,ARKANSAS,20,"28,000",28000.0,"6,500",23.0,3.3,0.7,55.3,1.5,2.9,19.5,20,0.05,0.23,4,0.6495138724211525,0.5201465201465203,0.515,0.5182657567242072,AR
2019,AR,South,Q2,4.141111111111111,14.11,0.0111111111111111,60.0,0.0,0.0,46.25,48.888888888888886,56.666666666666664,30.0,55.0,"[0.5522082354215065, 0.4008138749991841, 0.5906498228074555, 0.4630965579152533, 0.2784445954503131]",0.45704261731874246,0.12250000000000001,,,,,,,,,,,,,,,,,4,0.3165757647616789,0.747985347985348,0.6916666666666667,0.7282215977519069,AR
2019,AR,South,Q3,4.93375,7.56,0.04375,80.0,0.0,70.0,52.857142857142854,56.25,0.0,0.0,0.0,"[0.5522082354215065, 0.4008138749991841, 0.5906498228074555, 0.4630965579152533, 0.2784445954503131]",0.45704261731874246,0.15999999999999998,,ARKANSAS,170,"21,000",20000.0,"2,100",10.0,6.8,6.9,50.5,19.7,39.3,53.2,680,3.0,0.1,4,0.2456722788712355,0.8879120879120879,0.8104166666666666,0.8619028502609394,AR
2019,AR,South,Q4,4.24,6.39,0.3571428571428571,0.0,0.0,0.0,42.857142857142854,51.42857142857143,30.0,0.0,60.0,"[0.3059165577414209, 0.5293951481830299, 0.5573421796173189, 0.6166099221325245, 0.7200668417292886]",0.5458661298807166,0.16749999999999998,,ARKANSAS,430,"19,500",19000.0,"1,600",8.0,1.4,12.5,7.8,39.7,32.8,47.7,310,2.0,0.08,4,0.3836850841830685,0.6208791208791208,0.5725,0.6009634684865516,AR
2019,CA,West,Q1,0.5404166666666667,2.95,1.2791666666666666,30.0,0.0,60.0,31.53846153846154,38.75,39.0,0.0,51.1764705882353,"[0.4712014474370305, 0.5549639308138364, 0.5680183766155993, 0.5005514018307703, 0.5636656987837101]",0.5316801710961894,0.14,,CALIFORNIA,"83,000","1,580,000",1140000.0,"235,000",15.0,6.4,8.7,12.3,13.4,5.6,43.5,"86,000",5.0,0.15,5,0.3623428977946408,0.3677655677655678,0.2645833333333334,0.3139301485347249,CA
2019,CA,West,Q3,2.6882352941176473,9.11,0.2294117647058823,50.0,0.0,30.0,44.166666666666664,50.0,50.0,0.0,34.0,"[0.563439967346004, 0.6835331719735213, 0.5922085165388457, 0.6110184661469438, 0.45234010022626414]",0.5805080444463158,0.1,,CALIFORNIA,"87,000","700,000",650000.0,"93,000",13.0,8.7,11.1,16.0,11.5,3.2,49.0,"108,000",15.0,0.13,5,0.3153900877400996,0.8230769230769232,0.7100000000000001,0.7780008028904054,CA
2019,DE,Northeast,Q2,1.534,4.72,0.15,0.0,0.0,0.0,30.0,32.5,30.0,0.0,45.0,"[0.5126602827595519, 0.5252873367224586, 0.5862716215061249, 0.5622258668603275, 0.5791872942349134]",0.5531264804166753,,,,,,,,,,,,,,,,,,8,0.5705477827839697,0.8890109890109891,0.9025,0.9064632677639504,DE
2019,DE,Northeast,Q3,1.9579999999999995,4.85,0.1699999999999999,70.0,0.0,50.0,46.25,52.0,58.0,0.0,46.666666666666664,"[0.5126602827595519, 0.5252873367224586, 0.5862716215061249, 0.5622258668603275, 0.5791872942349134]",0.5531264804166753,,,,,,,,,,,,,,,,,,8,0.6542565805074698,0.9278388278388278,0.985,0.9678843837816138,DE
2019,DE,Northeast,Q4,9.0925,21.54,0.00625,55.714285714285715,0.0,0.0,60.0,68.75,55.0,0.0,0.0,"[0.43050520254850055, 0.3845425451033363, 0.3791806489270275, 0.13229787556778105, 0.2873903593130388]",0.32278332629193685,,,,,,,,,,,,,,,,,,8,0.5020156509366849,0.787179487179487,0.8041666666666668,0.8036932958651144,DE
2019,FL,Southeast,Q3,2.7175,10.43,0.025,0.0,0.0,0.0,60.0,60.0,0.0,0.0,0.0,"[0.5387583311024049, 0.43099825917408663, 0.3674299998289142, 0.4192598682350269, 0.27178091874558086]",0.40564547541720264,0.1575,0.5719944334787788,FLORIDA,"46,000","240,000",210000.0,"20,000",8.0,6.3,11.7,18.2,20.7,10.8,44.9,"33,000",14.0,0.08,9,0.4479487787526678,0.9285714285714286,0.9279166666666668,0.9405861099959856,FL
2019,FL,Southeast,Q4,0.978235294117647,4.17,0.5705882352941177,51.25,0.0,0.0,49.285714285714285,50.625,33.333333333333336,0.0,55.0,"[0.500537461189412, 0.3951952599309405, 0.415699816766153, 0.5146929795869115, 0.4703450640794158]",0.45929411631056655,0.16,0.5719944334787788,FLORIDA,"28,000","300,000",270000.0,"30,000",10.0,7.8,7.8,11.7,25.6,4.8,43.5,"15,000",5.0,0.1,9,0.5869101256817643,0.6853479853479854,0.6545833333333333,0.6756322761942996,FL
2019,GA,Southeast,Q2,2.48375,10.76,0.1625,0.0,0.0,0.0,50.0,42.5,30.0,0.0,80.0,"[0.6443996443994666, 0.5908829631415489, 0.5534105689291203, 0.5088435667794662, 0.46831579532686474]",0.5531705077152933,0.1275,,,,,,,,,,,,,,,,,10,0.39506758359023,0.6018315018315019,0.54125,0.5756724207145725,GA
2019,GA,Southeast,Q3,2.65625,12.41,0.36875,65.0,0.0,0.0,47.333333333333336,44.375,57.5,0.0,30.0,"[0.6443996443994666, 0.5908829631415489, 0.5534105689291203, 0.5088435667794662, 0.46831579532686474]",0.5531705077152933,0.125,,GEORGIA,"12,000","118,000",116000.0,"13,000",11.0,1.6,17.1,25.8,18.6,4.6,52.5,"36,000",31.0,0.11,10,0.3028219113113587,0.7637362637362637,0.6620833333333334,0.7226013649136893,GA
2019,HI,Hawaii,Q1,1.34875,9.63,1.05625,50.0,0.0,0.0,53.333333333333336,46.666666666666664,30.0,0.0,0.0,,,0.039999999999999994,0.31875966224095686,HAWAII,660,"16,500",16500.0,390,2.0,0.1,2.9,0.7,64.9,0.0,72.1,"3,700",22.0,0.02,11,0.477116433483519,0.3527472527472527,0.3429166666666666,0.3432356483340024,HI
2019,HI,Hawaii,Q2,0.737,2.81,0.6900000000000001,0.0,0.0,30.0,41.42857142857143,52.5,60.0,0.0,32.0,,,0.024999999999999998,0.31875966224095686,,,,,,,,,,,,,,,,11,0.6506995494427318,0.715018315018315,0.7133333333333335,0.7201926936973104,HI
2019,HI,Hawaii,Q3,0.44,0.44,0.15,0.0,0.0,0.0,50.0,70.0,0.0,0.0,0.0,,,0.10250000000000001,,HAWAII,200,"17,000",17000.0,200,1.0,0.3,1.3,0.0,39.0,0.2,37.2,"6,000",35.0,0.01,11,0.5131610149395305,0.8465201465201465,0.8620833333333333,0.8643115214773182,HI
2019,ID,Northwest,Q2,0.658125,3.01,0.384375,45.0,0.0,0.0,36.0,33.75,53.63636363636363,0.0,46.666666666666664,"[0.8016095391076403, 0.6322420610791056, 0.6865782146249193, 0.6457316372091717, 0.5949918265598092]",0.6722306557161293,0.0925,,,,,,,,,,,,,,,,,12,0.6473796537823098,0.7128205128205127,0.7054166666666666,0.7153753512645524,ID
2019,ID,Northwest,Q3,1.54,3.34,0.05625,30.0,0.0,0.0,37.5,38.75,30.0,0.0,40.0,"[0.8016095391076403, 0.6322420610791056, 0.6865782146249193, 0.6457316372091717, 0.5949918265598092]",0.6722306557161293,0.11250000000000002,,IDAHO,"8,500","111,000",95000.0,"10,500",9.0,21.7,18.5,9.9,15.4,0.8,59.9,"12,500",11.0,0.09,12,0.4486601849656154,0.8457875457875458,0.8433333333333334,0.8546768366118024,ID
2019,IN,Ohio Valley,Q2,3.7275,9.74,0.125,60.0,0.0,0.0,50.0,47.5,60.0,0.0,40.0,"[0.5956137418409118, 0.5091796444363835, 0.5597956107599333, 0.6381111810156421, 0.5995285796831864]",0.5804457515472115,0.1075,,,,,,,,,,,,,,,,,14,0.620583353094617,0.7483516483516482,0.6954166666666668,0.7298273785628263,IN
2019,IN,Ohio Valley,Q3,2.9339999999999997,15.07,0.08,85.0,0.0,30.0,55.55555555555556,50.76923076923077,0.0,0.0,53.333333333333336,"[0.5956137418409118, 0.5091796444363835, 0.5597956107599333, 0.6381111810156421, 0.5995285796831864]",0.5804457515472115,0.08249999999999999,0.33167776394049764,INDIANA,"2,200","16,000",14000.0,"1,000",6.0,3.0,19.2,23.1,15.2,1.4,55.7,"1,500",9.0,0.06,14,0.4951387242115247,0.8978021978021977,0.8804166666666667,0.9008430349257324,IN
2019,IN,Ohio Valley,Q4,8.068000000000001,18.15,0.01,85.0,0.0,60.0,48.0,56.0,30.0,0.0,60.0,"[0.18988669554314674, 0.33089705966131455, 0.4807030452120912, 0.39911704212247645, 0.39588172782101794]",0.35929711407200937,0.195,0.33167776394049764,INDIANA,160,"17,500",17500.0,"1,300",7.0,2.6,1.6,6.7,15.0,0.6,20.7,180,1.0,0.07,14,0.3184728479962058,0.5307692307692308,0.4395833333333333,0.4877559213167403,IN
2019,KY,Ohio Valley,Q2,1.6918181818181817,10.66,0.3227272727272727,0.0,0.0,80.0,43.333333333333336,38.888888888888886,40.0,0.0,47.142857142857146,"[0.6051840025628776, 0.5620721270371019, 0.599026762551642, 0.3431305182458564, 0.4650717448544166]",0.5148970310503789,0.1175,,,,,,,,,,,,,,,,,17,0.5712591889969173,0.5695970695970697,0.5491666666666667,0.5616218386190286,KY
2019,KY,Ohio Valley,Q3,2.5620000000000003,7.78,0.105,0.0,0.0,35.0,50.0,47.142857142857146,50.0,0.0,80.0,"[0.6051840025628776, 0.5620721270371019, 0.599026762551642, 0.3431305182458564, 0.4650717448544166]",0.5148970310503789,0.14,,KENTUCKY,700,"8,500",8000.0,850,10.0,0.4,7.9,5.2,17.6,8.6,29.2,430,5.0,0.1,17,0.5005928385107897,0.7344322344322345,0.7091666666666667,0.7290244881573666,KY
2019,KY,Ohio Valley,Q4,9.563333333333333,15.54,0.0166666666666666,0.0,0.0,0.0,53.333333333333336,60.0,30.0,0.0,30.0,"[0.3843835327108377, 0.3455522276052482, 0.4817540364379378, 0.4023856953328032, 0.3889014837943654]",0.40059539517623843,0.16749999999999998,0.4801460340337662,KENTUCKY,190,"8,500",8500.0,410,5.0,0.2,12.0,5.3,20.1,9.9,33.0,170,2.0,0.05,17,0.5477827839696467,0.3710622710622711,0.375,0.3693295865114412,KY
2019,MA,Northeast,Q2,0.5583333333333333,0.99,0.1166666666666666,0.0,0.0,70.0,30.0,40.0,50.0,0.0,33.333333333333336,"[0.6356479248736218, 0.6284450278288114, 0.636851238947836, 0.5886233243962788, 0.38911104798056606]",0.5757357128054228,0.0275,0.4801460340337662,,,,,,,,,,,,,,,,21,0.47189945458857,0.6124542124542125,0.5825,0.6013649136892815,MA
2019,MA,Northeast,Q3,5.412941176470588,17.83,0.0735294117647058,30.0,0.0,35.0,59.333333333333336,65.29411764705883,74.0,0.0,40.0,"[0.6356479248736218, 0.6284450278288114, 0.636851238947836, 0.5886233243962788, 0.38911104798056606]",0.5757357128054228,0.11000000000000001,,MASSACHUSETTS,800,"13,500",13500.0,"1,100",8.0,0.2,0.7,0.05,2.9,7.3,13.0,560,4.0,0.08,21,0.5594024187811241,0.7505494505494505,0.7541666666666667,0.7599357687675633,MA
2019,MA,Northeast,Q4,4.16,4.16,0.15,0.0,0.0,0.0,90.0,80.0,0.0,0.0,0.0,"[0.4082845054731925, 0.29502443893245944, 0.29711815275718, 0.3557501144292573, 0.23253626055294607]",0.31774269442900704,0.11499999999999999,,MASSACHUSETTS,60,"5,000",5000.0,"1,200",24.0,0.8,1.1,0.0,0.2,10.7,7.6,130,3.0,0.24,21,0.3972018022290728,0.3153846153846154,0.3266666666666666,0.3151344841429144,MA
2019,MD,Northeast,Q2,1.1890909090909092,6.01,0.0863636363636363,0.0,0.0,30.0,55.0,35.0,80.0,0.0,44.0,"[0.5981773992481809, 0.5955636351238915, 0.5810559606794037, 0.4811842798697624, 0.49621317048711644]",0.5504388890816709,0.035,,,,,,,,,,,,,,,,,20,0.522883566516481,0.6128205128205129,0.5866666666666667,0.6033721397029307,MD
2019,MD,Northeast,Q3,3.6441666666666666,9.37,0.0166666666666666,80.0,0.0,63.333333333333336,59.0,50.0,80.0,0.0,80.0,"[0.5981773992481809, 0.5955636351238915, 0.5810559606794037, 0.4811842798697624, 0.49621317048711644]",0.5504388890816709,0.09,,MARYLAND,720,"7,500",7500.0,790,11.0,0.0,5.1,0.3,2.7,1.4,26.7,"1,200",16.0,0.11,20,0.4785392459094142,0.7714285714285714,0.7616666666666666,0.7747892412685669,MD
2019,MD,Northeast,Q4,1.05,1.05,0.0,0.0,0.0,30.0,30.0,40.0,0.0,0.0,30.0,"[0.38572339746303863, 0.3352741428857464, 0.3104222919447409, 0.3388203950927138, 0.26323404389584204]",0.32669485425641637,0.0825,,MARYLAND,390,"8,000",6500.0,"1,100",14.0,1.8,0.3,0.0,4.5,5.0,12.6,420,5.0,0.14,20,0.5024899217453166,0.3908424908424909,0.4208333333333333,0.402248093135287,MD
2019,ME,Northeast,Q2,0.5355555555555556,1.7,2.2944444444444443,40.0,0.0,30.0,30.0,30.0,0.0,0.0,55.0,"[0.6952861823319973, 0.671800820230817, 0.6735159033618272, 0.688817956122096, 0.6743305263605353]",0.6807502776814546,0.11000000000000001,,,,,,,,,,,,,,,,,19,0.5774247095091297,0.6487179487179487,0.6425,0.6503412284223203,ME
2019,ME,Northeast,Q3,2.9616666666666664,22.07,0.35,80.0,0.0,33.333333333333336,54.285714285714285,61.0,60.0,0.0,50.0,"[0.6952861823319973, 0.671800820230817, 0.6735159033618272, 0.688817956122096, 0.6743305263605353]",0.6807502776814546,0.07500000000000001,,MAINE,460,"12,000",11500.0,"1,100",9.0,0.1,0.2,0.0,0.7,0.1,10.1,"3,500",29.0,0.09,19,0.4700023713540432,0.7974358974358974,0.7833333333333334,0.7992773986350863,ME
2019,ME,Northeast,Q4,6.426666666666667,14.41,0.0,0.0,0.0,70.0,36.666666666666664,53.333333333333336,0.0,0.0,0.0,"[0.40926477583805276, 0.3918214820931859, 0.47399634801911006, 0.32547503913525777, 0.3214935557115334]",0.384410240159428,0.05499999999999999,,MAINE,110,"11,500",11500.0,770,7.0,0.1,0.3,2.5,0.0,0.2,20.5,40,0.05,0.07,19,0.620583353094617,0.4582417582417583,0.45875,0.4568446407065436,ME
2019,MI,Upper Midwest,Q2,0.4355555555555555,1.5,0.2666666666666666,0.0,0.0,30.0,32.5,34.44444444444444,63.333333333333336,0.0,62.0,"[0.6430434223635678, 0.6949365484000654, 0.5902130230183296, 0.6297179550038947, 0.6396935337901737]",0.6395208965152063,0.0925,,,,,,,,,,,,,,,,,22,0.6990751719231681,0.8285714285714286,0.8320833333333333,0.8398233641107987,MI
2019,MI,Upper Midwest,Q3,6.81875,28.33,0.26875,40.0,0.0,80.0,47.5,51.25,42.0,0.0,37.5,"[0.6430434223635678, 0.6949365484000654, 0.5902130230183296, 0.6297179550038947, 0.6396935337901737]",0.6395208965152063,0.1175,,MICHIGAN,"3,000","99,000",94000.0,"11,000",11.0,8.7,2.1,7.3,16.4,1.5,42.7,"3,300",3.0,0.11,22,0.5228835665164809,0.9307692307692308,0.9475,0.9510236852669608,MI
2019,MI,Upper Midwest,Q4,5.987142857142857,19.88,0.2214285714285714,0.0,0.0,0.0,55.714285714285715,65.71428571428571,83.33333333333333,0.0,30.0,"[0.2182852037779256, 0.5352922344171596, 0.36145532064260255, 0.35171414390381683, 0.2641354753492625]",0.3461764756181534,0.1125,,MICHIGAN,820,"84,000",84000.0,"6,500",8.0,9.2,1.1,8.3,9.7,3.8,37.0,"1,500",2.0,0.08,22,0.662556319658525,0.6564102564102565,0.6266666666666667,0.646728221597752,MI
2019,MN,Upper Midwest,Q2,0.914,3.22,0.5700000000000001,0.0,0.0,0.0,40.0,35.55555555555556,53.333333333333336,0.0,47.142857142857146,"[0.5405029032801355, 0.6492459677107155, 0.30568688110427644, 0.5640315456931718, 0.4743425169621531]",0.5067619629500906,0.09000000000000001,,,,,,,,,,,,,,,,,23,0.6891154849419019,0.7465201465201465,0.7408333333333333,0.7511039743075072,MN
2019,MN,Upper Midwest,Q3,8.312000000000001,26.32,0.09,80.0,0.0,0.0,58.0,68.88888888888889,82.0,0.0,70.0,"[0.5405029032801355, 0.6492459677107155, 0.30568688110427644, 0.5640315456931718, 0.4743425169621531]",0.5067619629500906,0.20249999999999999,,MINNESOTA,"5,000","129,000",126000.0,"21,000",16.0,4.0,6.6,13.4,8.2,2.1,54.9,"2,100",2.0,0.16,23,0.5563196585250179,0.8670329670329667,0.8891666666666665,0.887996788438378,MN
2019,MN,Upper Midwest,Q4,4.1275,9.49,0.475,75.0,0.0,0.0,40.0,72.5,75.0,0.0,30.0,"[0.30909436966641646, 0.2284380012671936, 0.3602341232588967, 0.47769352478257165, 0.1864175137599987]",0.3123755065470154,0.10500000000000001,,MINNESOTA,"3,400","97,000",97000.0,"15,500",16.0,1.2,1.8,6.1,7.8,4.0,37.3,60,0.05,0.16,23,0.4524543514346691,0.5256410256410257,0.4908333333333333,0.5098354074668808,MN
2019,MT,Northern Rockies & Plains,Q2,0.6388888888888888,2.1,0.7111111111111111,0.0,0.0,0.0,30.0,33.333333333333336,45.0,0.0,48.333333333333336,"[0.5397126910508383, 0.550981903845898, 0.5898484437852021, 0.4522774424948339]",0.5332051202941931,0.03,,,,,,,,,,,,,,,,,26,0.32511263931705,0.6765567765567766,0.5929166666666666,0.6407065435568047,MT
2019,MT,Northern Rockies & Plains,Q3,6.8500000000000005,24.39,0.0916666666666666,90.0,0.0,0.0,44.0,56.666666666666664,70.0,0.0,90.0,"[0.5397126910508383, 0.550981903845898, 0.5898484437852021, 0.4522774424948339]",0.5332051202941931,0.0925,,MONTANA,"3,600","154,000",147000.0,"18,500",12.0,10.6,4.1,6.1,10.0,1.0,28.0,"12,500",8.0,0.12,26,0.2558691012568176,0.8549450549450549,0.7345833333333334,0.8073063026896827,MT
2019,MT,Northern Rockies & Plains,Q4,4.0200000000000005,5.48,0.025,0.0,0.0,0.0,35.0,65.0,0.0,0.0,30.0,"[0.5138275651956024, 0.5236694883775332, 0.4522774424948339, 0.4714058601290756]",0.4902950890492613,0.0925,,MONTANA,770,"79,000",71000.0,"7,000",9.0,0.05,2.8,0.8,1.8,0.3,15.7,"4,000",5.0,0.09,26,0.2869338392221958,0.5014652014652016,0.4108333333333333,0.4580489763147331,MT
2019,ND,Northern Rockies & Plains,Q2,0.0,0.0,0.775,0.0,0.0,0.0,40.0,30.0,40.0,0.0,46.666666666666664,,0.612690479744359,0.05,,,,,,,,,,,,,,,,,34,0.7149632440123311,0.7897435897435897,0.76875,0.7880369329586512,ND
2019,ND,Northern Rockies & Plains,Q3,0.245,0.49,0.45,65.0,0.0,0.0,35.0,55.0,30.0,0.0,30.0,,0.5997394521626145,0.135,,NORTH DAKOTA,"15,000","530,000",530000.0,"81,000",15.0,14.7,23.7,9.0,10.2,9.3,48.4,"17,500",3.0,0.15,34,0.4628883092245672,0.9362637362637364,0.9366666666666668,0.9490164592533116,ND
2019,NE,Northern Rockies & Plains,Q2,1.6483333333333334,5.38,0.2166666666666666,0.0,0.0,0.0,36.666666666666664,41.666666666666664,63.333333333333336,0.0,46.666666666666664,"[0.7914855859429253, 0.4649537311559667]",0.628219658549446,0.07,,,,,,,,,,,,,,,,,27,0.5954470002371355,0.6091575091575091,0.5779166666666666,0.5973504616619831,NE
2019,NE,Northern Rockies & Plains,Q3,4.149375,11.23,0.046875,60.0,0.0,0.0,49.09090909090909,55.625,90.0,0.0,40.0,"[0.7914855859429253, 0.4649537311559667]",0.628219658549446,0.115,,NEBRASKA,680,"41,000",40000.0,"3,700",9.0,1.8,7.2,2.8,2.7,1.9,29.2,"1,400",3.0,0.09,27,0.4643111216504624,0.7633699633699632,0.7191666666666666,0.7494981934965876,NE
2019,NE,Northern Rockies & Plains,Q4,4.2299999999999995,7.1,0.0,0.0,0.0,0.0,45.0,50.0,80.0,0.0,30.0,"[0.32580013753675796, 0.38554819521124095, 0.48053751835068026, 0.2640199278060128]",0.36397644472617297,0.1275,,NEBRASKA,320,"38,000",37000.0,"2,700",7.0,0.0,2.8,3.5,1.0,6.4,5.8,10,0.05,0.07,27,0.571733459805549,0.3985347985347985,0.39125,0.3918105178643116,NE
2019,NV,Southwest,Q3,1.7047619047619047,6.09,0.0785714285714285,0.0,0.0,80.0,41.42857142857143,44.705882352941174,55.0,0.0,47.0,"[0.5232687053772038, 0.41326130596153177]",0.4682650056693678,,,,,,,,,,,,,,,,,,28,0.4899217453165758,0.8465201465201465,0.85875,0.8631071858691288,NV
2019,NY,Northeast,Q2,0.7999999999999999,2.55,0.7642857142857142,0.0,0.0,70.0,40.0,41.666666666666664,30.0,0.0,40.0,"[0.7297326762736769, 0.7794321675109698, 0.6716420702325703, 0.5010263851915313, 0.6386323310272888]",0.6640931260472074,0.0525,,,,,,,,,,,,,,,,,32,0.3808394593312781,0.6223443223443225,0.56375,0.597751906864713,NY
2019,NY,Northeast,Q3,4.3076923076923075,10.62,0.2076923076923077,50.0,0.0,33.333333333333336,64.16666666666667,64.61538461538461,57.5,0.0,45.0,"[0.7297326762736769, 0.7794321675109698, 0.6716420702325703, 0.5010263851915313, 0.6386323310272888]",0.6640931260472074,0.125,,NEW YORK,"3,200","69,000",65000.0,"8,500",12.0,1.2,2.5,8.2,11.5,3.8,30.7,"3,700",5.0,0.12,32,0.5143466919611098,0.7534798534798535,0.7291666666666667,0.749096748293858,NY
2019,NY,Northeast,Q4,1.52,2.03,0.075,65.0,0.0,40.0,50.0,60.0,65.0,0.0,0.0,"[0.2887154361016001, 0.46812485029080286, 0.36531200238699735, 0.3165805612555167, 0.3940035986756364]",0.36654728974211065,0.10750000000000001,,NEW YORK,630,"65,000",65000.0,"10,000",15.0,3.0,3.2,8.7,24.8,4.0,33.3,510,1.0,0.15,32,0.3158643585487313,0.3065934065934066,0.29375,0.2942593336009635,NY
2019,OH,Ohio Valley,Q2,0.1,0.11,0.1,0.0,0.0,0.0,50.0,30.0,0.0,0.0,90.0,"[0.6277073413184102, 0.6711713782368107, 0.6117978173948023, 0.6308808475622221, 0.5757156301148316]",0.6234546029254153,0.1,,,,,,,,,,,,,,,,,35,0.4152240929570785,0.631868131868132,0.5729166666666666,0.6073865917302289,OH
2019,OR,Northwest,Q2,0.6271428571428571,2.64,0.65,0.0,0.0,0.0,30.0,37.142857142857146,35.0,0.0,41.666666666666664,"[0.6126293879997692, 0.5111935447011366, 0.36724308337355316, 0.5973367645793568, 0.5935840087121212]",0.5363973578731874,0.0425,,,,,,,,,,,,,,,,,37,0.6039838747925066,0.6523809523809524,0.66875,0.6647932557205942,OR
2019,OR,Northwest,Q3,3.965555555555555,19.27,0.15,66.0,0.0,30.0,47.5,50.0,61.666666666666664,0.0,46.666666666666664,"[0.6126293879997692, 0.5111935447011366, 0.36724308337355316, 0.5973367645793568, 0.5935840087121212]",0.5363973578731874,0.1,,OREGON,"6,000","118,000",83000.0,"8,000",7.0,19.8,16.6,15.1,12.8,0.4,35.4,"21,000",18.0,0.07,37,0.4711880483756224,0.8014652014652015,0.8154166666666669,0.8169409875551987,OR
2019,PA,Northeast,Q2,0.3555555555555555,0.74,0.6444444444444444,0.0,0.0,60.0,32.0,34.285714285714285,30.0,0.0,48.0,"[0.6465233104360686, 0.6174797441179556, 0.6204940837796971, 0.6468148303612662, 0.6022162614855637]",0.6267056460361102,0.065,,,,,,,,,,,,,,,,,38,0.5126867441308988,0.8406593406593404,0.8262499999999999,0.8434363709353673,PA
2019,PA,Northeast,Q3,0.6785714285714286,1.73,0.0,0.0,0.0,0.0,30.0,34.0,0.0,0.0,0.0,"[0.6465233104360686, 0.6174797441179556, 0.6204940837796971, 0.6468148303612662, 0.6022162614855637]",0.6267056460361102,0.0625,,PENNSYLVANIA,"1,800","20,000",19000.0,980,5.0,1.8,1.5,5.0,8.8,5.6,23.4,"1,900",10.0,0.05,38,0.4854161726345743,0.9194139194139196,0.9308333333333334,0.9373745483741468,PA
2019,PA,Northeast,Q4,4.3100000000000005,7.45,0.075,0.0,0.0,0.0,66.66666666666667,65.0,35.0,0.0,65.0,"[0.33734701621127294, 0.281971569712662, 0.3820618280162792, 0.2671561517717319, 0.30305550201424447]",0.3143184135452381,0.16999999999999998,,PENNSYLVANIA,"1,600","21,000",21000.0,"3,800",18.0,1.0,2.3,3.2,4.6,2.9,33.2,"1,100",5.0,0.18,38,0.568176428740811,0.6648351648351649,0.635,0.6555600160578081,PA
2019,SC,Southeast,Q1,2.022,2.9,0.18,0.0,0.0,0.0,45.0,56.0,0.0,0.0,0.0,"[0.37558416241507553, 0.45984487924354644, 0.44253320209250957, 0.49630081269955506, 0.47428971094634487]",0.44971055347940625,0.1425,,SOUTH CAROLINA,"2,000","13,000",12000.0,690,5.0,0.05,12.4,1.7,14.5,1.0,18.5,340,3.0,0.05,40,0.7505335546597107,0.5146520146520147,0.5,0.5078281814532317,SC
2019,SC,Southeast,Q2,3.3333333333333335,12.19,0.1527777777777778,0.0,0.0,45.0,44.166666666666664,48.75,63.333333333333336,0.0,49.166666666666664,"[0.590103751345711, 0.5383564642515173, 0.5250926481511415, 0.6010820135398574, 0.5373607369458379]",0.558399122846813,0.07,,,,,,,,,,,,,,,,,40,0.6061180934313493,0.787179487179487,0.7716666666666667,0.7880369329586511,SC
2019,SD,Northern Rockies & Plains,Q3,2.1507692307692308,6.36,0.123076923076923,60.0,0.0,30.0,58.57142857142857,54.0,60.0,30.0,52.0,,0.5997394521626145,0.13,,SOUTH DAKOTA,"1,300","255,000",255000.0,"51,000",20.0,0.3,4.0,14.0,3.5,1.5,10.4,"8,000",3.0,0.2,41,0.3481147735356888,0.9692307692307692,0.9591666666666664,0.9783219590525892,SD
2019,SD,Northern Rockies & Plains,Q4,11.435,28.43,0.3583333333333333,65.0,0.0,0.0,48.333333333333336,58.333333333333336,63.333333333333336,0.0,0.0,,0.39744168789873024,0.08249999999999999,,SOUTH DAKOTA,0,"189,000",189000.0,"7,500",4.0,3.2,11.2,5.6,6.1,1.5,12.2,40,0.05,0.04,41,0.3450320132795826,0.684981684981685,0.6070833333333333,0.6527498996386994,SD
2019,TN,Southeast,Q2,1.755294117647059,6.27,0.2088235294117646,60.0,0.0,0.0,44.285714285714285,40.0,50.0,70.0,35.714285714285715,"[0.5683664521369394, 0.6378203635365098, 0.6672530054378278, 0.45027479392172476, 0.5449999853791767]",0.5737429200824357,0.11500000000000002,,,,,,,,,,,,,,,,,42,0.3488261797486364,0.6582417582417583,0.58375,0.6270574066639903,TN
2019,TN,Southeast,Q3,3.685714285714286,10.57,0.0071428571428571,0.0,0.0,0.0,58.333333333333336,30.0,0.0,0.0,0.0,"[0.5683664521369394, 0.6378203635365098, 0.6672530054378278, 0.45027479392172476, 0.5449999853791767]",0.5737429200824357,0.1225,,TENNESSEE,"2,200","14,000",14000.0,"4,500",32.0,0.2,11.5,9.1,23.3,1.5,51.4,"2,200",16.0,0.32,42,0.2686744130898743,0.8498168498168499,0.7529166666666667,0.8137294259333601,TN
2019,TN,Southeast,Q4,3.895000000000001,5.36,0.0,0.0,0.0,0.0,35.0,30.0,0.0,0.0,0.0,"[0.4577946542396998, 0.4980353558894731, 0.5032307769024442, 0.4971214500222607, 0.2074247545939345]",0.43272139832956247,0.135,,TENNESSEE,20,"11,000",11000.0,"1,300",12.0,0.0,7.6,33.6,53.5,9.1,66.6,70,1.0,0.12,42,0.3104102442494664,0.4567765567765569,0.3754166666666667,0.416298675230831,TN
2019,TX,South,Q1,0.57,1.28,0.65,0.0,0.0,0.0,30.0,43.333333333333336,43.333333333333336,0.0,60.0,"[0.5339084003006009, 0.3250000931702546, 0.37664086655643936, 0.4501957530015117, 0.5931677675331498]",0.45578257611239126,0.11,,TEXAS,"61,000","330,000",260000.0,"17,000",5.0,5.3,6.9,8.3,6.5,3.0,26.1,"35,000",11.0,0.05,43,0.4590941427555134,0.2542124542124542,0.1866666666666667,0.2139702930549979,TX
2019,TX,South,Q2,0.2775,0.64,0.29375,0.0,0.0,50.0,32.5,50.0,40.0,0.0,64.0,"[0.4547217646730368, 0.45196823178408485, 0.44108789670288273, 0.6175095582566231, 0.5718375137245362]",0.5074249930282327,0.10250000000000001,,,,,,,,,,,,,,,,,43,0.626037467393882,0.5978021978021979,0.5679166666666667,0.586109995985548,TX
2019,TX,South,Q3,4.053333333333334,9.08,0.0,0.0,0.0,0.0,33.333333333333336,40.0,0.0,0.0,0.0,"[0.4547217646730368, 0.45196823178408485, 0.44108789670288273, 0.6175095582566231, 0.5718375137245362]",0.5074249930282327,0.0975,,TEXAS,"6,500","133,000",126000.0,"11,000",8.0,4.4,7.2,11.5,18.3,2.1,21.9,"7,000",5.0,0.08,43,0.47189945458857,0.7498168498168498,0.7095833333333333,0.7378562826174229,TX
2019,TX,South,Q4,1.242,6.17,0.37,70.0,0.0,0.0,40.0,36.25,40.0,0.0,30.0,"[0.3250000931702546, 0.37664086655643936, 0.4501957530015117, 0.5931677675331498, 0.5435337586034134]",0.45770764777295375,0.09250000000000001,,TEXAS,"8,000","240,000",129000.0,"17,500",7.0,4.6,5.8,4.9,14.0,1.4,23.1,"1,700",1.0,0.07,43,0.5667536163149158,0.3846153846153846,0.3729166666666667,0.3749498193496587,TX
2019,UT,Southwest,Q2,0.4436363636363636,2.36,0.1909090909090909,45.0,0.0,80.0,35.0,32.0,52.5,0.0,44.285714285714285,"[0.634133538409797, 0.5831921143268496, 0.5470891863421616, 0.5274426173239429, 0.6199869240562915]",0.5823688760918085,0.12000000000000001,,,,,,,,,,,,,,,,,44,0.5480199193739625,0.7695970695970695,0.7533333333333333,0.7695704536330791,UT
2019,UT,Southwest,Q3,2.58,15.25,0.0166666666666666,60.0,0.0,30.0,36.666666666666664,38.888888888888886,40.0,0.0,45.0,"[0.634133538409797, 0.5831921143268496, 0.5470891863421616, 0.5274426173239429, 0.6199869240562915]",0.5823688760918085,0.165,,UTAH,"3,500","29,000",24000.0,"2,800",10.0,5.5,0.6,0.2,4.9,4.6,29.4,"1,700",6.0,0.1,44,0.4368034147498221,0.8652014652014652,0.8616666666666667,0.8743476515455639,UT
2019,UT,Southwest,Q4,0.7875,1.24,0.025,50.0,0.0,0.0,50.0,35.0,60.0,0.0,30.0,"[0.410084751849895, 0.2945708173363152, 0.34141444006185795, 0.29757299743574894, 0.37830629126179616]",0.34438985958912266,0.08,,UTAH,970,"32,000",30000.0,"4,400",14.0,2.0,0.2,10.3,2.0,0.3,22.1,90,0.05,0.14,44,0.4986957552762627,0.5681318681318681,0.5408333333333333,0.5568044961862706,UT
2019,VA,Southeast,Q2,3.836666666666667,6.6,0.1555555555555555,0.0,0.0,0.0,36.25,36.666666666666664,40.0,0.0,50.0,"[0.6061529338040524, 0.6118105632718243, 0.5747034620502469, 0.5708663801852433, 0.5470098213395973]",0.5821086321301928,0.0675,,,,,,,,,,,,,,,,,46,0.5688878349537586,0.7366300366300366,0.7054166666666666,0.7286230429546368,VA
2019,VA,Southeast,Q3,3.26,6.09,0.41875,40.0,0.0,45.0,51.25,61.25,40.0,0.0,70.0,"[0.6061529338040524, 0.6118105632718243, 0.5747034620502469, 0.5708663801852433, 0.5470098213395973]",0.5821086321301928,0.09250000000000001,,VIRGINIA,350,"9,000",9000.0,570,6.0,0.9,2.7,1.3,18.3,3.1,37.9,820,9.0,0.06,46,0.4417832582404553,0.8443223443223443,0.8150000000000001,0.8402248093135287,VA
2019,VA,Southeast,Q4,9.875714285714285,21.29,0.3642857142857143,70.0,0.0,43.333333333333336,48.57142857142857,54.285714285714285,50.0,0.0,60.0,"[0.42557748938192586, 0.39771100461799935, 0.4203399005418864, 0.42580295083405495, 0.22776221455862578]",0.37943871198689844,0.12,,VIRGINIA,10,"8,000",8000.0,"1,200",15.0,0.4,5.3,0.0,18.6,6.0,37.7,190,2.0,0.15,46,0.5283376808157457,0.5373626373626375,0.4941666666666666,0.5178643115214774,VA
2019,VT,Northeast,Q2,0.392,1.44,0.245,0.0,0.0,80.0,40.0,38.57142857142857,0.0,0.0,60.0,"[0.5498691289778933, 0.7156017705027395, 0.6340979673182162, 0.5526429978599925, 0.6220355269907728]",0.6148494783299229,0.03,,,,,,,,,,,,,,,,,45,0.3772824282665402,0.6329670329670329,0.6020833333333334,0.6218386190285027,VT
2019,VT,Northeast,Q3,3.9566666666666666,12.54,0.1333333333333333,70.0,0.0,0.0,52.5,48.75,40.0,0.0,80.0,"[0.5498691289778933, 0.7156017705027395, 0.6340979673182162, 0.5526429978599925, 0.6220355269907728]",0.6148494783299229,0.024999999999999998,,VERMONT,80,"7,000",7000.0,120,2.0,0.7,0.5,0.0,4.3,0.1,22.2,490,7.0,0.02,45,0.3559402418781124,0.732967032967033,0.7050000000000001,0.7258129265355279,VT
2019,VT,Northeast,Q4,5.3525,13.95,0.0125,55.0,0.0,30.0,40.0,55.0,30.0,0.0,0.0,"[0.35049563368987124, 0.48577915549534856, 0.600792957458741, 0.43037534819797474, 0.3168699489360268]",0.4368626087555924,0.07250000000000001,,VERMONT,100,"7,000",7000.0,190,3.0,0.6,0.6,0.8,1.3,0.9,21.0,270,4.0,0.03,45,0.4922930993597344,0.4175824175824176,0.45125,0.4311521477318347,VT
2019,WA,Northwest,Q3,2.697142857142857,11.89,0.019047619047619,0.0,0.0,35.0,38.0,42.38095238095238,42.0,30.0,35.0,"[0.6565403465631865, 0.6317701528406707, 0.5497635219026615, 0.6210008563635097, 0.6308837762541577]",0.6179917307848373,0.1275,,WASHINGTON,"12,000","97,000",85000.0,"21,000",22.0,2.5,9.4,4.6,0.9,0.3,47.3,"10,000",10.0,0.22,47,0.603272468579559,0.7619047619047619,0.7675,0.7723805700521879,WA
2019,WA,Northwest,Q4,3.473333333333333,7.69,0.0166666666666666,0.0,0.0,30.0,30.0,75.0,60.0,0.0,0.0,"[0.39968806860383077, 0.4161596406401906, 0.30080770669743606, 0.3561695335478475, 0.417133902043607]",0.3779917703065824,0.09,,WASHINGTON,810,"93,000",89000.0,"12,500",13.0,0.6,2.9,19.6,2.3,3.2,40.3,100,0.05,0.13,47,0.4531657576476168,0.3575091575091575,0.3766666666666666,0.3621035728623043,WA
2019,WI,Upper Midwest,Q2,1.7111111111111112,5.05,0.9333333333333332,40.0,0.0,50.0,32.5,52.5,30.0,0.0,38.333333333333336,"[0.6180953589792463, 0.46232942651916187, 0.6144703298326177, 0.5271789352795963, 0.45976608902121985]",0.5363680279263684,0.08,,,,,,,,,,,,,,,,,49,0.5760018970832346,0.7476190476190476,0.8208333333333334,0.7900441589723002,WI
2019,WI,Upper Midwest,Q3,0.6690909090909091,1.57,0.1954545454545454,0.0,0.0,0.0,33.333333333333336,40.0,38.0,0.0,50.0,"[0.6180953589792463, 0.46232942651916187, 0.6144703298326177, 0.5271789352795963, 0.45976608902121985]",0.5363680279263684,0.155,,WISCONSIN,"2,400","63,000",63000.0,"6,500",10.0,13.9,6.5,18.1,20.5,3.9,46.4,"10,000",16.0,0.1,49,0.6075409058572444,0.7835164835164835,0.8691666666666666,0.8329987956643917,WI
2019,WI,Upper Midwest,Q4,3.335,6.83,0.0,0.0,0.0,0.0,43.333333333333336,55.0,90.0,0.0,30.0,"[0.23628191973579082, 0.3452087536530747, 0.49752596213320766, 0.28790843618723516, 0.18545243329832573]",0.3104755010015268,0.15000000000000002,,WISCONSIN,"1,800","46,000",46000.0,"8,500",18.0,14.8,22.0,14.1,22.1,7.3,40.0,"3,000",7.0,0.18,49,0.6293573630543041,0.7516483516483518,0.8333333333333334,0.7980730630268968,WI
2019,WV,Ohio Valley,Q2,1.6862499999999998,7.93,0.49375,0.0,0.0,30.0,47.5,38.0,0.0,0.0,45.0,"[0.7244404312438489, 0.7371712584810766, 0.6703657426278684, 0.6144501995219701, 0.6614169998777533]",0.6815689263505035,0.0975,,,,,,,,,,,,,,,,,48,0.4014702395067583,0.5787545787545788,0.5066666666666666,0.5459654757125653,WV
2019,WV,Ohio Valley,Q3,3.246,11.43,0.0349999999999999,80.0,0.0,60.0,51.42857142857143,44.44444444444444,90.0,0.0,35.0,"[0.7244404312438489, 0.7371712584810766, 0.6703657426278684, 0.6144501995219701, 0.6614169998777533]",0.6815689263505035,0.060000000000000005,,WEST VIRGINIA,200,"10,000",10000.0,"1,100",11.0,0.7,6.9,2.7,10.7,0.3,33.7,"1,100",11.0,0.11,48,0.3281953995731562,0.7728937728937728,0.66125,0.7270172621437175,WV
2019,WV,Ohio Valley,Q4,10.476666666666668,31.84,0.125,0.0,0.0,0.0,58.333333333333336,60.0,50.0,0.0,90.0,"[0.27959223923381293, 0.42264973081037427, 0.4023856953328032, 0.5774228726357418, 0.26620061429465725]",0.38965023046147784,0.1325,,WEST VIRGINIA,30,"8,000",7500.0,"1,500",19.0,1.1,6.1,0.4,10.7,2.2,65.8,"1,600",20.0,0.19,48,0.2992648802466208,0.3673992673992674,0.2875,0.3247691690084304,WV
2020,AK,Northwest,Q2,0.0275,0.11,1.5375,0.0,0.0,0.0,30.0,45.0,30.0,0.0,55.0,,0.5966628331056228,,,,,,,,,,,,,,,,,,2,0.2383210813374436,0.8571428571428571,0.7233333333333334,0.8032918506623846,AK
2020,AK,Northwest,Q3,1.6049999999999998,5.8,0.1583333333333333,0.0,0.0,90.0,30.0,45.0,0.0,0.0,50.0,,0.5991627851710898,,,,,,,,,,,,,,,,,,2,0.2599004031301873,0.9794871794871794,0.8833333333333332,0.9474106784423926,AK
2020,AL,Southeast,Q2,3.37,10.12,0.05,0.0,0.0,0.0,71.0,55.45454545454545,40.0,40.0,30.0,"[0.5380593963084517, 0.6346698267892901, 0.603850651181473, 0.6208510537863248, 0.558150479790136]",0.591116281571135,0.0975,,ALABAMA,"4,700","8,500",8500.0,"4,100",48.0,1.6,7.9,7.7,18.0,9.5,28.5,"2,600",31.0,0.48,1,0.603272468579559,0.8091575091575091,0.7883333333333334,0.8081091930951425,AL
2020,AL,Southeast,Q3,2.033333333333333,4.34,0.0666666666666666,0.0,0.0,0.0,58.57142857142857,44.44444444444444,70.0,0.0,30.0,"[0.5380593963084517, 0.6346698267892901, 0.603850651181473, 0.6208510537863248, 0.558150479790136]",0.591116281571135,0.14800000000000002,,ALABAMA,"1,800","19,000",9000.0,"3,700",19.0,0.0,5.4,12.0,29.1,11.7,64.9,990,5.0,0.19,1,0.6312544462888309,0.8890109890109891,0.9270833333333331,0.918908069048575,AL
2020,AL,Southeast,Q4,3.8166666666666664,6.53,0.0999999999999999,70.0,0.0,0.0,60.0,56.666666666666664,0.0,0.0,0.0,"[0.40553935483783576, 0.5625551181104549, 0.4962546293053993, 0.38414814746279746, 0.5424164381783556]",0.4781827375789686,0.10800000000000001,,ALABAMA,750,"17,000",17000.0,"1,100",6.0,15.4,2.3,2.0,43.2,16.9,50.8,60,0.05,0.06,1,0.5036755987668959,0.676923076923077,0.63375,0.6611802488960258,AL
2020,AR,South,Q2,2.8049999999999997,5.08,0.025,90.0,0.0,90.0,58.333333333333336,76.66666666666667,40.0,0.0,70.0,"[0.4008138749991841, 0.5906498228074555, 0.4630965579152533, 0.2784445954503131, 0.5299442788855975]",0.4525898260115607,0.12250000000000001,,ARKANSAS,"4,900","17,000",17000.0,"1,800",11.0,5.1,2.1,24.6,15.3,12.4,40.5,800,5.0,0.11,4,0.3056675361631492,0.7703296703296703,0.6979166666666667,0.7430750702529105,AR
2020,AR,South,Q3,3.158666666666667,12.16,0.0299999999999999,45.0,0.0,0.0,61.53846153846154,62.142857142857146,40.0,0.0,36.666666666666664,"[0.4008138749991841, 0.5906498228074555, 0.4630965579152533, 0.2784445954503131, 0.5299442788855975]",0.4525898260115607,0.14799999999999996,,ARKANSAS,"1,500","22,000",19000.0,"1,700",8.0,3.9,1.3,13.9,15.6,8.6,33.9,390,2.0,0.08,4,0.230732748399336,0.9260073260073258,0.8354166666666668,0.895222802087515,AR
2020,AR,South,Q4,8.866666666666667,14.65,0.0,0.0,0.0,0.0,35.0,53.333333333333336,0.0,0.0,0.0,"[0.5293951481830299, 0.5573421796173189, 0.6166099221325245, 0.7200668417292886, 0.4973753100499654]",0.5841578803424254,0.14999999999999997,,ARKANSAS,380,"23,000",22000.0,"2,100",9.0,1.7,5.9,12.8,12.9,5.7,43.1,780,3.0,0.09,4,0.2990277448423049,0.6575091575091577,0.58375,0.6266559614612606,AR
2020,CA,West,Q1,0.3994444444444445,2.0,1.2029411764705882,50.0,0.0,42.5,41.333333333333336,38.333333333333336,50.0,60.0,45.714285714285715,"[0.5549639308138364, 0.5680183766155993, 0.5005514018307703, 0.5636656987837101, 0.40948860832012424]",0.5193376032728081,0.14200000000000002,,CALIFORNIA,"240,000","1,710,000",1350000.0,"230,000",13.0,5.0,5.3,5.3,6.0,4.2,22.4,"66,000",4.0,0.13,5,0.3011619634811477,0.4003663003663004,0.2933333333333333,0.3456443195503813,CA
2020,CA,West,Q2,1.15,5.41,0.5,50.0,0.0,80.0,43.52941176470589,52.35294117647059,50.0,0.0,47.142857142857146,"[0.6835331719735213, 0.5922085165388457, 0.6110184661469438, 0.45234010022626414, 0.6835394567959421]",0.6045279423363035,0.0925,,CALIFORNIA,"175,000","1,200,000",1200000.0,"100,000",8.0,3.9,7.6,5.5,4.8,3.1,33.6,"240,000",20.0,0.08,5,0.2978420678207256,0.6890109890109891,0.5599999999999999,0.6322761942994781,CA
2020,CA,West,Q3,2.0925,3.7,0.425,70.0,0.0,0.0,42.5,65.0,60.0,0.0,30.0,"[0.6835331719735213, 0.5922085165388457, 0.6110184661469438, 0.45234010022626414, 0.6835394567959421]",0.6045279423363035,0.10600000000000001,,CALIFORNIA,"61,000","700,000",640000.0,"69,000",10.0,7.3,8.1,6.3,11.4,3.6,33.9,"108,000",15.0,0.1,5,0.3120701920796775,0.82014652014652,0.6958333333333334,0.7695704536330791,CA
2020,DE,Northeast,Q2,1.968888888888889,3.88,0.0,60.0,0.0,50.0,35.714285714285715,47.77777777777778,60.0,0.0,30.0,"[0.5252873367224586, 0.5862716215061249, 0.5622258668603275, 0.5791872942349134, 0.614305392080065]",0.5734555022807779,,,,,,,,,,,,,,,,,,8,0.6234289779464074,0.8780219780219781,0.8933333333333333,0.8968285828984343,DE
2020,DE,Northeast,Q3,2.533333333333333,5.4,0.0033333333333333,45.0,0.0,80.0,45.0,52.0,43.333333333333336,0.0,36.666666666666664,"[0.5252873367224586, 0.5862716215061249, 0.5622258668603275, 0.5791872942349134, 0.614305392080065]",0.5734555022807779,,,,,,,,,,,,,,,,,,8,0.8240455299976287,0.9201465201465202,0.9870833333333332,0.9646728221597752,DE
2020,FL,Southeast,Q1,2.67,7.11,1.3,50.0,0.0,0.0,63.333333333333336,53.333333333333336,30.0,0.0,0.0,"[0.500537461189412, 0.3951952599309405, 0.415699816766153, 0.5146929795869115, 0.4703450640794158]",0.45929411631056655,0.136,,FLORIDA,"41,000","305,000",295000.0,"30,000",10.0,5.5,8.7,5.3,14.2,10.9,28.0,"8,000",3.0,0.1,9,0.6782072563433721,0.6454212454212455,0.6291666666666667,0.641910879164994,FL
2020,FL,Southeast,Q3,0.852,1.72,0.13,70.0,0.0,0.0,46.0,44.0,35.0,0.0,0.0,"[0.43099825917408663, 0.3674299998289142, 0.4192598682350269, 0.27178091874558086, 0.4638720720945291]",0.39066822361562753,0.142,,FLORIDA,"36,000","230,000",220000.0,"29,000",13.0,12.8,7.9,14.8,19.9,10.9,42.2,"31,000",13.0,0.13,9,0.6374199668010434,0.8934065934065933,0.9287500000000002,0.9221196306704136,FL
2020,FL,Southeast,Q4,1.5045454545454546,9.74,0.8045454545454546,43.333333333333336,0.0,65.0,41.81818181818182,40.90909090909091,45.0,0.0,50.0,"[0.3951952599309405, 0.415699816766153, 0.5146929795869115, 0.4703450640794158, 0.3818891129398463]",0.43556444666065347,0.148,,FLORIDA,"50,000","290,000",240000.0,"29,000",10.0,10.4,2.3,19.6,21.7,7.5,45.7,"17,500",6.0,0.1,9,0.4524543514346692,0.6897435897435896,0.6533333333333333,0.6776395022079487,FL
2020,GA,Southeast,Q3,1.261904761904762,6.76,0.1333333333333333,42.857142857142854,0.0,30.0,53.333333333333336,44.0,43.333333333333336,0.0,43.333333333333336,"[0.5908829631415489, 0.5534105689291203, 0.5088435667794662, 0.46831579532686474, 0.5502381582596025]",0.5343382104873206,0.122,,GEORGIA,"22,000","163,000",150000.0,"23,000",14.0,3.5,5.3,3.4,22.5,13.0,49.6,"35,000",21.0,0.14,10,0.2584775907042921,0.7945054945054945,0.6625,0.739462063428342,GA
2020,GA,Southeast,Q4,5.57,11.19,0.05,0.0,0.0,0.0,53.333333333333336,56.666666666666664,0.0,0.0,60.0,"[0.43481932209003626, 0.4601177274469421, 0.4585543577183665, 0.2734915213595758, 0.3713251075065158]",0.3996616072242873,0.132,,GEORGIA,"11,000","174,000",165000.0,"30,000",17.0,1.8,1.9,7.5,12.9,6.7,35.5,"11,000",6.0,0.17,10,0.3651885226464311,0.4186813186813186,0.3708333333333333,0.3926134082697712,GA
2020,HI,Hawaii,Q1,0.6775,2.71,2.1999999999999997,50.0,0.0,0.0,55.0,50.0,0.0,0.0,0.0,,,0.03599999999999999,,HAWAII,"1,300","16,000",16000.0,"1,800",11.0,0.05,0.05,0.0,60.8,0.05,75.3,"2,200",14.0,0.11,11,0.4707137775669908,0.402930402930403,0.4195833333333333,0.4078683259735046,HI
2020,HI,Hawaii,Q3,0.0,0.0,0.0,0.0,0.0,0.0,30.0,30.0,0.0,0.0,0.0,,,0.084,,HAWAII,"4,000","18,500",18500.0,500,3.0,0.05,0.5,0.05,63.5,0.05,62.7,"3,400",18.0,0.03,11,0.4818591415698364,0.8274725274725274,0.8329166666666665,0.8398233641107987,HI
2020,ID,Northwest,Q2,0.0,0.0,2.2,0.0,0.0,0.0,0.0,30.0,0.0,0.0,50.0,"[0.6322420610791056, 0.6865782146249193, 0.6457316372091717, 0.5949918265598092, 0.7046019043663044]",0.652829128767862,0.0925,,IDAHO,"22,000","81,000",48000.0,"18,000",22.0,11.1,6.9,8.6,10.9,5.8,44.2,"29,000",36.0,0.22,12,0.5022527863410008,0.7047619047619047,0.6812499999999999,0.6993175431553592,ID
2020,ID,Northwest,Q3,2.679444444444444,7.9,0.0833333333333333,40.0,0.0,40.0,42.0,45.0,45.0,0.0,30.0,"[0.6322420610791056, 0.6865782146249193, 0.6457316372091717, 0.5949918265598092, 0.7046019043663044]",0.652829128767862,0.10800000000000001,,IDAHO,"18,500","85,000",70000.0,"11,000",13.0,6.7,9.0,10.9,2.6,3.8,45.0,"8,500",10.0,0.13,12,0.4496087265828788,0.8260073260073258,0.81875,0.8317944600562023,ID
2020,ID,Northwest,Q4,4.86,4.86,0.0,30.0,0.0,30.0,50.0,70.0,0.0,0.0,0.0,"[0.46083613398280787, 0.5688003390164691, 0.5484271082310324, 0.5558390927100565, 0.47947169080789553]",0.5226748729496522,0.096,,IDAHO,"8,000","180,000",94000.0,"19,000",11.0,4.3,4.8,4.8,8.9,5.4,52.1,"1,700",1.0,0.11,12,0.445814560113825,0.517948717948718,0.4987499999999999,0.509433962264151,ID
2020,IL,Ohio Valley,Q3,3.902173913043478,11.57,0.0195652173913043,45.0,0.0,30.0,47.64705882352941,55.45454545454545,0.0,0.0,45.0,"[0.569355662460836, 0.5992852173391587, 0.5742144876344244, 0.5832774086747812, 0.6939289980424842]",0.6040123548303369,0.086,,ILLINOIS,770,"14,000",14000.0,"1,400",10.0,1.8,6.6,4.9,15.6,8.4,28.1,690,5.0,0.1,13,0.421389613469291,0.8117216117216116,0.7970833333333334,0.8133279807306303,IL
2020,IN,Ohio Valley,Q3,2.485,5.74,0.0399999999999999,70.0,0.0,0.0,47.5,56.0,60.0,0.0,42.5,"[0.5091796444363835, 0.5597956107599333, 0.6381111810156421, 0.5995285796831864, 0.49862574179661867]",0.5610481515383527,0.07799999999999999,,INDIANA,"1,200","15,000",15000.0,"1,600",11.0,1.7,0.7,24.5,12.0,1.3,41.4,"2,700",18.0,0.11,14,0.4550628408821437,0.8717948717948719,0.8341666666666668,0.8647129666800484,IN
2020,IN,Ohio Valley,Q4,3.1808333333333336,10.24,0.0375,68.33333333333333,0.0,0.0,54.54545454545455,55.833333333333336,46.666666666666664,0.0,50.0,"[0.33089705966131455, 0.4807030452120912, 0.39911704212247645, 0.39588172782101794, 0.3602738369428483]",0.3933745423519497,0.17,,INDIANA,240,"11,000",10000.0,930,8.0,0.05,2.4,1.9,4.1,5.7,26.3,260,2.0,0.08,14,0.3051932653545174,0.567032967032967,0.4699999999999999,0.5222802087515055,IN
2020,KY,Ohio Valley,Q2,0.9618181818181818,3.66,0.2,0.0,0.0,75.0,36.0,33.0,70.0,0.0,52.5,"[0.5620721270371019, 0.599026762551642, 0.3431305182458564, 0.4650717448544166, 0.67482807178027]",0.5288258448938574,0.1175,,KENTUCKY,"4,200","11,000",11000.0,"1,200",11.0,0.05,2.9,1.2,10.9,3.2,18.3,"3,500",32.0,0.11,17,0.4415461228361395,0.6021978021978023,0.5533333333333333,0.5816940987555199,KY
2020,KY,Ohio Valley,Q3,2.661,8.81,0.005,60.0,0.0,35.0,37.5,46.0,70.0,0.0,30.0,"[0.5620721270371019, 0.599026762551642, 0.3431305182458564, 0.4650717448544166, 0.67482807178027]",0.5288258448938574,0.132,,KENTUCKY,800,"12,000",11500.0,"1,400",12.0,1.4,2.4,1.6,4.0,5.1,23.3,510,4.0,0.12,17,0.4078728954232867,0.7450549450549451,0.7241666666666666,0.7418707346447211,KY
2020,KY,Ohio Valley,Q4,8.175,14.33,0.1,0.0,0.0,0.0,85.0,75.0,30.0,0.0,0.0,"[0.3455522276052482, 0.4817540364379378, 0.4023856953328032, 0.3889014837943654, 0.47092270893301424]",0.41790323042067373,0.144,,KENTUCKY,380,"11,500",11500.0,"1,100",10.0,0.0,8.2,0.0,8.8,9.0,23.8,520,5.0,0.1,17,0.5885700735119753,0.410989010989011,0.4170833333333333,0.4110798875953433,KY
2020,LA,South,Q2,0.485,0.51,2.525,0.0,0.0,30.0,50.0,40.0,80.0,0.0,80.0,"[0.6648361568395025, 0.7466640481936843, 0.45518830043228176, 0.5117663540647206]",0.5946137148825472,0.0475,,LOUISIANA,"2,300","53,000",53000.0,"1,800",3.0,0.5,3.5,0.05,4.7,1.3,23.7,"4,700",9.0,0.03,18,0.5001185677021579,0.7095238095238094,0.7104166666666666,0.7157767964672823,LA
2020,LA,South,Q3,2.217857142857143,7.7,0.0357142857142857,57.5,0.0,0.0,55.45454545454545,57.142857142857146,34.0,0.0,53.333333333333336,"[0.6648361568395025, 0.7466640481936843, 0.45518830043228176, 0.5117663540647206]",0.5946137148825472,0.1,,LOUISIANA,"1,200","48,000",48000.0,"2,600",5.0,4.7,3.6,0.8,14.4,3.4,27.2,"3,100",6.0,0.05,18,0.6371828313967276,0.8468864468864469,0.8804166666666667,0.8731433159373746,LA
2020,LA,South,Q4,4.146249999999999,10.45,0.61875,60.0,0.0,0.0,53.75,50.0,45.0,0.0,30.0,"[0.5164798364840173, 0.6263246244147752, 0.4914244462182161, 0.5485673148803769]",0.5456990554993464,0.052000000000000005,,LOUISIANA,30,"52,000",46000.0,"1,700",3.0,0.0,2.9,0.05,2.9,0.05,22.2,620,1.0,0.03,18,0.5776618449134455,0.571062271062271,0.5625,0.5688478522681654,LA
2020,MA,Northeast,Q3,3.792631578947368,19.64,0.031578947368421,0.0,0.0,55.0,51.333333333333336,51.111111111111114,50.0,0.0,32.0,"[0.6284450278288114, 0.636851238947836, 0.5886233243962788, 0.38911104798056606, 0.6348516283298893]",0.5755764534966763,0.10400000000000001,,MASSACHUSETTS,840,"11,000",11000.0,330,3.0,1.5,1.2,0.8,1.6,0.7,29.7,810,7.0,0.03,21,0.4851790372302585,0.7619047619047619,0.74375,0.7607386591730229,MA
2020,MA,Northeast,Q4,6.098,13.95,0.05,0.0,0.0,50.0,68.0,78.0,60.0,0.0,30.0,"[0.29502443893245944, 0.29711815275718, 0.3557501144292573, 0.23253626055294607, 0.4942889641768481]",0.3349435861697382,0.13999999999999999,,MASSACHUSETTS,270,"10,000",10000.0,390,4.0,0.05,0.05,0.05,1.2,0.9,17.4,90,1.0,0.04,21,0.3132558691012568,0.3655677655677655,0.3429166666666666,0.3504616619831392,MA
2020,MD,Northeast,Q3,1.771304347826087,8.11,0.0152173913043478,55.0,0.0,50.0,41.53846153846154,43.63636363636363,33.333333333333336,0.0,33.333333333333336,"[0.5955636351238915, 0.5810559606794037, 0.4811842798697624, 0.49621317048711644, 0.582481733176231]",0.5472997558672811,0.094,,MARYLAND,"1,200","7,500",7500.0,690,9.0,0.05,0.6,0.05,4.8,2.9,17.6,220,3.0,0.09,20,0.4832819539957315,0.772161172161172,0.75875,0.7739863508631072,MD
2020,MI,Upper Midwest,Q2,0.0,0.0,0.0,0.0,0.0,0.0,70.0,30.0,0.0,0.0,0.0,"[0.6949365484000654, 0.5902130230183296, 0.6297179550038947, 0.6396935337901737, 0.581458120417396]",0.6272038361259719,0.0925,,MICHIGAN,"11,000","85,000",64000.0,"1,500",2.0,2.2,3.2,6.0,11.5,1.1,38.0,"10,000",12.0,0.02,22,0.6371828313967276,0.8150183150183149,0.81125,0.8221597751906863,MI
2020,MI,Upper Midwest,Q3,6.966666666666668,18.78,0.0,0.0,0.0,70.0,50.0,46.666666666666664,30.0,0.0,0.0,"[0.6949365484000654, 0.5902130230183296, 0.6297179550038947, 0.6396935337901737, 0.581458120417396]",0.6272038361259719,0.11599999999999999,,MICHIGAN,"37,000","106,000",96000.0,"34,000",32.0,3.4,5.9,8.9,14.5,1.0,53.1,"11,000",10.0,0.32,22,0.5634337206544937,0.8967032967032966,0.9379166666666666,0.927739863508631,MI
2020,MI,Upper Midwest,Q4,5.4025,18.55,0.29,73.07692307692308,0.0,47.5,71.0,71.0,63.84615384615385,40.0,60.0,"[0.5352922344171596, 0.36145532064260255, 0.35171414390381683, 0.2641354753492625, 0.3623154353365411]",0.3749825219298765,0.10600000000000001,,MICHIGAN,"2,400","101,000",97000.0,"10,500",10.0,5.3,3.6,3.1,5.4,4.3,42.9,"1,600",2.0,0.1,22,0.5304718994545886,0.678754578754579,0.6308333333333334,0.6611802488960257,MI
2020,MN,Upper Midwest,Q2,0.258,1.1,0.4899999999999999,0.0,0.0,0.0,30.0,30.0,61.666666666666664,0.0,36.666666666666664,"[0.6492459677107155, 0.30568688110427644, 0.5640315456931718, 0.4743425169621531, 0.5446791535952569]",0.5075972130131148,0.09000000000000001,,MINNESOTA,"9,000","126,000",59000.0,"13,000",10.0,0.7,4.4,8.8,2.9,0.05,20.6,"2,600",2.0,0.1,23,0.5553711169077543,0.735897435897436,0.7245833333333332,0.737454837414693,MN
2020,MN,Upper Midwest,Q3,7.6,26.9,0.0285714285714285,47.5,0.0,0.0,40.0,61.42857142857143,0.0,0.0,45.0,"[0.6492459677107155, 0.30568688110427644, 0.5640315456931718, 0.4743425169621531, 0.5446791535952569]",0.5075972130131148,0.194,,MINNESOTA,"1,800","119,000",114000.0,"10,500",9.0,0.05,2.2,8.2,3.7,1.7,46.3,"3,700",3.0,0.09,23,0.5055726820014228,0.8454212454212454,0.8541666666666667,0.8598956242472902,MN
2020,MN,Upper Midwest,Q4,1.7671428571428571,7.8,0.0071428571428571,30.0,0.0,30.0,48.333333333333336,45.714285714285715,30.0,0.0,0.0,"[0.2284380012671936, 0.3602341232588967, 0.47769352478257165, 0.1864175137599987, 0.21219966322083195]",0.2929965652578985,0.11600000000000002,,MINNESOTA,"1,200","105,000",99000.0,"9,500",9.0,1.0,1.8,19.2,1.6,2.6,17.2,340,0.05,0.09,23,0.4218638842779226,0.5564102564102564,0.50625,0.5339221196306705,MN
2020,MT,Northern Rockies & Plains,Q2,0.0783333333333333,0.39,2.0500000000000003,0.0,0.0,0.0,30.0,41.666666666666664,46.666666666666664,0.0,46.666666666666664,"[0.550981903845898, 0.5898484437852021, 0.4522774424948339, 0.683772233983162]",0.569220006027274,0.03,,MONTANA,"18,000","120,000",48000.0,"2,000",2.0,5.9,4.6,0.0,5.6,0.05,12.1,"16,000",13.0,0.02,26,0.2705714963244012,0.7153846153846153,0.6025,0.6668004817342433,MT
2020,MT,Northern Rockies & Plains,Q3,1.2385714285714284,7.35,0.1428571428571428,0.0,0.0,80.0,40.0,43.0,42.857142857142854,40.0,40.0,"[0.550981903845898, 0.5898484437852021, 0.4522774424948339, 0.683772233983162]",0.569220006027274,0.098,0.4723671385085909,MONTANA,"6,500","139,000",138000.0,"8,500",6.0,0.9,8.6,0.05,2.1,1.2,36.6,"28,000",20.0,0.06,26,0.2331041024424947,0.898168498168498,0.7579166666666668,0.8426334805299077,MT
2020,ND,Northern Rockies & Plains,Q2,0.4346666666666666,1.55,0.4033333333333333,50.0,0.0,55.0,31.666666666666668,32.0,30.0,0.0,52.857142857142854,,0.612690479744359,0.05,0.4723671385085909,NORTH DAKOTA,"53,000","415,000",67000.0,"20,000",5.0,2.5,3.0,3.1,1.7,1.9,28.8,"38,000",9.0,0.05,34,0.4652596632677259,0.8043956043956043,0.7608333333333334,0.7924528301886791,ND
2020,ND,Northern Rockies & Plains,Q3,2.6,7.11,0.2875,0.0,0.0,0.0,50.0,40.0,30.0,0.0,30.0,,0.5997394521626145,0.138,,NORTH DAKOTA,"57,000","495,000",455000.0,"53,000",11.0,12.3,9.3,4.1,15.9,1.4,61.3,"33,000",7.0,0.11,34,0.5093668484704766,0.9,0.8895833333333332,0.9064632677639504,ND
2020,ND,Northern Rockies & Plains,Q4,1.505,6.9,0.175,0.0,0.0,0.0,54.0,55.0,55.0,0.0,30.0,,0.39744168789873024,0.086,,NORTH DAKOTA,"12,500","445,000",445000.0,"45,000",10.0,5.1,1.1,11.5,0.5,5.5,60.2,,0.0,0.1,34,0.3824994071614892,0.6216117216117217,0.54375,0.5873143315937376,ND
2020,NE,Northern Rockies & Plains,Q2,1.0811111111111111,3.91,0.9333333333333332,0.0,0.0,50.0,34.0,46.666666666666664,62.0,0.0,30.0,"[0.7914855859429253, 0.4649537311559667, 0.6355655065721687]",0.6306682745570202,0.07,,NEBRASKA,"7,000","41,000",16500.0,"1,900",5.0,4.8,0.05,12.2,1.1,2.7,17.5,"1,100",3.0,0.05,27,0.4628883092245672,0.6256410256410256,0.5729166666666667,0.6041750301083902,NE
2020,NE,Northern Rockies & Plains,Q3,3.8453333333333335,22.12,0.0433333333333333,50.0,0.0,50.0,50.833333333333336,56.666666666666664,50.0,0.0,58.57142857142857,"[0.7914855859429253, 0.4649537311559667, 0.6355655065721687]",0.6306682745570202,0.11000000000000001,,NEBRASKA,"3,000","48,000",47000.0,"4,300",9.0,3.3,21.4,19.8,0.8,0.05,23.4,"3,100",6.0,0.09,27,0.4384633625800332,0.7692307692307693,0.7370833333333333,0.7611401043757526,NE
2020,NV,Southwest,Q3,6.728823529411764,22.68,0.0823529411764705,0.0,0.0,0.0,57.27272727272727,53.125,60.0,0.0,47.142857142857146,"[0.5232687053772038, 0.41326130596153177, 0.5750817072006013]",0.5038705728464455,,0.5185562551344148,,,,,,,,,,,,,,,,28,0.6338629357363055,0.8369963369963369,0.8666666666666668,0.8615014050582096,NV
2020,NV,Southwest,Q4,19.119999999999997,33.76,0.0,0.0,0.0,0.0,50.0,85.0,80.0,0.0,65.0,"[0.23988304993390808, 0.46784791580980856, 0.19039380877246892]",0.2993749248387285,,0.5185562551344148,,,,,,,,,,,,,,,,28,0.5693621057623903,0.5501831501831503,0.5445833333333333,0.548775592131674,NV
2020,NY,Northeast,Q2,0.57,0.57,0.15,0.0,0.0,0.0,50.0,30.0,30.0,0.0,90.0,"[0.7794321675109698, 0.6716420702325703, 0.5010263851915313, 0.6386323310272888, 0.6784793514777623]",0.6538424610880245,0.0525,0.37833815772725055,NEW YORK,"6,000","58,000",34000.0,"4,000",7.0,0.6,3.5,0.05,2.5,0.5,20.7,"2,800",5.0,0.07,32,0.3369694095328432,0.6377289377289378,0.5599999999999999,0.6041750301083902,NY
2020,NY,Northeast,Q3,2.4305,11.05,0.2,50.0,0.0,50.0,46.0,48.333333333333336,30.0,0.0,45.0,"[0.7794321675109698, 0.6716420702325703, 0.5010263851915313, 0.6386323310272888, 0.6784793514777623]",0.6538424610880245,0.124,0.37833815772725055,NEW YORK,"5,500","61,000",61000.0,"3,600",6.0,6.3,2.1,3.3,7.8,1.1,18.2,"1,600",3.0,0.06,32,0.3815508655442257,0.7879120879120878,0.7187499999999999,0.7631473303894019,NY
2020,NY,Northeast,Q4,5.650000000000001,11.88,0.15,65.0,0.0,0.0,76.66666666666667,73.33333333333333,50.0,0.0,0.0,"[0.46812485029080286, 0.36531200238699735, 0.3165805612555167, 0.3940035986756364, 0.3845120020669216]",0.385706602935175,0.11600000000000002,0.3980962405888959,NEW YORK,"2,400","52,000",52000.0,"4,100",8.0,0.05,4.5,0.05,7.2,4.1,19.2,"5,000",10.0,0.08,32,0.2478064975100782,0.3820512820512821,0.3183333333333333,0.3472501003613006,NY
2020,OR,Northwest,Q2,1.90375,5.65,0.175,0.0,0.0,0.0,30.0,42.5,33.333333333333336,0.0,45.714285714285715,"[0.5111935447011366, 0.36724308337355316, 0.5973367645793568, 0.5935840087121212, 0.6894228335218385]",0.5517560469776013,0.0425,0.3980962405888959,OREGON,"11,000","96,000",89000.0,"2,500",3.0,7.5,5.9,2.2,1.7,0.7,28.0,"19,000",20.0,0.03,37,0.4967986720417358,0.6454212454212455,0.6487499999999999,0.65154556403051,OR
2020,OR,Northwest,Q3,4.294444444444444,12.21,0.1111111111111111,60.0,0.0,45.0,35.714285714285715,55.55555555555556,40.0,0.0,50.0,"[0.5111935447011366, 0.36724308337355316, 0.5973367645793568, 0.5935840087121212, 0.6894228335218385]",0.5517560469776013,0.094,0.31835018913927315,OREGON,"13,000","124,000",102000.0,"12,000",10.0,3.8,7.1,0.5,2.5,2.4,42.4,"28,000",23.0,0.1,37,0.3372065449371591,0.8084249084249083,0.8387499999999999,0.8317944600562023,OR
2020,OR,Northwest,Q4,2.3283333333333336,6.42,0.0416666666666666,40.0,0.0,0.0,46.666666666666664,43.333333333333336,30.0,0.0,35.0,"[0.6255728066925755, 0.41709029665492636, 0.24381306655175594, 0.3274462082195232, 0.30147459374002616]",0.3830793943717614,0.10400000000000001,0.31835018913927315,OREGON,"7,000","123,000",122000.0,"15,500",13.0,3.7,3.8,1.6,4.6,3.9,28.5,"2,600",2.0,0.13,37,0.6808157457908466,0.5282051282051283,0.5233333333333333,0.5270975511842634,OR
2020,PA,Northeast,Q2,0.6675,1.95,0.425,0.0,0.0,80.0,30.0,30.0,70.0,0.0,80.0,"[0.6174797441179556, 0.6204940837796971, 0.6468148303612662, 0.6022162614855637, 0.70328363682378]",0.6380577113136525,0.065,,PENNSYLVANIA,"5,500","28,000",24000.0,930,3.0,1.4,3.3,0.05,2.6,1.3,26.6,"1,500",5.0,0.03,38,0.6068294996442969,0.7974358974358974,0.78875,0.8016860698514653,PA
2020,PA,Northeast,Q3,2.713888888888889,8.96,0.1916666666666666,40.0,0.0,45.0,48.46153846153846,43.333333333333336,30.0,0.0,0.0,"[0.6174797441179556, 0.6204940837796971, 0.6468148303612662, 0.6022162614855637, 0.70328363682378]",0.6380577113136525,0.06,,PENNSYLVANIA,"2,500","27,000",27000.0,"2,200",8.0,1.2,5.5,1.6,12.3,2.3,32.2,"1,200",4.0,0.08,38,0.659236423998103,0.884981684981685,0.93125,0.918506623845845,PA
2020,SC,Southeast,Q1,1.3833333333333335,1.92,0.5499999999999999,30.0,0.0,50.0,30.0,50.0,60.0,0.0,45.0,"[0.45984487924354644, 0.44253320209250957, 0.49630081269955506, 0.47428971094634487, 0.3884716342239223]",0.4522880478411756,0.124,0.26782346785300193,SOUTH CAROLINA,"2,700","17,000",13000.0,"1,400",8.0,9.6,6.4,0.05,11.5,5.4,15.5,"1,100",6.0,0.08,40,0.7967749585013043,0.5366300366300367,0.5425,0.5403452428743477,SC
2020,SC,Southeast,Q2,2.763333333333333,12.6,0.419047619047619,0.0,0.0,41.111111111111114,32.5,46.0,45.714285714285715,30.0,45.55555555555556,"[0.5383564642515173, 0.5250926481511415, 0.6010820135398574, 0.5373607369458379, 0.582272045111532]",0.5568327815999772,0.07,0.26782346785300193,SOUTH CAROLINA,"2,700","18,500",18500.0,"1,700",9.0,0.5,5.7,0.05,6.2,0.5,29.1,"2,500",14.0,0.09,40,0.5819302821911311,0.7501831501831503,0.7304166666666666,0.7482938578883982,SC
2020,SC,Southeast,Q3,0.645,1.08,0.0,0.0,0.0,0.0,55.0,70.0,50.0,0.0,0.0,"[0.5383564642515173, 0.5250926481511415, 0.6010820135398574, 0.5373607369458379, 0.582272045111532]",0.5568327815999772,0.126,0.3279468919907065,SOUTH CAROLINA,"1,200","13,500",12000.0,"1,800",13.0,0.05,1.5,6.2,28.9,0.9,27.1,"2,200",16.0,0.13,40,0.5833530946170262,0.8553113553113553,0.8829166666666666,0.8791649939783219,SC
2020,SD,Northern Rockies & Plains,Q3,2.637826086956522,13.44,0.0739130434782608,30.0,0.0,0.0,44.705882352941174,50.869565217391305,54.0,0.0,47.5,,0.5997394521626145,0.144,0.3279468919907065,SOUTH DAKOTA,"30,000","235,000",230000.0,"66,000",28.0,2.1,61.4,64.9,7.0,2.0,87.0,"12,500",5.0,0.28,41,0.4114299264880247,0.946886446886447,0.93125,0.9522280208751506,SD
2020,SD,Northern Rockies & Plains,Q4,3.565,7.1,0.0499999999999999,40.0,0.0,0.0,75.0,63.333333333333336,73.33333333333333,0.0,30.0,,0.39744168789873024,0.07399999999999998,0.3812151126262817,SOUTH DAKOTA,"1,000","197,000",197000.0,"16,000",8.0,6.5,0.05,4.5,1.4,1.8,22.6,150,0.05,0.08,41,0.3158643585487313,0.7146520146520147,0.6216666666666667,0.6764351665997592,SD
2020,TN,Southeast,Q1,0.0,0.0,0.0,0.0,0.0,0.0,50.0,30.0,0.0,0.0,0.0,"[0.4577946542396998, 0.4980353558894731, 0.5032307769024442, 0.4971214500222607, 0.2074247545939345]",0.43272139832956247,0.22800000000000004,0.3812151126262817,TENNESSEE,"2,200","14,000",8000.0,"2,700",19.0,1.0,4.1,0.0,17.3,7.8,18.9,130,1.0,0.19,42,0.2976049324164098,0.4084249084249085,0.3504166666666667,0.3777599357687675,TN
2020,TN,Southeast,Q3,2.29,4.71,0.0,0.0,0.0,0.0,60.0,55.0,0.0,0.0,50.0,"[0.6378203635365098, 0.6672530054378278, 0.45027479392172476, 0.5449999853791767, 0.6484222851710644]",0.5897540866892607,0.162,0.47492768633316873,TENNESSEE,460,"15,000",15000.0,"2,200",15.0,2.3,2.4,0.5,15.5,2.2,37.7,860,6.0,0.15,42,0.2449608726582879,0.8761904761904761,0.7591666666666667,0.8305901244480128,TN
2020,TX,South,Q1,4.06,14.93,0.125,60.0,0.0,0.0,36.666666666666664,45.0,80.0,0.0,40.0,"[0.3250000931702546, 0.37664086655643936, 0.4501957530015117, 0.5931677675331498, 0.5435337586034134]",0.45770764777295375,0.098,0.47492768633316873,TEXAS,"83,000","340,000",235000.0,"35,000",10.0,1.3,5.2,3.4,6.8,4.6,12.2,"24,000",7.0,0.1,43,0.4391747687929808,0.3142857142857143,0.2770833333333333,0.2902448815736652,TX
2020,TX,South,Q2,1.6514285714285717,6.15,0.3285714285714285,0.0,0.0,80.0,40.0,42.857142857142854,0.0,0.0,42.5,"[0.45196823178408485, 0.44108789670288273, 0.6175095582566231, 0.5718375137245362, 0.514045677559565]",0.5192897756055384,0.10250000000000001,0.2955170007045619,TEXAS,"15,000","385,000",360000.0,"35,000",9.0,3.3,5.7,4.6,7.7,5.8,30.2,"136,000",35.0,0.09,43,0.4460516955181408,0.6157509157509158,0.5616666666666668,0.592934564431955,TX
2020,TX,South,Q3,0.17,0.17,0.2699999999999999,0.0,0.0,0.0,35.0,40.0,46.666666666666664,0.0,43.333333333333336,"[0.45196823178408485, 0.44108789670288273, 0.6175095582566231, 0.5718375137245362, 0.514045677559565]",0.5192897756055384,0.094,0.2955170007045619,TEXAS,"9,000","173,000",167000.0,"9,500",5.0,2.0,1.6,6.7,13.6,0.6,20.2,"7,500",4.0,0.05,43,0.4882617974863647,0.7567765567765568,0.7270833333333332,0.7498996386993176,TX
2020,TX,South,Q4,1.0533333333333337,2.7,0.18125,50.0,0.0,50.0,40.0,40.0,30.0,0.0,40.0,"[0.37664086655643936, 0.4501957530015117, 0.5931677675331498, 0.5435337586034134, 0.014061495203205987]",0.39551992817954407,0.08800000000000001,0.23942060726165615,TEXAS,"27,000","255,000",144000.0,"43,000",17.0,0.05,5.7,5.0,6.5,9.6,27.4,"1,700",1.0,0.17,43,0.4849419018259426,0.4300366300366301,0.4183333333333333,0.4219189080690486,TX
2020,UT,Southwest,Q2,0.7585714285714287,2.1,0.1571428571428571,0.0,0.0,0.0,32.5,43.333333333333336,50.0,0.0,45.0,"[0.5831921143268496, 0.5470891863421616, 0.5274426173239429, 0.6199869240562915, 0.5727228189176443]",0.570086732193378,0.12000000000000001,0.23942060726165615,UTAH,"8,500","31,000",21000.0,"2,800",9.0,0.05,0.05,13.1,0.0,7.7,38.4,"13,000",42.0,0.09,44,0.6051695518140859,0.7168498168498167,0.7033333333333334,0.7169811320754716,UT
2020,UT,Southwest,Q3,5.39,16.81,0.14,70.0,0.0,0.0,40.0,50.0,30.0,0.0,0.0,"[0.5831921143268496, 0.5470891863421616, 0.5274426173239429, 0.6199869240562915, 0.5727228189176443]",0.570086732193378,0.152,0.17369530063459437,UTAH,"1,500","30,000",24000.0,"2,000",7.0,0.05,3.7,31.6,0.05,3.9,61.7,"2,300",8.0,0.07,44,0.6668247569362106,0.8358974358974358,0.8641666666666665,0.8594941790445604,UT
2020,UT,Southwest,Q4,5.566666666666667,13.64,0.1166666666666666,0.0,0.0,70.0,70.0,60.0,0.0,0.0,50.0,"[0.2945708173363152, 0.34141444006185795, 0.29757299743574894, 0.37830629126179616, 0.2357744135212022]",0.3095277919233841,0.092,0.17369530063459437,UTAH,"1,800","29,000",29000.0,"3,800",13.0,0.05,0.7,6.8,0.05,17.6,49.5,50,0.05,0.13,44,0.5902300213421864,0.5838827838827839,0.5520833333333333,0.5708550782818145,UT
2020,VA,Southeast,Q3,1.962142857142857,6.76,0.0571428571428571,80.0,0.0,30.0,55.0,50.0,0.0,0.0,80.0,"[0.6118105632718243, 0.5747034620502469, 0.5708663801852433, 0.5470098213395973, 0.5932869805418834]",0.579535441477759,0.08600000000000001,,VIRGINIA,910,"8,500",8500.0,"1,200",14.0,0.05,4.1,0.05,8.3,5.8,27.5,730,9.0,0.14,46,0.5364002845624852,0.817948717948718,0.8166666666666668,0.8261742272179847,VA
2020,VA,Southeast,Q4,5.768,19.51,0.085,50.0,0.0,0.0,53.0,54.0,0.0,0.0,0.0,"[0.39771100461799935, 0.4203399005418864, 0.42580295083405495, 0.22776221455862578, 0.43617336847797916]",0.3815578878061091,0.126,,VIRGINIA,70,"8,500",8000.0,"1,000",12.0,1.6,5.4,2.0,13.6,2.9,30.3,450,5.0,0.12,46,0.4690538297367797,0.53992673992674,0.50625,0.5246888799678844,VA
2020,VT,Northeast,Q2,0.7133333333333334,1.78,0.1666666666666666,0.0,0.0,0.0,30.0,33.333333333333336,50.0,0.0,0.0,"[0.7156017705027395, 0.6340979673182162, 0.5526429978599925, 0.6220355269907728, 0.6723418061990688]",0.639344013774158,0.03,0.18018206333640008,VERMONT,680,"7,000",7000.0,200,3.0,0.1,1.1,0.0,0.5,0.0,10.7,110,2.0,0.03,45,0.3988617500592839,0.617948717948718,0.5845833333333333,0.6049779205138499,VT
2020,VT,Northeast,Q3,3.526666666666667,7.63,0.1833333333333333,65.71428571428571,0.0,65.0,53.07692307692308,51.666666666666664,30.0,0.0,40.0,"[0.7156017705027395, 0.6340979673182162, 0.5526429978599925, 0.6220355269907728, 0.6723418061990688]",0.639344013774158,0.024,0.18018206333640008,VERMONT,700,"7,500",7500.0,210,3.0,0.9,0.9,3.8,0.7,0.05,26.6,180,2.0,0.03,45,0.3032961821199905,0.7663003663003664,0.7029166666666666,0.7434765154556403,VT
2020,VT,Northeast,Q4,8.02,11.52,0.0,73.33333333333333,0.0,0.0,76.66666666666667,80.0,0.0,0.0,0.0,"[0.48577915549534856, 0.600792957458741, 0.43037534819797474, 0.3168699489360268, 0.5485242317055707]",0.47646832835873243,0.06400000000000002,,VERMONT,30,"8,000",8000.0,270,3.0,0.5,0.6,0.0,0.05,0.05,10.0,,0.0,0.03,45,0.6163149158169315,0.4391941391941392,0.4745833333333333,0.4544359694901646,VT
2020,WI,Upper Midwest,Q2,2.005,2.61,0.0,0.0,0.0,0.0,30.0,45.0,80.0,0.0,0.0,"[0.46232942651916187, 0.6144703298326177, 0.5271789352795963, 0.45976608902121985, 0.6031126093520858]",0.5333714780009362,0.08,,WISCONSIN,"14,000","55,000",27000.0,"1,700",3.0,25.0,25.8,25.1,27.3,26.1,46.1,"4,600",8.0,0.03,49,0.4429689352620346,0.7413919413919414,0.8154166666666667,0.7840224809313528,WI
2020,WI,Upper Midwest,Q3,3.0411764705882356,15.03,0.0529411764705882,85.0,0.0,30.0,46.15384615384615,51.76470588235294,36.666666666666664,0.0,30.0,"[0.46232942651916187, 0.6144703298326177, 0.5271789352795963, 0.45976608902121985, 0.6031126093520858]",0.5333714780009362,0.144,0.5049262285116629,WISCONSIN,970,"68,000",68000.0,"8,000",12.0,12.9,13.8,26.1,22.8,20.4,43.1,"9,000",13.0,0.12,49,0.5008299739151055,0.7703296703296704,0.8483333333333334,0.8157366519470091,WI
2020,WI,Upper Midwest,Q4,2.1079999999999997,4.14,0.06,68.0,0.0,60.0,52.0,66.0,65.0,0.0,40.0,"[0.3452087536530747, 0.49752596213320766, 0.28790843618723516, 0.18545243329832573, 0.24676347044166946]",0.31257181114270255,0.156,0.5049262285116629,WISCONSIN,"2,800","60,000",60000.0,"8,000",13.0,0.05,1.8,7.4,0.6,1.2,29.3,"4,700",8.0,0.13,49,0.5845387716386057,0.7461538461538461,0.8245833333333333,0.7908470493777598,WI
2020,WV,Ohio Valley,Q2,0.41,1.1,0.4,0.0,0.0,50.0,32.0,38.333333333333336,33.333333333333336,0.0,40.0,"[0.7371712584810766, 0.6703657426278684, 0.6144501995219701, 0.6614169998777533, 0.6137563603317859]",0.6594321121680908,0.0975,0.3857955985678936,WEST VIRGINIA,"1,600","7,500",7500.0,570,8.0,0.7,2.8,0.5,1.8,1.9,46.2,"1,500",20.0,0.08,48,0.3267725871472611,0.6153846153846154,0.50625,0.5664391810517866,WV
2020,WV,Ohio Valley,Q3,3.16625,14.37,0.040625,0.0,0.0,50.0,55.714285714285715,49.23076923076923,54.0,0.0,32.5,"[0.7371712584810766, 0.6703657426278684, 0.6144501995219701, 0.6614169998777533, 0.6137563603317859]",0.6594321121680908,0.07,0.3857955985678936,WEST VIRGINIA,210,"8,000",8000.0,540,7.0,4.7,1.7,4.7,10.1,2.6,17.7,800,10.0,0.07,48,0.269148683898506,0.7989010989010987,0.6504166666666666,0.7358490566037738,WV
2021,AK,Northwest,Q2,0.43,0.43,1.25,0.0,0.0,0.0,30.0,30.0,0.0,0.0,50.0,,0.5966628331056228,,0.4462406197102602,,,,,,,,,,,,,,,,2,0.2368982689115485,0.8670329670329667,0.7379166666666667,0.8157366519470093,AK
2021,AK,Northwest,Q3,2.8542857142857145,6.69,0.0499999999999999,0.0,0.0,30.0,44.0,64.28571428571429,0.0,0.0,50.0,,0.5991627851710898,,0.4462406197102602,,,,,,,,,,,,,,,,2,0.3990988854635997,0.9307692307692308,0.8825,0.9201124046567642,AK
2021,AL,Southeast,Q2,1.44625,4.71,0.2625,0.0,0.0,70.0,40.0,47.5,42.0,0.0,50.0,"[0.6346698267892901, 0.603850651181473, 0.6208510537863248, 0.558150479790136, 0.4411057002150459]",0.571725542352454,0.1875,0.2724025562643462,ALABAMA,"3,400","9,500",9500.0,"2,700",28.0,0.5,5.8,2.1,35.0,7.4,55.2,930,10.0,0.28,1,0.6760730377045293,0.8087912087912087,0.7904166666666668,0.8089120835006021,AL
2021,AL,Southeast,Q3,2.48125,7.7,0.4125,0.0,0.0,90.0,48.57142857142857,66.25,30.0,0.0,0.0,"[0.6346698267892901, 0.603850651181473, 0.6208510537863248, 0.558150479790136, 0.4411057002150459]",0.571725542352454,0.154,0.2724025562643462,ALABAMA,950,"9,500",9500.0,"1,400",15.0,0.9,16.3,11.0,25.9,1.9,37.4,280,3.0,0.15,1,0.6945695992411667,0.8791208791208791,0.9208333333333332,0.9100762745885188,AL
2021,AL,Southeast,Q4,3.14,8.24,0.025,0.0,0.0,90.0,65.0,52.5,0.0,0.0,75.0,"[0.5625551181104549, 0.4962546293053993, 0.38414814746279746, 0.5424164381783556, 0.47138402326128825]",0.4913516712636591,0.10400000000000001,0.35821195719155696,ALABAMA,360,"9,000",9000.0,"1,100",12.0,3.5,2.5,6.8,44.7,1.4,60.8,10,0.05,0.12,1,0.4740336732274128,0.6941391941391942,0.6562499999999999,0.681653954235247,AL
2021,AR,South,Q2,0.922,2.15,0.11,50.0,0.0,55.0,44.285714285714285,52.22222222222222,55.0,0.0,45.0,"[0.5906498228074555, 0.4630965579152533, 0.2784445954503131, 0.5299442788855975, 0.5437962873768261]",0.48118630848708904,0.115,0.35821195719155696,ARKANSAS,"9,000","12,500",12500.0,"1,600",13.0,5.7,2.0,2.8,21.9,3.6,42.2,"5,500",44.0,0.13,4,0.2390324875503913,0.8043956043956043,0.7095833333333333,0.7671617824167003,AR
2021,AR,South,Q3,1.3116666666666663,3.38,0.0083333333333333,0.0,0.0,40.0,46.666666666666664,56.666666666666664,0.0,0.0,70.0,"[0.5906498228074555, 0.4630965579152533, 0.2784445954503131, 0.5299442788855975, 0.5437962873768261]",0.48118630848708904,0.10400000000000001,0.3594382072591198,ARKANSAS,"2,400","20,000",20000.0,"1,800",9.0,3.2,5.8,30.6,32.9,4.9,42.3,"1,700",9.0,0.09,4,0.2440123310410244,0.9194139194139196,0.8395833333333333,0.8932155760738658,AR
2021,AR,South,Q4,2.4025,7.19,0.0125,0.0,0.0,70.0,41.666666666666664,54.285714285714285,90.0,0.0,0.0,"[0.5573421796173189, 0.6166099221325245, 0.7200668417292886, 0.4973753100499654, 0.5135771974329916]",0.5809942901924178,0.15,0.3594382072591198,ARKANSAS,920,"18,000",18000.0,480,3.0,0.0,0.6,25.6,28.2,0.7,35.7,100,1.0,0.03,4,0.4839933602086791,0.6120879120879121,0.585,0.6021678040947411,AR
2021,CA,West,Q1,0.4363157894736841,1.25,0.9736842105263158,30.0,0.0,0.0,38.75,39.473684210526315,30.0,0.0,56.0,"[0.5680183766155993, 0.5005514018307703, 0.5636656987837101, 0.40948860832012424, 0.4390775165708959]",0.4961603204242199,0.138,0.5150066918013927,CALIFORNIA,"189,000","1,600,000",1180000.0,"275,000",17.0,1.7,6.2,7.2,5.7,3.4,29.9,"84,000",5.0,0.17,5,0.3191842542091534,0.3761904761904762,0.2766666666666666,0.3243677238057005,CA
2021,CA,West,Q2,1.2306896551724138,8.02,0.5344827586206896,0.0,0.0,54.0,49.166666666666664,43.57142857142857,43.333333333333336,0.0,50.666666666666664,"[0.5922085165388457, 0.6110184661469438, 0.45234010022626414, 0.6835394567959421, 0.8263212254922053]",0.6330855530400402,0.08750000000000001,0.5150066918013927,CALIFORNIA,"165,000","1,060,000",1090000.0,"114,000",11.0,7.7,11.6,16.1,11.5,3.8,42.4,"180,000",17.0,0.11,5,0.3493004505572682,0.6721611721611723,0.5599999999999999,0.6230429546366921,CA
2021,CA,West,Q3,0.7933333333333333,2.56,0.0583333333333333,75.0,0.0,0.0,45.0,61.666666666666664,35.0,0.0,55.0,"[0.5922085165388457, 0.6110184661469438, 0.45234010022626414, 0.6835394567959421, 0.8263212254922053]",0.6330855530400402,0.10600000000000001,,CALIFORNIA,"47,000","680,000",650000.0,"25,000",4.0,14.2,11.0,13.0,16.5,5.0,39.6,"51,000",8.0,0.04,5,0.3395778989803177,0.8197802197802198,0.7083333333333334,0.7759935768767564,CA
2021,CA,West,Q4,0.7366666666666667,1.43,0.0833333333333333,50.0,0.0,70.0,46.666666666666664,56.666666666666664,0.0,0.0,30.0,"[0.5005514018307703, 0.5636656987837101, 0.40948860832012424, 0.4390775165708959, 0.6646656211378449]",0.5154897693286691,0.128,,CALIFORNIA,"15,000","1,210,000",640000.0,"50,000",4.0,3.7,2.8,1.9,4.8,2.0,14.6,"29,000",2.0,0.04,5,0.302347640502727,0.5168498168498168,0.3966666666666666,0.4592533119229226,CA
2021,CO,Southwest,Q3,0.36,0.79,0.0,30.0,0.0,40.0,30.0,35.714285714285715,0.0,0.0,30.0,"[0.6255556453366113, 0.5306254161120354, 0.5145206124970538, 0.5686689071862463, 0.5054646449531597]",0.5489670452170212,0.184,0.2349079443239941,COLORADO,"1,500","22,000",22000.0,"1,700",8.0,2.9,6.4,0.0,0.05,0.8,7.8,750,3.0,0.08,6,0.7626274602798196,0.7853479853479853,0.8262499999999999,0.8133279807306301,CO
2021,DE,Northeast,Q2,1.11,1.19,0.1,0.0,0.0,0.0,30.0,50.0,80.0,0.0,0.0,"[0.5862716215061249, 0.5622258668603275, 0.5791872942349134, 0.614305392080065, 0.45332772640946595]",0.5590635802181794,,0.2349079443239941,,,,,,,,,,,,,,,,8,0.5714963244012331,0.8666666666666667,0.8808333333333334,0.8839823364110798,DE
2021,DE,Northeast,Q3,1.2029411764705882,2.61,0.1823529411764706,50.0,0.0,40.0,50.90909090909091,53.75,57.5,0.0,52.5,"[0.5862716215061249, 0.5622258668603275, 0.5791872942349134, 0.614305392080065, 0.45332772640946595]",0.5590635802181794,,,,,,,,,,,,,,,,,,8,0.8114773535688878,0.9076923076923078,0.979583333333333,0.9542352468887996,DE
2021,DE,Northeast,Q4,8.28,16.15,0.025,60.0,0.0,50.0,75.0,80.0,80.0,0.0,0.0,"[0.3791806489270275, 0.13229787556778105, 0.2873903593130388, 0.3264246859454366, 0.3536862070268485]",0.2957959553560265,,,,,,,,,,,,,,,,,,8,0.4275551339815034,0.7849816849816849,0.7945833333333334,0.7976716178241668,DE
2021,FL,Southeast,Q1,3.4200000000000004,10.01,1.27,50.0,0.0,0.0,68.0,62.0,30.0,0.0,50.0,"[0.3951952599309405, 0.415699816766153, 0.5146929795869115, 0.4703450640794158, 0.3818891129398463]",0.43556444666065347,0.13,0.5617384676569168,FLORIDA,"47,000","305,000",300000.0,"31,000",10.0,5.6,6.3,6.6,11.9,3.4,34.6,"17,000",6.0,0.1,9,0.583827365425658,0.6179487179487181,0.5833333333333334,0.6045764753111201,FL
2021,FL,Southeast,Q2,0.0,0.0,0.65,0.0,0.0,0.0,0.0,30.0,0.0,0.0,0.0,"[0.3674299998289142, 0.4192598682350269, 0.27178091874558086, 0.4638720720945291, 0.5843023543753181]",0.42132904265587384,0.14750000000000002,0.5617384676569168,FLORIDA,"53,000","300,000",280000.0,"33,000",11.0,4.3,6.4,10.1,22.9,7.7,43.4,"31,000",10.0,0.11,9,0.5266777329855348,0.817948717948718,0.7841666666666668,0.8109193095142513,FL
2021,FL,Southeast,Q3,2.435714285714286,8.43,0.2035714285714285,80.0,0.0,0.0,56.92307692307692,57.142857142857146,60.0,0.0,35.0,"[0.3674299998289142, 0.4192598682350269, 0.27178091874558086, 0.4638720720945291, 0.5843023543753181]",0.42132904265587384,0.136,0.3687344135773726,FLORIDA,"34,000","255,000",235000.0,"39,000",15.0,7.1,11.4,14.1,20.5,8.7,43.4,"27,000",11.0,0.15,9,0.6903011619634811,0.880952380952381,0.9170833333333336,0.9096748293857888,FL
2021,FL,Southeast,Q4,3.338888888888889,10.23,0.3555555555555555,66.66666666666667,0.0,55.0,56.666666666666664,54.44444444444444,80.0,70.0,60.0,"[0.415699816766153, 0.5146929795869115, 0.4703450640794158, 0.3818891129398463, 0.4240805886959256]",0.44134151241365044,0.13999999999999999,0.3687344135773726,FLORIDA,"20,000","310,000",255000.0,"38,000",12.0,5.9,8.8,9.1,19.0,13.6,28.9,"11,000",4.0,0.12,9,0.4590941427555134,0.6981684981684982,0.6533333333333333,0.6824568446407067,FL
2021,GA,Southeast,Q2,0.48,0.48,0.0,0.0,0.0,30.0,30.0,50.0,30.0,0.0,0.0,"[0.5534105689291203, 0.5088435667794662, 0.46831579532686474, 0.5502381582596025, 0.4033511882288414]",0.4968318555047791,0.0975,,GEORGIA,"25,000","135,000",134000.0,"21,000",16.0,5.2,5.2,2.8,13.8,5.8,44.7,"18,500",14.0,0.16,10,0.2926250889257766,0.6505494505494505,0.54375,0.6037735849056604,GA
2021,GA,Southeast,Q3,2.5013333333333336,10.46,0.1266666666666666,36.666666666666664,0.0,90.0,52.0,52.666666666666664,30.0,0.0,0.0,"[0.5534105689291203, 0.5088435667794662, 0.46831579532686474, 0.5502381582596025, 0.4033511882288414]",0.4968318555047791,0.126,,GEORGIA,"28,000","123,000",116000.0,"22,000",18.0,4.8,13.4,12.0,32.2,7.6,63.9,"35,000",28.0,0.18,10,0.2893051932653545,0.798901098901099,0.6758333333333333,0.7482938578883982,GA
2021,GA,Southeast,Q4,2.9275,16.9,0.08125,50.0,0.0,30.0,42.5,48.75,40.0,40.0,60.0,"[0.4601177274469421, 0.4585543577183665, 0.2734915213595758, 0.3713251075065158, 0.5137802882533207]",0.41545380045694424,0.136,0.43520277062573853,GEORGIA,"12,500","132,000",131000.0,"24,000",18.0,0.5,5.7,7.8,24.7,7.2,41.0,"12,000",9.0,0.18,10,0.4391747687929808,0.415018315018315,0.4075,0.4090726615816941,GA
2021,HI,Hawaii,Q1,1.0,1.0,0.65,80.0,0.0,0.0,70.0,50.0,0.0,0.0,0.0,,,0.05,0.43520277062573853,HAWAII,"2,300","19,500",19500.0,800,4.0,0.0,4.7,0.0,52.2,0.0,53.0,"1,600",8.0,0.04,11,0.4183068532131847,0.3644688644688645,0.3658333333333333,0.3613006824568446,HI
2021,HI,Hawaii,Q2,0.0,0.0,0.45,0.0,0.0,0.0,0.0,0.0,0.0,0.0,0.0,,,0.0225,0.27218844771597484,HAWAII,490,"21,000",21000.0,490,2.0,0.0,0.05,0.0,60.8,0.05,92.6,"1,200",6.0,0.02,11,0.5231207019207967,0.7263736263736263,0.7158333333333333,0.7274187073464472,HI
2021,HI,Hawaii,Q4,0.7606666666666667,4.88,0.9433333333333334,40.0,0.0,0.0,54.0,42.0,0.0,30.0,30.0,,,0.068,0.27218844771597484,HAWAII,"1,100","20,000",20000.0,100,1.0,19.7,0.0,0.0,64.2,0.0,66.1,530,3.0,0.01,11,0.4491344557742471,0.5446886446886448,0.5345833333333333,0.5411481332798074,HI
2021,ID,Northwest,Q2,0.111875,0.75,0.21875,0.0,0.0,0.0,30.0,33.75,40.0,0.0,38.0,"[0.6865782146249193, 0.6457316372091717, 0.5949918265598092, 0.7046019043663044, 0.4093755767813817]",0.6082558319083173,0.125,,IDAHO,"40,000","120,000",86000.0,"19,500",16.0,5.4,2.0,9.9,1.9,6.2,31.9,"19,000",16.0,0.16,12,0.5247806497510078,0.719047619047619,0.6941666666666666,0.7133681252509033,ID
2021,ID,Northwest,Q3,3.0439999999999996,17.47,0.025,55.0,0.0,0.0,35.714285714285715,49.0,40.0,0.0,50.0,"[0.6865782146249193, 0.6457316372091717, 0.5949918265598092, 0.7046019043663044, 0.4093755767813817]",0.6082558319083173,0.11200000000000002,,IDAHO,"7,000","135,000",86000.0,"3,500",3.0,2.6,7.0,7.0,1.8,1.5,55.2,"3,000",2.0,0.03,12,0.5326061180934313,0.8315018315018314,0.8404166666666668,0.8454435969490164,ID
2021,ID,Northwest,Q4,0.0,0.0,0.2,0.0,0.0,0.0,0.0,30.0,0.0,0.0,50.0,"[0.5688003390164691, 0.5484271082310324, 0.5558390927100565, 0.47947169080789553, 0.5482460485473744]",0.5401568558625656,0.088,0.3073254878386388,IDAHO,250,"230,000",141000.0,"22,000",10.0,4.9,4.0,12.0,8.0,11.2,58.1,"4,300",2.0,0.1,12,0.4979843490633152,0.5413919413919415,0.5337500000000001,0.5387394620634284,ID
2021,IL,Ohio Valley,Q3,1.27,1.27,0.0,0.0,0.0,0.0,30.0,70.0,0.0,0.0,0.0,"[0.5992852173391587, 0.5742144876344244, 0.5832774086747812, 0.6939289980424842, 0.5884190151333214]",0.6078250253648341,0.08600000000000001,0.3073254878386388,ILLINOIS,640,"14,500",14500.0,680,5.0,1.4,4.4,3.3,9.5,5.7,37.7,"1,200",8.0,0.05,13,0.4745079440360445,0.827106227106227,0.8100000000000002,0.8285828984343637,IL
2021,IN,Ohio Valley,Q2,0.5333333333333333,1.31,0.2166666666666666,0.0,0.0,30.0,30.0,30.0,30.0,0.0,66.66666666666667,"[0.5597956107599333, 0.6381111810156421, 0.5995285796831864, 0.49862574179661867, 0.5676066843523022]",0.5727335595215365,0.10250000000000001,,INDIANA,"4,000","13,000",11000.0,560,4.0,0.6,6.1,7.0,7.3,1.3,22.8,"1,000",8.0,0.04,14,0.4602798197770927,0.7516483516483515,0.7070833333333335,0.737454837414693,IN
2021,IN,Ohio Valley,Q3,2.3325,6.94,0.05,62.5,0.0,60.0,52.0,58.333333333333336,62.0,0.0,36.0,"[0.5597956107599333, 0.6381111810156421, 0.5995285796831864, 0.49862574179661867, 0.5676066843523022]",0.5727335595215365,0.078,,INDIANA,770,"16,500",16500.0,"1,700",10.0,5.2,1.9,17.4,23.7,2.3,39.3,"1,400",8.0,0.1,14,0.4183068532131847,0.9076923076923076,0.8616666666666667,0.897631473303894,IN
2021,IN,Ohio Valley,Q4,2.198,9.0,0.045,55.714285714285715,0.0,0.0,56.666666666666664,56.0,57.5,0.0,50.0,"[0.4807030452120912, 0.39911704212247645, 0.39588172782101794, 0.3602738369428483, 0.5232241114577739]",0.43183995271124154,0.16599999999999998,0.21348036344530374,INDIANA,130,"14,500",14500.0,"1,700",12.0,11.3,1.5,21.3,19.6,1.9,43.6,"2,400",17.0,0.12,14,0.3125444628883092,0.613919413919414,0.5033333333333333,0.5636290646326777,IN
2021,KY,Ohio Valley,Q1,0.0,0.0,0.55,0.0,0.0,70.0,0.0,30.0,0.0,0.0,80.0,"[0.3455522276052482, 0.4817540364379378, 0.4023856953328032, 0.3889014837943654, 0.47092270893301424]",0.41790323042067373,0.184,0.21348036344530374,KENTUCKY,"1,000","11,000",11000.0,"2,100",19.0,0.05,5.1,0.0,16.9,9.3,27.5,80,1.0,0.19,17,0.3867678444391748,0.2750915750915751,0.2420833333333333,0.2521075873143316,KY
2021,KY,Ohio Valley,Q2,0.2454545454545454,1.27,0.3590909090909091,0.0,0.0,70.0,38.0,42.0,30.0,0.0,50.0,"[0.599026762551642, 0.3431305182458564, 0.4650717448544166, 0.67482807178027, 0.5030807440551867]",0.5170275682974743,0.11499999999999999,0.32746346209999244,KENTUCKY,"2,100","11,500",10000.0,270,2.0,1.0,4.2,2.2,4.0,2.6,21.5,"4,500",39.0,0.02,17,0.4206782072563434,0.6395604395604395,0.5862499999999999,0.6182256122039342,KY
2021,KY,Ohio Valley,Q3,1.912,10.1,0.0349999999999999,70.0,0.0,60.0,38.333333333333336,43.0,60.0,0.0,50.0,"[0.599026762551642, 0.3431305182458564, 0.4650717448544166, 0.67482807178027, 0.5030807440551867]",0.5170275682974743,0.13,0.32746346209999244,KENTUCKY,900,"10,500",10500.0,"1,100",10.0,0.6,1.2,0.05,18.2,11.0,39.4,740,7.0,0.1,17,0.5719705952098649,0.7307692307692307,0.7370833333333333,0.7402649538338018,KY
2021,KY,Ohio Valley,Q4,4.4366666666666665,7.32,0.1333333333333333,60.0,0.0,0.0,46.666666666666664,56.666666666666664,40.0,0.0,0.0,"[0.4817540364379378, 0.4023856953328032, 0.3889014837943654, 0.47092270893301424, 0.4495181174368197]",0.4386964083869881,0.138,0.4061033942725606,KENTUCKY,120,"10,500",10500.0,880,8.0,2.3,13.2,0.05,39.0,12.0,54.1,460,4.0,0.08,17,0.4681052881195162,0.4161172161172161,0.4199999999999999,0.4154957848253713,KY
2021,LA,South,Q3,1.6966666666666663,3.62,0.0916666666666666,0.0,0.0,0.0,50.0,50.0,50.0,0.0,30.0,"[0.7466640481936843, 0.45518830043228176, 0.5117663540647206]",0.5712062342302289,0.10200000000000001,0.4061033942725606,LOUISIANA,"1,300","31,000",29000.0,"2,300",7.0,0.0,0.6,0.0,2.3,6.0,8.0,"2,800",9.0,0.07,18,0.6120464785392459,0.8501831501831502,0.8766666666666666,0.8727418707346447,LA
2021,LA,South,Q4,0.8314285714285715,1.97,0.0785714285714285,0.0,0.0,0.0,35.0,40.0,0.0,0.0,40.0,"[0.6263246244147752, 0.4914244462182161, 0.5485673148803769, 0.6605274154107105]",0.5817109502310197,0.044,0.35559393781861337,LOUISIANA,"1,400","36,000",30000.0,"2,800",8.0,0.0,0.05,0.05,5.4,5.3,28.2,"1,300",4.0,0.08,18,0.3573630543040076,0.5820512820512821,0.57375,0.5804897631473305,LA
2021,MA,Northeast,Q3,1.1742105263157894,5.14,0.4105263157894737,0.0,0.0,50.0,40.714285714285715,45.78947368421053,30.0,0.0,60.0,"[0.636851238947836, 0.5886233243962788, 0.38911104798056606, 0.6348516283298893, 0.6141387699069925]",0.5727152019123125,0.094,0.35559393781861337,MASSACHUSETTS,"1,700","13,000",13000.0,"1,100",8.0,0.6,0.5,1.5,8.7,4.5,23.0,"1,200",9.0,0.08,21,0.4346691961109793,0.7948717948717949,0.7570833333333334,0.7852268165395422,MA
2021,MA,Northeast,Q4,2.4125,4.67,0.7875,0.0,0.0,0.0,57.5,60.0,30.0,0.0,0.0,"[0.29711815275718, 0.3557501144292573, 0.23253626055294607, 0.4942889641768481, 0.4274610669347292]",0.36143091177019215,0.136,,MASSACHUSETTS,20,"10,500",10500.0,290,3.0,0.5,0.05,0.0,0.05,0.6,5.4,50,0.05,0.03,21,0.3782309698838036,0.3930402930402931,0.3783333333333333,0.3829787234042553,MA
2021,MD,Northeast,Q2,0.4671428571428571,0.72,0.2214285714285714,0.0,0.0,0.0,33.333333333333336,37.142857142857146,0.0,0.0,60.0,"[0.5810559606794037, 0.4811842798697624, 0.49621317048711644, 0.582481733176231, 0.5232687053772038]",0.5328407699179435,0.0475,,MARYLAND,"2,600","7,500",6500.0,320,4.0,0.05,2.0,0.6,8.9,1.4,17.2,690,9.0,0.04,20,0.440597581218876,0.6589743589743591,0.6179166666666667,0.6439181051786431,MD
2021,MD,Northeast,Q3,1.3152941176470587,4.8,0.1470588235294117,70.0,0.0,52.5,39.0,41.76470588235294,30.0,0.0,30.0,"[0.5810559606794037, 0.4811842798697624, 0.49621317048711644, 0.582481733176231, 0.5232687053772038]",0.5328407699179435,0.094,0.4192860303693332,MARYLAND,300,"6,000",6000.0,490,8.0,0.05,0.7,0.5,13.6,1.5,20.0,170,3.0,0.08,20,0.5041498695755277,0.7783882783882783,0.7679166666666666,0.781212364512244,MD
2021,ME,Northeast,Q2,0.2266666666666666,1.53,1.1277777777777778,0.0,0.0,80.0,30.0,31.11111111111111,60.0,0.0,43.333333333333336,"[0.6735159033618272, 0.688817956122096, 0.6743305263605353, 0.6884573487796386, 0.6364934237250912]",0.6723230316698376,0.09,0.4192860303693332,MAINE,430,"18,000",2200.0,"1,100",6.0,0.05,1.5,0.0,0.0,0.0,13.9,260,1.0,0.06,19,0.5100782546834243,0.6820512820512821,0.6558333333333334,0.67482938578884,ME
2021,ME,Northeast,Q3,1.7040000000000002,13.57,0.2266666666666666,0.0,0.0,63.333333333333336,45.833333333333336,45.0,60.0,0.0,53.333333333333336,"[0.6735159033618272, 0.688817956122096, 0.6743305263605353, 0.6884573487796386, 0.6364934237250912]",0.6723230316698376,0.09200000000000001,0.26917310802968775,MAINE,380,"10,000",10000.0,"1,400",14.0,0.05,17.0,5.0,0.0,0.0,18.7,210,2.0,0.14,19,0.7730614180697178,0.778021978021978,0.8195833333333333,0.8061019670814934,ME
2021,MI,Upper Midwest,Q2,0.9775,2.01,0.21875,0.0,0.0,0.0,38.333333333333336,47.5,46.666666666666664,0.0,51.666666666666664,"[0.5902130230183296, 0.6297179550038947, 0.6396935337901737, 0.581458120417396, 0.4837369974307174]",0.5849639259321023,0.07,0.26917310802968775,MICHIGAN,"10,000","112,000",74000.0,"3,500",3.0,0.8,0.8,3.5,2.7,0.05,44.8,"8,000",7.0,0.03,22,0.7355940241878113,0.8084249084249083,0.805,0.816138097149739,MI
2021,MI,Upper Midwest,Q3,1.62,4.38,0.06875,76.66666666666667,0.0,30.0,56.666666666666664,53.75,65.0,0.0,53.333333333333336,"[0.5902130230183296, 0.6297179550038947, 0.6396935337901737, 0.581458120417396, 0.4837369974307174]",0.5849639259321023,0.164,0.4276629973760858,MICHIGAN,"7,500","120,000",120000.0,"8,500",7.0,0.05,2.7,17.0,4.2,0.8,63.5,"4,800",4.0,0.07,22,0.6891154849419019,0.891941391941392,0.9295833333333334,0.9213167402649538,MI
2021,MI,Upper Midwest,Q4,8.3975,24.47,0.05625,58.0,0.0,50.0,58.75,67.5,80.0,0.0,30.0,"[0.36145532064260255, 0.35171414390381683, 0.2641354753492625, 0.3623154353365411, 0.37661240015209785]",0.3432465550768642,0.10200000000000001,0.4276629973760858,MICHIGAN,140,"105,000",105000.0,"6,000",6.0,0.0,0.9,3.1,2.2,1.5,8.7,"2,200",2.0,0.06,22,0.414275551339815,0.7054945054945055,0.67125,0.6949016459253312,MI
2021,MN,Upper Midwest,Q2,0.2883333333333333,0.93,0.325,0.0,0.0,0.0,30.0,35.0,46.666666666666664,0.0,36.666666666666664,"[0.30568688110427644, 0.5640315456931718, 0.4743425169621531, 0.5446791535952569, 0.45606271630357853]",0.46896056273168735,0.09,0.5870420496547222,MINNESOTA,"29,000","98,000",69000.0,"5,500",6.0,0.05,1.1,12.8,0.0,1.1,13.1,"4,000",4.0,0.06,23,0.5800331989566043,0.738095238095238,0.7320833333333333,0.742272179847451,MN
2021,MN,Upper Midwest,Q3,2.19,6.92,0.03,60.0,0.0,0.0,38.0,54.0,70.0,0.0,0.0,"[0.30568688110427644, 0.5640315456931718, 0.4743425169621531, 0.5446791535952569, 0.45606271630357853]",0.46896056273168735,0.16399999999999998,0.5870420496547222,MINNESOTA,"5,000","106,000",106000.0,"7,000",7.0,0.05,2.3,10.5,1.1,1.8,27.5,"1,300",1.0,0.07,23,0.4676310173108845,0.8673992673992673,0.8695833333333333,0.8795664391810518,MN
2021,MN,Upper Midwest,Q4,0.7050000000000001,0.75,0.025,0.0,0.0,0.0,35.0,45.0,0.0,0.0,30.0,"[0.3602341232588967, 0.47769352478257165, 0.1864175137599987, 0.21219966322083195, 0.3034988618986094]",0.30800873738418166,0.11399999999999999,0.3846257206500229,MINNESOTA,"4,900","100,000",100000.0,"10,500",11.0,0.0,0.6,3.4,0.05,1.4,8.0,350,0.05,0.11,23,0.4443917476879298,0.5945054945054946,0.5570833333333333,0.578883982336411,MN
2021,MT,Northern Rockies & Plains,Q2,0.186875,1.0,1.1900000000000002,0.0,0.0,63.333333333333336,35.833333333333336,36.0,45.0,0.0,45.0,"[0.5898484437852021, 0.4522774424948339, 0.683772233983162, 0.6449641987516368]",0.5927155797537087,0.030000000000000002,0.3846257206500229,MONTANA,"13,500","116,000",38000.0,"3,200",3.0,1.5,5.2,13.3,0.0,3.0,20.8,"15,500",13.0,0.03,26,0.2563433720654494,0.7454212454212455,0.6208333333333332,0.6928944199116821,MT
2021,MT,Northern Rockies & Plains,Q3,2.232222222222222,8.16,0.25,0.0,0.0,0.0,48.57142857142857,57.77777777777778,56.666666666666664,0.0,40.0,"[0.5898484437852021, 0.4522774424948339, 0.683772233983162, 0.6449641987516368]",0.5927155797537087,0.096,0.42507049731780744,MONTANA,870,"114,000",103000.0,"6,000",5.0,1.2,14.8,0.05,1.5,0.5,19.5,"7,500",7.0,0.05,26,0.2582404552999763,0.8857142857142857,0.7666666666666666,0.8398233641107987,MT
2021,MT,Northern Rockies & Plains,Q4,1.175,1.72,0.0,0.0,0.0,0.0,55.0,65.0,65.0,0.0,50.0,"[0.4522774424948339, 0.4714058601290756, 0.5034364668385792, 0.4729537233052701]",0.47501837319193974,0.10600000000000001,0.42507049731780744,MONTANA,"3,200","102,000",92000.0,"17,000",17.0,3.1,4.9,0.0,2.9,0.05,27.2,"8,000",8.0,0.17,26,0.3279582641688404,0.5183150183150184,0.4474999999999999,0.4845443596949017,MT
2021,ND,Northern Rockies & Plains,Q2,0.094,0.38,2.075,0.0,0.0,50.0,48.333333333333336,38.0,40.0,0.0,47.77777777777778,,0.612690479744359,0.0475,0.28157879189290036,NORTH DAKOTA,"11,500","495,000",42000.0,"6,000",1.0,0.05,2.0,0.05,0.7,0.05,29.2,"3,600",1.0,0.01,34,0.5601138249940716,0.778021978021978,0.7637499999999999,0.7796065837013249,ND
2021,ND,Northern Rockies & Plains,Q3,1.075416666666667,6.56,0.3104166666666667,0.0,0.0,70.0,35.0,39.583333333333336,35.0,0.0,36.666666666666664,,0.5997394521626145,0.122,0.28157879189290036,NORTH DAKOTA,"7,500","580,000",510000.0,"67,000",12.0,2.2,7.0,4.1,6.1,5.5,31.7,"14,500",3.0,0.12,34,0.4000474270808631,0.927106227106227,0.9058333333333334,0.9293456443195502,ND
2021,ND,Northern Rockies & Plains,Q4,0.185,0.37,0.125,0.0,0.0,0.0,40.0,45.0,0.0,0.0,0.0,,0.39744168789873024,0.08,0.2632206564553987,NORTH DAKOTA,"11,000","485,000",485000.0,"27,000",6.0,2.8,7.8,0.05,0.9,0.05,28.0,"8,000",2.0,0.06,34,0.3677970120939056,0.6776556776556776,0.58875,0.6403050983540748,ND
2021,NE,Northern Rockies & Plains,Q2,0.6819999999999999,2.03,0.11,0.0,0.0,0.0,30.0,42.0,40.0,30.0,60.0,"[0.7914855859429253, 0.4649537311559667, 0.6355655065721687]",0.6306682745570202,0.0675,0.2632206564553987,NEBRASKA,"9,000","37,000",18500.0,"1,800",5.0,0.05,3.2,7.4,0.05,1.3,17.3,810,2.0,0.05,27,0.4432060706663505,0.6571428571428571,0.6016666666666668,0.6346848655158571,NE
2021,NE,Northern Rockies & Plains,Q3,2.6607142857142856,9.18,0.0821428571428571,45.0,0.0,75.0,45.833333333333336,56.42857142857143,36.666666666666664,0.0,52.5,"[0.7914855859429253, 0.4649537311559667, 0.6355655065721687]",0.6306682745570202,0.11199999999999999,,NEBRASKA,"1,200","49,000",45000.0,"6,000",12.0,0.05,3.2,1.8,0.05,1.8,13.7,"1,800",4.0,0.12,27,0.6746502252786342,0.7435897435897435,0.7575,0.7579285427539142,NE
2021,NE,Northern Rockies & Plains,Q4,10.068,16.61,0.0,75.0,0.0,0.0,64.0,78.0,80.0,0.0,30.0,"[0.48053751835068026, 0.2640199278060128, 0.4138615503069356]",0.3861396654878762,0.128,,NEBRASKA,10,"43,000",43000.0,"7,500",17.0,2.8,1.8,4.2,1.5,0.05,28.0,250,1.0,0.17,27,0.4937159117856296,0.4454212454212454,0.4449999999999999,0.4431955038137294,NE
2021,NV,Southwest,Q3,2.375263157894737,23.66,0.0657894736842105,0.0,0.0,90.0,38.75,43.52941176470589,0.0,0.0,45.0,"[0.5232687053772038, 0.41326130596153177, 0.5750817072006013, 0.5]",0.5029029296348342,,0.42125592509648224,,,,,,,,,,,,,,,,28,0.713540431586436,0.832234432234432,0.8662500000000002,0.8582898434363709,NV
2021,NY,Northeast,Q2,0.38375,2.32,0.325,0.0,0.0,30.0,31.428571428571427,35.0,30.0,0.0,45.0,"[0.6716420702325703, 0.5010263851915313, 0.6386323310272888, 0.6784793514777623, 0.5269351814173399]",0.6033430638692985,0.0625,0.42125592509648224,NEW YORK,"15,000","50,000",28000.0,"3,000",6.0,0.5,2.3,1.7,3.9,3.5,35.8,"4,100",8.0,0.06,32,0.3500118567702158,0.6736263736263737,0.5666666666666667,0.6274588518667203,NY
2021,NY,Northeast,Q3,1.44375,9.09,0.128125,73.33333333333333,0.0,44.0,48.57142857142857,53.125,52.5,0.0,33.333333333333336,"[0.6716420702325703, 0.5010263851915313, 0.6386323310272888, 0.6784793514777623, 0.5269351814173399]",0.6033430638692985,0.10800000000000001,0.7091785523248659,NEW YORK,"2,200","67,000",62000.0,"5,500",8.0,3.0,11.8,5.6,14.1,11.2,37.7,"5,000",7.0,0.08,32,0.3493004505572682,0.8267399267399268,0.7441666666666666,0.7964672822159774,NY
2021,OR,Northwest,Q2,0.5475,1.05,0.0625,40.0,0.0,30.0,30.0,40.0,0.0,0.0,30.0,"[0.36724308337355316, 0.5973367645793568, 0.5935840087121212, 0.6894228335218385, 0.666052792604596]",0.5827278965582932,0.035,0.7091785523248659,OREGON,"25,000","108,000",60000.0,"3,300",3.0,6.2,6.5,10.1,8.3,1.8,17.2,"19,500",18.0,0.03,37,0.4851790372302585,0.6813186813186815,0.6716666666666666,0.6820553994379767,OR
2021,OR,Northwest,Q3,2.879411764705882,8.11,0.05,50.0,0.0,55.0,35.55555555555556,44.11764705882353,53.333333333333336,0.0,60.0,"[0.36724308337355316, 0.5973367645793568, 0.5935840087121212, 0.6894228335218385, 0.666052792604596]",0.5827278965582932,0.096,,OREGON,"9,000","132,000",130000.0,"14,000",11.0,3.4,9.6,10.9,8.4,1.3,39.4,"13,500",10.0,0.11,37,0.7023950675835902,0.7853479853479853,0.8445833333333335,0.8217583299879567,OR
2021,OR,Northwest,Q4,3.6533333333333338,8.08,0.1666666666666666,30.0,0.0,0.0,40.0,56.666666666666664,70.0,0.0,60.0,"[0.41709029665492636, 0.24381306655175594, 0.3274462082195232, 0.30147459374002616, 0.40058451061122713]",0.3380817351554918,0.11400000000000002,,OREGON,680,"103,000",103000.0,"10,500",10.0,8.7,1.3,2.0,23.3,0.05,28.8,"29,000",28.0,0.1,37,0.4662082048849894,0.5296703296703297,0.54125,0.5355279004415897,OR
2021,PA,Northeast,Q2,0.7466666666666667,4.05,0.3374999999999999,0.0,0.0,30.0,45.0,49.166666666666664,43.333333333333336,0.0,47.5,"[0.6204940837796971, 0.6468148303612662, 0.6022162614855637, 0.70328363682378, 0.6128646090700273]",0.6371346843040668,0.0525,,PENNSYLVANIA,"7,000","23,000",20000.0,"2,000",9.0,1.4,1.2,2.6,5.0,0.5,21.4,"2,700",12.0,0.09,38,0.4707137775669907,0.8139194139194139,0.7825,0.8085106382978723,PA
2021,PA,Northeast,Q3,1.73125,3.02,0.15,0.0,0.0,55.0,44.285714285714285,50.0,0.0,0.0,0.0,"[0.6204940837796971, 0.6468148303612662, 0.6022162614855637, 0.70328363682378, 0.6128646090700273]",0.6371346843040668,0.06200000000000001,,PENNSYLVANIA,740,"28,000",25000.0,"1,600",6.0,1.0,4.2,2.6,15.3,3.8,40.5,980,4.0,0.06,38,0.6108608015176665,0.8809523809523808,0.91625,0.909273384183059,PA
2021,PA,Northeast,Q4,10.5275,16.97,0.025,60.0,0.0,35.0,37.5,72.5,90.0,0.0,50.0,"[0.3820618280162792, 0.2671561517717319, 0.30305550201424447, 0.33014246126277114, 0.3852879176218714]",0.33354077213737965,0.16599999999999998,0.5044053722166479,PENNSYLVANIA,250,"26,000",26000.0,"2,400",9.0,3.5,7.0,3.4,8.2,1.1,30.3,150,1.0,0.09,38,0.386293573630543,0.6857142857142858,0.6387499999999999,0.6684062625451626,PA
2021,SC,Southeast,Q1,0.3349999999999999,0.96,0.6333333333333333,50.0,0.0,0.0,36.0,33.333333333333336,30.0,0.0,68.0,"[0.44253320209250957, 0.49630081269955506, 0.47428971094634487, 0.3884716342239223, 0.5188518108188837]",0.4640894341562431,0.10999999999999999,0.5044053722166479,SOUTH CAROLINA,930,"18,000",15500.0,"1,200",7.0,0.05,4.1,3.2,10.1,0.9,48.5,190,1.0,0.07,40,0.6654019445103154,0.5062271062271063,0.4908333333333333,0.4985949417904456,SC
2021,SC,Southeast,Q2,0.6937500000000001,2.68,0.190625,30.0,0.0,37.5,41.666666666666664,41.875,30.0,0.0,48.0,"[0.5250926481511415, 0.6010820135398574, 0.5373607369458379, 0.582272045111532, 0.4876789238841155]",0.5466972735264968,0.08,0.5697559304556725,SOUTH CAROLINA,"4,200","19,000",18000.0,"1,700",9.0,2.1,9.1,0.05,32.7,5.0,48.4,"4,900",26.0,0.09,40,0.5015413801280532,0.7597069597069597,0.7324999999999999,0.7539140907266159,SC
2021,SC,Southeast,Q3,0.94,0.94,0.0,0.0,0.0,90.0,60.0,90.0,30.0,0.0,0.0,"[0.5250926481511415, 0.6010820135398574, 0.5373607369458379, 0.582272045111532, 0.4876789238841155]",0.5466972735264968,0.118,0.5697559304556725,SOUTH CAROLINA,"2,500","20,000",17000.0,"2,200",11.0,2.8,4.3,1.3,5.3,3.2,15.8,460,2.0,0.11,40,0.6305430400758834,0.852014652014652,0.87375,0.8727418707346446,SC
2021,SD,Northern Rockies & Plains,Q2,0.0,0.0,0.55,0.0,0.0,0.0,50.0,30.0,0.0,0.0,0.0,,0.612690479744359,0.065,0.7236369160432828,SOUTH DAKOTA,"39,000","210,000",16500.0,"7,000",3.0,3.6,27.3,4.2,12.0,0.7,49.4,"19,000",9.0,0.03,41,0.5198008062603747,0.8355311355311356,0.8254166666666667,0.8406262545162587,SD
2021,SD,Northern Rockies & Plains,Q3,0.5210526315789474,2.02,0.3157894736842105,0.0,0.0,0.0,37.69230769230769,46.31578947368421,45.0,0.0,41.81818181818182,,0.5997394521626145,0.164,0.7236369160432828,SOUTH DAKOTA,"7,000","235,000",230000.0,"29,000",12.0,1.1,14.1,3.9,4.6,1.3,18.3,"3,100",1.0,0.12,41,0.4206782072563433,0.9304029304029304,0.9275,0.9413890004014452,SD
2021,SD,Northern Rockies & Plains,Q4,1.26,2.52,0.1375,50.0,0.0,0.0,40.0,50.0,40.0,0.0,0.0,,0.39744168789873024,0.082,0.6891324149059846,SOUTH DAKOTA,"1,400","190,000",190000.0,"11,500",6.0,0.05,1.7,7.4,9.0,1.6,45.8,120,0.05,0.06,41,0.3260611809343135,0.7494505494505493,0.6766666666666667,0.7213970293054998,SD
2021,TN,Southeast,Q2,0.0,0.0,0.0,0.0,0.0,0.0,30.0,30.0,0.0,0.0,30.0,"[0.6672530054378278, 0.45027479392172476, 0.5449999853791767, 0.6484222851710644, 0.5157520015209069]",0.5653404142861401,0.11249999999999999,0.6891324149059846,TENNESSEE,"4,800","12,000",12000.0,720,6.0,0.05,3.1,2.4,10.3,0.05,22.4,"3,400",28.0,0.06,42,0.2575290490870287,0.7304029304029305,0.6166666666666666,0.6820553994379768,TN
2021,TN,Southeast,Q3,1.9866666666666664,2.91,0.3666666666666667,0.0,0.0,80.0,50.0,33.333333333333336,0.0,0.0,0.0,"[0.6672530054378278, 0.45027479392172476, 0.5449999853791767, 0.6484222851710644, 0.5157520015209069]",0.5653404142861401,0.16799999999999998,,TENNESSEE,850,"15,500",13500.0,"1,100",7.0,0.05,1.8,0.7,11.6,0.05,16.0,740,5.0,0.07,42,0.3372065449371591,0.8571428571428571,0.765,0.8229626655961463,TN
2021,TX,South,Q1,0.0466666666666666,0.07,1.5666666666666664,0.0,0.0,0.0,30.0,43.333333333333336,35.0,0.0,50.0,"[0.37664086655643936, 0.4501957530015117, 0.5931677675331498, 0.5435337586034134, 0.014061495203205987]",0.39551992817954407,0.098,,TEXAS,"61,000","355,000",240000.0,"30,000",8.0,1.5,7.4,5.8,13.0,0.05,17.7,"13,500",4.0,0.08,43,0.3663741996680104,0.2827838827838828,0.2412499999999999,0.2557205941388999,TX
2021,TX,South,Q2,0.06,0.12,0.65,0.0,0.0,0.0,40.0,45.0,50.0,0.0,60.0,"[0.44108789670288273, 0.6175095582566231, 0.5718375137245362, 0.514045677559565, 0.5472181656452635]",0.5383397623777741,0.0975,,TEXAS,"67,000","425,000",365000.0,"74,000",17.0,0.0,5.7,11.5,3.4,0.05,38.1,"72,000",17.0,0.17,43,0.4484230495612995,0.6435897435897436,0.5945833333333332,0.6238458450421518,TX
2021,TX,South,Q3,2.658333333333333,9.6,0.3833333333333333,70.0,0.0,0.0,56.0,45.0,50.0,0.0,50.0,"[0.44108789670288273, 0.6175095582566231, 0.5718375137245362, 0.514045677559565, 0.5472181656452635]",0.5383397623777741,0.08,,TEXAS,"3,100","144,000",138000.0,"4,000",3.0,0.5,4.4,4.4,6.0,0.5,20.2,"6,000",4.0,0.03,43,0.5847759070429216,0.7355311355311356,0.7504166666666666,0.7494981934965876,TX
2021,TX,South,Q4,2.405,8.1,0.1625,50.0,0.0,55.0,47.5,50.0,50.0,0.0,80.0,"[0.4501957530015117, 0.5931677675331498, 0.5435337586034134, 0.014061495203205987, 0.619025655175425]",0.4439968859033412,0.10200000000000001,0.6692479562481846,TEXAS,"2,100","290,000",146000.0,"23,000",8.0,1.2,4.1,9.8,8.3,5.5,19.4,"1,700",1.0,0.08,43,0.4920559639554185,0.432967032967033,0.4354166666666667,0.4319550381372943,TX
2021,UT,Southwest,Q2,0.188,0.55,0.25,0.0,0.0,0.0,30.0,34.0,40.0,0.0,50.0,"[0.5470891863421616, 0.5274426173239429, 0.6199869240562915, 0.5727228189176443, 0.46076977943624975]",0.545602265215258,0.11000000000000001,0.6692479562481846,UTAH,"9,500","31,000",20000.0,"3,800",12.0,10.3,0.05,18.7,25.7,1.4,40.0,"3,700",12.0,0.12,44,0.4401233104102442,0.7483516483516482,0.7054166666666666,0.735046166198314,UT
2021,UT,Southwest,Q3,0.2,0.78,0.0125,30.0,0.0,45.0,60.0,40.0,0.0,0.0,70.0,"[0.5470891863421616, 0.5274426173239429, 0.6199869240562915, 0.5727228189176443, 0.46076977943624975]",0.545602265215258,0.12200000000000003,0.4947532666079121,UTAH,"2,200","37,000",37000.0,"2,900",8.0,0.05,1.9,3.9,0.05,0.5,40.0,"1,900",5.0,0.08,44,0.5778989803177614,0.8465201465201465,0.8533333333333335,0.8598956242472904,UT
2021,UT,Southwest,Q4,8.648,28.51,0.04,70.0,0.0,30.0,48.0,64.0,90.0,0.0,53.333333333333336,"[0.34141444006185795, 0.29757299743574894, 0.37830629126179616, 0.2357744135212022, 0.4191399704027313]",0.3344416225366673,0.10400000000000001,0.4947532666079121,UTAH,"1,500","37,000",37000.0,"3,200",9.0,0.7,2.0,0.7,0.7,4.7,4.8,"1,400",4.0,0.09,44,0.35665164809106,0.6018315018315019,0.5641666666666667,0.5865114411882778,UT
2021,VA,Southeast,Q2,0.5466666666666666,2.02,0.1444444444444444,0.0,0.0,30.0,36.0,43.333333333333336,30.0,0.0,70.0,"[0.5747034620502469, 0.5708663801852433, 0.5470098213395973, 0.5932869805418834, 0.5040532292683277]",0.5579839746770597,0.095,0.47606316800441617,VIRGINIA,"3,100","8,500",8000.0,530,6.0,3.6,2.7,2.1,6.3,3.7,13.3,820,10.0,0.06,46,0.4937159117856296,0.7124542124542124,0.6591666666666668,0.6932958651144119,VA
2021,VA,Southeast,Q3,2.049090909090909,7.01,0.3681818181818181,0.0,0.0,0.0,41.0,54.54545454545455,0.0,0.0,50.0,"[0.5747034620502469, 0.5708663801852433, 0.5470098213395973, 0.5932869805418834, 0.5040532292683277]",0.5579839746770597,0.096,0.47606316800441617,VIRGINIA,530,"10,500",10500.0,890,8.0,0.9,4.6,0.8,12.1,1.9,19.2,750,7.0,0.08,46,0.5442257529049087,0.8161172161172161,0.8125,0.8233641107988761,VA
2021,VA,Southeast,Q4,5.3100000000000005,7.52,0.075,60.0,0.0,55.0,67.5,75.0,30.0,0.0,30.0,"[0.4203399005418864, 0.42580295083405495, 0.22776221455862578, 0.43617336847797916, 0.45427643659974404]",0.3928709742024581,0.13,0.6358345328628796,VIRGINIA,160,"8,500",8500.0,930,11.0,0.8,5.2,0.5,19.1,3.2,31.8,210,2.0,0.11,46,0.396727531420441,0.5633699633699635,0.5270833333333333,0.5475712565234846,VA
2021,VT,Northeast,Q2,0.442,1.11,0.39,0.0,0.0,0.0,30.0,36.0,45.0,0.0,35.0,"[0.6340979673182162, 0.5526429978599925, 0.6220355269907728, 0.6723418061990688, 0.5090281654348598]",0.598029292760582,0.0325,0.6358345328628796,VERMONT,770,"7,000",7000.0,40,1.0,0.5,1.5,0.0,0.8,0.0,28.1,570,8.0,0.01,45,0.3123073274839934,0.6600732600732601,0.5929166666666668,0.6322761942994781,VT
2021,VT,Northeast,Q3,3.1282352941176472,11.41,0.1941176470588235,48.333333333333336,0.0,50.0,50.833333333333336,55.294117647058826,62.5,0.0,30.0,"[0.6340979673182162, 0.5526429978599925, 0.6220355269907728, 0.6723418061990688, 0.5090281654348598]",0.598029292760582,0.028000000000000004,0.7223687562519827,VERMONT,310,"7,000",7000.0,10,0.05,1.5,1.6,0.0,3.0,0.6,25.4,100,1.0,0.0005,45,0.3177614417832582,0.7710622710622711,0.7133333333333333,0.7507025291047772,VT
2021,VT,Northeast,Q4,14.555,15.37,0.2,90.0,0.0,70.0,70.0,90.0,80.0,0.0,30.0,"[0.600792957458741, 0.43037534819797474, 0.3168699489360268, 0.5485242317055707, 0.5630507380321526]",0.49192264486609316,0.04,0.7223687562519827,VERMONT,0,"7,000",7000.0,40,1.0,0.05,0.05,0.0,0.6,0.8,16.1,50,1.0,0.01,45,0.7204173583115959,0.4216117216117216,0.4633333333333332,0.4391810517864312,VT
2021,WA,Northwest,Q2,0.1316666666666666,0.41,0.1583333333333333,0.0,0.0,80.0,36.666666666666664,40.0,30.0,0.0,53.333333333333336,"[0.5497635219026615, 0.6210008563635097, 0.6308837762541577, 0.6071462892437336, 0.6058822533988846]",0.6029353394325894,0.0475,0.24134151229645484,WASHINGTON,"9,500","122,000",66000.0,"2,900",2.0,8.4,4.7,1.2,19.1,0.05,31.7,"2,600",2.0,0.02,47,0.4455774247095092,0.6673992673992675,0.6275000000000001,0.6535527900441591,WA
2021,WA,Northwest,Q3,0.7988888888888889,2.92,0.1277777777777777,0.0,0.0,40.0,35.0,38.888888888888886,30.0,0.0,40.0,"[0.5497635219026615, 0.6210008563635097, 0.6308837762541577, 0.6071462892437336, 0.6058822533988846]",0.6029353394325894,0.13599999999999998,0.24134151229645484,WASHINGTON,"4,300","79,000",72000.0,"4,900",6.0,4.9,12.7,2.3,2.2,1.6,34.3,"15,500",20.0,0.06,47,0.5079440360445814,0.7805860805860806,0.7541666666666667,0.7759935768767564,WA
2021,WA,Northwest,Q4,2.1442857142857146,3.83,0.4857142857142857,85.0,0.0,56.666666666666664,54.285714285714285,71.42857142857143,70.0,0.0,0.0,"[0.30080770669743606, 0.3561695335478475, 0.417133902043607, 0.2324107933083871, 0.43587027773574627]",0.34847844266660477,0.11600000000000002,,WASHINGTON,"1,400","83,000",79000.0,"6,500",8.0,2.0,7.6,2.5,2.7,0.8,42.3,"2,300",3.0,0.08,47,0.3488261797486364,0.4304029304029305,0.4229166666666667,0.4243275792854276,WA
2021,WI,Upper Midwest,Q2,0.168,0.42,0.56,0.0,0.0,0.0,30.0,34.0,43.333333333333336,0.0,46.666666666666664,"[0.6144703298326177, 0.5271789352795963, 0.45976608902121985, 0.6031126093520858, 0.4557921341037018]",0.5320640195178443,0.07,,WISCONSIN,"10,000","57,000",42000.0,"2,100",4.0,1.2,1.1,15.1,19.3,2.2,26.1,"7,500",13.0,0.04,49,0.4275551339815034,0.7278388278388278,0.7995833333333333,0.7687675632276195,WI
2021,WI,Upper Midwest,Q3,1.6894117647058824,7.74,0.1117647058823529,50.0,0.0,90.0,48.18181818181818,57.05882352941177,30.0,0.0,45.0,"[0.6144703298326177, 0.5271789352795963, 0.45976608902121985, 0.6031126093520858, 0.4557921341037018]",0.5320640195178443,0.138,0.6253080082655211,WISCONSIN,"1,500","66,000",66000.0,"7,000",11.0,20.3,15.3,31.2,36.8,8.0,56.0,"4,300",7.0,0.11,49,0.5055726820014229,0.7575091575091576,0.8400000000000001,0.8044961862705741,WI
2021,WI,Upper Midwest,Q4,10.47,17.65,0.0,85.0,0.0,0.0,70.0,70.0,0.0,0.0,0.0,"[0.49752596213320766, 0.28790843618723516, 0.18545243329832573, 0.24676347044166946, 0.3296555347228862]",0.30946116735666485,0.154,0.6253080082655211,WISCONSIN,"1,100","47,000",47000.0,"5,500",12.0,0.5,2.5,0.7,0.05,0.7,28.4,150,0.05,0.12,49,0.6480910599952573,0.7307692307692307,0.8079166666666667,0.7747892412685669,WI
2021,WV,Ohio Valley,Q2,0.398,0.85,0.3,0.0,0.0,0.0,40.0,30.0,30.0,0.0,45.0,"[0.6703657426278684, 0.6144501995219701, 0.6614169998777533, 0.6137563603317859, 0.5856122929946259]",0.6291203190708007,0.08750000000000001,0.6193065061865595,WEST VIRGINIA,"1,900","9,000",8000.0,170,2.0,1.1,1.0,0.0,3.9,2.2,5.2,390,4.0,0.02,48,0.3153900877400996,0.6347985347985348,0.5183333333333333,0.5828984343637094,WV
2021,WV,Ohio Valley,Q3,2.6533333333333333,12.5,0.1166666666666666,0.0,0.0,30.0,42.666666666666664,45.55555555555556,56.666666666666664,0.0,56.666666666666664,"[0.6703657426278684, 0.6144501995219701, 0.6614169998777533, 0.6137563603317859, 0.5856122929946259]",0.6291203190708007,0.076,0.6193065061865595,WEST VIRGINIA,320,"8,000",8000.0,570,7.0,10.2,2.8,9.9,15.1,1.2,24.7,220,3.0,0.07,48,0.3073274839933602,0.7996336996336995,0.6695833333333334,0.7458851866720192,WV
2021,WV,Ohio Valley,Q4,1.56,1.56,0.0,0.0,0.0,80.0,90.0,80.0,0.0,0.0,0.0,"[0.4023856953328032, 0.5774228726357418, 0.26620061429465725, 0.4338614829277021, 0.3421799085408893]",0.40441011474635874,0.14000000000000004,0.6014466593503947,WEST VIRGINIA,10,"7,500",7500.0,560,7.0,0.6,1.0,1.9,6.3,3.1,13.8,100,1.0,0.07,48,0.3194213896134693,0.435897435897436,0.3704166666666666,0.4022480931352871,WV
2022,AK,Northwest,Q1,0.17,0.17,1.1,0.0,0.0,0.0,0.0,0.0,0.0,0.0,0.0,,0.40733147409277703,,0.6014466593503947,,,,,,,,,,,,,,,,2,0.2565805074697652,0.5923076923076924,0.46375,0.5331192292252108,AK
2022,AK,Northwest,Q2,0.0,0.0,24.05,50.0,0.0,0.0,30.0,30.0,0.0,0.0,60.0,,0.5966628331056228,,0.49715097409148457,,,,,,,,,,,,,,,,2,0.2433009248280768,0.8622710622710623,0.7275,0.8077077478924126,AK
2022,AL,Southeast,Q1,2.3075,6.73,0.1999999999999999,0.0,0.0,30.0,43.333333333333336,53.333333333333336,0.0,0.0,0.0,"[0.5625551181104549, 0.4962546293053993, 0.38414814746279746, 0.5424164381783556, 0.47138402326128825]",0.4913516712636591,0.126,0.49715097409148457,ALABAMA,"1,600","11,500",7500.0,"1,100",10.0,0.0,10.8,3.7,17.0,5.3,36.9,520,5.0,0.1,1,0.6445340289305194,0.616117216117216,0.5379166666666666,0.5816940987555199,AL
2022,AL,Southeast,Q2,4.24,4.24,1.3,60.0,0.0,0.0,60.0,80.0,0.0,0.0,0.0,"[0.603850651181473, 0.6208510537863248, 0.558150479790136, 0.4411057002150459, 0.47837241956420584]",0.5404660609074371,0.2275,0.5547829037354517,ALABAMA,"4,600","12,000",12000.0,"1,500",13.0,1.0,17.9,6.9,14.3,3.7,36.0,"1,900",16.0,0.13,1,0.5548968460991226,0.8443223443223444,0.8204166666666668,0.8430349257326375,AL
2022,AL,Southeast,Q3,3.2914285714285714,7.85,0.0428571428571428,60.0,0.0,75.0,75.71428571428571,90.0,85.0,0.0,50.0,"[0.603850651181473, 0.6208510537863248, 0.558150479790136, 0.4411057002150459, 0.47837241956420584]",0.5404660609074371,0.15400000000000003,0.5547829037354517,ALABAMA,870,"14,000",14000.0,"1,900",14.0,0.5,5.5,4.2,25.7,4.0,70.7,"2,000",14.0,0.14,1,0.5665164809106,0.8912087912087912,0.91875,0.916097952629466,AL
2022,AL,Southeast,Q4,1.674,3.09,0.19,0.0,0.0,80.0,66.0,80.0,0.0,0.0,0.0,"[0.4962546293053993, 0.38414814746279746, 0.5424164381783556, 0.47138402326128825, 0.4829713127816958]",0.4754349101979073,0.11000000000000001,0.6179649800710786,ALABAMA,900,"11,000",11000.0,"1,100",10.0,0.0,5.6,0.6,9.7,6.7,23.1,560,5.0,0.1,1,0.5107896608963718,0.6567765567765569,0.6100000000000001,0.6386993175431553,AL
2022,AR,South,Q2,2.4099999999999997,6.02,0.1833333333333333,50.0,50.0,0.0,45.0,63.333333333333336,53.333333333333336,0.0,50.0,"[0.4630965579152533, 0.2784445954503131, 0.5299442788855975, 0.5437962873768261, 0.3909287874677676]",0.4412421014191515,0.1125,0.6179649800710786,ARKANSAS,"6,500","23,000",19000.0,"3,200",14.0,2.0,6.4,9.5,12.7,3.9,20.6,"1,200",5.0,0.14,4,0.2843253497747214,0.7725274725274727,0.6833333333333333,0.7378562826174229,AR
2022,AR,South,Q3,3.7283333333333335,6.69,0.0208333333333333,60.0,0.0,70.0,59.09090909090909,70.0,65.0,0.0,60.0,"[0.4630965579152533, 0.2784445954503131, 0.5299442788855975, 0.5437962873768261, 0.3909287874677676]",0.4412421014191515,0.11200000000000002,0.5858291607115493,ARKANSAS,"2,100","26,000",26000.0,"4,400",17.0,0.05,7.0,13.0,12.6,4.8,25.1,370,1.0,0.17,4,0.2584775907042921,0.92014652014652,0.8458333333333334,0.8964271376957046,AR
2022,AR,South,Q4,4.818333333333333,13.25,0.0166666666666666,0.0,0.0,0.0,30.0,53.333333333333336,0.0,0.0,0.0,"[0.6166099221325245, 0.7200668417292886, 0.4973753100499654, 0.5135771974329916, 0.34638299450410737]",0.5388024531697755,0.13799999999999998,0.5858291607115493,ARKANSAS,110,"22,000",12500.0,940,4.0,0.05,0.05,0.05,2.7,0.6,9.9,30,0.05,0.04,4,0.4289779464073986,0.610989010989011,0.5654166666666667,0.5921316740264955,AR
2022,CA,West,Q1,0.0188888888888888,0.17,2.1444444444444444,30.0,0.0,35.0,30.0,37.77777777777778,0.0,0.0,46.666666666666664,"[0.5005514018307703, 0.5636656987837101, 0.40948860832012424, 0.4390775165708959, 0.6646656211378449]",0.5154897693286691,0.14400000000000002,,CALIFORNIA,"139,000","1,520,000",1060000.0,"162,000",11.0,3.3,3.9,5.3,7.2,4.2,29.7,"95,000",6.0,0.11,5,0.3011619634811477,0.3930402930402931,0.2541666666666667,0.3227619429947812,CA
2022,CA,West,Q2,1.1796153846153845,5.35,0.573076923076923,30.0,0.0,35.0,36.36363636363637,45.6,50.0,0.0,46.666666666666664,"[0.6110184661469438, 0.45234010022626414, 0.6835394567959421, 0.8263212254922053, 0.6347298906039889]",0.6415898278530688,0.0925,,CALIFORNIA,"152,000","1,040,000",980000.0,"107,000",10.0,4.8,20.3,6.6,16.2,3.7,41.1,"120,000",12.0,0.1,5,0.3149158169314678,0.6776556776556778,0.5525,0.6230429546366921,CA
2022,CA,West,Q3,1.5470000000000002,7.46,0.14,90.0,0.0,0.0,44.44444444444444,55.0,30.0,0.0,50.0,"[0.6110184661469438, 0.45234010022626414, 0.6835394567959421, 0.8263212254922053, 0.6347298906039889]",0.6415898278530688,0.094,0.6803286359057199,CALIFORNIA,"11,000","660,000",590000.0,"24,000",4.0,4.3,9.8,6.2,7.2,7.9,30.4,"57,000",9.0,0.04,5,0.3680341474982215,0.819047619047619,0.7183333333333334,0.7796065837013246,CA
2022,CA,West,Q4,0.2525,0.38,0.3625,30.0,0.0,0.0,52.5,62.5,40.0,0.0,70.0,"[0.5636656987837101, 0.40948860832012424, 0.4390775165708959, 0.6646656211378449, 0.4995448479355664]",0.5152884585496282,0.10600000000000001,0.6803286359057199,CALIFORNIA,"30,000","1,050,000",660000.0,"60,000",6.0,18.8,27.1,19.0,24.8,3.4,48.6,"58,000",6.0,0.06,5,0.3115959212710457,0.4545787545787546,0.3354166666666667,0.3954235246888801,CA
2022,CO,Southwest,Q2,0.5215384615384615,3.09,1.5384615384615383,0.0,0.0,0.0,31.666666666666668,40.76923076923077,55.0,0.0,34.0,"[0.5306254161120354, 0.5145206124970538, 0.5686689071862463, 0.5054646449531597, 0.46233323915020197]",0.5163225639797394,0.17,0.5509867449330628,COLORADO,"8,000","19,500",8000.0,"1,400",7.0,0.6,26.5,0.05,0.0,0.05,31.0,"2,300",12.0,0.07,6,0.4837562248043632,0.6794871794871795,0.66,0.67482938578884,CO
2022,CO,Southwest,Q3,1.24,2.97,0.25,0.0,0.0,50.0,30.0,35.0,0.0,0.0,30.0,"[0.5306254161120354, 0.5145206124970538, 0.5686689071862463, 0.5054646449531597, 0.46233323915020197]",0.5163225639797394,0.16399999999999998,0.5509867449330628,COLORADO,"5,000","24,000",21000.0,"2,800",12.0,0.05,2.2,0.0,0.0,5.4,14.4,120,1.0,0.12,6,0.4849419018259426,0.8157509157509156,0.81875,0.8261742272179847,CO
2022,DE,Northeast,Q2,1.4,2.21,0.3875,0.0,0.0,0.0,36.666666666666664,55.0,30.0,0.0,30.0,"[0.5622258668603275, 0.5791872942349134, 0.614305392080065, 0.45332772640946595, 0.6244661919005946]",0.5667024942970733,,,,,,,,,,,,,,,,,,8,0.5745790846573394,0.8857142857142857,0.9,0.9040545965475713,DE
2022,DE,Northeast,Q3,1.6595652173913045,5.53,0.108695652173913,76.66666666666667,0.0,55.0,45.0,60.476190476190474,73.33333333333333,0.0,30.0,"[0.5622258668603275, 0.5791872942349134, 0.614305392080065, 0.45332772640946595, 0.6244661919005946]",0.5667024942970733,,,,,,,,,,,,,,,,,,8,0.7996205833530946,0.9208791208791208,0.98,0.962264150943396,DE
2022,DE,Northeast,Q4,2.68,2.68,0.0,0.0,0.0,80.0,30.0,50.0,0.0,0.0,0.0,"[0.13229787556778105, 0.2873903593130388, 0.3264246859454366, 0.3536862070268485, 0.31281572906372324]",0.28252297138336563,,,,,,,,,,,,,,,,,,8,0.3934076357600189,0.7758241758241757,0.7862500000000001,0.7888398233641108,DE
2022,FL,Southeast,Q1,0.48,0.48,0.0,0.0,0.0,0.0,80.0,70.0,0.0,0.0,0.0,"[0.415699816766153, 0.5146929795869115, 0.4703450640794158, 0.3818891129398463, 0.4240805886959256]",0.44134151241365044,0.122,,FLORIDA,"50,000","295,000",295000.0,"24,000",8.0,3.7,6.4,9.8,13.1,8.2,39.0,"13,500",5.0,0.08,9,0.5138724211524781,0.6362637362637364,0.5662499999999999,0.606985146527499,FL
2022,FL,Southeast,Q3,1.7033333333333331,5.06,0.4083333333333334,50.0,0.0,80.0,45.0,55.0,0.0,0.0,90.0,"[0.4192598682350269, 0.27178091874558086, 0.4638720720945291, 0.5843023543753181, 0.11309039152023515]",0.370461120994138,0.14400000000000002,0.6371848686549737,FLORIDA,"38,000","285,000",245000.0,"58,000",20.0,1.7,14.2,13.9,30.8,16.6,56.5,"29,000",10.0,0.2,9,0.5781361157220773,0.891941391941392,0.9179166666666668,0.916097952629466,FL
2022,FL,Southeast,Q4,3.958,18.28,0.1866666666666666,65.55555555555556,0.0,40.0,61.42857142857143,70.0,60.0,0.0,53.75,"[0.5146929795869115, 0.4703450640794158, 0.3818891129398463, 0.4240805886959256, 0.22556548595800252]",0.4033146462520204,0.13599999999999998,0.6371848686549737,FLORIDA,"30,000","300,000",270000.0,"61,000",20.0,3.5,7.8,14.2,14.7,7.0,33.2,"40,000",13.0,0.2,9,0.4344320607066635,0.6695970695970695,0.6212500000000001,0.65114411882778,FL
2022,GA,Southeast,Q2,0.0,0.0,0.15,60.0,0.0,0.0,50.0,50.0,0.0,0.0,0.0,"[0.5088435667794662, 0.46831579532686474, 0.5502381582596025, 0.4033511882288414, 0.44687499458756375]",0.47552474063646777,0.11250000000000002,0.6660676844525129,GEORGIA,"27,000","131,000",128000.0,"26,000",20.0,1.4,8.3,6.1,9.0,5.7,35.9,"47,000",36.0,0.2,10,0.4076357600189708,0.571062271062271,0.5016666666666667,0.5395423524688879,GA
2022,GA,Southeast,Q3,1.3358333333333334,5.61,0.1083333333333333,70.0,0.0,0.0,49.09090909090909,60.0,70.0,0.0,30.0,"[0.5088435667794662, 0.46831579532686474, 0.5502381582596025, 0.4033511882288414, 0.44687499458756375]",0.47552474063646777,0.13599999999999998,0.6660676844525129,GEORGIA,"18,500","118,000",118000.0,"23,000",19.0,7.0,16.3,5.6,21.4,10.1,49.4,"39,000",33.0,0.19,10,0.2724685795589281,0.8267399267399268,0.7004166666666667,0.7751906864712967,GA
2022,GA,Southeast,Q4,1.97,10.86,0.2772727272727273,56.666666666666664,0.0,0.0,55.45454545454545,60.90909090909091,60.0,0.0,40.0,"[0.4585543577183665, 0.2734915213595758, 0.3713251075065158, 0.5137802882533207, 0.3278412496880554]",0.38899850490516685,0.152,0.6889144915808725,GEORGIA,"18,000","133,000",109000.0,"30,000",23.0,3.3,8.5,3.7,11.5,2.1,33.5,"17,000",13.0,0.23,10,0.4107185202750771,0.3901098901098901,0.3429166666666666,0.3641107988759534,GA
2022,HI,Hawaii,Q1,0.4657142857142857,2.27,1.8214285714285712,60.0,0.0,70.0,46.0,35.714285714285715,0.0,0.0,30.0,,,0.05399999999999999,0.6889144915808725,,,,,,,,,,,,,,,,11,0.4294522172160304,0.3728937728937729,0.3304166666666667,0.3484544359694902,HI
2022,HI,Hawaii,Q2,4.855,5.87,1.125,0.0,0.0,0.0,40.0,35.0,0.0,0.0,0.0,,,0.0125,0.6370669068443512,,,,,,,,,,,,,,,,11,0.4726108608015177,0.7293040293040293,0.7170833333333333,0.7302288237655561,HI
2022,ID,Northwest,Q2,0.2722222222222222,0.82,0.8500000000000001,0.0,0.0,80.0,30.0,35.55555555555556,50.0,0.0,41.25,"[0.6457316372091717, 0.5949918265598092, 0.7046019043663044, 0.4093755767813817, 0.4761772781728163]",0.5661756446178966,0.14500000000000002,0.6370669068443512,IDAHO,"35,000","111,000",103000.0,"19,000",17.0,5.6,9.5,13.7,13.1,3.5,32.6,"8,500",8.0,0.17,12,0.4799620583353094,0.7300366300366299,0.7,0.7217984745082296,ID
2022,ID,Northwest,Q3,0.7716666666666666,2.27,0.1125,0.0,0.0,0.0,43.75,50.0,38.0,0.0,30.0,"[0.6457316372091717, 0.5949918265598092, 0.7046019043663044, 0.4093755767813817, 0.4761772781728163]",0.5661756446178966,0.098,0.4832837716092333,IDAHO,"3,500","112,000",104000.0,"9,500",8.0,5.0,9.5,9.8,4.9,3.7,44.0,"12,000",11.0,0.08,12,0.5008299739151055,0.8241758241758241,0.8258333333333334,0.834604576475311,ID
2022,ID,Northwest,Q4,1.3866666666666667,2.73,0.0666666666666666,0.0,0.0,0.0,66.66666666666667,63.333333333333336,60.0,0.0,0.0,"[0.5484271082310324, 0.5558390927100565, 0.47947169080789553, 0.5482460485473744, 0.2762531355442541]",0.48164741516812254,0.08600000000000001,0.4832837716092333,IDAHO,"40,000","154,000",99000.0,"22,000",14.0,2.2,2.0,4.1,2.8,10.8,17.8,"6,000",4.0,0.14,12,0.3606829499644297,0.5007326007326008,0.47125,0.486150140505821,ID
2022,IN,Ohio Valley,Q3,2.5233333333333334,6.93,0.075,77.5,0.0,30.0,48.333333333333336,65.0,66.66666666666667,0.0,52.5,"[0.6381111810156421, 0.5995285796831864, 0.49862574179661867, 0.5676066843523022, 0.6338558084348711]",0.5875455990565241,0.08600000000000001,,INDIANA,370,"14,000",14000.0,650,5.0,0.05,2.9,41.2,4.7,2.3,49.8,"1,300",9.0,0.05,14,0.3590230021342186,0.9274725274725276,0.8574999999999999,0.9064632677639504,IN
2022,IN,Ohio Valley,Q4,4.739999999999999,9.32,0.1374999999999999,66.0,0.0,0.0,69.16666666666667,73.33333333333333,90.0,0.0,40.0,"[0.39911704212247645, 0.39588172782101794, 0.3602738369428483, 0.5232241114577739, 0.4897739927126443]",0.4336541422113521,0.158,,INDIANA,300,"12,500",12500.0,"2,200",18.0,18.2,17.1,20.7,23.4,14.8,43.1,"1,200",10.0,0.18,14,0.2959449845861987,0.5450549450549451,0.4354166666666667,0.4933761541549579,IN
2022,KY,Ohio Valley,Q2,0.25,1.88,0.109090909090909,0.0,0.0,70.0,31.11111111111111,38.0,30.0,0.0,41.666666666666664,"[0.3431305182458564, 0.4650717448544166, 0.67482807178027, 0.5030807440551867, 0.5132371916510696]",0.4998696541173599,0.1,0.7162097380957587,KENTUCKY,"3,600","10,500",7500.0,610,6.0,10.7,2.5,2.4,15.1,18.9,39.9,460,4.0,0.06,17,0.4764050272705715,0.6153846153846154,0.5691666666666666,0.5965475712565235,KY
2022,KY,Ohio Valley,Q3,1.4745454545454544,6.01,0.0681818181818181,60.0,0.0,0.0,41.111111111111114,51.81818181818182,37.5,0.0,30.0,"[0.3431305182458564, 0.4650717448544166, 0.67482807178027, 0.5030807440551867, 0.5132371916510696]",0.4998696541173599,0.124,0.7162097380957587,KENTUCKY,980,"13,500",13500.0,820,6.0,0.0,17.5,0.0,17.2,22.3,26.1,"1,400",10.0,0.06,17,0.5594024187811241,0.7439560439560439,0.7320833333333334,0.7458851866720194,KY
2022,KY,Ohio Valley,Q4,9.76,12.39,0.175,0.0,0.0,30.0,50.0,70.0,0.0,0.0,30.0,"[0.4023856953328032, 0.3889014837943654, 0.47092270893301424, 0.4495181174368197, 0.4358495921681642]",0.42951551953303335,0.12799999999999997,0.8522364688586146,KENTUCKY,130,"15,500",13500.0,"2,300",15.0,0.0,6.6,0.05,5.2,10.2,20.3,630,4.0,0.15,17,0.6004268437277687,0.4395604395604395,0.4279166666666666,0.4323564833400241,KY
2022,LA,South,Q2,1.2054545454545451,3.32,0.6136363636363636,0.0,0.0,55.0,30.0,35.45454545454545,40.0,0.0,31.0,"[0.45518830043228176, 0.5117663540647206]",0.4834773272485012,0.045,0.8522364688586146,LOUISIANA,"9,500","42,000",42000.0,"1,900",5.0,4.8,2.4,4.8,9.9,2.5,31.9,"11,500",27.0,0.05,18,0.5356888783495375,0.7329670329670328,0.7254166666666666,0.7358490566037735,LA
2022,LA,South,Q3,2.970833333333333,7.79,0.0,0.0,0.0,0.0,51.666666666666664,55.0,40.0,0.0,0.0,"[0.45518830043228176, 0.5117663540647206]",0.4834773272485012,0.092,0.6258945960385793,LOUISIANA,"4,900","55,000",41000.0,"4,500",8.0,0.9,1.9,0.05,17.0,3.9,51.9,"3,100",6.0,0.08,18,0.4944273179985771,0.8483516483516482,0.8695833333333333,0.8687274187073464,LA
2022,MA,Northeast,Q2,0.4933333333333333,1.4,1.0,0.0,50.0,0.0,35.0,48.333333333333336,40.0,0.0,54.0,"[0.5886233243962788, 0.38911104798056606, 0.6348516283298893, 0.6141387699069925, 0.39123260740446963]",0.5235914756036393,0.0425,0.6258945960385793,MASSACHUSETTS,"1,200","10,500",5500.0,270,3.0,1.3,0.8,0.5,1.2,0.5,4.7,890,8.0,0.03,21,0.499881432297842,0.6091575091575092,0.5929166666666666,0.6045764753111201,MA
2022,MA,Northeast,Q3,1.9910526315789472,6.11,0.1131578947368421,0.0,60.0,0.0,48.125,55.26315789473684,30.0,0.0,35.0,"[0.5886233243962788, 0.38911104798056606, 0.6348516283298893, 0.6141387699069925, 0.39123260740446963]",0.5235914756036393,0.098,0.6286093236458963,MASSACHUSETTS,350,"9,000",9000.0,400,4.0,1.5,7.5,0.05,4.9,0.05,20.8,610,7.0,0.04,21,0.4244723737253972,0.7648351648351648,0.7516666666666666,0.7659574468085106,MA
2022,MD,Northeast,Q2,0.1275,0.28,0.05,0.0,0.0,0.0,0.0,40.0,0.0,0.0,0.0,"[0.4811842798697624, 0.49621317048711644, 0.582481733176231, 0.5232687053772038, 0.5042477854443154]",0.5174791348709258,0.04750000000000001,0.6286093236458963,MARYLAND,"1,600","8,500",7500.0,390,5.0,2.4,14.7,0.8,7.9,1.7,19.9,"1,100",13.0,0.05,20,0.4493715911785629,0.6384615384615385,0.6074999999999999,0.6274588518667203,MD
2022,MD,Northeast,Q3,2.692941176470588,9.21,0.1470588235294117,70.0,0.0,50.0,40.0,58.125,70.0,0.0,0.0,"[0.4811842798697624, 0.49621317048711644, 0.582481733176231, 0.5232687053772038, 0.5042477854443154]",0.5174791348709258,0.10399999999999998,0.7113248654051871,MARYLAND,600,"4,800",4500.0,510,11.0,4.6,3.4,4.5,36.1,3.1,61.9,"1,300",27.0,0.11,20,0.4517429452217216,0.7677655677655678,0.75625,0.7699718988358091,MD
2022,MD,Northeast,Q4,0.44,0.44,0.05,0.0,0.0,0.0,30.0,30.0,0.0,0.0,0.0,"[0.3388203950927138, 0.26323404389584204, 0.4429139854688444, 0.4462151512568764, 0.4010879428714822]",0.3784543037171518,0.11600000000000002,0.7113248654051871,MARYLAND,"1,400","5,000",4900.0,520,10.0,0.9,13.4,0.6,10.9,2.2,40.9,20,0.05,0.1,20,0.4005216978894949,0.4296703296703297,0.4375,0.4307507025291048,MD
2022,ME,Northeast,Q2,0.678,1.18,0.85,0.0,0.0,80.0,32.5,44.0,30.0,0.0,40.0,"[0.688817956122096, 0.6743305263605353, 0.6884573487796386, 0.6364934237250912, 0.49245050401738066]",0.6361099518009483,0.0625,0.5658918936205912,MAINE,"1,300","19,500",7500.0,890,5.0,0.05,0.05,0.0,0.0,0.05,0.05,300,2.0,0.05,19,0.4413089874318235,0.672893772893773,0.6483333333333333,0.6659975913287836,ME
2022,ME,Northeast,Q3,1.793157894736842,12.62,0.2789473684210526,35.0,85.0,80.0,39.411764705882355,56.8421052631579,35.0,0.0,33.333333333333336,"[0.688817956122096, 0.6743305263605353, 0.6884573487796386, 0.6364934237250912, 0.49245050401738066]",0.6361099518009483,0.10400000000000001,0.5658918936205912,MAINE,310,"11,000",11000.0,"6,500",59.0,51.8,0.05,51.8,1.0,0.05,60.2,350,3.0,0.59,19,0.4721365899928859,0.8076923076923077,0.805,0.8153352067442793,ME
2022,MI,Upper Midwest,Q3,0.55,1.96,0.2785714285714286,60.0,0.0,0.0,46.0,40.0,50.0,0.0,30.0,"[0.6297179550038947, 0.6396935337901737, 0.581458120417396, 0.4837369974307174, 0.5357616545573703]",0.5740736522399105,0.15,,MICHIGAN,"8,000","98,000",98000.0,"15,500",16.0,2.1,3.5,4.6,2.8,1.7,25.4,"5,500",6.0,0.16,22,0.6132321555608253,0.9095238095238096,0.925,0.9289441991168208,MI
2022,MN,Upper Midwest,Q2,0.615,1.52,0.1166666666666666,30.0,0.0,0.0,32.5,36.0,52.0,0.0,47.5,"[0.5640315456931718, 0.4743425169621531, 0.5446791535952569, 0.45606271630357853, 0.45482282219662074]",0.4987877509501562,0.08,,MINNESOTA,"6,000","110,000",102000.0,"1,500",1.0,0.05,2.6,0.05,0.7,0.05,4.9,"2,000",2.0,0.01,23,0.5468342423523833,0.7531135531135531,0.7383333333333333,0.7535126455238861,MN
2022,MN,Upper Midwest,Q3,0.576111111111111,3.37,0.2055555555555555,33.333333333333336,0.0,60.0,33.529411764705884,37.77777777777778,44.0,0.0,31.0,"[0.5640315456931718, 0.4743425169621531, 0.5446791535952569, 0.45606271630357853, 0.45482282219662074]",0.4987877509501562,0.13999999999999999,0.6558763991941574,MINNESOTA,"1,700","106,000",105000.0,"7,500",7.0,0.05,4.1,10.7,1.4,2.3,10.7,590,1.0,0.07,23,0.4529286222433009,0.875091575091575,0.8616666666666667,0.8799678843837816,MN
2022,MT,Northern Rockies & Plains,Q2,0.224,0.63,0.44,0.0,0.0,0.0,43.333333333333336,48.0,57.5,0.0,40.0,"[0.5898484437852021, 0.4522774424948339, 0.683772233983162, 0.6449641987516368, 0.6009962655569469]",0.5943717169143563,0.0275,0.6558763991941574,MONTANA,"6,000","106,000",41000.0,960,1.0,0.0,8.7,1.7,0.0,0.0,16.4,"8,000",8.0,0.01,26,0.2544462888309224,0.7043956043956043,0.5820833333333333,0.65114411882778,MT
2022,MT,Northern Rockies & Plains,Q3,0.846875,6.32,0.26875,0.0,60.0,60.0,40.0,44.0,63.75,0.0,57.77777777777778,"[0.5898484437852021, 0.4522774424948339, 0.683772233983162, 0.6449641987516368, 0.6009962655569469]",0.5943717169143563,0.092,0.7394605697749633,MONTANA,970,"124,000",105000.0,"6,000",5.0,0.05,7.5,3.0,0.05,0.7,22.1,"2,100",2.0,0.05,26,0.2930993597344083,0.8882783882783883,0.7858333333333334,0.8502609393817744,MT
2022,NC,Southeast,Q2,0.0,0.0,2.1,0.0,0.0,0.0,30.0,30.0,0.0,0.0,0.0,"[0.6032364818240942, 0.5527864045000421, 0.5918805148053041, 0.5253928714223313, 0.47102314439905035]",0.5488638833901645,0.0975,0.7394605697749633,NORTH CAROLINA,"7,500","30,000",25000.0,"1,200",4.0,3.5,0.05,0.0,2.8,1.0,23.9,"3,300",11.0,0.04,33,0.5148209627697415,0.7139194139194139,0.6895833333333334,0.7085507828181453,NC
2022,NC,Southeast,Q3,4.901666666666666,12.33,0.1083333333333333,0.0,0.0,0.0,56.0,73.33333333333333,56.666666666666664,0.0,0.0,"[0.6032364818240942, 0.5527864045000421, 0.5918805148053041, 0.5253928714223313, 0.47102314439905035]",0.5488638833901645,0.13,0.6843786156840004,NORTH CAROLINA,"2,100","33,000",31000.0,"2,600",8.0,1.5,0.9,1.4,26.1,1.1,35.8,"2,500",8.0,0.08,33,0.515769504387005,0.8054945054945054,0.8225,0.8225612203934161,NC
2022,NC,Southeast,Q4,15.005,25.85,0.025,0.0,0.0,0.0,65.0,80.0,0.0,90.0,0.0,"[0.45465811685078816, 0.34053928234209874, 0.515122301009086, 0.5003384095142334, 0.4282725765751346]",0.4477861372582682,0.156,0.6843786156840004,NORTH CAROLINA,0,"29,000",26000.0,"3,400",12.0,3.1,3.7,3.6,6.4,0.05,13.5,480,2.0,0.12,33,0.3658999288593787,0.4996336996336996,0.4795833333333333,0.4897631473303894,NC
2022,ND,Northern Rockies & Plains,Q2,0.293,2.23,0.955,0.0,0.0,55.0,30.0,40.0,46.666666666666664,0.0,58.75,,0.612690479744359,0.037500000000000006,0.7939149630103086,NORTH DAKOTA,"15,000","495,000",77000.0,"17,000",3.0,0.9,9.9,4.8,22.7,0.5,38.9,"8,500",2.0,0.03,34,0.526203462176903,0.8285714285714286,0.7929166666666666,0.820955439582497,ND
2022,ND,Northern Rockies & Plains,Q3,1.502,3.34,0.92,0.0,0.0,0.0,35.0,44.0,0.0,0.0,43.333333333333336,,0.5997394521626145,0.12,0.7939149630103086,NORTH DAKOTA,"7,000","520,000",495000.0,"82,000",16.0,4.2,7.3,17.1,12.7,0.9,56.1,"14,500",3.0,0.16,34,0.3343609200853688,0.9677655677655675,0.9179166666666668,0.9574468085106383,ND
2022,NE,Northern Rockies & Plains,Q2,0.32,0.75,0.3388888888888888,0.0,0.0,0.0,32.857142857142854,46.666666666666664,84.0,60.0,42.0,"[0.4649537311559667, 0.6355655065721687]",0.5502596188640677,0.045,0.6385005972593893,NEBRASKA,"11,000","46,000",19000.0,"2,400",5.0,0.7,0.7,0.0,21.9,0.05,26.4,"5,000",11.0,0.05,27,0.4711880483756224,0.6435897435897436,0.5916666666666667,0.6226415094339623,NE
2022,NE,Northern Rockies & Plains,Q3,1.934,5.65,0.0699999999999999,30.0,0.0,0.0,48.46153846153846,61.42857142857143,64.0,0.0,50.0,"[0.4649537311559667, 0.6355655065721687]",0.5502596188640677,0.1,0.6385005972593893,NEBRASKA,"1,100","51,000",51000.0,"3,500",7.0,3.8,7.5,1.7,0.05,0.05,18.3,"1,100",2.0,0.07,27,0.5387716386056439,0.7666666666666665,0.7441666666666666,0.7635487755921316,NE
2022,NJ,Northeast,Q3,3.62,9.75,0.875,0.0,0.0,0.0,57.5,65.0,0.0,0.0,80.0,"[0.5631587983718788, 0.6035088397269461, 0.7137487129616642, 0.6535083014340153, 0.5738211731158593]",0.6215491651220727,0.046,0.6568565310645742,NEW JERSEY,"1,700","21,000",21000.0,"1,600",8.0,0.05,0.7,0.05,10.1,7.7,15.4,210,1.0,0.08,30,0.5115010671093195,0.7717948717948718,0.7670833333333333,0.7775993576876756,NJ
2022,NM,Southwest,Q4,5.45125,13.24,0.225,0.0,0.0,0.0,67.5,82.5,60.0,0.0,0.0,"[0.3359263679230474, 0.33400571541733615, 0.34724663423178037, 0.2928932188134524, 0.530958424017657]",0.3682060720806547,0.20600000000000002,0.6568565310645742,NEW MEXICO,20,"9,500",9500.0,920,10.0,4.8,1.4,1.6,5.0,1.1,20.3,180,2.0,0.1,31,0.4593312781598292,0.6003663003663005,0.5645833333333334,0.585708550782818,NM
2022,NV,Southwest,Q1,0.0,0.0,0.0,0.0,0.0,0.0,0.0,0.0,0.0,0.0,0.0,"[0.23988304993390808, 0.46784791580980856, 0.19039380877246892, 0.3953584550748581]",0.3233708073977609,,0.7566678683038562,,,,,,,,,,,,,,,,28,0.4330092482807683,0.4311355311355312,0.3870833333333333,0.4078683259735046,NV
2022,NV,Southwest,Q2,0.9816666666666666,3.57,0.2416666666666666,0.0,0.0,55.0,36.666666666666664,43.333333333333336,30.0,0.0,48.0,"[0.5232687053772038, 0.41326130596153177, 0.5750817072006013, 0.5]",0.5029029296348342,,0.7566678683038562,,,,,,,,,,,,,,,,28,0.5513398150343847,0.712820512820513,0.7008333333333333,0.7133681252509033,NV
2022,NV,Southwest,Q3,4.742,12.85,0.365,45.0,0.0,80.0,42.22222222222222,54.0,36.666666666666664,0.0,30.0,"[0.5232687053772038, 0.41326130596153177, 0.5750817072006013, 0.5]",0.5029029296348342,,0.596972781035177,,,,,,,,,,,,,,,,28,0.4040787289542328,0.8531135531135531,0.8620833333333333,0.8679245283018868,NV
2022,NY,Northeast,Q2,1.00375,2.56,0.8812500000000001,0.0,70.0,0.0,42.5,38.75,32.5,0.0,33.333333333333336,"[0.5010263851915313, 0.6386323310272888, 0.6784793514777623, 0.5269351814173399, 0.5369158255825008]",0.5763978149392847,0.055,0.596972781035177,NEW YORK,"6,000","57,000",35000.0,"2,000",4.0,0.8,1.7,0.05,3.4,1.0,23.0,"4,300",8.0,0.04,32,0.4673938819065686,0.5952380952380953,0.5591666666666667,0.5804897631473305,NY
2022,NY,Northeast,Q3,3.0063636363636363,15.05,0.3045454545454545,80.0,66.0,43.333333333333336,52.0,60.0,80.0,0.0,30.0,"[0.5010263851915313, 0.6386323310272888, 0.6784793514777623, 0.5269351814173399, 0.5369158255825008]",0.5763978149392847,0.088,,NEW YORK,"2,800","63,000",61000.0,"4,700",7.0,9.3,16.7,21.1,13.8,7.8,57.3,"5,500",9.0,0.07,32,0.3402893051932653,0.8025641025641025,0.74,0.7816138097149739,NY
2022,NY,Northeast,Q4,6.7700000000000005,11.56,0.12,66.66666666666667,0.0,55.0,72.5,75.0,70.0,0.0,0.0,"[0.3165805612555167, 0.3940035986756364, 0.3845120020669216, 0.3415475333598922, 0.390550599779956]",0.3654388590275846,0.142,,NEW YORK,740,"62,000",62000.0,"14,000",23.0,19.1,41.1,19.5,38.8,3.4,59.3,"1,600",3.0,0.23,32,0.2942850367559876,0.3062271062271062,0.2604166666666667,0.2782015254917703,NY
2022,OH,Ohio Valley,Q2,0.6733333333333333,1.31,0.3333333333333333,0.0,0.0,60.0,30.0,50.0,30.0,0.0,70.0,"[0.6308808475622221, 0.5757156301148316, 0.6754566643669271, 0.5557078929874324, 0.4993950391011758]",0.5874312148265177,0.08750000000000001,0.5694844307301734,OHIO,"4,400","15,500",15500.0,400,3.0,5.5,2.3,3.1,5.3,2.0,67.0,"1,200",8.0,0.03,35,0.4761678918662556,0.5893772893772895,0.53125,0.5640305098354075,OH
2022,OH,Ohio Valley,Q3,1.78,6.37,0.025,50.0,0.0,30.0,40.0,55.333333333333336,0.0,0.0,0.0,"[0.6308808475622221, 0.5757156301148316, 0.6754566643669271, 0.5557078929874324, 0.4993950391011758]",0.5874312148265177,0.08199999999999999,0.5694844307301734,OHIO,900,"19,000",19000.0,"1,100",6.0,0.05,6.3,10.1,16.8,2.4,41.9,"1,500",8.0,0.06,35,0.2513635285748162,0.8315018315018315,0.71625,0.7856282617422721,OH
2022,OH,Ohio Valley,Q4,5.17,7.26,0.4,0.0,0.0,0.0,60.0,45.0,0.0,0.0,0.0,"[0.4329744876906554, 0.2797171809285319, 0.4854366766746935, 0.39153553297370947, 0.3675444679663241]",0.3914416692467829,0.12,0.6710373381890713,OHIO,700,"17,500",17500.0,920,5.0,0.05,2.2,0.05,8.2,2.6,15.2,"1,200",7.0,0.05,35,0.4927673701683661,0.4644688644688645,0.4333333333333334,0.4480128462464874,OH
2022,OR,Northwest,Q2,1.14,1.14,0.4,0.0,70.0,0.0,40.0,40.0,0.0,0.0,90.0,"[0.5973367645793568, 0.5935840087121212, 0.6894228335218385, 0.666052792604596, 0.5288597935110997]",0.6150512385858025,0.035,0.6710373381890713,OREGON,"12,500","96,000",94000.0,"13,000",14.0,9.5,17.5,16.1,23.2,0.05,57.3,"19,500",20.0,0.14,37,0.4488973203699312,0.6706959706959708,0.6733333333333333,0.676836611802489,OR
2022,OR,Northwest,Q3,3.898,11.79,0.0425,60.0,77.77777777777777,55.0,48.888888888888886,68.42105263157895,60.0,0.0,77.5,"[0.5973367645793568, 0.5935840087121212, 0.6894228335218385, 0.666052792604596, 0.5288597935110997]",0.6150512385858025,0.10400000000000001,,OREGON,"2,600","97,000",82000.0,"10,500",11.0,6.1,12.7,4.3,10.0,0.5,32.0,"6,500",7.0,0.11,37,0.4723737253972018,0.8080586080586081,0.8329166666666667,0.8289843436370935,OR
2022,OR,Northwest,Q4,1.44,1.44,0.0,0.0,0.0,0.0,30.0,80.0,0.0,0.0,90.0,"[0.24381306655175594, 0.3274462082195232, 0.30147459374002616, 0.40058451061122713, 0.4211972750077637]",0.3389031308260592,0.118,,OREGON,"10,000","83,000",83000.0,"15,000",18.0,19.8,3.3,15.8,25.5,1.7,63.4,110,0.05,0.18,37,0.5752904908702869,0.5230769230769232,0.52125,0.5226816539542353,OR
2022,PA,Northeast,Q2,0.7941666666666666,4.66,0.725,0.0,80.0,0.0,30.0,38.888888888888886,30.0,0.0,35.0,"[0.6468148303612662, 0.6022162614855637, 0.70328363682378, 0.6128646090700273, 0.5676984845778198]",0.6265755644636914,0.0525,,PENNSYLVANIA,"7,000","24,000",23000.0,730,3.0,0.6,1.1,0.05,3.3,2.1,19.0,"2,300",10.0,0.03,38,0.4839933602086791,0.8369963369963369,0.8091666666666668,0.8329987956643917,PA
2022,PA,Northeast,Q3,1.1122222222222222,3.23,0.1611111111111111,0.0,60.0,0.0,36.666666666666664,48.888888888888886,40.0,0.0,60.0,"[0.6468148303612662, 0.6022162614855637, 0.70328363682378, 0.6128646090700273, 0.5676984845778198]",0.6265755644636914,0.062,,PENNSYLVANIA,"1,600","30,000",28000.0,"1,600",5.0,0.6,3.7,1.7,4.6,0.8,25.8,"1,200",4.0,0.05,38,0.5866729902774483,0.8842490842490842,0.9216666666666664,0.9136892814130873,PA
2022,PA,Northeast,Q4,4.78,4.78,0.0,0.0,0.0,0.0,40.0,70.0,0.0,0.0,0.0,"[0.2671561517717319, 0.30305550201424447, 0.33014246126277114, 0.3852879176218714, 0.33813327424705997]",0.3247550613835358,0.154,0.4427027680149873,PENNSYLVANIA,250,"30,000",30000.0,"3,500",12.0,1.5,3.1,7.1,12.6,4.9,49.4,"1,100",4.0,0.12,38,0.4517429452217216,0.6413919413919414,0.6133333333333333,0.6322761942994781,PA
2022,SC,Southeast,Q1,2.655,3.45,0.475,0.0,0.0,0.0,40.0,50.0,0.0,0.0,0.0,"[0.49630081269955506, 0.47428971094634487, 0.3884716342239223, 0.5188518108188837, 0.553847410966358]",0.4863522759310127,0.082,0.4427027680149873,SOUTH CAROLINA,"4,500","20,000",17000.0,"2,500",13.0,0.0,4.5,0.05,3.8,3.1,38.0,830,4.0,0.13,40,0.6801043395778991,0.5190476190476191,0.4608333333333333,0.4913689281413088,SC
2022,SC,Southeast,Q2,1.3985714285714286,7.56,0.3214285714285714,0.0,0.0,53.333333333333336,35.26315789473684,47.61904761904762,30.0,0.0,41.666666666666664,"[0.6010820135398574, 0.5373607369458379, 0.582272045111532, 0.4876789238841155, 0.4969480896668854]",0.5410683618296457,0.0775,0.36733201887290123,SOUTH CAROLINA,"3,500","23,000",22000.0,"2,500",11.0,0.0,1.2,12.8,29.2,0.9,30.0,"3,200",14.0,0.11,40,0.5048612757884752,0.7886446886446886,0.75875,0.7828181453231634,SC
2022,SD,Northern Rockies & Plains,Q3,0.7892857142857143,4.97,0.1964285714285714,0.0,0.0,50.0,38.57142857142857,42.72727272727273,55.0,0.0,30.0,,0.5997394521626145,0.162,0.36733201887290123,SOUTH DAKOTA,250,"194,000",178000.0,"22,000",11.0,0.05,18.1,16.8,3.4,0.5,24.7,"2,500",1.0,0.11,41,0.3867678444391748,0.9637362637362636,0.95,0.9710959454034526,SD
2022,SD,Northern Rockies & Plains,Q4,4.1530000000000005,14.9,0.155,50.0,0.0,70.0,42.0,62.0,70.0,0.0,30.0,,0.39744168789873024,0.078,0.4640786064711274,SOUTH DAKOTA,20,"175,000",175000.0,"27,000",15.0,5.0,9.4,11.4,30.7,0.05,67.1,10,0.05,0.15,41,0.379416646905383,0.6736263736263737,0.6304166666666667,0.6579686872741871,SD
2022,TN,Southeast,Q1,0.126,0.78,0.295,70.0,0.0,62.0,30.0,41.111111111111114,0.0,0.0,50.0,"[0.5032307769024442, 0.4971214500222607, 0.2074247545939345, 0.32573956524765824, 0.4361195472012319]",0.39392721879350595,0.21799999999999997,0.4640786064711274,TENNESSEE,"1,300","10,500",10500.0,"2,300",22.0,1.0,3.3,0.05,5.1,3.0,12.9,200,2.0,0.22,42,0.2667773298553474,0.421978021978022,0.3258333333333333,0.3729425933360096,TN
2022,TN,Southeast,Q2,0.6000000000000001,4.29,0.4318181818181818,0.0,0.0,30.0,31.666666666666668,37.27272727272727,0.0,0.0,35.0,"[0.45027479392172476, 0.5449999853791767, 0.6484222851710644, 0.5157520015209069, 0.5879657092804308]",0.5494829550546607,0.11,0.24587647558484438,TENNESSEE,"9,000","11,500",9500.0,"4,400",38.0,1.0,24.4,0.05,23.7,1.7,30.9,"1,200",10.0,0.38,42,0.269148683898506,0.7036630036630036,0.5845833333333333,0.6523484544359696,TN
2022,TX,South,Q1,0.48,0.96,0.675,0.0,0.0,50.0,60.0,40.0,0.0,0.0,50.0,"[0.4501957530015117, 0.5931677675331498, 0.5435337586034134, 0.014061495203205987, 0.619025655175425]",0.4439968859033412,0.096,0.24587647558484438,TEXAS,"80,000","400,000",270000.0,"37,000",9.0,0.6,6.0,3.6,2.1,1.5,21.2,"34,000",9.0,0.09,43,0.4308750296419255,0.2754578754578755,0.1925,0.2288237655560016,TX
2022,TX,South,Q2,0.37625,1.41,0.5125,0.0,0.0,30.0,30.0,35.0,50.0,0.0,56.666666666666664,"[0.6175095582566231, 0.5718375137245362, 0.514045677559565, 0.5472181656452635, 0.5122037696876236]",0.5525629369747223,0.11500000000000002,,TEXAS,"42,000","415,000",345000.0,"46,000",11.0,0.05,5.1,0.6,28.6,0.9,37.2,"113,000",27.0,0.11,43,0.4994071614892103,0.6373626373626374,0.5825,0.6146126053793657,TX
2022,TX,South,Q3,2.41,6.12,0.0,30.0,0.0,0.0,40.0,40.0,0.0,0.0,0.0,"[0.6175095582566231, 0.5718375137245362, 0.514045677559565, 0.5472181656452635, 0.5122037696876236]",0.5525629369747223,0.06999999999999999,,TEXAS,"11,500","205,000",194000.0,"8,500",4.0,0.05,5.5,5.9,11.6,1.6,12.4,"4,400",2.0,0.04,43,0.5323689826891156,0.7560439560439561,0.73125,0.7511039743075072,TX
2022,TX,South,Q4,0.2283333333333333,1.17,0.7666666666666666,0.0,0.0,30.0,36.666666666666664,40.0,80.0,0.0,80.0,"[0.5931677675331498, 0.5435337586034134, 0.014061495203205987, 0.619025655175425, 0.4682077443044763]",0.44759928416393413,0.092,0.23562465835078883,TEXAS,720,"260,000",210000.0,"7,500",3.0,4.3,3.8,4.3,12.8,3.0,14.0,"2,200",1.0,0.03,43,0.4837562248043632,0.4483516483516484,0.415,0.4307507025291048,TX
2022,UT,Southwest,Q1,0.24,0.24,0.6,0.0,0.0,0.0,30.0,30.0,30.0,0.0,30.0,"[0.34141444006185795, 0.29757299743574894, 0.37830629126179616, 0.2357744135212022, 0.4191399704027313]",0.3344416225366673,0.10600000000000001,0.23562465835078883,UTAH,"4,600","32,000",28000.0,"4,100",13.0,3.0,0.05,0.0,1.5,0.5,22.2,740,2.0,0.13,44,0.4809105999525729,0.4956043956043957,0.4341666666666667,0.46527498996387,UT
2022,UT,Southwest,Q2,0.775,2.0,0.7000000000000001,0.0,0.0,55.0,44.0,55.0,30.0,0.0,53.333333333333336,"[0.5274426173239429, 0.6199869240562915, 0.5727228189176443, 0.46076977943624975, 0.3482356653149241]",0.5058315610098105,0.0925,0.3617040466957051,UTAH,"8,500","29,000",23000.0,"4,600",16.0,6.9,23.8,7.9,0.8,8.3,40.1,"5,000",17.0,0.16,44,0.5003557031064738,0.7545787545787547,0.7225,0.7462866318747492,UT
2022,UT,Southwest,Q3,2.4059999999999997,9.31,0.02,0.0,0.0,0.0,42.5,72.5,75.0,0.0,30.0,"[0.5274426173239429, 0.6199869240562915, 0.5727228189176443, 0.46076977943624975, 0.3482356653149241]",0.5058315610098105,0.118,0.3617040466957051,UTAH,"2,600","32,000",32000.0,"4,200",13.0,3.4,2.6,17.6,18.5,4.0,26.7,"2,600",8.0,0.13,44,0.5221721603035333,0.8380952380952381,0.8520833333333334,0.8550782818145324,UT
2022,UT,Southwest,Q4,6.47,6.47,0.0,70.0,0.0,0.0,60.0,80.0,80.0,0.0,0.0,"[0.29757299743574894, 0.37830629126179616, 0.2357744135212022, 0.4191399704027313, 0.18172455731028359]",0.30250364598635243,0.11200000000000002,0.38357877682699026,UTAH,990,"26,000",25000.0,"1,800",7.0,2.1,0.05,0.05,3.2,0.05,9.2,250,1.0,0.07,44,0.4818591415698364,0.5553113553113553,0.5129166666666667,0.5367322360497792,UT
2022,VA,Southeast,Q2,0.8711111111111111,2.42,0.3333333333333333,0.0,0.0,65.0,38.0,51.111111111111114,30.0,0.0,30.0,"[0.5708663801852433, 0.5470098213395973, 0.5932869805418834, 0.5040532292683277, 0.5737086489822907]",0.5577850120634685,0.09999999999999999,0.38357877682699026,VIRGINIA,"2,900","10,500",9000.0,580,6.0,0.9,18.1,0.6,21.7,1.7,30.8,680,6.0,0.06,46,0.5494427317998577,0.726007326007326,0.6720833333333334,0.7065435568044962,VA
2022,VA,Southeast,Q3,2.1542857142857144,5.74,0.1285714285714286,47.5,0.0,70.0,37.857142857142854,50.0,45.0,0.0,0.0,"[0.5708663801852433, 0.5470098213395973, 0.5932869805418834, 0.5040532292683277, 0.5737086489822907]",0.5577850120634685,0.092,0.4811254783372292,VIRGINIA,850,"12,000",12000.0,"1,000",8.0,0.6,1.6,2.3,13.9,7.2,34.5,"1,100",9.0,0.08,46,0.5845387716386057,0.7996336996336996,0.8083333333333333,0.8125250903251705,VA
2022,VA,Southeast,Q4,0.94,0.94,0.45,0.0,0.0,0.0,30.0,30.0,0.0,0.0,0.0,"[0.42580295083405495, 0.22776221455862578, 0.43617336847797916, 0.45427643659974404, 0.458419255192941]",0.40048684513266897,0.132,0.4811254783372292,VIRGINIA,300,"10,500",9000.0,"1,300",12.0,0.05,6.4,0.0,20.9,3.9,43.3,750,7.0,0.12,46,0.4391747687929808,0.5190476190476191,0.4654166666666667,0.4941790445604175,VA
2022,VT,Northeast,Q2,0.8710000000000001,2.64,0.175,0.0,55.0,65.0,30.0,36.0,40.0,0.0,0.0,"[0.5526429978599925, 0.6220355269907728, 0.6723418061990688, 0.5090281654348598, 0.4811254783372292]",0.5674347949643846,0.035,0.33681795369575607,VERMONT,"3,300","8,500",7500.0,150,2.0,0.0,1.3,0.7,1.5,0.05,21.2,160,2.0,0.02,45,0.5133981503438464,0.5684981684981686,0.5583333333333333,0.5656362906463268,VT
2022,VT,Northeast,Q3,1.0871428571428572,4.32,0.1857142857142857,80.0,70.0,76.66666666666667,50.0,51.53846153846154,0.0,0.0,40.0,"[0.5526429978599925, 0.6220355269907728, 0.6723418061990688, 0.5090281654348598, 0.4811254783372292]",0.5674347949643846,0.0161,0.33681795369575607,VERMONT,910,"10,000",10000.0,240,2.0,0.7,2.1,0.0,1.0,0.6,32.4,"1,800",18.0,0.02,45,0.2553948304481859,0.8010989010989011,0.7270833333333334,0.7743877960658369,VT
2022,WA,Northwest,Q3,0.6133333333333333,1.94,0.0916666666666666,0.0,0.0,0.0,40.0,60.0,60.0,0.0,56.666666666666664,"[0.6210008563635097, 0.6308837762541577, 0.6071462892437336, 0.6058822533988846, 0.5190014042402962]",0.5967829159001163,0.13400000000000004,0.32063377951324257,WASHINGTON,"2,800","84,000",81000.0,"3,000",4.0,0.05,0.05,0.0,0.05,0.7,11.1,"1,100",1.0,0.04,47,0.4927673701683662,0.7619047619047619,0.7533333333333333,0.7659574468085106,WA
2022,WA,Northwest,Q4,2.1561538461538463,4.91,0.123076923076923,55.0,50.0,30.0,37.142857142857146,54.285714285714285,30.0,0.0,30.0,"[0.3561695335478475, 0.417133902043607, 0.2324107933083871, 0.43587027773574627, 0.31861485613075313]",0.3520398725532682,0.11399999999999999,0.32063377951324257,WASHINGTON,540,"89,000",84000.0,"7,500",8.0,0.0,4.2,0.05,6.4,8.2,34.0,220,0.05,0.08,47,0.3772824282665402,0.3937728937728938,0.3770833333333333,0.3821758329987956,WA
2022,WI,Upper Midwest,Q2,0.616,1.82,0.18,0.0,0.0,0.0,46.666666666666664,52.0,60.0,0.0,60.0,"[0.5271789352795963, 0.45976608902121985, 0.6031126093520858, 0.4557921341037018, 0.604101337088218]",0.5299902209689643,0.0625,0.1872574462256843,WISCONSIN,"7,000","62,000",52000.0,"1,600",3.0,4.9,9.6,11.8,14.6,6.0,26.9,"1,300",2.0,0.03,49,0.4654967986720417,0.7336996336996336,0.8116666666666668,0.7784022480931352,WI
2022,WI,Upper Midwest,Q3,0.9266666666666666,4.07,0.3,30.0,0.0,30.0,41.0,52.857142857142854,50.0,0.0,30.0,"[0.5271789352795963, 0.45976608902121985, 0.6031126093520858, 0.4557921341037018, 0.604101337088218]",0.5299902209689643,0.128,0.1872574462256843,WISCONSIN,"4,400","58,000",58000.0,"14,000",24.0,7.2,5.0,6.7,7.9,6.9,20.4,"8,000",14.0,0.24,49,0.4273179985771876,0.7666666666666666,0.8366666666666667,0.8077077478924126,WI
2022,WI,Upper Midwest,Q4,0.95,0.95,0.0,60.0,0.0,0.0,80.0,70.0,30.0,0.0,0.0,"[0.28790843618723516, 0.18545243329832573, 0.24676347044166946, 0.3296555347228862, 0.28088205349538753]",0.2661323856291008,0.152,0.6191612310453001,WISCONSIN,140,"47,000",26000.0,"3,500",7.0,19.4,9.9,17.5,21.4,11.7,23.2,380,1.0,0.07,49,0.5456485653308039,0.7399267399267401,0.8145833333333334,0.7828181453231634,WI
2022,WV,Ohio Valley,Q2,0.3233333333333333,1.15,0.0583333333333333,0.0,0.0,0.0,30.0,55.0,40.0,0.0,30.0,"[0.6144501995219701, 0.6614169998777533, 0.6137563603317859, 0.5856122929946259, 0.5276078298530897]",0.600568736515845,0.0575,0.6191612310453001,WEST VIRGINIA,"2,400","7,500",5000.0,260,3.0,3.6,1.0,0.0,7.4,0.9,13.1,"2,600",35.0,0.03,48,0.3594972729428504,0.5901098901098901,0.4895833333333333,0.5443596949016459,WV
2022,WV,Ohio Valley,Q3,1.076470588235294,5.13,0.0235294117647058,30.0,60.0,32.5,32.72727272727273,45.625,30.0,0.0,40.0,"[0.6144501995219701, 0.6614169998777533, 0.6137563603317859, 0.5856122929946259, 0.5276078298530897]",0.600568736515845,0.084,0.44220592045836826,WEST VIRGINIA,520,"8,000",8000.0,360,5.0,3.8,0.05,3.4,9.2,2.1,14.8,660,8.0,0.05,48,0.3120701920796775,0.8117216117216118,0.6870833333333334,0.7607386591730229,WV
2022,WV,Ohio Valley,Q4,1.05,1.54,0.225,0.0,0.0,30.0,30.0,40.0,0.0,0.0,70.0,"[0.5774228726357418, 0.26620061429465725, 0.4338614829277021, 0.3421799085408893, 0.45206665835868587]",0.41434630735153527,0.12800000000000003,0.44220592045836826,WEST VIRGINIA,0,"8,000",7500.0,"1,100",14.0,0.8,6.4,0.0,3.8,0.5,33.4,220,3.0,0.14,48,0.3047189945458857,0.3813186813186813,0.2875,0.3327980730630269,WV
2023,AK,Northwest,Q3,0.5204166666666666,3.66,0.7583333333333333,0.0,0.0,0.0,33.63636363636363,38.5,30.0,0.0,35.0,,0.5991627851710898,,0.5153657905152775,,,,,,,,,,,,,,,,2,0.3099359734408348,0.9615384615384616,0.88125,0.9361702127659576,AK
2023,AL,Southeast,Q1,0.9366666666666666,1.9,0.35,0.0,0.0,0.0,30.0,53.333333333333336,90.0,0.0,50.0,"[0.4962546293053993, 0.38414814746279746, 0.5424164381783556, 0.47138402326128825, 0.4829713127816958]",0.4754349101979073,0.1,0.5153657905152775,ALABAMA,"2,000","15,500",11000.0,"1,400",9.0,0.7,9.9,1.5,18.3,8.3,31.9,880,6.0,0.09,1,0.6229547071377758,0.6571428571428571,0.6183333333333334,0.6427137695704538,AL
2023,AL,Southeast,Q2,2.2244444444444444,4.72,0.0888888888888888,0.0,90.0,0.0,58.333333333333336,70.0,0.0,0.0,0.0,"[0.6208510537863248, 0.558150479790136, 0.4411057002150459, 0.47837241956420584, 0.5156160286351226]",0.522819136398167,0.2425,0.3749251541821159,ALABAMA,"4,800","16,000",16000.0,"2,100",13.0,2.2,4.5,1.0,10.5,9.2,37.1,"4,200",26.0,0.13,1,0.5767133032961822,0.816117216117216,0.8,0.8177438779606583,AL
2023,AL,Southeast,Q3,3.28,6.79,0.0083333333333333,40.0,0.0,60.0,48.0,65.0,90.0,0.0,0.0,"[0.6208510537863248, 0.558150479790136, 0.4411057002150459, 0.47837241956420584, 0.5156160286351226]",0.522819136398167,0.164,0.3749251541821159,ALABAMA,"1,200","15,000",15000.0,"2,400",16.0,4.1,4.4,1.1,35.3,6.4,67.5,"2,700",18.0,0.16,1,0.5032013279582641,0.9175824175824177,0.9233333333333336,0.932557205941389,AL
2023,AL,Southeast,Q4,3.4124999999999996,6.63,0.0,0.0,0.0,80.0,50.0,60.0,0.0,0.0,30.0,"[0.38414814746279746, 0.5424164381783556, 0.47138402326128825, 0.4829713127816958, 0.5634996627965814]",0.4888839168961437,0.10400000000000001,0.293351932310439,ALABAMA,420,"10,500",10500.0,760,7.0,8.2,14.5,2.1,62.4,5.1,72.0,80,1.0,0.07,1,0.414275551339815,0.6684981684981687,0.6208333333333333,0.6503412284223203,AL
2023,AR,South,Q2,3.48,5.63,0.1666666666666666,80.0,0.0,0.0,50.0,70.0,30.0,0.0,45.0,"[0.2784445954503131, 0.5299442788855975, 0.5437962873768261, 0.3909287874677676, 0.6041257549291091]",0.46944794082192265,0.1275,0.293351932310439,ARKANSAS,"6,500","24,000",22000.0,"11,000",46.0,2.8,1.9,7.4,13.1,3.1,22.4,"2,200",9.0,0.46,4,0.2715200379416647,0.7377289377289377,0.6733333333333333,0.7137695704536332,AR
2023,AR,South,Q3,3.25125,14.81,0.03125,70.0,0.0,0.0,58.57142857142857,72.0,60.0,0.0,0.0,"[0.2784445954503131, 0.5299442788855975, 0.5437962873768261, 0.3909287874677676, 0.6041257549291091]",0.46944794082192265,0.10400000000000001,0.46172564922419734,ARKANSAS,"3,600","34,000",19500.0,"1,000",3.0,3.1,5.0,24.3,16.7,4.2,38.6,390,1.0,0.03,4,0.2589518615129239,0.8904761904761906,0.8216666666666667,0.8691288639100762,AR
2023,AR,South,Q4,6.103999999999999,15.2,0.18,50.0,0.0,0.0,50.0,62.0,0.0,0.0,0.0,"[0.7200668417292886, 0.4973753100499654, 0.5135771974329916, 0.34638299450410737, 0.466525258085168]",0.5087855203603041,0.086,0.46172564922419734,ARKANSAS,330,"37,000",37000.0,"3,100",8.0,8.5,0.6,8.3,9.6,2.6,60.8,10,0.05,0.08,4,0.3457434194925302,0.6406593406593407,0.5995833333333334,0.6250501806503412,AR
2023,CA,West,Q1,0.08,0.24,1.65,0.0,0.0,0.0,30.0,43.333333333333336,60.0,0.0,70.0,"[0.5636656987837101, 0.40948860832012424, 0.4390775165708959, 0.6646656211378449, 0.4995448479355664]",0.5152884585496282,0.14,0.18561139869340126,CALIFORNIA,"88,000","1,330,000",1020000.0,"196,000",15.0,11.3,23.0,14.1,18.2,16.7,48.7,"48,000",4.0,0.15,5,0.3412378468105288,0.3428571428571428,0.2441666666666666,0.290646326776395,CA
2023,CA,West,Q2,0.8896774193548387,5.06,0.9919354838709676,44.285714285714285,0.0,40.0,49.583333333333336,57.096774193548384,49.0,0.0,45.90909090909091,"[0.45234010022626414, 0.6835394567959421, 0.8263212254922053, 0.6347298906039889, 0.844061520983729]",0.6881984388204259,0.095,0.18561139869340126,CALIFORNIA,"139,000","940,000",910000.0,"152,000",16.0,4.0,11.3,4.5,3.3,4.1,41.4,"112,000",12.0,0.16,5,0.3874792506521224,0.645054945054945,0.53875,0.5981533520674429,CA
2023,CA,West,Q3,0.4357142857142858,1.08,0.1428571428571428,80.0,0.0,30.0,44.285714285714285,48.57142857142857,50.0,0.0,70.0,"[0.45234010022626414, 0.6835394567959421, 0.8263212254922053, 0.6347298906039889, 0.844061520983729]",0.6881984388204259,0.08199999999999999,0.22296880852344636,CALIFORNIA,"21,000","600,000",570000.0,"32,000",5.0,2.3,4.4,3.7,2.6,2.3,22.1,"61,000",10.0,0.05,5,0.3388664927673702,0.8128205128205128,0.69875,0.7671617824167003,CA
2023,CO,Southwest,Q2,0.1763636363636364,2.31,1.2204545454545457,0.0,0.0,50.0,42.142857142857146,43.63636363636363,61.666666666666664,0.0,49.285714285714285,"[0.5145206124970538, 0.5686689071862463, 0.5054646449531597, 0.46233323915020197, 0.5805308522072474]",0.5263036511987819,0.15000000000000002,0.22296880852344636,COLORADO,"4,500","33,000",10000.0,"1,100",3.0,5.5,0.7,1.3,5.1,0.05,64.4,"1,500",5.0,0.03,6,0.477353568887835,0.6835164835164834,0.64375,0.6696105981533522,CO
2023,CO,Southwest,Q3,0.0,0.0,0.4,0.0,0.0,0.0,30.0,30.0,0.0,0.0,0.0,"[0.5145206124970538, 0.5686689071862463, 0.5054646449531597, 0.46233323915020197, 0.5805308522072474]",0.5263036511987819,0.16799999999999998,0.7538170180413345,COLORADO,170,"26,000",23000.0,"6,500",25.0,3.1,12.9,12.6,0.05,0.05,45.1,"2,300",9.0,0.25,6,0.8373251126393172,0.7908424908424908,0.8220833333333333,0.8145323163388197,CO
2023,DE,Northeast,Q2,0.965,2.92,0.4,0.0,0.0,30.0,36.666666666666664,45.0,50.0,0.0,30.0,"[0.5791872942349134, 0.614305392080065, 0.45332772640946595, 0.6244661919005946]",0.5678216511562597,,0.7538170180413345,,,,,,,,,,,,,,,,8,0.6454825705477828,0.8776556776556775,0.8945833333333333,0.8972300281011643,DE
2023,DE,Northeast,Q3,1.984375,6.12,0.15625,50.0,0.0,60.0,44.0,62.5,46.666666666666664,0.0,33.333333333333336,"[0.5791872942349134, 0.614305392080065, 0.45332772640946595, 0.6244661919005946]",0.5678216511562597,,0.46525858416358534,,,,,,,,,,,,,,,,8,0.6782072563433721,0.9377289377289378,0.9895833333333331,0.9755118426334806,DE
2023,DE,Northeast,Q4,5.1049999999999995,13.75,0.1999999999999999,70.0,0.0,40.0,45.0,72.5,0.0,0.0,0.0,"[0.2873903593130388, 0.3264246859454366, 0.3536862070268485, 0.31281572906372324, 0.46712983074303116]",0.34948936241841566,,0.46525858416358534,,,,,,,,,,,,,,,,8,0.5058098174057386,0.7648351648351648,0.785,0.7824167001204336,DE
2023,FL,Southeast,Q1,0.6100000000000001,0.67,0.35,0.0,0.0,0.0,45.0,60.0,0.0,0.0,60.0,"[0.5146929795869115, 0.4703450640794158, 0.3818891129398463, 0.4240805886959256, 0.22556548595800252]",0.4033146462520204,0.11599999999999999,0.13744565388608698,FLORIDA,"51,000","305,000",270000.0,"34,000",11.0,3.5,4.2,5.6,11.1,8.5,28.1,"18,500",6.0,0.11,9,0.5807446051695518,0.6714285714285715,0.6216666666666667,0.6523484544359696,FL
2023,FL,Southeast,Q3,1.2433333333333332,2.76,0.0333333333333333,0.0,0.0,0.0,43.333333333333336,33.333333333333336,30.0,0.0,60.0,"[0.27178091874558086, 0.4638720720945291, 0.5843023543753181, 0.11309039152023515, 0.45513763205741575]",0.37763667375861576,0.13999999999999999,0.13744565388608698,FLORIDA,"44,000","290,000",245000.0,"34,000",12.0,7.2,10.1,8.3,16.6,10.1,28.0,"21,000",7.0,0.12,9,0.5541854398861751,0.9102564102564104,0.9233333333333332,0.9289441991168204,FL
2023,FL,Southeast,Q4,0.902,5.02,0.4566666666666666,30.0,0.0,0.0,50.76923076923077,55.333333333333336,35.0,0.0,46.36363636363637,"[0.4703450640794158, 0.3818891129398463, 0.4240805886959256, 0.22556548595800252, 0.5124500866241622]",0.40286606765947053,0.13399999999999998,0.6190826346624687,FLORIDA,"22,000","335,000",305000.0,"33,000",10.0,4.1,17.4,30.3,14.9,14.1,38.7,"19,500",6.0,0.1,9,0.4280294047901352,0.6776556776556776,0.6304166666666666,0.6595744680851064,FL
2023,GA,Southeast,Q3,1.682857142857143,5.47,0.1285714285714286,77.5,0.0,0.0,61.666666666666664,72.85714285714286,90.0,0.0,70.0,"[0.46831579532686474, 0.5502381582596025, 0.4033511882288414, 0.44687499458756375, 0.41816487722745443]",0.45738900272606536,0.148,0.6190826346624687,GEORGIA,"17,000","133,000",126000.0,"23,000",17.0,1.0,9.7,6.4,16.0,11.1,34.4,"10,500",8.0,0.17,10,0.3134930045055727,0.7842490842490841,0.6775,0.7406663990365314,GA
2023,GA,Southeast,Q4,3.22,7.41,0.17,0.0,0.0,0.0,42.0,58.0,55.0,0.0,60.0,"[0.2734915213595758, 0.3713251075065158, 0.5137802882533207, 0.3278412496880554, 0.45989196758919626]",0.38926602687933276,0.17,,GEORGIA,"4,000","140,000",127000.0,"25,000",18.0,3.2,18.8,2.9,15.8,10.1,42.0,"15,500",11.0,0.18,10,0.3602086791557979,0.4285714285714285,0.4054166666666667,0.4146928944199116,GA
2023,ID,Northwest,Q2,0.1233333333333333,0.47,0.4,30.0,0.0,0.0,30.0,35.55555555555556,50.0,0.0,51.42857142857143,"[0.5949918265598092, 0.7046019043663044, 0.4093755767813817, 0.4761772781728163, 0.30611133351128905]",0.49825158387832014,0.15500000000000003,,IDAHO,"22,000","132,000",82000.0,"7,000",5.0,5.9,1.3,5.7,6.7,1.4,40.9,"11,000",8.0,0.05,12,0.4133270097225516,0.7329670329670328,0.6754166666666667,0.7121637896427139,ID
2023,ID,Northwest,Q3,1.891111111111111,7.79,0.1388888888888889,0.0,0.0,40.0,42.857142857142854,51.111111111111114,42.5,0.0,40.0,"[0.5949918265598092, 0.7046019043663044, 0.4093755767813817, 0.4761772781728163, 0.30611133351128905]",0.49825158387832014,0.094,0.43910184384949735,IDAHO,"1,800","154,000",125000.0,"8,000",5.0,4.4,1.8,1.7,3.1,1.7,18.3,"11,000",7.0,0.05,12,0.473796537823097,0.8230769230769232,0.8162499999999999,0.8293857888398233,ID
2023,ID,Northwest,Q4,1.4266666666666663,6.2,0.7333333333333334,0.0,0.0,0.0,32.0,38.333333333333336,0.0,0.0,0.0,"[0.5558390927100565, 0.47947169080789553, 0.5482460485473744, 0.2762531355442541, 0.38346374067348843]",0.4486547416566138,0.10400000000000001,0.43910184384949735,IDAHO,"1,400","215,000",148000.0,"4,000",2.0,10.2,0.8,8.3,1.0,1.2,55.3,"5,000",2.0,0.02,12,0.3801280531183306,0.5391941391941392,0.5241666666666667,0.5331192292252108,ID
2023,IN,Ohio Valley,Q2,0.44,1.32,0.1333333333333333,0.0,0.0,0.0,46.666666666666664,50.0,0.0,0.0,50.0,"[0.5995285796831864, 0.49862574179661867, 0.5676066843523022, 0.6338558084348711, 0.23465006840050429]",0.5068533765334966,0.1175,0.4189605541730943,INDIANA,"4,100","10,500",9000.0,320,3.0,1.6,18.3,7.4,5.6,3.0,23.8,"1,500",14.0,0.03,14,0.4382262271757173,0.7805860805860806,0.7041666666666667,0.7519068647129669,IN
2023,IN,Ohio Valley,Q3,3.152,7.94,0.0733333333333333,75.0,70.0,0.0,59.285714285714285,75.33333333333333,73.33333333333333,40.0,43.333333333333336,"[0.5995285796831864, 0.49862574179661867, 0.5676066843523022, 0.6338558084348711, 0.23465006840050429]",0.5068533765334966,0.08199999999999999,0.4189605541730943,INDIANA,150,"15,500",14500.0,440,3.0,1.8,1.8,8.7,12.1,0.5,40.9,"1,100",7.0,0.03,14,0.4379890917714014,0.9117216117216116,0.8520833333333332,0.895222802087515,IN
2023,IN,Ohio Valley,Q4,4.203333333333333,8.77,0.15,55.0,0.0,55.0,56.666666666666664,70.0,62.5,0.0,30.0,"[0.39588172782101794, 0.3602738369428483, 0.5232241114577739, 0.4897739927126443, 0.40731560883096407]",0.4352938555530497,0.164,0.6532744900717966,INDIANA,150,"15,000",15000.0,"4,100",27.0,5.8,2.0,8.4,32.8,0.05,47.5,620,4.0,0.27,14,0.3445577424709509,0.582051282051282,0.50125,0.5455640305098355,IN
2023,KY,Ohio Valley,Q2,0.3045454545454545,1.15,0.3045454545454545,0.0,0.0,60.0,36.0,40.90909090909091,30.0,0.0,38.57142857142857,"[0.4650717448544166, 0.67482807178027, 0.5030807440551867, 0.5132371916510696, 0.37357756801728503]",0.5059590640716456,0.085,0.6532744900717966,KENTUCKY,"1,000","9,500",9000.0,550,6.0,0.9,0.7,1.2,2.8,5.5,8.3,450,5.0,0.06,17,0.5354517429452218,0.6010989010989012,0.5675000000000001,0.5877157767964674,KY
2023,KY,Ohio Valley,Q3,3.386,7.35,0.16,40.0,50.0,60.0,37.5,53.0,50.0,0.0,30.0,"[0.4650717448544166, 0.67482807178027, 0.5030807440551867, 0.5132371916510696, 0.37357756801728503]",0.5059590640716456,0.09999999999999999,0.3861665589947484,KENTUCKY,660,"8,000",8000.0,740,9.0,2.1,5.0,7.2,9.6,3.3,35.4,540,7.0,0.09,17,0.6383685084183068,0.738095238095238,0.7558333333333334,0.7535126455238861,KY
2023,KY,Ohio Valley,Q4,12.96,14.81,0.125,0.0,0.0,40.0,45.0,80.0,0.0,0.0,0.0,"[0.3889014837943654, 0.47092270893301424, 0.4495181174368197, 0.4358495921681642, 0.34046078636837895]",0.41713053774014847,0.13399999999999998,0.3861665589947484,KENTUCKY,270,"8,000",8000.0,860,11.0,0.0,4.7,11.8,10.9,3.2,28.7,660,8.0,0.11,17,0.5653308038890207,0.4179487179487179,0.4370833333333334,0.4243275792854276,KY
2023,LA,South,Q2,1.6025,6.29,0.3166666666666666,0.0,0.0,55.0,51.666666666666664,60.0,45.0,0.0,51.42857142857143,[0.5117663540647206],0.5117663540647206,0.0475,0.5983308629569214,LOUISIANA,"4,400","44,000",39000.0,"2,700",6.0,0.05,24.7,17.5,3.6,0.8,32.0,"9,000",20.0,0.06,18,0.4410718520275077,0.7384615384615384,0.7041666666666667,0.7290244881573666,LA
2023,MA,Northeast,Q2,0.52,1.92,0.3941176470588235,0.0,73.33333333333333,50.0,30.0,34.705882352941174,47.5,0.0,45.0,"[0.38911104798056606, 0.6348516283298893, 0.6141387699069925, 0.39123260740446963, 0.604586556208638]",0.5267841219661111,0.045000000000000005,0.5983308629569214,MASSACHUSETTS,"1,300","10,500",7500.0,"1,500",14.0,0.7,10.6,0.05,0.05,1.6,28.2,510,5.0,0.14,21,0.396727531420441,0.6593406593406594,0.6145833333333333,0.6423123243677239,MA
2023,MA,Northeast,Q3,2.6566666666666667,4.3,0.3999999999999999,0.0,30.0,80.0,40.0,68.33333333333333,0.0,0.0,45.0,"[0.38911104798056606, 0.6348516283298893, 0.6141387699069925, 0.39123260740446963, 0.604586556208638]",0.5267841219661111,0.09,,MASSACHUSETTS,160,"9,000",9000.0,380,4.0,1.8,0.7,0.0,3.3,0.7,17.4,470,5.0,0.04,21,0.4050272705714963,0.7739926739926739,0.7525000000000001,0.7715776796467282,MA
2023,MA,Northeast,Q4,6.5,6.5,0.05,0.0,0.0,0.0,50.0,70.0,0.0,0.0,0.0,"[0.23253626055294607, 0.4942889641768481, 0.4274610669347292, 0.31899477539300114, 0.3112627682788055]",0.35690876706726604,0.09599999999999999,,MASSACHUSETTS,40,"5,500",5500.0,590,11.0,4.6,0.5,0.05,0.6,0.05,8.8,70,1.0,0.11,21,0.3580744605169552,0.4142857142857143,0.4191666666666666,0.4134885588117222,MA
2023,MD,Northeast,Q2,0.94,2.53,1.06,0.0,0.0,30.0,30.0,60.0,30.0,0.0,70.0,"[0.49621317048711644, 0.582481733176231, 0.5232687053772038, 0.5042477854443154, 0.5742157952592062]",0.5360854379488146,0.05500000000000001,0.3477620337324083,MARYLAND,710,"5,500",5500.0,200,4.0,0.6,0.8,0.05,0.9,0.05,18.8,730,13.0,0.04,20,0.4100071140621295,0.6593406593406594,0.6004166666666666,0.6350863107185869,MD
2023,MD,Northeast,Q3,3.481111111111111,7.18,0.3555555555555555,70.0,0.0,50.0,44.285714285714285,72.22222222222223,30.0,0.0,0.0,"[0.49621317048711644, 0.582481733176231, 0.5232687053772038, 0.5042477854443154, 0.5742157952592062]",0.5360854379488146,0.088,0.3477620337324083,MARYLAND,400,"4,200",4100.0,170,4.0,0.0,4.1,4.1,13.4,1.6,32.9,840,20.0,0.04,20,0.4723737253972018,0.7578754578754578,0.7504166666666666,0.7619429947812123,MD
2023,MD,Northeast,Q4,6.626,21.35,0.235,73.33333333333333,0.0,50.0,47.5,60.0,0.0,0.0,0.0,"[0.26323404389584204, 0.4429139854688444, 0.4462151512568764, 0.4010879428714822, 0.18946061003761216]",0.3485823467061314,0.11200000000000002,0.592013155794437,MARYLAND,500,"6,500",4400.0,"1,900",29.0,0.0,0.05,0.0,19.0,3.1,33.8,340,5.0,0.29,20,0.4047901351671804,0.4483516483516484,0.4841666666666667,0.4636692091529506,MD
2023,ME,Northeast,Q2,0.1955555555555555,1.15,1.3222222222222222,0.0,0.0,30.0,36.0,33.75,50.0,0.0,60.0,"[0.6743305263605353, 0.6884573487796386, 0.6364934237250912, 0.49245050401738066, 0.4611840939196753]",0.5905831793604642,0.0675,0.592013155794437,MAINE,510,"15,500",7500.0,"1,000",6.0,3.9,0.05,4.7,0.05,0.0,10.6,"1,100",7.0,0.06,19,0.4986957552762627,0.6710622710622711,0.6354166666666667,0.6587715776796468,ME
2023,ME,Northeast,Q3,1.8566666666666665,7.39,0.2833333333333333,0.0,60.0,30.0,50.0,61.333333333333336,50.0,0.0,45.0,"[0.6743305263605353, 0.6884573487796386, 0.6364934237250912, 0.49245050401738066, 0.4611840939196753]",0.5905831793604642,0.20800000000000002,0.489355980183668,MAINE,40,"6,000",6000.0,"1,400",23.0,0.0,0.05,0.0,0.05,0.0,17.3,220,4.0,0.23,19,0.7370168366137064,0.7813186813186812,0.8129166666666666,0.8048976314733038,ME
2023,MI,Upper Midwest,Q2,0.159,0.69,1.22,50.0,0.0,0.0,32.5,34.0,46.666666666666664,0.0,44.285714285714285,"[0.6396935337901737, 0.581458120417396, 0.4837369974307174, 0.5357616545573703, 0.4568582043013093]",0.5395017020993933,0.05,0.489355980183668,MICHIGAN,"9,500","85,000",46000.0,"4,200",5.0,1.8,3.2,2.6,7.7,10.0,12.0,"3,700",4.0,0.05,22,0.5824045529997629,0.8329670329670329,0.8275,0.8398233641107987,MI
2023,MI,Upper Midwest,Q3,0.355,0.46,0.0,0.0,0.0,0.0,0.0,40.0,0.0,0.0,0.0,"[0.6396935337901737, 0.581458120417396, 0.4837369974307174, 0.5357616545573703, 0.4568582043013093]",0.5395017020993933,0.15000000000000002,0.3196891488729351,MICHIGAN,"1,600","105,000",91000.0,"8,500",8.0,0.8,0.6,1.7,1.6,3.7,29.0,"4,800",5.0,0.08,22,0.4232866967038179,0.943956043956044,0.9466666666666664,0.9586511441188276,MI
2023,MN,Upper Midwest,Q3,3.9321739130434783,38.63,0.1478260869565217,70.0,0.0,36.666666666666664,53.333333333333336,52.17391304347826,45.0,0.0,44.0,"[0.4743425169621531, 0.5446791535952569, 0.45606271630357853, 0.45482282219662074, 0.3962812028460925]",0.4652376823807403,0.12400000000000003,0.3196891488729351,MINNESOTA,600,"72,000",71000.0,"5,500",8.0,3.4,3.3,12.7,2.5,4.2,29.9,"2,200",3.0,0.08,23,0.5205122124733222,0.86996336996337,0.8612500000000001,0.8763548775592132,MN
2023,MT,Northern Rockies & Plains,Q2,0.2127272727272727,1.35,0.6590909090909091,43.333333333333336,0.0,50.0,46.36363636363637,46.36363636363637,68.57142857142857,0.0,62.22222222222222,"[0.4522774424948339, 0.683772233983162, 0.6449641987516368, 0.6009962655569469, 0.5]",0.5764020281573159,0.0225,0.2962052125770337,MONTANA,"22,000","97,000",51000.0,"4,500",5.0,2.1,6.5,2.9,0.05,0.05,23.7,"18,500",19.0,0.05,26,0.2838510789660896,0.6805860805860807,0.5854166666666667,0.6395022079486151,MT
2023,MT,Northern Rockies & Plains,Q3,7.9975,60.0,0.06875,0.0,0.0,0.0,55.0,63.75,60.0,0.0,65.0,"[0.4522774424948339, 0.683772233983162, 0.6449641987516368, 0.6009962655569469, 0.5]",0.5764020281573159,0.07999999999999999,0.2962052125770337,MONTANA,"2,200","98,000",84000.0,"6,500",7.0,2.8,21.1,1.1,0.05,0.05,32.4,"6,000",6.0,0.07,26,0.3051932653545174,0.8545787545787545,0.7495833333333334,0.8141308711360898,MT
2023,NC,Southeast,Q1,0.0,0.0,0.0,0.0,0.0,70.0,60.0,90.0,0.0,0.0,0.0,"[0.45465811685078816, 0.34053928234209874, 0.515122301009086, 0.5003384095142334, 0.4282725765751346]",0.4477861372582682,0.144,0.5561114587680405,NORTH CAROLINA,"2,200","30,000",26000.0,"4,100",14.0,0.05,4.5,0.05,6.1,2.5,22.5,"2,800",9.0,0.14,33,0.480673464548257,0.445054945054945,0.4358333333333333,0.4391810517864312,NC
2023,NC,Southeast,Q2,2.2514285714285713,3.94,0.3857142857142857,0.0,50.0,0.0,44.285714285714285,57.142857142857146,80.0,0.0,30.0,"[0.5527864045000421, 0.5918805148053041, 0.5253928714223313, 0.47102314439905035, 0.5920768774813687]",0.5466319625216193,0.0775,0.5561114587680405,NORTH CAROLINA,"9,000","28,000",28000.0,"2,300",8.0,0.9,1.6,0.05,8.8,2.5,28.7,"5,500",20.0,0.08,33,0.4344320607066635,0.7091575091575092,0.6579166666666667,0.6900843034925733,NC
2023,NC,Southeast,Q3,3.58,4.87,0.275,0.0,0.0,0.0,85.0,90.0,0.0,0.0,0.0,"[0.5527864045000421, 0.5918805148053041, 0.5253928714223313, 0.47102314439905035, 0.5920768774813687]",0.5466319625216193,0.122,0.18350341907227397,NORTH CAROLINA,"2,400","26,000",26000.0,"3,400",13.0,2.8,2.4,0.6,6.6,2.2,29.9,"2,800",11.0,0.13,33,0.4856533080388902,0.8043956043956043,0.8116666666666668,0.8169409875551987,NC
2023,ND,Northern Rockies & Plains,Q2,0.3118181818181817,1.41,0.5863636363636364,30.0,0.0,90.0,35.0,51.111111111111114,55.0,0.0,65.55555555555556,,0.612690479744359,0.035,0.18350341907227397,NORTH DAKOTA,"35,000","410,000",62000.0,"23,000",6.0,2.7,1.4,6.7,6.7,0.05,64.6,"4,200",1.0,0.06,34,0.486127578847522,0.8047619047619048,0.765,0.7948615014050582,ND
2023,ND,Northern Rockies & Plains,Q3,0.8608333333333333,3.32,0.6666666666666666,50.0,0.0,36.666666666666664,47.5,60.833333333333336,70.0,0.0,30.0,,0.5997394521626145,0.132,0.5703018235135073,NORTH DAKOTA,"9,000","480,000",420000.0,"62,000",13.0,3.0,3.5,12.4,7.1,0.05,41.1,"13,500",3.0,0.13,34,0.4830448185914157,0.9487179487179488,0.9162499999999998,0.9466077880369328,ND
2023,ND,Northern Rockies & Plains,Q4,0.84,1.27,0.0333333333333333,60.0,0.0,0.0,60.0,76.66666666666667,60.0,0.0,30.0,,0.39744168789873024,0.078,0.5703018235135073,NORTH DAKOTA,"10,000","365,000",360000.0,"8,000",2.0,0.8,6.5,4.1,1.6,0.0,40.4,"7,500",2.0,0.02,34,0.4225752904908703,0.6377289377289378,0.5720833333333333,0.6097952629466079,ND
2023,NE,Northern Rockies & Plains,Q3,1.9752941176470584,8.9,0.0264705882352941,35.0,0.0,0.0,42.94117647058823,60.0,51.42857142857143,0.0,33.333333333333336,"[0.6355655065721687, 0.1975416559475539]",0.4165535812598613,0.098,0.42281847267257533,NEBRASKA,540,"52,000",32000.0,"4,800",9.0,0.0,1.2,2.0,0.05,4.2,19.7,"3,100",6.0,0.09,27,0.6834242352383211,0.7501831501831502,0.7629166666666667,0.7635487755921316,NE
2023,NE,Northern Rockies & Plains,Q4,3.4414285714285713,12.26,0.0285714285714285,0.0,0.0,0.0,47.142857142857146,61.42857142857143,40.0,0.0,0.0,"[0.4138615503069356, 0.27811411560845434]",0.345987832957695,0.126,0.42281847267257533,NEBRASKA,940,"42,000",39000.0,"5,500",13.0,0.5,7.9,0.6,0.05,1.6,15.6,560,1.0,0.13,27,0.5240692435380603,0.4454212454212454,0.4566666666666666,0.4492171818546769,NE
2023,NJ,Northeast,Q2,0.9245,3.26,0.4131578947368421,30.0,73.33333333333333,50.0,39.23076923076923,44.21052631578947,52.0,0.0,45.0,"[0.6035088397269461, 0.7137487129616642, 0.6535083014340153, 0.5738211731158593, 0.5590414481559016]",0.6207256950788773,0.02,0.5564824480022903,NEW JERSEY,"1,000","19,500",14000.0,720,4.0,0.6,1.6,0.05,2.6,0.9,14.4,520,3.0,0.04,30,0.4688166943324638,0.6578754578754579,0.6041666666666667,0.6362906463267765,NJ
2023,NJ,Northeast,Q3,3.28,5.19,0.0,0.0,0.0,30.0,45.0,65.0,60.0,0.0,0.0,"[0.6035088397269461, 0.7137487129616642, 0.6535083014340153, 0.5738211731158593, 0.5590414481559016]",0.6207256950788773,0.055999999999999994,0.5564824480022903,NEW JERSEY,"1,000","22,000",20000.0,440,2.0,0.05,0.7,0.0,2.2,1.1,14.1,"1,300",6.0,0.02,30,0.5914156983637657,0.7556776556776555,0.7691666666666667,0.7695704536330791,NJ
2023,NM,Southwest,Q2,1.00625,5.37,0.303125,50.0,0.0,60.0,42.5,46.25,56.0,0.0,42.857142857142854,"[0.26685608506924097, 0.6699834987623969, 0.3637909897196482, 0.4936303164581667]",0.4485652225023632,0.1325,0.5035288627854857,NEW MEXICO,530,"4,300",4300.0,230,5.0,1.3,1.1,0.7,0.6,0.05,4.0,250,6.0,0.05,31,0.5456485653308039,0.7586080586080586,0.7408333333333333,0.7579285427539142,NM
2023,NM,Southwest,Q3,3.835,6.48,0.0,0.0,0.0,30.0,70.0,70.0,0.0,0.0,0.0,"[0.26685608506924097, 0.6699834987623969, 0.3637909897196482, 0.4936303164581667]",0.4485652225023632,0.10400000000000001,0.5035288627854857,NEW MEXICO,"1,000","6,000",4600.0,500,8.0,0.05,0.0,0.05,1.5,0.7,23.0,450,8.0,0.08,31,0.5677021579321793,0.8615384615384616,0.885833333333333,0.8839823364110798,NM
2023,NM,Southwest,Q4,1.73,2.88,0.125,0.0,0.0,0.0,35.0,75.0,0.0,0.0,30.0,"[0.33400571541733615, 0.34724663423178037, 0.2928932188134524, 0.530958424017657, 0.7133089104595021]",0.44368258058794563,0.178,0.4123805975413801,NEW MEXICO,30,"6,500",6500.0,"1,100",17.0,4.1,13.6,2.2,3.4,3.8,24.6,110,2.0,0.17,31,0.4673938819065686,0.6278388278388278,0.5716666666666667,0.6045764753111201,NM
2023,NV,Southwest,Q2,22.095,40.35,0.0,0.0,0.0,0.0,30.0,50.0,0.0,0.0,0.0,"[0.41326130596153177, 0.5750817072006013, 0.5]",0.49611433772071106,,0.4123805975413801,,,,,,,,,,,,,,,,28,0.4989328906805786,0.7194139194139194,0.68,0.7065435568044962,NV
2023,NV,Southwest,Q3,2.383,9.24,0.135,0.0,0.0,80.0,40.0,41.111111111111114,0.0,0.0,55.0,"[0.41326130596153177, 0.5750817072006013, 0.5]",0.49611433772071106,,0.3621979877803718,,,,,,,,,,,,,,,,28,0.6587621531894713,0.8252747252747252,0.8583333333333336,0.8506623845845042,NV
2023,NV,Southwest,Q4,2.893333333333333,9.02,0.0333333333333333,0.0,0.0,60.0,46.0,56.666666666666664,90.0,0.0,0.0,"[0.46784791580980856, 0.19039380877246892, 0.3953584550748581]",0.3512000598857119,,0.3621979877803718,,,,,,,,,,,,,,,,28,0.5354517429452218,0.5531135531135533,0.5420833333333334,0.548775592131674,NV
2023,NY,Northeast,Q2,0.6012500000000001,2.37,1.225,50.0,83.33333333333333,45.0,42.0,37.5,63.333333333333336,0.0,42.5,"[0.6386323310272888, 0.6784793514777623, 0.5269351814173399, 0.5369158255825008, 0.49457768807101654]",0.5751080755151816,0.0575,0.2708242039718458,NEW YORK,"6,500","60,000",31000.0,"1,800",3.0,2.0,9.7,2.1,8.9,0.05,25.4,"2,100",4.0,0.03,32,0.4009959686981266,0.652014652014652,0.60125,0.6318747490967483,NY
2023,NY,Northeast,Q3,1.84,5.8,0.525,60.0,66.0,30.0,55.55555555555556,66.0,60.0,0.0,45.0,"[0.6386323310272888, 0.6784793514777623, 0.5269351814173399, 0.5369158255825008, 0.49457768807101654]",0.5751080755151816,0.08,0.2708242039718458,NEW YORK,"2,000","65,000",65000.0,"2,900",4.0,3.9,4.6,6.0,11.9,6.3,24.7,"5,500",8.0,0.04,32,0.3715911785629594,0.7816849816849816,0.7295833333333334,0.7647531112003213,NY
2023,NY,Northeast,Q4,5.653333333333333,9.61,0.25,65.0,30.0,40.0,62.0,61.666666666666664,66.66666666666667,0.0,45.0,"[0.3940035986756364, 0.3845120020669216, 0.3415475333598922, 0.390550599779956, 0.44732057623379406]",0.39158686202324,0.172,0.18287558616064614,NEW YORK,420,"58,000",54000.0,"5,000",9.0,2.9,15.8,4.5,18.5,5.2,35.1,"1,300",2.0,0.09,32,0.2826654019445103,0.4010989010989012,0.3658333333333333,0.381372942593336,NY
2023,OH,Ohio Valley,Q2,1.445,2.16,0.0,60.0,0.0,0.0,0.0,65.0,0.0,0.0,0.0,"[0.5757156301148316, 0.6754566643669271, 0.5557078929874324, 0.4993950391011758, 0.49254802443235335]",0.5597646502005441,0.07750000000000001,0.18287558616064614,OHIO,"8,000","19,500",18500.0,"1,200",6.0,0.7,1.0,5.7,33.5,4.4,65.3,"5,000",26.0,0.06,35,0.368745553711169,0.634065934065934,0.5666666666666667,0.6053793657165798,OH
2023,OH,Ohio Valley,Q3,1.7855555555555556,6.41,0.0166666666666666,35.0,0.0,55.0,32.0,50.0,30.0,0.0,30.0,"[0.5757156301148316, 0.6754566643669271, 0.5557078929874324, 0.4993950391011758, 0.49254802443235335]",0.5597646502005441,0.078,,OHIO,380,"27,000",26000.0,"1,600",6.0,0.6,4.4,5.7,7.1,1.8,38.5,"1,500",6.0,0.06,35,0.2855110267963007,0.7941391941391943,0.69375,0.7539140907266159,OH
2023,OK,South,Q2,1.63,2.82,1.0375,30.0,0.0,35.0,55.0,55.0,0.0,0.0,30.0,"[0.4730958034471414, 0.557040154044311, 0.5377125597430157, 0.48673509742526355, 0.44681745421448027]",0.5002802137748423,0.2275,,OKLAHOMA,"6,000","13,000",10000.0,320,2.0,0.0,0.7,0.0,0.9,0.05,4.0,"2,900",22.0,0.02,36,0.4436803414749822,0.6945054945054945,0.6229166666666667,0.6655961461260539,OK
2023,OK,South,Q3,0.716,2.33,0.1,0.0,0.0,0.0,36.666666666666664,42.0,0.0,0.0,0.0,"[0.4730958034471414, 0.557040154044311, 0.5377125597430157, 0.48673509742526355, 0.44681745421448027]",0.5002802137748423,0.11600000000000002,0.49744883030781417,OKLAHOMA,20,"3,200",2500.0,200,6.0,0.05,1.8,0.0,0.0,0.0,12.0,30,1.0,0.06,36,0.5845387716386057,0.783882783882784,0.79125,0.7956643918105178,OK
2023,OK,South,Q4,4.0925,6.42,0.25,55.0,0.0,0.0,43.333333333333336,55.0,0.0,0.0,0.0,"[0.5609928557218314, 0.4470778612080494, 0.6220355269907728, 0.3059165577414209, 0.23644804825632004]",0.4344941699836789,0.04,0.49744883030781417,OKLAHOMA,10,"17,500",1700.0,100,1.0,0.0,0.05,0.0,0.0,0.05,2.5,20,0.05,0.01,36,0.4619397676073038,0.5036630036630036,0.5016666666666667,0.5026093938177439,OK
2023,OR,Northwest,Q3,0.24,0.24,0.25,0.0,0.0,0.0,40.0,50.0,80.0,0.0,0.0,"[0.5935840087121212, 0.6894228335218385, 0.666052792604596, 0.5288597935110997, 0.37289261797130224]",0.5701624092641915,0.1,0.5048497751452139,OREGON,"5,000","112,000",101000.0,"11,500",10.0,26.6,26.4,24.2,21.2,1.2,64.0,"28,000",25.0,0.1,37,0.6938581930282192,0.780952380952381,0.8354166666666668,0.8157366519470091,OR
2023,PA,Northeast,Q2,0.81,2.65,0.1375,40.0,60.0,53.333333333333336,40.0,50.0,65.0,0.0,32.5,"[0.6022162614855637, 0.70328363682378, 0.6128646090700273, 0.5676984845778198, 0.5114998893298184]",0.5995125762574018,0.0525,0.5048497751452139,PENNSYLVANIA,"8,000","29,000",25000.0,"1,700",6.0,2.7,1.1,6.9,7.2,1.1,13.8,"2,200",8.0,0.06,38,0.5712591889969173,0.7937728937728937,0.7820833333333332,0.7968687274187073,PA
2023,PA,Northeast,Q3,2.9892857142857143,11.56,0.1678571428571428,50.0,0.0,30.0,45.0,56.42857142857143,40.0,0.0,30.0,"[0.6022162614855637, 0.70328363682378, 0.6128646090700273, 0.5676984845778198, 0.5114998893298184]",0.5995125762574018,0.055999999999999994,,PENNSYLVANIA,"1,400","32,000",32000.0,"1,300",4.0,1.4,1.3,2.7,4.0,1.6,19.6,"1,000",3.0,0.04,38,0.5729191368271283,0.8959706959706959,0.9216666666666664,0.9197109594540344,PA
2023,PA,Northeast,Q4,8.23,12.47,0.35,60.0,0.0,50.0,45.0,80.0,30.0,0.0,30.0,"[0.30305550201424447, 0.33014246126277114, 0.3852879176218714, 0.33813327424705997, 0.3815445328398822]",0.34763273759716584,0.132,,PENNSYLVANIA,"1,300","25,000",25000.0,"2,300",9.0,0.05,1.1,8.8,10.4,3.0,30.1,820,3.0,0.09,38,0.4576713303296182,0.6641025641025641,0.615,0.6451224407868326,PA
2023,SC,Southeast,Q1,0.7155555555555555,2.85,0.3444444444444444,0.0,0.0,80.0,47.142857142857146,50.0,63.333333333333336,0.0,47.5,"[0.47428971094634487, 0.3884716342239223, 0.5188518108188837, 0.553847410966358, 0.3846620630100651]",0.4640245259931148,0.09,,SOUTH CAROLINA,"2,700","16,000",14500.0,"1,700",11.0,0.0,10.4,0.05,7.3,7.4,32.2,800,5.0,0.11,40,0.6198719468816696,0.5630036630036631,0.5375,0.5519871537535127,SC
2023,SC,Southeast,Q2,0.8606666666666667,4.27,0.5533333333333333,0.0,0.0,35.0,38.333333333333336,48.666666666666664,50.0,0.0,37.27272727272727,"[0.5373607369458379, 0.582272045111532, 0.4876789238841155, 0.4969480896668854, 0.36939646471538845]",0.4947312520647518,0.095,,SOUTH CAROLINA,"2,800","17,500",17000.0,"1,200",7.0,0.7,16.0,0.05,5.8,2.7,32.7,"2,600",15.0,0.07,40,0.5081811714488973,0.7666666666666665,0.7370833333333333,0.7603372139702931,SC
2023,SC,Southeast,Q4,5.336666666666666,5.81,0.0,0.0,0.0,0.0,43.333333333333336,76.66666666666667,0.0,0.0,0.0,"[0.3884716342239223, 0.5188518108188837, 0.553847410966358, 0.3846620630100651, 0.4199581065726019]",0.4531582051183662,0.132,0.617919640049565,SOUTH CAROLINA,530,"18,000",15000.0,"1,300",7.0,9.5,5.9,16.3,8.0,10.2,48.9,"1,200",7.0,0.07,40,0.3827365425658051,0.6179487179487181,0.5658333333333333,0.5965475712565237,SC
2023,SD,Northern Rockies & Plains,Q2,0.964,1.94,0.44,0.0,0.0,0.0,52.5,50.0,30.0,0.0,67.5,[0.5239047714304768],0.5239047714304768,0.0425,0.617919640049565,SOUTH DAKOTA,"11,500","146,000",13000.0,"2,600",2.0,0.05,1.3,6.0,7.2,0.9,13.6,"26,000",18.0,0.02,41,0.4384633625800332,0.8644688644688645,0.83375,0.8602970694500202,SD
2023,SD,Northern Rockies & Plains,Q3,2.458235294117647,7.06,0.1705882352941176,50.0,0.0,30.0,50.0,61.25,70.0,0.0,60.0,[0.5239047714304768],0.5239047714304768,0.164,0.6440451296466143,SOUTH DAKOTA,750,"200,000",141000.0,"20,000",10.0,3.1,8.1,8.0,4.0,0.9,26.3,"2,300",1.0,0.1,41,0.3291439411904197,1.0,0.9695833333333332,1.0,SD
2023,SD,Northern Rockies & Plains,Q4,0.365,0.37,0.7749999999999999,0.0,0.0,0.0,30.0,30.0,0.0,0.0,30.0,[0.5559469642131142],0.5559469642131142,0.096,0.6440451296466143,SOUTH DAKOTA,250,"188,000",182000.0,"2,600",1.0,2.0,17.7,15.0,48.5,0.0,52.7,"1,400",1.0,0.01,41,0.386293573630543,0.6978021978021979,0.65625,0.6832597350461662,SD
2023,TN,Southeast,Q1,0.25,1.17,0.0409090909090909,0.0,0.0,0.0,36.666666666666664,47.27272727272727,0.0,0.0,50.0,"[0.4971214500222607, 0.2074247545939345, 0.32573956524765824, 0.4361195472012319, 0.3600916013829091]",0.3652993836895989,0.22400000000000003,0.5732804759109258,TENNESSEE,"2,100","12,000",11000.0,"1,800",15.0,0.9,7.0,1.0,5.5,4.9,39.8,40,0.05,0.15,42,0.3903248755039127,0.3391941391941392,0.2987499999999999,0.3147330389401847,TN
2023,TN,Southeast,Q2,0.94875,5.58,0.15625,0.0,0.0,0.0,37.5,35.714285714285715,0.0,0.0,40.0,"[0.5449999853791767, 0.6484222851710644, 0.5157520015209069, 0.5879657092804308, 0.4604064691737566]",0.5515092901050671,0.16999999999999998,0.5732804759109258,TENNESSEE,"3,900","13,500",12500.0,920,7.0,0.0,2.8,0.05,1.6,1.8,13.3,"2,500",19.0,0.07,42,0.2817168603272468,0.6754578754578756,0.5829166666666666,0.6362906463267765,TN
2023,TN,Southeast,Q3,3.91,7.74,0.0,0.0,0.0,50.0,70.0,76.66666666666667,40.0,0.0,80.0,"[0.5449999853791767, 0.6484222851710644, 0.5157520015209069, 0.5879657092804308, 0.4604064691737566]",0.5515092901050671,0.15800000000000003,0.7358647281023128,TENNESSEE,900,"14,500",13000.0,"1,900",13.0,0.05,1.6,1.7,3.0,2.8,15.1,"1,100",8.0,0.13,42,0.3125444628883092,0.8446886446886448,0.7591666666666667,0.8137294259333601,TN
2023,TN,Southeast,Q4,0.0,0.0,0.2,0.0,0.0,0.0,40.0,60.0,0.0,0.0,60.0,"[0.2074247545939345, 0.32573956524765824, 0.4361195472012319, 0.3600916013829091, 0.401578653365283]",0.34619082435820336,0.122,0.7358647281023128,TENNESSEE,900,"12,500",12500.0,"1,900",15.0,0.05,1.1,2.1,5.0,1.8,10.1,250,2.0,0.15,42,0.2764998814322978,0.5021978021978022,0.4266666666666666,0.4656764351665998,TN
2023,TX,South,Q1,0.7185714285714286,3.47,0.2142857142857142,35.0,0.0,0.0,33.333333333333336,48.57142857142857,30.0,0.0,56.666666666666664,"[0.5931677675331498, 0.5435337586034134, 0.014061495203205987, 0.619025655175425, 0.4682077443044763]",0.44759928416393413,0.08600000000000001,,TEXAS,"62,000","300,000",171000.0,"20,000",7.0,0.05,9.7,7.6,6.7,1.1,11.3,"8,500",3.0,0.07,43,0.4472373725397202,0.3095238095238095,0.2954166666666666,0.2966680048173424,TX
2023,TX,South,Q2,0.6875,1.61,0.4312499999999999,0.0,0.0,0.0,47.142857142857146,53.75,70.0,0.0,40.0,"[0.5718375137245362, 0.514045677559565, 0.5472181656452635, 0.5122037696876236, 0.5664569700438844]",0.5423524193321745,0.1225,,TEXAS,"85,000","360,000",340000.0,"16,500",5.0,11.2,30.9,12.5,43.6,10.5,48.1,"119,000",33.0,0.05,43,0.5084183068532132,0.634065934065934,0.57625,0.6101967081493377,TX
2023,TX,South,Q3,0.7866666666666667,1.6,0.0166666666666666,0.0,0.0,0.0,36.666666666666664,50.0,0.0,0.0,0.0,"[0.5718375137245362, 0.514045677559565, 0.5472181656452635, 0.5122037696876236, 0.5664569700438844]",0.5423524193321745,0.052000000000000005,0.6868878544574253,TEXAS,"2,800","205,000",188000.0,"7,500",4.0,0.0,3.9,1.0,0.7,0.7,4.5,"1,100",1.0,0.04,43,0.6793929333649514,0.7454212454212455,0.7504166666666666,0.7555198715375351,TX
2023,TX,South,Q4,2.6042857142857145,11.82,0.3,70.0,0.0,0.0,47.142857142857146,45.714285714285715,60.0,0.0,30.0,"[0.5435337586034134, 0.014061495203205987, 0.619025655175425, 0.4682077443044763, 0.3814637725430976]",0.40525848516592367,0.084,0.6868878544574253,TEXAS,400,"220,000",75000.0,"9,500",4.0,0.0,16.2,23.2,12.3,9.5,36.1,480,0.05,0.04,43,0.5342660659236423,0.4304029304029305,0.4529166666666667,0.4387796065837013,TX
2023,UT,Southwest,Q2,0.1825,0.62,1.7375,0.0,0.0,0.0,30.0,30.0,66.66666666666667,0.0,42.857142857142854,"[0.6199869240562915, 0.5727228189176443, 0.46076977943624975, 0.3482356653149241, 0.39938139758221625]",0.4802193170614652,0.11000000000000001,0.582087433789342,UTAH,"9,500","18,500",15500.0,"3,700",20.0,25.5,28.6,28.0,33.6,0.05,55.0,"2,500",14.0,0.2,44,0.5072326298316339,0.7373626373626373,0.69625,0.7246085909273385,UT
2023,UT,Southwest,Q3,1.9781818181818185,14.22,0.1727272727272727,0.0,0.0,50.0,38.57142857142857,52.0,50.0,0.0,50.0,"[0.6199869240562915, 0.5727228189176443, 0.46076977943624975, 0.3482356653149241, 0.39938139758221625]",0.4802193170614652,0.10600000000000001,0.582087433789342,UTAH,"5,500","22,000",22000.0,"2,300",10.0,25.1,1.0,29.5,26.5,1.2,67.5,"1,500",7.0,0.1,44,0.5254920559639554,0.8384615384615385,0.8516666666666668,0.8546768366118025,UT
2023,UT,Southwest,Q4,0.396,0.97,0.8099999999999999,0.0,0.0,30.0,36.0,44.0,0.0,0.0,60.0,"[0.37830629126179616, 0.2357744135212022, 0.4191399704027313, 0.18172455731028359, 0.34993344883221633]",0.3129757362656459,0.11200000000000002,0.6522625916264664,UTAH,390,"23,000",23000.0,"2,700",12.0,15.6,15.7,5.2,15.0,2.4,43.3,20,0.05,0.12,44,0.4368034147498221,0.5901098901098901,0.5304166666666668,0.5640305098354075,UT
2023,VA,Southeast,Q2,2.8333333333333335,5.25,0.4222222222222222,0.0,65.0,53.333333333333336,47.77777777777778,62.22222222222222,40.0,0.0,40.0,"[0.5470098213395973, 0.5932869805418834, 0.5040532292683277, 0.5737086489822907, 0.4609683172476643]",0.5358053994759527,0.0875,0.6522625916264664,VIRGINIA,"4,000","10,500",9000.0,670,6.0,0.8,6.6,0.0,7.5,3.0,23.3,"1,300",12.0,0.06,46,0.4635997154375148,0.7131868131868132,0.6408333333333334,0.6848655158570855,VA
2023,VA,Southeast,Q3,4.02,7.42,0.1111111111111111,90.0,0.0,30.0,51.42857142857143,65.55555555555556,40.0,0.0,60.0,"[0.5470098213395973, 0.5932869805418834, 0.5040532292683277, 0.5737086489822907, 0.4609683172476643]",0.5358053994759527,0.08800000000000001,0.6761248621843521,VIRGINIA,880,"11,500",11500.0,"1,000",9.0,0.05,2.9,0.05,14.1,2.0,33.5,690,6.0,0.09,46,0.5330803889020631,0.804029304029304,0.805,0.8133279807306303,VA
2023,VA,Southeast,Q4,4.935,12.42,0.0833333333333333,0.0,0.0,90.0,52.0,58.333333333333336,0.0,0.0,30.0,"[0.22776221455862578, 0.43617336847797916, 0.45427643659974404, 0.458419255192941, 0.4364360234038389]",0.40261345964662576,0.132,0.6761248621843521,VIRGINIA,170,"10,500",10500.0,"2,100",20.0,2.8,4.9,0.05,21.6,3.8,42.5,450,4.0,0.2,46,0.4043158643585487,0.5487179487179488,0.5016666666666667,0.5270975511842634,VA
2023,VT,Northeast,Q2,0.6599999999999999,1.9,0.54,30.0,80.0,75.0,30.0,35.0,60.0,0.0,60.0,"[0.6220355269907728, 0.6723418061990688, 0.5090281654348598, 0.4811254783372292, 0.6301998691831805]",0.5829461692290222,0.034999999999999996,0.559330506562477,VERMONT,990,"9,500",9500.0,160,2.0,0.0,0.05,0.8,0.5,1.2,9.7,210,2.0,0.02,45,0.3770452928622244,0.6402930402930402,0.6004166666666666,0.6246487354476115,VT
2023,VT,Northeast,Q3,0.7364285714285714,4.68,0.1714285714285714,70.0,82.22222222222223,45.0,30.0,37.142857142857146,0.0,0.0,30.0,"[0.6220355269907728, 0.6723418061990688, 0.5090281654348598, 0.4811254783372292, 0.6301998691831805]",0.5829461692290222,0.0161,0.559330506562477,VERMONT,680,"10,000",10000.0,170,2.0,0.05,2.0,0.0,15.1,0.9,25.9,80,1.0,0.02,45,0.3092245672278871,0.7703296703296703,0.7120833333333334,0.7503010839020473,VT
2023,WI,Upper Midwest,Q1,0.0,0.0,1.75,30.0,0.0,0.0,80.0,80.0,40.0,0.0,0.0,"[0.28790843618723516, 0.18545243329832573, 0.24676347044166946, 0.3296555347228862, 0.28088205349538753]",0.2661323856291008,0.11200000000000002,0.7475334145465221,WISCONSIN,"1,400","29,000",27000.0,"3,300",11.0,0.8,2.7,0.5,0.9,7.2,15.0,270,1.0,0.11,49,0.7986720417358312,0.7080586080586081,0.7841666666666667,0.7503010839020473,WI
2023,WI,Upper Midwest,Q2,0.44,1.88,0.7055555555555555,30.0,0.0,30.0,35.0,41.111111111111114,32.0,0.0,54.44444444444444,"[0.45976608902121985, 0.6031126093520858, 0.4557921341037018, 0.604101337088218, 0.3502137103460691]",0.4945971759822589,0.055,0.7475334145465221,WISCONSIN,"5,500","54,000",15500.0,570,1.0,47.8,50.2,49.2,9.8,46.8,57.2,"1,300",2.0,0.01,49,0.5558453877163861,0.724175824175824,0.8041666666666668,0.7691690084303491,WI
2023,WI,Upper Midwest,Q3,1.4792307692307691,8.38,0.0461538461538461,0.0,0.0,60.0,51.111111111111114,54.166666666666664,55.0,0.0,37.5,"[0.45976608902121985, 0.6031126093520858, 0.4557921341037018, 0.604101337088218, 0.3502137103460691]",0.4945971759822589,0.142,0.6758008249469084,WISCONSIN,"1,500","59,000",59000.0,"7,000",12.0,0.9,0.8,7.4,1.2,2.2,54.9,"3,400",6.0,0.12,49,0.4258951861512923,0.7695970695970695,0.8429166666666668,0.8129265355279003,WI
2023,WI,Upper Midwest,Q4,0.6,0.6,0.0,0.0,0.0,0.0,30.0,30.0,0.0,0.0,0.0,"[0.18545243329832573, 0.24676347044166946, 0.3296555347228862, 0.28088205349538753, 0.280131819212213]",0.2645770622340964,0.13599999999999998,0.6758008249469084,WISCONSIN,390,"51,000",49000.0,"6,500",13.0,5.2,0.6,6.1,5.2,2.5,28.6,380,1.0,0.13,49,0.5243063789423762,0.7373626373626374,0.8116666666666668,0.7800080289040544,WI
2023,WV,Ohio Valley,Q2,1.25,8.58,0.11875,0.0,70.0,40.0,30.0,37.5,0.0,0.0,70.0,"[0.6614169998777533, 0.6137563603317859, 0.5856122929946259, 0.5276078298530897, 0.4552189527764492]",0.5687224871667408,0.0525,0.7257350934989073,WEST VIRGINIA,"1,300","6,500",5500.0,350,5.0,1.8,1.8,0.0,3.2,0.8,31.1,"1,000",15.0,0.05,48,0.3957789898031776,0.5970695970695972,0.5166666666666667,0.5608189482135688,WV
2023,WV,Ohio Valley,Q3,2.22,9.31,0.15625,70.0,67.5,30.0,40.0,65.0,50.0,0.0,43.333333333333336,"[0.6614169998777533, 0.6137563603317859, 0.5856122929946259, 0.5276078298530897, 0.4552189527764492]",0.5687224871667408,0.074,0.7257350934989073,WEST VIRGINIA,400,"8,000",7500.0,230,3.0,0.0,1.7,1.2,6.3,0.0,20.7,790,10.0,0.03,48,0.3369694095328432,0.7743589743589744,0.66625,0.7302288237655561,WV
2024,AK,Northwest,Q3,2.6,11.55,0.16,0.0,0.0,40.0,40.0,51.333333333333336,0.0,0.0,40.0,,0.5991627851710898,,0.7134658724693737,,,,,,,,,,,,,,,,2,0.3009248280768319,0.9706959706959708,0.8916666666666664,0.9466077880369328,AK
2024,AL,Southeast,Q1,0.0,0.0,0.0,0.0,0.0,0.0,30.0,30.0,0.0,0.0,30.0,"[0.38414814746279746, 0.5424164381783556, 0.47138402326128825, 0.4829713127816958, 0.5634996627965814]",0.4888839168961437,0.096,0.7134658724693737,ALABAMA,"2,400","11,000",9500.0,"1,600",15.0,6.3,2.9,1.9,18.8,4.5,24.0,860,8.0,0.15,1,0.6687218401707375,0.6131868131868132,0.5620833333333333,0.5921316740264955,AL
2024,AL,Southeast,Q2,2.161666666666666,5.15,0.2916666666666666,0.0,0.0,70.0,32.0,48.333333333333336,30.0,0.0,47.5,"[0.558150479790136, 0.4411057002150459, 0.47837241956420584, 0.5156160286351226, 0.4544187843443891]",0.4895326825097799,0.255,0.26333572558419194,ALABAMA,"3,500","13,500",12000.0,"1,400",10.0,3.6,5.3,2.4,23.2,1.3,70.1,"2,700",20.0,0.1,1,0.5499170026084895,0.8402930402930403,0.8324999999999999,0.8462464873544759,AL
2024,AL,Southeast,Q3,2.6114285714285717,10.65,0.1321428571428571,0.0,0.0,40.0,56.0,70.83333333333333,50.0,0.0,42.5,"[0.558150479790136, 0.4411057002150459, 0.47837241956420584, 0.5156160286351226, 0.4544187843443891]",0.4895326825097799,0.156,0.26333572558419194,,,,,,,,,,,,,,,,1,0.5778989803177614,0.906959706959707,0.9279166666666668,0.9289441991168204,AL
2024,AL,Southeast,Q4,5.028333333333333,11.76,0.0583333333333333,0.0,0.0,40.0,50.0,74.0,90.0,0.0,30.0,"[0.5424164381783556, 0.47138402326128825, 0.4829713127816958, 0.5634996627965814, 0.5124304314482819]",0.5145403736932406,0.092,0.6470423189968455,,,,,,,,,,,,,,,,1,0.4462888309224567,0.6948717948717948,0.65375,0.6804496186270574,AL
2024,AR,South,Q2,4.305,10.6,0.0375,50.0,0.0,0.0,55.0,77.5,0.0,0.0,80.0,"[0.5299442788855975, 0.5437962873768261, 0.3909287874677676, 0.6041257549291091, 0.560766525619828]",0.5259123268558257,0.21000000000000002,0.6470423189968455,ARKANSAS,"5,500","28,000",20000.0,"2,800",10.0,2.7,15.0,12.7,14.6,8.6,34.4,430,2.0,0.1,4,0.2743656627934551,0.7765567765567766,0.6966666666666668,0.7458851866720194,AR
2024,AR,South,Q3,4.034,18.5,0.0599999999999999,44.285714285714285,30.0,50.0,65.71428571428571,73.33333333333333,90.0,0.0,30.0,"[0.5299442788855975, 0.5437962873768261, 0.3909287874677676, 0.6041257549291091, 0.560766525619828]",0.5259123268558257,0.09400000000000001,0.5641741929644226,,,,,,,,,,,,,,,,4,0.2366611335072326,0.9274725274725276,0.8395833333333332,0.8980329185066238,AR
2024,AR,South,Q4,2.314,4.83,0.02,0.0,0.0,0.0,37.5,54.0,0.0,0.0,0.0,"[0.4973753100499654, 0.5135771974329916, 0.34638299450410737, 0.466525258085168, 0.5048124315278617]",0.4657346383200188,0.064,0.5641741929644226,,,,,,,,,,,,,,,,4,0.4199668010433958,0.6435897435897436,0.5974999999999999,0.6254516258530711,AR
2024,CA,West,Q1,2.805,7.65,0.95,46.666666666666664,0.0,0.0,63.333333333333336,70.0,30.0,0.0,75.0,"[0.40948860832012424, 0.4390775165708959, 0.6646656211378449, 0.4995448479355664, 0.563586052580923]",0.515272529309071,0.14200000000000002,0.6761652985585425,CALIFORNIA,"250,000","1,000,000",940000.0,"210,000",21.0,18.2,17.8,20.9,24.1,14.8,56.8,"135,000",14.0,0.21,5,0.3393407635760018,0.3992673992673993,0.2987499999999999,0.3476515455640305,CA
2024,CA,West,Q2,0.8444444444444444,3.05,0.3972222222222222,30.0,30.0,60.0,48.333333333333336,53.888888888888886,40.0,0.0,58.0,"[0.6835394567959421, 0.8263212254922053, 0.6347298906039889, 0.844061520983729, 0.8613788088196536]",0.7700061805391037,0.11250000000000002,0.6761652985585425,CALIFORNIA,"164,000","960,000",920000.0,"58,000",6.0,1.7,16.2,29.0,29.9,4.4,53.8,"113,000",12.0,0.06,5,0.3450320132795826,0.6831501831501832,0.5620833333333334,0.630268968285829,CA
2024,CA,West,Q4,1.1375,2.73,1.2125,30.0,0.0,0.0,42.5,47.5,46.666666666666664,40.0,30.0,"[0.4390775165708959, 0.6646656211378449, 0.4995448479355664, 0.563586052580923, 0.5097703351000353]",0.5353288746650531,0.076,0.6855145489834245,CALIFORNIA,"46,000","950,000",580000.0,"88,000",9.0,4.5,4.0,4.5,3.3,8.2,30.1,"48,000",5.0,0.09,5,0.32511263931705,0.5025641025641027,0.3883333333333333,0.4472099558410278,CA
2024,CO,Southwest,Q3,3.2766666666666664,10.67,0.0333333333333333,35.0,0.0,70.0,42.5,64.44444444444444,0.0,0.0,30.0,"[0.5686689071862463, 0.5054646449531597, 0.46233323915020197, 0.5805308522072474, 0.5626164751318508]",0.5359228237257412,0.19,0.6855145489834245,,,,,,,,,,,,,,,,6,0.5290490870286935,0.7897435897435897,0.8087500000000001,0.8077077478924126,CO
2024,CO,Southwest,Q4,5.398000000000001,7.63,0.0,73.33333333333333,0.0,30.0,56.0,70.0,70.0,0.0,0.0,"[0.3449778217082615, 0.373596813241701, 0.32615414116445274, 0.4593263069761556, 0.3354043748916553]",0.3678918915964452,0.168,0.6347116442834704,,,,,,,,,,,,,,,,6,0.4218638842779226,0.5168498168498168,0.48375,0.5014050582095545,CO
2024,DE,Northeast,Q2,1.24,1.93,0.4214285714285714,0.0,0.0,30.0,34.285714285714285,58.57142857142857,43.333333333333336,0.0,63.333333333333336,"[0.614305392080065, 0.45332772640946595, 0.6244661919005946]",0.5640331034633751,,0.6347116442834704,,,,,,,,,,,,,,,,8,0.5480199193739625,0.8908424908424908,0.9025,0.9080690485748696,DE
2024,DE,Northeast,Q3,2.4375,8.31,0.0625,30.0,0.0,50.0,40.0,60.0,47.5,0.0,90.0,"[0.614305392080065, 0.45332772640946595, 0.6244661919005946]",0.5640331034633751,,,,,,,,,,,,,,,,,,8,0.8102916765473086,0.9282051282051282,1.0,0.9751103974307508,DE
2024,FL,Southeast,Q1,1.608,6.27,0.42,30.0,0.0,30.0,45.0,52.0,56.666666666666664,0.0,73.33333333333333,"[0.4703450640794158, 0.3818891129398463, 0.4240805886959256, 0.22556548595800252, 0.5124500866241622]",0.40286606765947053,0.10800000000000001,,FLORIDA,"35,000","310,000",310000.0,"24,000",8.0,2.5,4.2,9.8,10.5,3.3,28.2,"10,500",3.0,0.08,9,0.6160777804126156,0.631868131868132,0.575,0.6081894821356885,FL
2024,FL,Southeast,Q3,1.52,6.42,0.4,80.0,0.0,90.0,44.0,54.285714285714285,50.0,0.0,60.0,"[0.4638720720945291, 0.5843023543753181, 0.11309039152023515, 0.45513763205741575, 0.33152419386963417]",0.38958532878342644,0.136,0.724294516714822,FLORIDA,"39,000","295,000",290000.0,"32,000",11.0,4.1,8.2,11.0,16.7,4.1,34.8,"17,500",6.0,0.11,9,0.7085605880958028,0.9025641025641024,0.9316666666666666,0.9281413087113608,FL
2024,FL,Southeast,Q4,3.111875,13.31,0.425,44.285714285714285,0.0,35.0,41.42857142857143,58.125,55.0,0.0,33.333333333333336,"[0.3818891129398463, 0.4240805886959256, 0.22556548595800252, 0.5124500866241622, 0.4845558644949307]",0.40570822774257354,0.124,0.724294516714822,FLORIDA,"36,000","310,000",275000.0,"43,000",14.0,6.0,22.6,13.8,13.1,6.7,29.3,"11,500",4.0,0.14,9,0.3922219587384397,0.6985347985347986,0.6575,0.6848655158570855,FL
2024,GA,Southeast,Q1,1.3718181818181818,4.36,0.1181818181818181,40.0,0.0,30.0,42.22222222222222,50.0,66.66666666666667,0.0,56.666666666666664,"[0.2734915213595758, 0.3713251075065158, 0.5137802882533207, 0.3278412496880554, 0.45989196758919626]",0.38926602687933276,0.126,0.9491452372284392,GEORGIA,"34,000","130,000",120000.0,"28,000",22.0,0.5,3.6,1.1,8.9,5.7,18.5,"2,000",2.0,0.22,10,0.4277922693858193,0.3472527472527472,0.3308333333333333,0.3344038538739462,GA
2024,GA,Southeast,Q3,1.88,6.61,0.3833333333333333,65.0,0.0,60.0,52.22222222222222,81.11111111111111,50.0,30.0,30.0,"[0.5502381582596025, 0.4033511882288414, 0.44687499458756375, 0.41816487722745443, 0.4691143036005685]",0.4575487043808061,0.158,0.9491452372284392,GEORGIA,"34,000","153,000",148000.0,"35,000",23.0,4.9,18.2,7.3,14.6,10.5,31.9,"17,000",11.0,0.23,10,0.2776855584538771,0.8080586080586081,0.6783333333333333,0.7543155359293456,GA
2024,GA,Southeast,Q4,1.335,4.08,0.5583333333333333,0.0,0.0,0.0,45.0,61.666666666666664,0.0,0.0,36.0,"[0.3713251075065158, 0.5137802882533207, 0.3278412496880554, 0.45989196758919626, 0.4104739330559187]",0.4166625092186013,0.182,,GEORGIA,"23,000","153,000",146000.0,"31,000",20.0,3.1,19.4,3.6,15.3,12.6,32.0,"4,200",3.0,0.2,10,0.3896134692909651,0.4340659340659342,0.4025,0.416298675230831,GA
2024,HI,Hawaii,Q1,0.1899999999999999,0.98,1.1291666666666669,30.0,0.0,0.0,46.0,38.0,0.0,0.0,0.0,,,0.05666666666666667,,,,,,,,,,,,,,,,,11,0.4062129475930756,0.4428571428571429,0.4233333333333333,0.4315535929345644,HI
2024,HI,Hawaii,Q2,1.765,7.71,1.2208333333333334,0.0,0.0,0.0,0.0,0.0,0.0,0.0,0.0,,,0.01,,,,,,,,,,,,,,,,,11,0.550628408821437,0.7593406593406593,0.74875,0.7615415495784825,HI
2024,ID,Northwest,Q2,0.3277777777777778,1.16,0.4777777777777777,0.0,0.0,42.0,38.0,41.111111111111114,63.333333333333336,0.0,42.0,"[0.7046019043663044, 0.4093755767813817, 0.4761772781728163, 0.30611133351128905, 0.45168111944668377]",0.46958944245569506,0.15000000000000002,,IDAHO,"8,000","130,000",112000.0,"8,000",6.0,3.0,12.2,1.2,6.6,0.05,32.7,"29,000",22.0,0.06,12,0.564619397676073,0.7531135531135531,0.7383333333333333,0.7535126455238861,ID
2024,ID,Northwest,Q3,1.3246666666666669,5.79,0.1966666666666666,80.0,0.0,0.0,33.84615384615385,38.0,30.0,0.0,38.0,"[0.7046019043663044, 0.4093755767813817, 0.4761772781728163, 0.30611133351128905, 0.45168111944668377]",0.46958944245569506,0.076,0.5684046920969581,IDAHO,"6,500","155,000",116000.0,"10,000",6.0,0.8,0.05,3.9,0.05,5.2,25.7,"12,000",8.0,0.06,12,0.4873132558691012,0.8326007326007326,0.81875,0.8354074668807707,ID
2024,IL,Ohio Valley,Q2,1.1266666666666667,2.85,0.2444444444444444,0.0,0.0,40.0,40.0,62.5,62.5,30.0,44.0,"[0.6939289980424842, 0.5884190151333214, 0.5130718495405073, 0.4801668178955594, 0.4558664895328053]",0.5462906340289355,0.0975,0.5684046920969581,ILLINOIS,"4,000","8,500",8500.0,800,9.0,0.6,3.6,0.6,13.4,3.2,32.0,"1,700",20.0,0.09,13,0.6338629357363055,0.7234432234432234,0.6945833333333334,0.7161782416700121,IL
2024,IL,Ohio Valley,Q3,4.447272727272727,22.62,0.0181818181818181,50.0,0.0,56.666666666666664,61.25,68.18181818181819,60.0,0.0,30.0,"[0.6939289980424842, 0.5884190151333214, 0.5130718495405073, 0.4801668178955594, 0.4558664895328053]",0.5462906340289355,0.07800000000000001,0.5925315541650555,,,,,,,,,,,,,,,,13,0.4356177377282428,0.8146520146520145,0.8012499999999999,0.8177438779606583,IL
2024,IL,Ohio Valley,Q4,11.16,11.16,0.05,80.0,0.0,0.0,60.0,90.0,0.0,0.0,30.0,"[0.2593733679715583, 0.3659303721078164, 0.298297935871619, 0.40701137108820407, 0.3691482338964661]",0.33995225618713276,0.11600000000000002,0.5925315541650555,,,,,,,,,,,,,,,,13,0.3779938344794878,0.4941391941391941,0.4599999999999999,0.4773183460457648,IL
2024,IN,Ohio Valley,Q2,1.153333333333333,2.52,0.3,0.0,0.0,30.0,30.0,46.666666666666664,0.0,0.0,42.5,"[0.49862574179661867, 0.5676066843523022, 0.6338558084348711, 0.23465006840050429, 0.5298376540183727]",0.4929151914005338,0.07750000000000001,0.7817821097640076,INDIANA,"3,200","12,500",9500.0,420,3.0,0.05,1.8,0.0,13.6,1.7,21.9,"1,000",8.0,0.03,14,0.4828076831870999,0.7981684981684981,0.7341666666666666,0.7759935768767564,IN
2024,IN,Ohio Valley,Q3,3.615,12.42,0.0535714285714285,53.75,0.0,80.0,47.27272727272727,60.0,50.0,0.0,40.0,"[0.49862574179661867, 0.5676066843523022, 0.6338558084348711, 0.23465006840050429, 0.5298376540183727]",0.4929151914005338,0.06999999999999999,0.7817821097640076,,,,,,,,,,,,,,,,14,0.4152240929570785,0.8981684981684982,0.8462500000000001,0.8847852268165394,IN
2024,IN,Ohio Valley,Q4,2.0675,2.92,0.0,40.0,0.0,0.0,30.0,67.5,60.0,0.0,30.0,"[0.3602738369428483, 0.5232241114577739, 0.4897739927126443, 0.40731560883096407, 0.5002775465104228]",0.4561730192909307,0.144,0.6392506668924378,,,,,,,,,,,,,,,,14,0.3557031064737965,0.602930402930403,0.5158333333333334,0.5640305098354075,IN
2024,KY,Ohio Valley,Q2,1.16,5.09,0.5166666666666667,0.0,34.0,50.0,40.0,48.888888888888886,30.0,0.0,38.0,"[0.67482807178027, 0.5030807440551867, 0.5132371916510696, 0.37357756801728503, 0.5888161421596738]",0.5307079435326971,0.0625,0.6392506668924378,KENTUCKY,930,"15,000",15000.0,"1,200",8.0,2.0,0.05,2.7,3.0,5.0,42.0,550,4.0,0.08,17,0.4711880483756225,0.6278388278388278,0.5954166666666667,0.6158169409875552,KY
2024,KY,Ohio Valley,Q3,0.0,0.0,0.0,0.0,0.0,0.0,0.0,0.0,0.0,0.0,0.0,"[0.67482807178027, 0.5030807440551867, 0.5132371916510696, 0.37357756801728503, 0.5888161421596738]",0.5307079435326971,0.094,0.5781432625483478,,,,,,,,,,,,,,,,17,0.4804363291439412,0.7494505494505493,0.7441666666666666,0.7543155359293456,KY
2024,LA,South,Q2,0.96375,4.94,0.7229166666666668,30.0,0.0,80.0,38.18181818181818,42.083333333333336,48.0,0.0,30.0,[0.5883342757470831],0.5883342757470831,0.055,0.5781432625483478,LOUISIANA,"9,000","46,000",36000.0,"1,900",4.0,0.0,17.0,1.0,1.6,1.1,7.7,300,1.0,0.04,18,0.4512686744130899,0.7571428571428572,0.7575,0.7647531112003213,LA
2024,MA,Northeast,Q2,0.8344444444444444,2.23,0.9555555555555556,0.0,31.666666666666668,56.666666666666664,35.0,41.111111111111114,55.0,0.0,40.0,"[0.6348516283298893, 0.6141387699069925, 0.39123260740446963, 0.604586556208638, 0.48631298872782636]",0.5462245101155632,0.07250000000000001,,MASSACHUSETTS,790,"5,500",4900.0,220,4.0,0.5,2.1,0.0,0.8,0.05,6.6,630,11.0,0.04,21,0.5899928859378705,0.6476190476190478,0.6166666666666667,0.637093536732236,MA
2024,MA,Northeast,Q3,5.667692307692307,53.61,0.2153846153846153,90.0,0.0,80.0,38.46153846153846,66.92307692307692,75.0,30.0,0.0,"[0.6348516283298893, 0.6141387699069925, 0.39123260740446963, 0.604586556208638, 0.48631298872782636]",0.5462245101155632,0.054000000000000006,,,,,,,,,,,,,,,,,21,0.4109556556793929,0.7846153846153847,0.7691666666666667,0.7852268165395422,MA
2024,MA,Northeast,Q4,5.055,7.29,0.025,0.0,0.0,0.0,45.0,75.0,50.0,0.0,0.0,"[0.4942889641768481, 0.4274610669347292, 0.31899477539300114, 0.3112627682788055, 0.4074585823763205]",0.3918932314319409,0.09199999999999998,0.6730198480640508,,,,,,,,,,,,,,,,21,0.3270097225515769,0.3996336996336996,0.395,0.3946206342834203,MA
2024,MD,Northeast,Q2,0.966153846153846,4.15,0.1,60.0,46.666666666666664,40.0,35.0,49.23076923076923,50.0,0.0,33.333333333333336,"[0.582481733176231, 0.5232687053772038, 0.5042477854443154, 0.5742157952592062, 0.4414233499189677]",0.5251274738351848,0.0525,0.6730198480640508,MARYLAND,"2,900","6,000",6000.0,320,5.0,0.0,0.9,0.5,0.6,1.1,26.9,700,12.0,0.05,20,0.5188522646431112,0.6692307692307694,0.6370833333333332,0.658370132476917,MD
2024,MD,Northeast,Q3,1.8742857142857143,5.07,0.0714285714285714,30.0,0.0,0.0,38.333333333333336,57.142857142857146,0.0,0.0,0.0,"[0.582481733176231, 0.5232687053772038, 0.5042477854443154, 0.5742157952592062, 0.4414233499189677]",0.5251274738351848,0.086,0.5485338816135197,,,,,,,,,,,,,,,,20,0.4244723737253972,0.7816849816849816,0.76,0.7796065837013249,MD
2024,MD,Northeast,Q4,2.4775,5.61,0.175,0.0,0.0,60.0,32.5,52.5,0.0,0.0,0.0,"[0.4429139854688444, 0.4462151512568764, 0.4010879428714822, 0.18946061003761216, 0.4251070269155045]",0.38095694331006397,0.154,0.5485338816135197,,,,,,,,,,,,,,,,20,0.4102442494664453,0.457875457875458,0.4674999999999999,0.4612605379365717,MD
2024,ME,Northeast,Q2,1.27625,4.53,0.3125,0.0,40.0,30.0,50.0,55.0,80.0,0.0,57.5,"[0.6884573487796386, 0.6364934237250912, 0.49245050401738066, 0.4611840939196753, 0.48580363112993274]",0.5528778003143436,0.05,0.7009634010158504,MAINE,"1,100","9,500",8500.0,850,9.0,0.05,0.0,1.2,0.05,0.05,3.1,370,4.0,0.09,19,0.5131610149395306,0.6827838827838828,0.6670833333333334,0.6804496186270574,ME
2024,ME,Northeast,Q3,1.751875,7.91,0.7125,80.0,40.0,55.0,43.0,57.333333333333336,56.0,70.0,65.71428571428571,"[0.6884573487796386, 0.6364934237250912, 0.49245050401738066, 0.4611840939196753, 0.48580363112993274]",0.5528778003143436,0.24,0.7009634010158504,,,,,,,,,,,,,,,,19,0.459805548968461,0.7893772893772891,0.8016666666666667,0.8040947410678443,ME
2024,MI,Upper Midwest,Q3,1.6488888888888888,8.1,0.2666666666666666,30.0,0.0,70.0,37.142857142857146,41.111111111111114,63.333333333333336,30.0,36.666666666666664,"[0.581458120417396, 0.4837369974307174, 0.5357616545573703, 0.4568582043013093, 0.5340575698115815]",0.5183745093036749,0.148,0.6301627126765994,MICHIGAN,"4,500","97,000",96000.0,"8,000",8.0,8.8,5.8,14.5,9.0,5.1,31.3,"10,000",10.0,0.08,22,0.5093668484704766,0.916117216117216,0.9370833333333334,0.9381774387796064,MI
2024,MN,Upper Midwest,Q2,0.94,1.88,0.55,40.0,0.0,0.0,55.0,60.0,90.0,0.0,80.0,"[0.5446791535952569, 0.45606271630357853, 0.45482282219662074, 0.3962812028460925, 0.5164194697891917]",0.47365307294614806,0.05,0.6301627126765994,MINNESOTA,"20,000","112,000",106000.0,"2,000",2.0,0.9,0.5,0.8,2.4,0.5,24.4,"11,000",10.0,0.02,23,0.6132321555608253,0.7842490842490841,0.7716666666666667,0.7864311521477316,MN
2024,MN,Upper Midwest,Q3,1.525217391304348,12.54,0.1130434782608695,42.5,0.0,80.0,41.1764705882353,50.0,57.142857142857146,30.0,42.5,"[0.5446791535952569, 0.45606271630357853, 0.45482282219662074, 0.3962812028460925, 0.5164194697891917]",0.47365307294614806,0.094,0.7343155343379715,MINNESOTA,"5,000","120,000",117000.0,"10,500",9.0,0.05,2.1,5.1,1.5,3.6,21.1,"1,800",2.0,0.09,23,0.4937159117856295,0.8523809523809524,0.8554166666666667,0.8643115214773182,MN
2024,MT,Northern Rockies & Plains,Q2,1.2909090909090908,5.14,0.5590909090909091,50.0,0.0,30.0,46.0,51.81818181818182,52.857142857142854,0.0,61.25,"[0.683772233983162, 0.6449641987516368, 0.6009962655569469, 0.5, 0.5484653998355928]",0.5956396196254677,0.027500000000000004,0.7343155343379715,MONTANA,"11,000","92,000",24000.0,520,1.0,1.4,0.05,3.4,0.05,0.0,10.6,"10,000",11.0,0.01,26,0.2565805074697652,0.7252747252747253,0.60625,0.67442794058611,MT
2024,MT,Northern Rockies & Plains,Q3,1.2858823529411765,5.39,0.2705882352941177,0.0,70.0,60.0,46.15384615384615,61.1764705882353,60.0,30.0,42.5,"[0.683772233983162, 0.6449641987516368, 0.6009962655569469, 0.5, 0.5484653998355928]",0.5956396196254677,0.06999999999999999,0.595348680888744,MONTANA,"1,600","115,000",101000.0,"7,500",7.0,3.4,3.2,6.8,0.6,1.0,35.6,"4,200",4.0,0.07,26,0.2520749347877638,0.8890109890109891,0.7604166666666667,0.8386190285026095,MT
2024,NE,Northern Rockies & Plains,Q2,0.4333333333333333,1.3,0.2666666666666666,0.0,0.0,0.0,30.0,56.666666666666664,50.0,0.0,53.333333333333336,"[0.6355655065721687, 0.1975416559475539, 0.5250459018506766]",0.4527176881234664,0.04750000000000001,0.595348680888744,NEBRASKA,"10,000","29,000",15500.0,"1,200",4.0,0.7,0.7,0.05,1.1,3.5,5.9,"7,500",26.0,0.04,27,0.4792506521223618,0.6527472527472529,0.61875,0.6407065435568046,NE
2024,NE,Northern Rockies & Plains,Q3,2.5384615384615383,15.88,0.2192307692307692,0.0,0.0,60.0,43.07692307692308,57.69230769230769,66.0,30.0,60.0,"[0.6355655065721687, 0.1975416559475539, 0.5250459018506766]",0.4527176881234664,0.092,,,,,,,,,,,,,,,,,27,0.512212473322267,0.764102564102564,0.7520833333333334,0.7659574468085106,NE
2024,NE,Northern Rockies & Plains,Q4,3.474,9.15,0.04,80.0,0.0,85.0,46.0,62.0,60.0,0.0,0.0,"[0.4138615503069356, 0.27811411560845434, 0.38762756430420553]",0.3598677434065318,0.13,,,,,,,,,,,,,,,,,27,0.4379890917714014,0.4432234432234432,0.4145833333333334,0.4275391409072662,NE
2024,NJ,Northeast,Q2,1.0813636363636363,4.11,1.05,30.0,38.333333333333336,56.666666666666664,35.38461538461539,45.45454545454545,30.0,0.0,53.333333333333336,"[0.7137487129616642, 0.6535083014340153, 0.5738211731158593, 0.5590414481559016, 0.5710064374394372]",0.6142252146213755,0.025,0.6396468829994129,NEW JERSEY,"2,300","15,000",14500.0,710,5.0,1.5,0.9,1.0,3.0,0.7,16.6,640,4.0,0.05,30,0.5221721603035333,0.6703296703296704,0.6520833333333333,0.6663990365315134,NJ
2024,NM,Southwest,Q2,3.112,17.21,0.115,60.0,0.0,60.0,50.0,49.0,65.0,0.0,36.0,"[0.6699834987623969, 0.3637909897196482, 0.4936303164581667, 0.6240952942219439]",0.537875024790539,0.14250000000000002,0.6396468829994129,NEW MEXICO,"1,100","2,000",2000.0,290,15.0,0.0,0.05,1.1,0.05,2.1,26.7,540,27.0,0.15,31,0.4564856533080388,0.7981684981684981,0.7854166666666667,0.8004817342432756,NM
2024,NM,Southwest,Q3,2.62,4.77,0.0,0.0,0.0,0.0,30.0,40.0,0.0,0.0,70.0,"[0.6699834987623969, 0.3637909897196482, 0.4936303164581667, 0.6240952942219439]",0.537875024790539,0.086,0.31492510005301655,,,,,,,,,,,,,,,,31,0.8121887597818354,0.8505494505494506,0.8908333333333331,0.8803693295865114,NM
2024,NM,Southwest,Q4,7.714666666666667,21.15,0.0166666666666666,90.0,0.0,40.0,55.333333333333336,72.66666666666667,45.0,0.0,60.0,"[0.34724663423178037, 0.2928932188134524, 0.530958424017657, 0.7133089104595021, 0.44598673926583043]",0.4660787853576444,0.136,0.31492510005301655,,,,,,,,,,,,,,,,31,0.3611572207730614,0.6307692307692307,0.5891666666666667,0.6146126053793657,NM
2024,NV,Southwest,Q2,1.24,1.24,0.05,0.0,0.0,0.0,60.0,70.0,0.0,0.0,0.0,"[0.5750817072006013, 0.5, 0.4654775161751512]",0.5135197411252509,,0.662721756176575,,,,,,,,,,,,,,,,28,0.4564856533080388,0.7315018315018315,0.72625,0.7354476114010439,NV
2024,NV,Southwest,Q3,2.411,8.92,0.0,0.0,0.0,35.0,40.0,53.75,0.0,0.0,0.0,"[0.5750817072006013, 0.5, 0.4654775161751512]",0.5135197411252509,,0.662721756176575,,,,,,,,,,,,,,,,28,0.4816220061655205,0.8285714285714286,0.8545833333333335,0.8510638297872339,NV
2024,NY,Northeast,Q2,0.3399999999999999,1.06,0.4875,30.0,36.666666666666664,50.0,38.0,45.0,40.0,0.0,46.0,"[0.6784793514777623, 0.5269351814173399, 0.5369158255825008, 0.49457768807101654, 0.5627012382082983]",0.5599218569513835,0.05,0.7202485575279058,NEW YORK,"3,500","50,000",31000.0,"1,600",3.0,2.8,3.5,3.0,6.7,6.0,39.3,"3,000",6.0,0.03,32,0.4500829973915105,0.6435897435897436,0.5833333333333334,0.618627057406664,NY
2024,NY,Northeast,Q3,2.1558333333333333,6.17,0.3916666666666666,50.0,34.285714285714285,53.333333333333336,52.72727272727273,75.83333333333333,70.0,0.0,50.0,"[0.6784793514777623, 0.5269351814173399, 0.5369158255825008, 0.49457768807101654, 0.5627012382082983]",0.5599218569513835,0.074,0.7202485575279058,NEW YORK,"1,600","51,000",50000.0,"4,600",9.0,8.2,13.6,6.4,12.7,6.4,24.1,"1,800",4.0,0.09,32,0.3635285748162201,0.8051282051282052,0.75,0.7872340425531914,NY
2024,NY,Northeast,Q4,5.5725,11.75,0.0875,57.5,0.0,30.0,52.5,82.5,56.666666666666664,0.0,30.0,"[0.3845120020669216, 0.3415475333598922, 0.390550599779956, 0.44732057623379406, 0.3430742055999707]",0.3814009834081069,0.174,0.6258863626580499,NEW YORK,630,"46,000",44000.0,"3,200",7.0,2.5,2.9,1.9,7.1,3.6,31.5,"1,000",2.0,0.07,32,0.2757884752193503,0.3915750915750916,0.3399999999999999,0.3633079084704938,NY
2024,OH,Ohio Valley,Q3,2.11375,5.07,0.4625,30.0,0.0,50.0,35.0,51.25,0.0,0.0,30.0,"[0.6754566643669271, 0.5557078929874324, 0.4993950391011758, 0.49254802443235335, 0.5072844684391182]",0.5460784178654013,0.074,0.6258863626580499,OHIO,"1,000","26,000",25000.0,"1,100",4.0,0.05,4.0,7.3,14.5,3.7,34.1,"1,500",6.0,0.04,35,0.2610860801517666,0.8168498168498168,0.6995833333333333,0.7691690084303493,OH
2024,OR,Northwest,Q2,2.9783333333333335,9.32,0.3833333333333333,30.0,42.0,30.0,38.333333333333336,50.0,45.0,0.0,37.5,"[0.6894228335218385, 0.666052792604596, 0.5288597935110997, 0.37289261797130224, 0.400292468942554]",0.5315041013102781,0.11,0.6611081061222612,OREGON,"21,000","105,000",95000.0,"9,000",9.0,3.5,0.05,2.2,0.9,0.0,5.3,"13,500",13.0,0.09,37,0.5854873132558691,0.66996336996337,0.6820833333333333,0.6808510638297872,OR
2024,OR,Northwest,Q3,1.984705882352941,9.61,0.1558823529411764,45.0,35.0,50.0,34.0,48.23529411764706,70.0,0.0,37.5,"[0.6894228335218385, 0.666052792604596, 0.5288597935110997, 0.37289261797130224, 0.400292468942554]",0.5315041013102781,0.098,0.6611081061222612,OREGON,"3,100","130,000",113000.0,"29,000",22.0,7.0,2.5,19.5,3.8,0.05,66.2,"21,000",16.0,0.22,37,0.4735594024187811,0.7798534798534799,0.8262499999999999,0.8105178643115213,OR
2024,OR,Northwest,Q4,10.05,10.05,0.25,80.0,0.0,0.0,70.0,80.0,70.0,0.0,0.0,"[0.30147459374002616, 0.40058451061122713, 0.4211972750077637, 0.44500390135383017, 0.2814813986560797]",0.36994833587378534,0.11800000000000002,0.7823571249669965,OREGON,"5,000","104,000",103000.0,"18,000",17.0,0.05,0.05,3.9,1.1,1.6,45.8,"4,800",5.0,0.17,37,0.4794877875266777,0.5256410256410258,0.5058333333333334,0.5166599759132878,OR
2024,PA,Northeast,Q2,0.9625,3.4,1.2875,0.0,40.0,53.333333333333336,36.0,48.75,30.0,0.0,45.0,"[0.70328363682378, 0.6128646090700273, 0.5676984845778198, 0.5114998893298184, 0.5489940953445696]",0.588868143029203,0.0525,0.7823571249669965,PENNSYLVANIA,"5,500","25,000",22000.0,"1,600",6.0,1.2,2.0,7.7,10.7,1.8,30.1,"1,500",6.0,0.06,38,0.4624140384159355,0.834065934065934,0.8254166666666667,0.8398233641107987,PA
2024,PA,Northeast,Q3,1.4955555555555555,3.95,0.1055555555555555,0.0,0.0,57.5,51.42857142857143,56.666666666666664,30.0,0.0,30.0,"[0.70328363682378, 0.6128646090700273, 0.5676984845778198, 0.5114998893298184, 0.5489940953445696]",0.588868143029203,0.055999999999999994,0.5791094596451856,PENNSYLVANIA,"1,400","29,000",28000.0,"1,900",7.0,1.1,4.1,4.8,13.1,4.9,27.1,970,3.0,0.07,38,0.7607303770452929,0.8864468864468865,0.93375,0.920915295062224,PA
2024,RI,Northeast,Q2,0.8699999999999999,3.42,0.835,30.0,34.0,37.5,41.42857142857143,55.55555555555556,40.0,0.0,35.0,"[0.654452629767456, 0.5248090366885085, 0.4777670321329065]",0.5523428995296237,,0.5791094596451856,,,,,,,,,,,,,,,,39,0.4809105999525729,0.6813186813186815,0.6170833333333333,0.655961461260538,RI
2024,RI,Northeast,Q3,1.956,4.04,0.6199999999999999,0.0,35.0,0.0,32.5,56.0,0.0,0.0,0.0,"[0.654452629767456, 0.5248090366885085, 0.4777670321329065]",0.5523428995296237,,,,,,,,,,,,,,,,,,39,0.3421863884277923,0.8479853479853481,0.7775000000000001,0.8241670012043357,RI
2024,RI,Northeast,Q4,9.782222222222222,21.52,0.8500000000000001,0.0,0.0,30.0,65.55555555555556,83.33333333333333,80.0,30.0,0.0,"[0.4593451264367514, 0.5219085562662426, 0.3798263270539577, 0.5]",0.4652700024392379,,,,,,,,,,,,,,,,,,39,0.2717571733459806,0.471062271062271,0.3933333333333333,0.4327579285427539,RI
2024,SC,Southeast,Q2,2.0561904761904763,10.41,0.5833333333333334,0.0,32.5,47.5,44.11764705882353,51.904761904761905,64.28571428571429,0.0,49.285714285714285,"[0.582272045111532, 0.4876789238841155, 0.4969480896668854, 0.36939646471538845, 0.41263299377646345]",0.469785703430877,0.09,0.5649775149995686,SOUTH CAROLINA,"2,300","14,500",13500.0,470,3.0,1.9,5.4,8.2,26.7,1.2,31.6,"4,900",34.0,0.03,40,0.5750533554659711,0.7915750915750915,0.7883333333333333,0.7988759534323564,SC
2024,SD,Northern Rockies & Plains,Q3,1.2704761904761903,6.52,0.4666666666666667,0.0,0.0,0.0,48.333333333333336,53.80952380952381,70.0,56.666666666666664,55.0,[0.5239047714304768],0.5239047714304768,0.162,0.5649775149995686,SOUTH DAKOTA,110,"225,000",225000.0,"15,000",7.0,0.05,2.3,5.5,5.9,1.7,18.1,"3,000",1.0,0.07,41,0.4095328432534977,0.9531135531135532,0.9441666666666666,0.962264150943396,SD
2024,SD,Northern Rockies & Plains,Q4,7.846666666666667,13.12,1.8,60.0,0.0,0.0,70.0,76.66666666666667,66.66666666666667,30.0,0.0,[0.5559469642131142],0.5559469642131142,0.06799999999999999,0.7186462451296507,SOUTH DAKOTA,200,"200,000",199000.0,"20,000",10.0,1.1,0.6,19.7,0.05,0.8,12.6,"2,200",1.0,0.1,41,0.339103628171686,0.7520146520146519,0.68625,0.7278201525491771,SD
2024,TN,Southeast,Q1,0.0,0.0,0.0,0.0,0.0,0.0,0.0,40.0,0.0,0.0,50.0,"[0.2074247545939345, 0.32573956524765824, 0.4361195472012319, 0.3600916013829091, 0.401578653365283]",0.34619082435820336,0.186,0.7186462451296507,TENNESSEE,"1,300","11,500",11500.0,"1,700",15.0,0.05,2.1,0.7,5.4,10.4,13.6,170,1.0,0.15,42,0.3500118567702158,0.4091575091575092,0.3695833333333333,0.3873946206342835,TN
2024,TN,Southeast,Q2,0.6549999999999999,1.93,0.2333333333333333,0.0,0.0,35.0,40.0,36.666666666666664,40.0,0.0,47.5,"[0.6484222851710644, 0.5157520015209069, 0.5879657092804308, 0.4604064691737566, 0.4822306436423852]",0.5389554217577087,0.15000000000000002,,TENNESSEE,"1,900","12,000",11000.0,760,6.0,0.0,4.9,0.7,5.1,2.8,52.0,640,5.0,0.06,42,0.2774484230495613,0.7098901098901098,0.6079166666666668,0.6672019269369731,TN
2024,TX,South,Q1,0.7414285714285713,2.27,1.2285714285714284,0.0,0.0,33.333333333333336,50.0,50.0,35.0,0.0,65.0,"[0.5435337586034134, 0.014061495203205987, 0.619025655175425, 0.4682077443044763, 0.3814637725430976]",0.40525848516592367,0.07800000000000001,,TEXAS,"67,000","290,000",205000.0,"28,000",10.0,0.9,1.8,4.5,5.6,2.7,22.2,"46,000",16.0,0.1,43,0.4818591415698364,0.3201465201465202,0.3129166666666667,0.3107185869128863,TX
2024,TX,South,Q2,0.7700000000000001,5.11,0.7714285714285715,60.0,0.0,30.0,36.0,42.857142857142854,42.5,0.0,61.666666666666664,"[0.514045677559565, 0.5472181656452635, 0.5122037696876236, 0.5664569700438844, 0.48067749972765783]",0.5241204165327988,0.105,,TEXAS,"43,000","300,000",290000.0,"38,000",13.0,0.05,5.6,0.5,40.9,0.6,43.9,"74,000",25.0,0.13,43,0.5216978894949016,0.6483516483516484,0.6133333333333333,0.6354877559213168,TX
2024,TX,South,Q3,2.272,3.9,0.02,70.0,0.0,30.0,52.0,52.0,30.0,0.0,30.0,"[0.514045677559565, 0.5472181656452635, 0.5122037696876236, 0.5664569700438844, 0.48067749972765783]",0.5241204165327988,0.048,,TEXAS,"1,200","107,000",88000.0,"7,000",7.0,0.7,16.1,1.3,3.5,3.0,14.6,"1,300",1.0,0.07,43,0.5639079914631255,0.7608058608058608,0.7466666666666667,0.7615415495784825,TX
2024,TX,South,Q4,0.8150000000000001,1.34,0.7625,70.0,0.0,0.0,32.5,50.0,60.0,0.0,0.0,"[0.014061495203205987, 0.619025655175425, 0.4682077443044763, 0.3814637725430976, 0.4031074358607568]",0.37717322061739234,0.07799999999999999,0.5081789902772353,TEXAS,"1,900","190,000",101000.0,"17,000",9.0,5.9,8.0,8.4,11.1,4.7,27.8,390,0.0,0.09,43,0.4368034147498221,0.4289377289377291,0.4066666666666666,0.4158972300281011,TX
2024,UT,Southwest,Q2,0.2685714285714285,1.25,1.7071428571428573,0.0,0.0,30.0,40.0,42.857142857142854,46.0,0.0,66.66666666666667,"[0.5727228189176443, 0.46076977943624975, 0.3482356653149241, 0.39938139758221625, 0.4685672673992136]",0.44993538573004965,0.14250000000000002,0.5081789902772353,UTAH,"4,400","20,000",16500.0,"1,500",8.0,2.4,0.7,1.2,0.05,8.8,9.6,"2,000",10.0,0.08,44,0.4379890917714014,0.7747252747252747,0.7504166666666666,0.7711762344439984,UT
2024,UT,Southwest,Q3,2.895625,10.55,0.15625,80.0,0.0,30.0,47.142857142857146,56.25,48.0,0.0,50.0,"[0.5727228189176443, 0.46076977943624975, 0.3482356653149241, 0.39938139758221625, 0.4685672673992136]",0.44993538573004965,0.096,0.5963255626497236,,,,,,,,,,,,,,,,44,0.6419255394830449,0.8395604395604396,0.85625,0.8574869530309114,UT
2024,UT,Southwest,Q4,2.27,2.27,0.0,0.0,0.0,0.0,30.0,30.0,0.0,0.0,0.0,"[0.2357744135212022, 0.4191399704027313, 0.18172455731028359, 0.34993344883221633, 0.20584521774290232]",0.2784835215618672,0.11000000000000001,0.5963255626497236,,,,,,,,,,,,,,,,44,0.3640028456248518,0.5893772893772895,0.5441666666666667,0.5700521878763549,UT
2024,VA,Southeast,Q2,3.043,8.67,0.4,0.0,33.333333333333336,45.0,56.666666666666664,60.0,80.0,0.0,50.0,"[0.5932869805418834, 0.5040532292683277, 0.5737086489822907, 0.4609683172476643, 0.5570026537398156]",0.5378039659559963,0.0825,0.3994927611901854,VIRGINIA,"3,000","11,000",9000.0,450,4.0,5.8,6.7,0.05,7.4,0.9,20.5,"2,100",19.0,0.04,46,0.5093668484704766,0.7509157509157509,0.7108333333333333,0.739462063428342,VA
2024,VA,Southeast,Q3,2.057,5.81,0.105,0.0,0.0,70.0,42.22222222222222,58.0,30.0,0.0,30.0,"[0.5932869805418834, 0.5040532292683277, 0.5737086489822907, 0.4609683172476643, 0.5570026537398156]",0.5378039659559963,0.09000000000000001,0.3994927611901854,,,,,,,,,,,,,,,,46,0.4771164334835191,0.8355311355311356,0.8025,0.8289843436370933,VA
2024,VA,Southeast,Q4,4.93,16.69,0.1875,60.0,0.0,80.0,30.0,52.5,0.0,0.0,30.0,"[0.43617336847797916, 0.45427643659974404, 0.458419255192941, 0.4364360234038389, 0.5073456248714183]",0.4585301417091843,0.13999999999999999,0.46599976591765435,,,,,,,,,,,,,,,,46,0.4142755513398151,0.550915750915751,0.5058333333333334,0.5307105580088319,VA
2024,VT,Northeast,Q2,0.2414285714285714,0.85,1.0285714285714285,30.0,32.0,90.0,30.0,38.57142857142857,0.0,0.0,0.0,"[0.6723418061990688, 0.5090281654348598, 0.4811254783372292, 0.6301998691831805, 0.645847873345988]",0.5877086385000653,0.02,0.46599976591765435,VERMONT,270,"10,500",8000.0,130,1.0,1.1,0.5,0.0,1.1,0.05,5.6,320,3.0,0.01,45,0.3794166469053829,0.6142857142857143,0.5708333333333334,0.5965475712565235,VT
2024,VT,Northeast,Q3,2.6576470588235295,7.1,0.3823529411764705,30.0,33.333333333333336,60.0,40.0,53.52941176470589,46.666666666666664,0.0,75.0,"[0.6723418061990688, 0.5090281654348598, 0.4811254783372292, 0.6301998691831805, 0.645847873345988]",0.5877086385000653,0.0181,0.5062720252817443,,,,,,,,,,,,,,,,45,0.2895423286696704,0.7864468864468864,0.7229166666666667,0.7639502207948616,VT
2024,WA,Northwest,Q2,0.3046666666666667,0.76,0.8300000000000001,30.0,35.0,50.0,41.81818181818182,40.714285714285715,48.0,0.0,58.333333333333336,"[0.6071462892437336, 0.6058822533988846, 0.5190014042402962, 0.4273593778581273, 0.5970785696784724]",0.5512935788839028,0.055,0.5062720252817443,WASHINGTON,"20,000","128,000",106000.0,"6,000",5.0,2.3,19.1,9.8,11.7,11.6,54.0,"2,400",2.0,0.05,47,0.6165520512212475,0.6608058608058608,0.63,0.65114411882778,WA
2024,WA,Northwest,Q3,3.6,10.44,0.1909090909090909,48.0,57.5,56.666666666666664,51.81818181818182,74.54545454545455,75.0,30.0,30.0,"[0.6071462892437336, 0.6058822533988846, 0.5190014042402962, 0.4273593778581273, 0.5970785696784724]",0.5512935788839028,0.084,0.45581497718533825,WASHINGTON,600,"92,000",62000.0,"5,000",5.0,0.05,1.4,0.05,0.05,0.05,21.1,"2,700",3.0,0.05,47,0.4607540905857244,0.7816849816849816,0.75875,0.778803693295865,WA
2024,WI,Upper Midwest,Q2,1.2185714285714284,3.82,0.3571428571428571,60.0,0.0,55.0,36.666666666666664,42.857142857142854,50.0,0.0,57.5,"[0.6031126093520858, 0.4557921341037018, 0.604101337088218, 0.3502137103460691, 0.5474175015818705]",0.512127458494389,0.0275,0.45581497718533825,WISCONSIN,"16,000","67,000",55000.0,"3,800",6.0,11.1,5.2,3.9,11.3,16.5,30.0,"11,000",16.0,0.06,49,0.5956841356414514,0.7300366300366301,0.8141666666666667,0.7771979124849459,WI
2024,WI,Upper Midwest,Q3,3.170714285714286,11.65,0.2428571428571428,60.0,0.0,70.0,43.07692307692308,57.857142857142854,50.0,0.0,61.666666666666664,"[0.6031126093520858, 0.4557921341037018, 0.604101337088218, 0.3502137103460691, 0.5474175015818705]",0.512127458494389,0.138,0.5438104841214509,WISCONSIN,"2,100","80,000",80000.0,"15,500",19.0,7.4,1.8,3.5,34.0,0.6,55.3,"5,500",7.0,0.19,49,0.6286459568413564,0.7630036630036631,0.8462500000000001,0.8105178643115215,WI
2024,WI,Upper Midwest,Q4,2.3266666666666667,6.06,0.15,65.0,0.0,30.0,43.333333333333336,76.66666666666667,30.0,0.0,0.0,"[0.24676347044166946, 0.3296555347228862, 0.28088205349538753, 0.280131819212213, 0.5395137983942843]",0.33538933525328807,0.126,0.5438104841214509,WISCONSIN,260,"56,000",56000.0,"8,500",15.0,6.9,1.7,0.05,0.7,4.9,24.4,230,0.0,0.15,49,0.5145838273654257,0.7406593406593407,0.8150000000000001,0.7832195905258932,WI
2024,WV,Ohio Valley,Q2,0.54,0.91,0.3166666666666667,0.0,30.0,70.0,30.0,36.666666666666664,30.0,0.0,50.0,"[0.6137563603317859, 0.5856122929946259, 0.5276078298530897, 0.4552189527764492, 0.5104178090968948]",0.5385226490105691,0.045,0.5295186390389749,WEST VIRGINIA,"1,200","7,000",6500.0,460,7.0,0.5,5.1,1.2,2.4,0.8,13.5,"1,200",17.0,0.07,48,0.335546597106948,0.6241758241758242,0.5175,0.5764753111200323,WV
2024,WV,Ohio Valley,Q3,0.9944444444444444,4.57,0.0805555555555555,0.0,45.0,55.0,31.53846153846154,52.22222222222222,40.0,0.0,51.666666666666664,"[0.6137563603317859, 0.5856122929946259, 0.5276078298530897, 0.4552189527764492, 0.5104178090968948]",0.5385226490105691,0.06599999999999999,0.5295186390389749,,,,,,,,,,,,,,,,48,0.2862224330092482,0.804029304029304,0.66375,0.7454837414692894,WV
2024,WV,Ohio Valley,Q4,1.88,4.82,0.3666666666666667,0.0,0.0,55.0,30.0,46.666666666666664,0.0,0.0,0.0,"[0.4338614829277021, 0.3421799085408893, 0.45206665835868587, 0.26337286051928377, 0.3545027756320972]",0.36919673719573165,0.11800000000000002,0.6458858582366056,,,,,,,,,,,,,,,,48,0.2847996205833531,0.4531135531135532,0.3608333333333333,0.407065435568045,WV
2024,WY,Northern Rockies & Plains,Q2,2.45,2.45,0.25,0.0,0.0,0.0,70.0,90.0,0.0,0.0,0.0,[0.5603668450578713],0.5603668450578713,0.07500000000000001,0.6458858582366056,WYOMING,"7,500","25,000",12000.0,"1,400",6.0,0.05,0.0,0.05,1.3,2.6,2.4,"1,800",7.0,0.06,50,0.3644771164334835,0.4501831501831502,0.45375,0.4504215174628664,WY
2024,WY,Northern Rockies & Plains,Q3,1.64125,4.15,0.36875,0.0,0.0,30.0,62.5,68.75,66.66666666666667,50.0,60.0,[0.5603668450578713],0.5603668450578713,0.0821,0.41747822398018875,,,,,,,,,,,,,,,,50,0.5781361157220773,0.5241758241758242,0.5854166666666667,0.5543958249698918,WY
