sample_year,sample_quarter,state_code,mean_varroa_q,mean_spores_q,abpv_prevalence_q,cbpv_prevalence_q,dwv_prevalence_q,iapv_prevalence_q,kbv_prevalence_q,lsv2_prevalence_q,varroa_total_samples_q,spores_total_samples_q,abpv_total_samples_q,cbpv_total_samples_q,dwv_total_samples_q,iapv_total_samples_q,kbv_total_samples_q,lsv2_total_samples_q,worst_month_mean_varroa,worst_month_mean_spores,worst_month_abpv_prevalence,worst_month_cbpv_prevalence,worst_month_dwv_prevalence,worst_month_iapv_prevalence,worst_month_kbv_prevalence,worst_month_lsv2_prevalence,last_month_mean_varroa,last_month_mean_spores,last_month_abpv_prevalence,last_month_cbpv_prevalence,last_month_dwv_prevalence,last_month_iapv_prevalence,last_month_kbv_prevalence,last_month_lsv2_prevalence,unique_counties_sampled_q,last_month_in_quarter
2015,Q1,CA,0.7911764705882354,2.4176470588235297,0.35294117647058826,0.17647058823529413,0.8823529411764706,0.23529411764705882,0.17647058823529413,0.8235294117647058,17,17,17,17,17,17,17,17,0.8406250000000001,2.496875,0.375,0.1875,1.0,0.25,0.1875,1.0,0.0,1.15,0.0,0.0,1.0,0.0,0.0,1.0,6,2
2015,Q1,FL,0.372,0.12,0.2,0.2,0.8,0.0,0.0,0.6,5,5,5,5,5,5,5,5,0.372,0.12,0.2,0.2,0.8,0.0,0.0,0.6,0.372,0.12,0.2,0.2,0.8,0.0,0.0,0.6,4,1
2015,Q1,GU,0.12666666666666668,2.0,nan,nan,nan,nan,nan,nan,3,3,0,0,0,0,0,0,0.19,3.85,0.0,0.0,0.0,0.0,0.0,0.0,0.0,3.85,0.0,0.0,0.0,0.0,0.0,0.0,0,3
2015,Q1,HI,0.8999999999999999,0.6749999999999999,0.16666666666666666,0.16666666666666666,0.5,0.16666666666666666,0.0,0.0,6,6,6,6,6,6,6,6,1.24,1.2666666666666666,0.3333333333333333,0.3333333333333333,0.6666666666666666,0.3333333333333333,0.0,0.0,1.24,1.2666666666666666,0.3333333333333333,0.3333333333333333,0.6666666666666666,0.3333333333333333,0.0,0.0,3,3
2015,Q1,TX,1.366,0.22000000000000003,0.0,0.0,0.6,0.0,0.2,0.6,5,5,5,5,5,5,5,5,2.74,0.55,0.0,0.0,1.0,0.0,0.5,1.0,1.35,0.0,0.0,0.0,1.0,0.0,0.0,0.0,4,3
2015,Q1,UT,0.5,0.0,0.0,0.0,0.0,0.0,0.0,1.0,1,1,1,1,1,1,1,1,0.5,0.0,0.0,0.0,0.0,0.0,0.0,1.0,0.5,0.0,0.0,0.0,0.0,0.0,0.0,1.0,1,3
2015,Q2,AL,2.366,0.14333333333333337,0.0,0.2,0.8,0.06666666666666667,0.06666666666666667,0.4666666666666667,15,15,15,15,15,15,15,15,3.63,0.26666666666666666,0.0,0.3333333333333333,1.0,0.09090909090909091,0.09090909090909091,1.0,2.382727272727273,0.10454545454545455,0.0,0.18181818181818182,0.8181818181818182,0.09090909090909091,0.09090909090909091,0.36363636363636365,13,6
2015,Q2,AR,2.3972727272727274,0.01363636363636364,0.0,0.125,0.625,0.0,0.0,0.375,11,11,8,8,8,8,8,8,2.4080000000000004,0.030000000000000006,0.0,0.3333333333333333,0.6666666666666666,0.0,0.0,0.6666666666666666,2.4080000000000004,0.030000000000000006,0.0,0.3333333333333333,0.6666666666666666,0.0,0.0,0.6666666666666666,11,6
2015,Q2,CA,0.8990909090909092,0.2,0.09090909090909091,0.2727272727272727,0.7272727272727273,0.18181818181818182,0.09090909090909091,0.7272727272727273,11,11,11,11,11,11,11,11,0.8990909090909092,0.2,0.09090909090909091,0.2727272727272727,0.7272727272727273,0.18181818181818182,0.09090909090909091,0.7272727272727273,0.8990909090909092,0.2,0.09090909090909091,0.2727272727272727,0.7272727272727273,0.18181818181818182,0.09090909090909091,0.7272727272727273,5,4
2015,Q2,CT,0.39,3.1750000000000003,0.0,0.0,1.0,0.0,0.0,0.5,2,2,2,2,2,2,2,2,0.78,5.9,0.0,0.0,1.0,0.0,0.0,1.0,0.78,0.45,0.0,0.0,1.0,0.0,0.0,0.0,2,6
2015,Q2,GU,0.22142857142857147,1.8714285714285717,nan,nan,nan,nan,nan,nan,7,7,0,0,0,0,0,0,0.25833333333333336,4.15,0.0,0.0,0.0,0.0,0.0,0.0,0.0,4.15,0.0,0.0,0.0,0.0,0.0,0.0,2,6
2015,Q2,HI,1.95,0.0,0.3333333333333333,0.0,0.3333333333333333,0.0,0.0,0.0,3,3,3,3,3,3,3,3,5.85,0.0,0.5,0.0,1.0,0.0,0.0,0.0,0.0,0.0,0.5,0.0,0.0,0.0,0.0,0.0,2,6
2015,Q2,IA,0.35,0.35,0.0,0.0,1.0,1.0,1.0,1.0,1,1,1,1,1,1,1,1,0.35,0.35,0.0,0.0,1.0,1.0,1.0,1.0,0.35,0.35,0.0,0.0,1.0,1.0,1.0,1.0,1,6
2015,Q2,ID,2.59,0.0,0.0,0.0,1.0,0.0,0.0,0.0,1,1,1,1,1,1,1,1,2.59,0.0,0.0,0.0,1.0,0.0,0.0,0.0,2.59,0.0,0.0,0.0,1.0,0.0,0.0,0.0,1,6
2015,Q2,IN,0.23,0.2,0.0,0.0,1.0,0.0,0.0,0.0,1,1,1,1,1,1,1,1,0.23,0.2,0.0,0.0,1.0,0.0,0.0,0.0,0.23,0.2,0.0,0.0,1.0,0.0,0.0,0.0,1,6
2015,Q2,MI,1.02,0.16666666666666666,0.0,0.0,1.0,0.6666666666666666,0.0,1.0,3,3,3,3,3,3,3,3,1.02,0.16666666666666666,0.0,0.0,1.0,0.6666666666666666,0.0,1.0,1.02,0.16666666666666666,0.0,0.0,1.0,0.6666666666666666,0.0,1.0,2,6
2015,Q2,MN,0.868,0.16,0.0,0.0,0.6,0.8,0.2,0.6,10,10,10,10,10,10,10,10,0.868,0.16,0.0,0.0,0.6,0.8,0.2,0.6,0.868,0.16,0.0,0.0,0.6,0.8,0.2,0.6,9,6
2015,Q2,MT,0.81,0.25263157894736843,0.0,0.05263157894736842,0.7894736842105263,0.21052631578947367,0.0,0.631578947368421,18,19,19,19,19,19,19,19,0.8618181818181818,0.2791666666666666,0.0,0.14285714285714285,0.8571428571428571,0.2857142857142857,0.0,0.7142857142857143,0.8618181818181818,0.2791666666666666,0.0,0.0,0.75,0.16666666666666666,0.0,0.5833333333333334,13,6
2015,Q2,NJ,1.4166666666666667,0.6166666666666667,0.0,0.0,0.6666666666666666,0.0,0.0,0.3333333333333333,3,3,3,3,3,3,3,3,1.4166666666666667,0.6166666666666667,0.0,0.0,0.6666666666666666,0.0,0.0,0.3333333333333333,1.4166666666666667,0.6166666666666667,0.0,0.0,0.6666666666666666,0.0,0.0,0.3333333333333333,1,6
2015,Q2,NY,1.6527777777777777,0.375,0.0,0.17647058823529413,0.9411764705882353,0.11764705882352941,0.058823529411764705,0.7058823529411765,18,18,17,17,17,17,17,17,1.6527777777777777,0.375,0.0,0.17647058823529413,0.9411764705882353,0.11764705882352941,0.058823529411764705,0.7058823529411765,1.6527777777777777,0.375,0.0,0.17647058823529413,0.9411764705882353,0.11764705882352941,0.058823529411764705,0.7058823529411765,14,6
2015,Q2,PA,1.1666666666666667,0.15,0.0,0.0,0.5,0.16666666666666666,0.0,0.6666666666666666,6,6,6,6,6,6,6,6,1.1666666666666667,0.15,0.0,0.0,0.5,0.16666666666666666,0.0,0.6666666666666666,1.1666666666666667,0.15,0.0,0.0,0.5,0.16666666666666666,0.0,0.6666666666666666,5,6
2015,Q2,PR,6.674166666666667,0.26875,0.5,0.0,1.0,0.0,0.0,0.5,24,24,24,24,24,24,24,24,7.2281249999999995,0.3,0.625,0.0,1.0,0.0,0.0,0.5,5.56625,0.3,0.25,0.0,1.0,0.0,0.0,0.5,19,6
2015,Q2,SC,2.17,0.0,0.0,0.0,1.0,0.25,0.25,0.25,4,4,4,4,4,4,4,4,2.17,0.0,0.0,0.0,1.0,0.25,0.25,0.25,2.17,0.0,0.0,0.0,1.0,0.25,0.25,0.25,1,6
2015,Q2,SD,0.6633333333333333,1.7555555555555555,0.3333333333333333,0.0,0.5555555555555556,0.5555555555555556,0.0,0.7777777777777778,9,9,9,9,9,9,9,9,0.6633333333333333,1.7555555555555555,0.3333333333333333,0.0,0.5555555555555556,0.5555555555555556,0.0,0.7777777777777778,0.6633333333333333,1.7555555555555555,0.3333333333333333,0.0,0.5555555555555556,0.5555555555555556,0.0,0.7777777777777778,6,6
2015,Q2,TN,3.3113333333333332,0.06333333333333332,0.0,0.2,0.8,0.2,0.13333333333333333,0.3333333333333333,15,15,15,15,15,15,15,15,3.362142857142857,0.06785714285714285,0.0,0.21428571428571427,1.0,0.21428571428571427,0.14285714285714285,0.35714285714285715,3.362142857142857,0.06785714285714285,0.0,0.21428571428571427,0.7857142857142857,0.21428571428571427,0.14285714285714285,0.35714285714285715,0,6
2015,Q2,TX,1.4799999999999998,0.65,0.3333333333333333,0.16666666666666666,0.8333333333333334,0.5,0.16666666666666666,0.5,6,6,6,6,6,6,6,6,3.05,1.7249999999999999,0.6666666666666666,0.5,1.0,0.6666666666666666,0.3333333333333333,1.0,3.05,0.15,0.0,0.0,1.0,0.0,0.0,0.0,5,6
2015,Q2,UT,0.891875,0.084375,0.0625,0.25,0.625,0.4375,0.1875,0.5625,16,16,16,16,16,16,16,16,1.1641666666666666,0.25,0.08333333333333333,0.5,1.0,0.5,0.25,1.0,1.1641666666666666,0.03333333333333333,0.08333333333333333,0.25,0.6666666666666666,0.5,0.25,0.4166666666666667,11,6
2015,Q2,VA,1.2333333333333334,0.09999999999999999,0.0,0.0,1.0,0.0,0.0,0.3333333333333333,3,3,3,3,3,3,3,3,3.33,0.15,0.0,0.0,1.0,0.0,0.0,1.0,0.185,0.15,0.0,0.0,1.0,0.0,0.0,0.0,2,6
2015,Q2,VT,5.4350000000000005,0.775,0.0,0.5,1.0,0.0,0.0,1.0,2,2,2,2,2,2,2,2,5.4350000000000005,0.775,0.0,0.5,1.0,0.0,0.0,1.0,5.4350000000000005,0.775,0.0,0.5,1.0,0.0,0.0,1.0,2,6
2015,Q2,WI,2.08375,0.1375,0.375,0.125,0.75,0.375,0.0,0.375,8,8,8,8,8,8,8,8,2.08375,0.1375,0.375,0.125,0.75,0.375,0.0,0.375,2.08375,0.1375,0.375,0.125,0.75,0.375,0.0,0.375,6,6
2015,Q3,AL,4.143,0.09,0.125,0.0,1.0,0.0,0.125,0.375,10,10,8,8,8,8,8,8,4.143,0.09,0.125,0.0,1.0,0.0,0.125,0.375,4.143,0.09,0.125,0.0,1.0,0.0,0.125,0.375,8,9
2015,Q3,AR,3.748333333333333,0.020833333333333332,0.4166666666666667,0.08333333333333333,0.9166666666666666,0.08333333333333333,0.0,0.3333333333333333,12,12,12,12,12,12,12,12,5.326666666666667,0.06666666666666667,0.5,0.3333333333333333,1.0,0.3333333333333333,0.0,0.3333333333333333,5.326666666666667,0.06666666666666667,0.3333333333333333,0.0,0.6666666666666666,0.3333333333333333,0.0,0.3333333333333333,10,9
2015,Q3,CT,2.3286363636363636,0.1318181818181818,0.0,0.09523809523809523,0.8095238095238095,0.0,0.0,0.23809523809523808,22,22,21,21,21,21,21,21,2.6347058823529412,0.15,0.0,0.11764705882352941,1.0,0.0,0.0,0.5,1.2879999999999998,0.07,0.0,0.0,1.0,0.0,0.0,0.5,12,8
2015,Q3,FL,2.1,0.0,0.0,0.0,1.0,0.0,0.0,0.0,3,3,2,2,2,2,2,2,2.52,0.0,0.0,0.0,1.0,0.0,0.0,0.0,2.52,0.0,0.0,0.0,1.0,0.0,0.0,0.0,3,9
2015,Q3,GA,0.992,0.09,0.15789473684210525,0.10526315789473684,1.0,0.05263157894736842,0.0,0.15789473684210525,20,20,19,19,19,19,19,19,1.0970588235294116,0.10588235294117646,0.3333333333333333,0.125,1.0,0.0625,0.0,0.6666666666666666,0.39666666666666667,0.0,0.3333333333333333,0.0,1.0,0.0,0.0,0.6666666666666666,14,9
2015,Q3,GU,0.0,1.01,nan,nan,nan,nan,nan,nan,5,5,0,0,0,0,0,0,0.0,1.01,0.0,0.0,0.0,0.0,0.0,0.0,0.0,1.01,0.0,0.0,0.0,0.0,0.0,0.0,3,9
2015,Q3,HI,2.54625,0.19375,0.42857142857142855,0.0,0.5714285714285714,0.0,0.0,0.0,8,8,7,7,7,7,7,7,4.195,0.4666666666666666,0.6666666666666666,0.0,1.0,0.0,0.0,0.0,4.195,0.05,0.0,0.0,1.0,0.0,0.0,0.0,7,9
2015,Q3,IA,2.3200000000000003,0.0,0.0,0.25,0.5,0.5,0.25,0.0,4,4,4,4,4,4,4,4,2.3200000000000003,0.0,0.0,0.25,0.5,0.5,0.25,0.0,2.3200000000000003,0.0,0.0,0.25,0.5,0.5,0.25,0.0,2,7
2015,Q3,ID,3.5345454545454547,0.009090909090909089,0.2727272727272727,0.13636363636363635,0.8636363636363636,0.09090909090909091,0.0,0.18181818181818182,22,22,22,22,22,22,22,22,5.507000000000001,0.019999999999999997,0.5,0.25,1.0,0.2,0.0,0.5,2.2325,0.0,0.5,0.25,0.5,0.0,0.0,0.5,18,9
2015,Q3,IL,4.205,0.04583333333333333,0.34782608695652173,0.13043478260869565,1.0,0.30434782608695654,0.043478260869565216,0.13043478260869565,24,24,23,23,23,23,23,23,9.37,0.06999999999999999,1.0,0.14285714285714285,1.0,0.42857142857142855,0.07142857142857142,0.21428571428571427,9.37,0.0,1.0,0.0,1.0,0.0,0.0,0.0,23,9
2015,Q3,IN,6.671304347826087,0.05652173913043478,0.38095238095238093,0.09523809523809523,1.0,0.19047619047619047,0.047619047619047616,0.2857142857142857,23,23,21,21,21,21,21,21,7.073888888888889,0.09999999999999999,1.0,0.11764705882352941,1.0,0.3333333333333333,0.058823529411764705,0.35294117647058826,7.073888888888889,0.05555555555555555,0.35294117647058826,0.11764705882352941,1.0,0.17647058823529413,0.058823529411764705,0.35294117647058826,14,9
2015,Q3,KY,4.6187499999999995,0.0375,0.375,0.0,0.75,0.125,0.0,0.75,8,8,8,8,8,8,8,8,5.781666666666666,0.15,1.0,0.0,1.0,0.16666666666666666,0.0,1.0,5.781666666666666,0.024999999999999998,0.3333333333333333,0.0,1.0,0.16666666666666666,0.0,0.8333333333333334,8,9
2015,Q3,MI,0.21,0.0,0.0,0.0,1.0,1.0,1.0,1.0,1,1,1,1,1,1,1,1,0.21,0.0,0.0,0.0,1.0,1.0,1.0,1.0,0.21,0.0,0.0,0.0,1.0,1.0,1.0,1.0,1,7
2015,Q3,MN,7.745,0.0375,0.5,0.25,1.0,0.5,0.25,0.25,4,4,4,4,4,4,4,4,7.745,0.0375,0.5,0.25,1.0,0.5,0.25,0.25,7.745,0.0375,0.5,0.25,1.0,0.5,0.25,0.25,3,9
2015,Q3,MT,5.527272727272727,0.022727272727272728,0.09090909090909091,0.18181818181818182,0.9090909090909091,0.18181818181818182,0.09090909090909091,0.45454545454545453,11,11,11,11,11,11,11,11,10.6,0.025,0.1,1.0,1.0,0.2,0.1,0.5,10.6,0.0,0.0,1.0,1.0,0.0,0.0,0.0,8,9
2015,Q3,NC,4.701818181818182,0.16818181818181818,0.1,0.1,1.0,0.1,0.1,0.4,11,11,10,10,10,10,10,10,5.9625,0.3875,0.16666666666666666,0.16666666666666666,1.0,0.16666666666666666,0.16666666666666666,0.5,5.9625,0.3875,0.0,0.0,1.0,0.0,0.0,0.25,10,9
2015,Q3,ND,0.77,0.00625,0.0,0.0,0.7777777777777778,0.2222222222222222,0.3333333333333333,0.0,8,8,9,9,9,9,9,9,0.77,0.00625,0.0,0.0,0.7777777777777778,0.2222222222222222,0.3333333333333333,0.0,0.77,0.00625,0.0,0.0,0.7777777777777778,0.2222222222222222,0.3333333333333333,0.0,7,9
2015,Q3,NJ,4.228695652173912,0.24565217391304345,0.13043478260869565,0.13043478260869565,0.9565217391304348,0.21739130434782608,0.08695652173913043,0.08695652173913043,23,23,23,23,23,23,23,23,8.88,0.35000000000000003,0.15789473684210525,1.0,1.0,0.3333333333333333,0.10526315789473684,0.3333333333333333,4.356315789473684,0.22894736842105262,0.15789473684210525,0.10526315789473684,0.9473684210526315,0.21052631578947367,0.10526315789473684,0.05263157894736842,16,9
2015,Q3,NM,14.152222222222221,0.05555555555555555,0.0,0.1111111111111111,1.0,0.2222222222222222,0.0,0.0,9,9,9,9,9,9,9,9,15.10625,0.25,0.0,0.125,1.0,0.25,0.0,0.0,15.10625,0.03125,0.0,0.125,1.0,0.25,0.0,0.0,5,9
2015,Q3,NY,1.921428571428571,0.06428571428571428,0.14285714285714285,0.0,0.8571428571428571,0.2857142857142857,0.0,0.7142857142857143,7,7,7,7,7,7,7,7,2.0916666666666663,0.075,0.16666666666666666,0.0,1.0,1.0,0.0,1.0,0.9,0.0,0.0,0.0,1.0,1.0,0.0,1.0,7,8
2015,Q3,OH,3.6263636363636365,0.04318181818181818,0.4090909090909091,0.09090909090909091,1.0,0.22727272727272727,0.045454545454545456,0.09090909090909091,22,22,22,22,22,22,22,22,4.783333333333333,0.07857142857142858,0.6666666666666666,0.2857142857142857,1.0,0.2857142857142857,0.08333333333333333,0.14285714285714285,4.783333333333333,0.016666666666666666,0.6666666666666666,0.0,1.0,0.0,0.0,0.0,20,9
2015,Q3,PA,3.5725,0.08125,0.0,0.14285714285714285,0.8571428571428571,0.21428571428571427,0.0,0.2857142857142857,16,16,14,14,14,14,14,14,4.51,0.325,0.0,0.5,1.0,0.4,0.0,0.6,4.09,0.325,0.0,0.5,1.0,0.25,0.0,0.25,15,9
2015,Q3,SC,3.055,0.037500000000000006,0.25,0.25,0.75,0.25,0.25,0.5,4,4,4,4,4,4,4,4,3.8533333333333335,0.05000000000000001,0.3333333333333333,1.0,1.0,0.3333333333333333,0.3333333333333333,1.0,0.66,0.0,0.0,1.0,0.0,0.0,0.0,1.0,2,9
2015,Q3,SD,2.19,0.60625,0.125,0.25,0.875,0.0,0.0,0.375,8,8,8,8,8,8,8,8,11.09,2.9,1.0,0.4,1.0,0.0,0.0,1.0,0.62,0.0,0.0,0.0,0.5,0.0,0.0,0.0,6,9
2015,Q3,TX,3.48,0.008333333333333333,0.6666666666666666,0.16666666666666666,1.0,0.16666666666666666,0.0,0.5,6,6,6,6,6,6,6,6,3.68,0.01,0.8,1.0,1.0,0.2,0.0,1.0,3.44,0.01,0.8,0.0,1.0,0.2,0.0,0.4,6,9
2015,Q3,UT,6.0042857142857144,0.19285714285714287,0.0,0.14285714285714285,1.0,0.2857142857142857,0.42857142857142855,0.2857142857142857,7,7,7,7,7,7,7,7,7.046666666666667,0.45,0.0,0.5,1.0,1.0,1.0,0.5,7.046666666666667,0.45,0.0,0.0,1.0,0.0,0.3333333333333333,0.0,6,9
2015,Q3,VA,5.977499999999999,0.3666666666666667,0.08333333333333333,0.08333333333333333,1.0,0.08333333333333333,0.0,0.3333333333333333,12,12,12,12,12,12,12,12,6.414999999999999,0.4166666666666667,0.16666666666666666,0.16666666666666666,1.0,0.3333333333333333,0.0,0.6666666666666666,5.586666666666666,0.4166666666666667,0.0,0.0,1.0,0.0,0.0,0.0,9,9
2015,Q3,VT,3.480454545454546,0.12272727272727274,0.0,0.22727272727272727,0.8636363636363636,0.09090909090909091,0.0,0.2727272727272727,22,22,22,22,22,22,22,22,4.738181818181818,0.15,0.0,0.36363636363636365,1.0,0.09090909090909091,0.0,0.2727272727272727,4.738181818181818,0.09545454545454546,0.0,0.36363636363636365,1.0,0.09090909090909091,0.0,0.2727272727272727,6,8
2015,Q3,WI,13.063846153846155,0.18846153846153849,0.3076923076923077,0.23076923076923078,1.0,0.3076923076923077,0.23076923076923078,0.3076923076923077,13,13,13,13,13,13,13,13,20.992857142857144,0.5875,0.5,0.5,1.0,0.5,0.5,0.75,20.992857142857144,0.014285714285714287,0.2857142857142857,0.14285714285714285,1.0,0.42857142857142855,0.2857142857142857,0.14285714285714285,13,9
2015,Q3,WV,4.557916666666666,0.01875,0.08333333333333333,0.20833333333333334,0.9583333333333334,0.08333333333333333,0.0,0.25,24,24,24,24,24,24,24,24,5.003333333333333,0.02727272727272727,0.1,0.6666666666666666,1.0,0.3333333333333333,0.0,0.3333333333333333,5.003333333333333,0.0,0.0,0.6666666666666666,1.0,0.3333333333333333,0.0,0.3333333333333333,23,9
2015,Q4,AL,9.085,0.0,0.0,0.0,1.0,0.0,0.0,0.5,2,2,2,2,2,2,2,2,9.085,0.0,0.0,0.0,1.0,0.0,0.0,0.5,9.085,0.0,0.0,0.0,1.0,0.0,0.0,0.5,2,10
2015,Q4,CA,1.95,0.11666666666666667,0.5333333333333333,0.0,0.9333333333333333,0.06666666666666667,0.06666666666666667,0.3333333333333333,15,15,15,15,15,15,15,15,1.95,0.11666666666666667,0.5333333333333333,0.0,0.9333333333333333,0.06666666666666667,0.06666666666666667,0.3333333333333333,1.95,0.11666666666666667,0.5333333333333333,0.0,0.9333333333333333,0.06666666666666667,0.06666666666666667,0.3333333333333333,3,10
2015,Q4,FL,7.196666666666666,0.2833333333333333,0.45454545454545453,0.0,0.9090909090909091,0.18181818181818182,0.0,0.2727272727272727,12,12,11,11,11,11,11,11,10.696666666666665,0.6,1.0,0.0,1.0,0.5,0.0,0.5,5.329999999999999,0.6,0.6666666666666666,0.0,0.6666666666666666,0.0,0.0,0.0,10,12
2015,Q4,GA,7.89,0.0,0.0,0.0,1.0,0.0,0.0,0.0,1,1,1,1,1,1,1,1,7.89,0.0,0.0,0.0,1.0,0.0,0.0,0.0,7.89,0.0,0.0,0.0,1.0,0.0,0.0,0.0,1,11
2015,Q4,HI,0.0,0.5625,0.5,0.0,0.0,0.0,0.25,0.25,4,4,4,4,4,4,4,4,0.0,0.5625,0.5,0.0,0.0,0.0,0.25,0.25,0.0,0.5625,0.5,0.0,0.0,0.0,0.25,0.25,1,11
2015,Q4,IA,7.4825,0.2875,0.0,0.0,0.75,0.0,0.0,0.0,4,4,4,4,4,4,4,4,7.4825,0.2875,0.0,0.0,0.75,0.0,0.0,0.0,7.4825,0.2875,0.0,0.0,0.75,0.0,0.0,0.0,4,10
2015,Q4,ID,1.69,0.0,1.0,0.0,1.0,0.0,0.0,0.0,1,1,1,1,1,1,1,1,1.69,0.0,1.0,0.0,1.0,0.0,0.0,0.0,1.69,0.0,1.0,0.0,1.0,0.0,0.0,0.0,1,10
2015,Q4,KY,4.28,0.037500000000000006,0.75,0.5,1.0,0.0,0.0,1.0,4,4,4,4,4,4,4,4,4.28,0.037500000000000006,0.75,0.5,1.0,0.0,0.0,1.0,4.28,0.037500000000000006,0.75,0.5,1.0,0.0,0.0,1.0,4,10
2015,Q4,MD,7.623333333333334,0.21666666666666667,0.3333333333333333,0.0,1.0,0.0,0.0,0.0,3,3,3,3,3,3,3,3,7.623333333333334,0.21666666666666667,0.3333333333333333,0.0,1.0,0.0,0.0,0.0,7.623333333333334,0.21666666666666667,0.3333333333333333,0.0,1.0,0.0,0.0,0.0,2,10
2015,Q4,MI,5.993478260869565,0.1391304347826087,0.5652173913043478,0.2608695652173913,1.0,0.391304347826087,0.30434782608695654,0.391304347826087,23,23,23,23,23,23,23,23,6.2,0.45,0.5909090909090909,0.2727272727272727,1.0,0.4090909090909091,0.3181818181818182,1.0,1.45,0.45,0.0,0.0,1.0,0.0,0.0,1.0,16,11
2015,Q4,MN,13.23,0.05,0.5,0.25,1.0,0.75,0.25,0.25,4,4,4,4,4,4,4,4,13.23,0.05,0.5,0.25,1.0,0.75,0.25,0.25,13.23,0.05,0.5,0.25,1.0,0.75,0.25,0.25,3,10
2015,Q4,ND,nan,nan,0.0,0.0,1.0,0.0,0.0,1.0,0,0,1,1,1,1,1,1,0.0,0.0,0.0,0.0,1.0,0.0,0.0,1.0,0.0,0.0,0.0,0.0,1.0,0.0,0.0,1.0,1,10
2015,Q4,NJ,5.2625,0.0,1.0,0.25,1.0,0.25,0.0,0.0,4,4,4,4,4,4,4,4,5.2625,0.0,1.0,0.25,1.0,0.25,0.0,0.0,5.2625,0.0,1.0,0.25,1.0,0.25,0.0,0.0,3,10
2015,Q4,NM,11.568666666666669,0.0,0.2,0.0,1.0,0.0,0.06666666666666667,0.06666666666666667,15,15,15,15,15,15,15,15,14.52875,0.0,0.375,0.0,1.0,0.0,0.125,0.14285714285714285,8.185714285714287,0.0,0.0,0.0,1.0,0.0,0.0,0.14285714285714285,8,11
2015,Q4,OH,7.11,0.0,1.0,0.0,1.0,0.0,0.0,0.0,1,1,1,1,1,1,1,1,7.11,0.0,1.0,0.0,1.0,0.0,0.0,0.0,7.11,0.0,1.0,0.0,1.0,0.0,0.0,0.0,1,10
2015,Q4,PA,18.4,0.5,1.0,0.0,1.0,0.0,0.0,1.0,1,1,1,1,1,1,1,1,18.4,0.5,1.0,0.0,1.0,0.0,0.0,1.0,18.4,0.5,1.0,0.0,1.0,0.0,0.0,1.0,1,10
2015,Q4,SD,3.527333333333333,0.11333333333333333,0.5714285714285714,0.07142857142857142,1.0,0.2857142857142857,0.14285714285714285,0.21428571428571427,15,15,14,14,14,14,14,14,11.96,0.12142857142857143,1.0,0.07692307692307693,1.0,1.0,1.0,1.0,11.96,0.0,1.0,0.0,1.0,1.0,1.0,1.0,10,11
2015,Q4,TX,0.45999999999999996,0.030000000000000006,0.0,0.0,1.0,0.0,0.0,0.25,5,5,4,4,4,4,4,4,1.91,0.05,0.0,0.0,1.0,0.0,0.0,0.5,0.0,0.025,0.0,0.0,1.0,0.0,0.0,0.5,4,12
2015,Q4,VA,5.5377777777777775,0.1111111111111111,0.3333333333333333,0.1111111111111111,1.0,0.1111111111111111,0.2222222222222222,0.1111111111111111,9,9,9,9,9,9,9,9,6.848571428571428,0.14285714285714285,1.0,0.14285714285714285,1.0,0.5,0.5,0.14285714285714285,0.95,0.0,1.0,0.0,1.0,0.5,0.5,0.0,8,11
2015,Q4,WI,13.555,0.30000000000000004,0.5,0.0,1.0,0.5,0.5,0.5,2,2,2,2,2,2,2,2,13.555,0.30000000000000004,0.5,0.0,1.0,0.5,0.5,0.5,13.555,0.30000000000000004,0.5,0.0,1.0,0.5,0.5,0.5,2,10
2016,Q1,AL,2.0020000000000002,0.030000000000000006,0.0,0.0,1.0,0.25,0.0,0.5,5,5,4,4,4,4,4,4,2.0020000000000002,0.030000000000000006,0.0,0.0,1.0,0.25,0.0,0.5,2.0020000000000002,0.030000000000000006,0.0,0.0,1.0,0.25,0.0,0.5,5,3
2016,Q1,CA,0.4853846153846154,0.6230769230769231,0.15384615384615385,0.15384615384615385,0.8461538461538461,0.07692307692307693,0.0,1.0,13,13,13,13,13,13,13,13,0.4853846153846154,0.6230769230769231,0.15384615384615385,0.15384615384615385,0.8461538461538461,0.07692307692307693,0.0,1.0,0.4853846153846154,0.6230769230769231,0.15384615384615385,0.15384615384615385,0.8461538461538461,0.07692307692307693,0.0,1.0,6,2
2016,Q1,FL,5.825,0.575,0.625,0.125,1.0,0.25,0.125,0.5,8,8,8,8,8,8,8,8,6.265000000000001,1.45,1.0,0.25,1.0,0.5,0.5,0.5,5.615,0.2,0.0,0.0,1.0,0.0,0.0,0.5,7,3
2016,Q1,HI,0.9323076923076924,0.7115384615384617,0.5,0.0,0.625,0.0,0.0,0.0,13,13,8,8,8,8,8,8,3.43,2.2,1.0,0.0,0.75,0.0,0.0,0.0,0.62,0.05714285714285715,0.5,0.0,0.75,0.0,0.0,0.0,6,3
2016,Q1,KY,2.4899999999999998,0.0,0.0,0.0,1.0,0.0,0.0,0.5,3,3,2,2,2,2,2,2,5.06,0.0,0.0,0.0,1.0,0.0,0.0,0.5,1.205,0.0,0.0,0.0,1.0,0.0,0.0,0.5,3,3
2016,Q1,MD,0.95,0.25,0.0,0.0,1.0,0.0,0.0,0.0,1,1,1,1,1,1,1,1,0.95,0.25,0.0,0.0,1.0,0.0,0.0,0.0,0.95,0.25,0.0,0.0,1.0,0.0,0.0,0.0,1,3
2016,Q1,MS,2.0725,0.0125,0.25,0.25,0.5,0.0,0.0,0.25,4,4,4,4,4,4,4,4,2.0725,0.0125,0.25,0.25,0.5,0.0,0.0,0.25,2.0725,0.0125,0.25,0.25,0.5,0.0,0.0,0.25,4,3
2016,Q1,OR,1.6733333333333331,2.533333333333333,0.3333333333333333,1.0,1.0,0.3333333333333333,0.0,1.0,3,3,3,3,3,3,3,3,1.6733333333333331,2.533333333333333,0.3333333333333333,1.0,1.0,0.3333333333333333,0.0,1.0,1.6733333333333331,2.533333333333333,0.3333333333333333,1.0,1.0,0.3333333333333333,0.0,1.0,1,3
2016,Q1,SC,2.9716666666666662,0.2333333333333333,0.0,0.3333333333333333,0.8333333333333334,0.0,0.0,0.5,6,6,6,6,6,6,6,6,4.2325,0.3,0.0,0.5,1.0,0.0,0.0,1.0,4.2325,0.3,0.0,0.25,0.75,0.0,0.0,0.25,5,3
2016,Q1,TX,4.168,0.25,0.4,0.2,0.8,1.0,0.0,0.2,5,5,5,5,5,5,5,5,6.74,0.65,1.0,0.3333333333333333,1.0,1.0,0.0,0.3333333333333333,3.14,0.19999999999999998,0.3333333333333333,0.3333333333333333,0.6666666666666666,1.0,0.0,0.3333333333333333,5,3
2016,Q1,VA,0.2,0.0,0.0,0.0,1.0,0.0,0.0,0.0,1,1,1,1,1,1,1,1,0.2,0.0,0.0,0.0,1.0,0.0,0.0,0.0,0.2,0.0,0.0,0.0,1.0,0.0,0.0,0.0,1,3
2016,Q2,AL,1.6157142857142859,0.19285714285714287,0.0,0.2857142857142857,0.5714285714285714,0.14285714285714285,0.0,0.5714285714285714,7,7,7,7,7,7,7,7,1.6157142857142859,0.19285714285714287,0.0,0.2857142857142857,0.5714285714285714,0.14285714285714285,0.0,0.5714285714285714,1.6157142857142859,0.19285714285714287,0.0,0.2857142857142857,0.5714285714285714,0.14285714285714285,0.0,0.5714285714285714,7,4
2016,Q2,CA,0.41555555555555557,0.7000000000000001,0.3333333333333333,0.3333333333333333,0.6666666666666666,0.1111111111111111,0.0,0.5555555555555556,9,9,9,9,9,9,9,9,1.03,1.1,1.0,0.6666666666666666,1.0,0.25,0.0,1.0,1.03,1.1,1.0,0.5,1.0,0.0,0.0,1.0,7,6
2016,Q2,CO,1.37,0.675,0.5,0.0,0.5,0.25,0.0,0.25,4,4,4,4,4,4,4,4,1.37,0.675,0.5,0.0,0.5,0.25,0.0,0.25,1.37,0.675,0.5,0.0,0.5,0.25,0.0,0.25,3,6
2016,Q2,CT,0.615,0.0625,0.0,0.25,1.0,0.0,0.0,0.25,4,4,4,4,4,4,4,4,0.615,0.0625,0.0,0.25,1.0,0.0,0.0,0.25,0.615,0.0625,0.0,0.25,1.0,0.0,0.0,0.25,2,6
2016,Q2,DE,2.1033333333333335,0.0,0.6666666666666666,0.0,1.0,0.0,0.0,0.3333333333333333,3,3,3,3,3,3,3,3,2.1033333333333335,0.0,0.6666666666666666,0.0,1.0,0.0,0.0,0.3333333333333333,2.1033333333333335,0.0,0.6666666666666666,0.0,1.0,0.0,0.0,0.3333333333333333,3,6
2016,Q2,GA,3.103333333333333,0.9499999999999998,0.0,0.0,1.0,0.3333333333333333,0.0,0.3333333333333333,3,3,3,3,3,3,3,3,3.103333333333333,0.9499999999999998,0.0,0.0,1.0,0.3333333333333333,0.0,0.3333333333333333,3.103333333333333,0.9499999999999998,0.0,0.0,1.0,0.3333333333333333,0.0,0.3333333333333333,2,4
2016,Q2,HI,1.4008333333333332,1.2125000000000001,0.375,0.125,0.75,0.125,0.0,0.0,12,12,8,8,8,8,8,8,5.045,2.125,0.5,0.25,1.0,0.5,0.0,0.0,5.045,2.125,0.5,0.0,1.0,0.5,0.0,0.0,7,6
2016,Q2,IA,2.417333333333333,0.24000000000000002,0.06666666666666667,0.26666666666666666,1.0,0.4,0.13333333333333333,0.5333333333333333,15,15,15,15,15,15,15,15,2.417333333333333,0.24000000000000002,0.06666666666666667,0.26666666666666666,1.0,0.4,0.13333333333333333,0.5333333333333333,2.417333333333333,0.24000000000000002,0.06666666666666667,0.26666666666666666,1.0,0.4,0.13333333333333333,0.5333333333333333,11,6
2016,Q2,ID,0.85,0.22142857142857145,0.0,0.14285714285714285,0.7142857142857143,0.0,0.0,0.5714285714285714,7,7,7,7,7,7,7,7,0.85,0.22142857142857145,0.0,0.14285714285714285,0.7142857142857143,0.0,0.0,0.5714285714285714,0.85,0.22142857142857145,0.0,0.14285714285714285,0.7142857142857143,0.0,0.0,0.5714285714285714,7,6
2016,Q2,IL,1.14,0.0,1.0,0.0,1.0,1.0,1.0,1.0,1,1,1,1,1,1,1,1,1.14,0.0,1.0,0.0,1.0,1.0,1.0,1.0,1.14,0.0,1.0,0.0,1.0,1.0,1.0,1.0,1,6
2016,Q2,KY,2.888888888888889,0.03333333333333333,0.1111111111111111,0.2222222222222222,0.8888888888888888,0.1111111111111111,0.0,0.5555555555555556,9,9,9,9,9,9,9,9,4.57,0.08333333333333333,0.3333333333333333,0.3333333333333333,1.0,0.3333333333333333,0.0,0.6666666666666666,1.9799999999999998,0.0,0.3333333333333333,0.3333333333333333,0.6666666666666666,0.3333333333333333,0.0,0.6666666666666666,9,6
2016,Q2,LA,2.06,0.35,0.0,0.0,0.0,0.0,0.0,0.0,1,1,1,1,1,1,1,1,2.06,0.35,0.0,0.0,0.0,0.0,0.0,0.0,2.06,0.35,0.0,0.0,0.0,0.0,0.0,0.0,1,6
2016,Q2,MD,1.5625,0.049999999999999996,0.125,0.25,0.875,0.25,0.0,0.5,8,8,8,8,8,8,8,8,2.5366666666666666,0.11666666666666665,0.2,0.3333333333333333,1.0,0.3333333333333333,0.0,0.6,0.978,0.01,0.2,0.2,1.0,0.2,0.0,0.6,4,6
2016,Q2,MN,1.24125,0.290625,0.0625,0.125,0.9375,0.4375,0.125,0.75,16,16,16,16,16,16,16,16,1.2790000000000001,0.29500000000000004,0.16666666666666666,0.2,1.0,0.6666666666666666,0.2,0.8,1.2790000000000001,0.29500000000000004,0.0,0.2,0.9,0.3,0.2,0.8,14,6
2016,Q2,MS,3.4,0.5,0.0,0.0,0.875,0.0,0.125,0.25,8,8,8,8,8,8,8,8,4.225,3.05,0.0,0.0,1.0,0.0,1.0,0.4,1.02,3.05,0.0,0.0,1.0,0.0,1.0,0.0,6,6
2016,Q2,MT,0.762,0.315,0.0,0.2,0.8,0.6,0.1,0.7,10,10,10,10,10,10,10,10,0.762,0.315,0.0,0.2,0.8,0.6,0.1,0.7,0.762,0.315,0.0,0.2,0.8,0.6,0.1,0.7,6,6
2016,Q2,NC,3.4699999999999993,1.45,0.0,0.0,1.0,0.0,0.0,0.3333333333333333,3,3,3,3,3,3,3,3,4.895,4.25,0.0,0.0,1.0,0.0,0.0,1.0,4.895,0.05,0.0,0.0,1.0,0.0,0.0,0.0,2,6
2016,Q2,ND,0.45,0.9,0.0,0.2,0.8,0.2,0.0,0.6,5,5,5,5,5,5,5,5,0.45,0.9,0.0,0.2,0.8,0.2,0.0,0.6,0.45,0.9,0.0,0.2,0.8,0.2,0.0,0.6,4,6
2016,Q2,NE,2.1942857142857144,0.014285714285714287,0.7142857142857143,0.2857142857142857,0.8571428571428571,0.2857142857142857,0.14285714285714285,0.42857142857142855,7,7,7,7,7,7,7,7,2.1942857142857144,0.014285714285714287,0.7142857142857143,0.2857142857142857,0.8571428571428571,0.2857142857142857,0.14285714285714285,0.42857142857142855,2.1942857142857144,0.014285714285714287,0.7142857142857143,0.2857142857142857,0.8571428571428571,0.2857142857142857,0.14285714285714285,0.42857142857142855,3,6
2016,Q2,NY,2.6887499999999998,0.24062499999999998,0.0625,0.1875,0.9375,0.25,0.0,0.4375,16,16,16,16,16,16,16,16,2.6887499999999998,0.24062499999999998,0.0625,0.1875,0.9375,0.25,0.0,0.4375,2.6887499999999998,0.24062499999999998,0.0625,0.1875,0.9375,0.25,0.0,0.4375,13,6
2016,Q2,OH,3.69,0.0,1.0,0.0,1.0,1.0,1.0,1.0,1,1,1,1,1,1,1,1,3.69,0.0,1.0,0.0,1.0,1.0,1.0,1.0,3.69,0.0,1.0,0.0,1.0,1.0,1.0,1.0,1,6
2016,Q2,OR,0.47181818181818186,0.8363636363636364,0.18181818181818182,0.0,0.6363636363636364,0.2727272727272727,0.0,0.9090909090909091,11,11,11,11,11,11,11,11,0.5780000000000001,1.5083333333333335,0.2,0.0,0.6666666666666666,0.5,0.0,1.0,0.5780000000000001,0.030000000000000006,0.2,0.0,0.6,0.0,0.0,1.0,11,6
2016,Q2,PA,1.012857142857143,1.292857142857143,0.0,0.0,0.8571428571428571,0.0,0.0,0.2857142857142857,7,7,7,7,7,7,7,7,1.386,7.9,0.0,0.0,1.0,0.0,0.0,1.0,1.386,0.18,0.0,0.0,1.0,0.0,0.0,0.2,6,6
2016,Q2,PR,6.170416666666667,0.18541666666666667,0.75,0.0,1.0,0.0,0.0,0.5,24,24,24,24,24,24,24,24,6.753888888888889,0.43333333333333335,0.7777777777777778,0.0,1.0,0.0,0.0,0.5,4.42,0.43333333333333335,0.6666666666666666,0.0,1.0,0.0,0.0,0.5,21,6
2016,Q2,SC,2.543,0.255,0.0,0.2,1.0,0.3,0.0,0.8,10,10,10,10,10,10,10,10,2.543,0.255,0.0,0.2,1.0,0.3,0.0,0.8,2.543,0.255,0.0,0.2,1.0,0.3,0.0,0.8,6,4
2016,Q2,TN,2.634285714285714,0.014285714285714285,0.047619047619047616,0.2857142857142857,0.9523809523809523,0.047619047619047616,0.047619047619047616,0.42857142857142855,21,21,21,21,21,21,21,21,3.0159999999999996,0.02,0.06666666666666667,0.3333333333333333,1.0,0.06666666666666667,0.06666666666666667,0.4666666666666667,1.68,0.0,0.0,0.3333333333333333,1.0,0.0,0.0,0.3333333333333333,20,6
2016,Q2,TX,1.2333333333333332,0.2611111111111111,0.1111111111111111,0.1111111111111111,0.7777777777777778,0.1111111111111111,0.1111111111111111,0.7777777777777778,9,9,9,9,9,9,9,9,1.376,0.35,0.2,0.2,1.0,0.5,0.5,1.0,1.165,0.075,0.0,0.0,1.0,0.0,0.0,0.5,8,6
2016,Q2,UT,0.9472222222222223,0.2027777777777778,0.058823529411764705,0.17647058823529413,0.7647058823529411,0.4117647058823529,0.17647058823529413,0.47058823529411764,18,18,17,17,17,17,17,17,1.7200000000000002,0.225,0.1,1.0,1.0,1.0,0.3,1.0,0.8869999999999999,0.20500000000000002,0.1,0.0,0.7,0.5,0.3,0.3,9,6
2016,Q2,VA,3.200909090909091,0.03636363636363637,0.09090909090909091,0.09090909090909091,0.9090909090909091,0.2727272727272727,0.18181818181818182,0.2727272727272727,11,11,11,11,11,11,11,11,4.042,0.05000000000000001,0.16666666666666666,0.2,1.0,0.4,0.2,0.4,4.042,0.02,0.0,0.2,0.8,0.4,0.2,0.4,9,5
2016,Q2,VT,2.1666666666666665,0.35000000000000003,0.0,0.0,1.0,0.0,0.0,0.3333333333333333,3,3,3,3,3,3,3,3,2.1666666666666665,0.35000000000000003,0.0,0.0,1.0,0.0,0.0,0.3333333333333333,2.1666666666666665,0.35000000000000003,0.0,0.0,1.0,0.0,0.0,0.3333333333333333,1,6
2016,Q2,WA,2.7085,0.4875,0.15,0.2,0.95,0.25,0.1,0.6,20,20,20,20,20,20,20,20,5.235714285714286,0.6846153846153846,0.15384615384615385,0.2857142857142857,1.0,0.3076923076923077,0.15384615384615385,0.6923076923076923,5.235714285714286,0.12142857142857143,0.14285714285714285,0.2857142857142857,1.0,0.14285714285714285,0.0,0.42857142857142855,9,6
2016,Q2,WI,3.0785714285714287,0.014285714285714287,0.14285714285714285,0.0,1.0,0.14285714285714285,0.0,0.5714285714285714,7,7,7,7,7,7,7,7,3.0785714285714287,0.014285714285714287,0.14285714285714285,0.0,1.0,0.14285714285714285,0.0,0.5714285714285714,3.0785714285714287,0.014285714285714287,0.14285714285714285,0.0,1.0,0.14285714285714285,0.0,0.5714285714285714,5,6
2016,Q2,WV,0.37,0.0,0.0,0.0,1.0,0.0,0.0,0.0,1,1,1,1,1,1,1,1,0.37,0.0,0.0,0.0,1.0,0.0,0.0,0.0,0.37,0.0,0.0,0.0,1.0,0.0,0.0,0.0,1,6
2016,Q3,AL,4.1659999999999995,0.15,0.13333333333333333,0.2,0.9333333333333333,0.06666666666666667,0.06666666666666667,0.06666666666666667,15,15,15,15,15,15,15,15,5.37,0.16111111111111112,0.2222222222222222,0.4,1.0,0.1111111111111111,1.0,0.1111111111111111,4.33,0.15,0.0,0.4,1.0,0.0,0.0,0.0,14,9
2016,Q3,CA,2.6585714285714284,0.2785714285714286,0.2,0.4,1.0,0.0,0.0,0.4,7,7,5,5,5,5,5,5,3.4159999999999995,0.39,0.5,1.0,1.0,0.0,0.0,0.5,3.4159999999999995,0.39,0.0,0.0,1.0,0.0,0.0,0.3333333333333333,4,8
2016,Q3,CO,2.8707142857142856,0.017857142857142856,0.14285714285714285,0.14285714285714285,0.7857142857142857,0.14285714285714285,0.0,0.21428571428571427,14,14,14,14,14,14,14,14,8.785,0.027777777777777776,0.5,0.5,1.0,0.3333333333333333,0.0,0.5,8.785,0.0,0.5,0.5,1.0,0.0,0.0,0.5,11,9
2016,Q3,CT,3.4166666666666665,0.20416666666666664,0.18181818181818182,0.0,0.9090909090909091,0.0,0.09090909090909091,0.09090909090909091,12,12,11,11,11,11,11,11,4.28,0.30999999999999994,0.3333333333333333,0.0,1.0,0.0,0.25,0.25,4.28,0.175,0.25,0.0,1.0,0.0,0.0,0.0,9,9
2016,Q3,DE,1.95,0.140625,0.7857142857142857,0.14285714285714285,0.7857142857142857,0.07142857142857142,0.0,0.42857142857142855,16,16,14,14,14,14,14,14,3.203333333333333,0.18333333333333335,1.0,0.5,1.0,0.14285714285714285,0.0,0.7142857142857143,3.1966666666666668,0.15,1.0,0.5,0.5,0.0,0.0,0.5,7,9
2016,Q3,GA,2.998333333333333,0.041666666666666664,0.2777777777777778,0.0,0.9444444444444444,0.1111111111111111,0.0,0.1111111111111111,18,18,18,18,18,18,18,18,3.704444444444445,0.061111111111111116,0.4444444444444444,0.0,1.0,0.1111111111111111,0.0,0.1111111111111111,3.704444444444445,0.022222222222222223,0.1111111111111111,0.0,0.8888888888888888,0.1111111111111111,0.0,0.1111111111111111,15,9
2016,Q3,HI,2.0233333333333334,0.9583333333333334,0.8333333333333334,0.16666666666666666,0.5,0.16666666666666666,0.16666666666666666,0.16666666666666666,6,6,6,6,6,6,6,6,2.685,1.3499999999999999,1.0,0.5,1.0,0.5,0.5,1.0,2.2566666666666664,1.3499999999999999,0.6666666666666666,0.0,0.3333333333333333,0.0,0.0,0.0,4,9
2016,Q3,IA,15.18,0.0,1.0,0.0,1.0,0.0,0.0,0.0,1,1,1,1,1,1,1,1,15.18,0.0,1.0,0.0,1.0,0.0,0.0,0.0,15.18,0.0,1.0,0.0,1.0,0.0,0.0,0.0,1,9
2016,Q3,ID,2.9000000000000004,0.0058823529411764705,0.29411764705882354,0.058823529411764705,0.6470588235294118,0.17647058823529413,0.0,0.11764705882352941,17,17,17,17,17,17,17,17,4.056,0.01,0.4,0.1,0.7,0.2,0.0,0.14285714285714285,4.056,0.01,0.4,0.1,0.7,0.2,0.0,0.1,14,8
2016,Q3,IL,3.113809523809524,0.0857142857142857,0.5714285714285714,0.14285714285714285,0.9047619047619048,0.14285714285714285,0.047619047619047616,0.23809523809523808,21,21,21,21,21,21,21,21,3.6750000000000003,0.20833333333333334,0.75,0.16666666666666666,1.0,0.16666666666666666,0.08333333333333333,0.3333333333333333,1.8366666666666667,0.0,0.6666666666666666,0.0,1.0,0.0,0.0,0.3333333333333333,21,9
2016,Q3,IN,2.6375,0.06875,0.5,0.125,1.0,0.0,0.0,0.0,8,8,8,8,8,8,8,8,2.6375,0.06875,0.5,0.125,1.0,0.0,0.0,0.0,2.6375,0.06875,0.5,0.125,1.0,0.0,0.0,0.0,4,9
2016,Q3,KY,2.8762499999999998,0.04375,0.5,0.125,0.875,0.125,0.0,0.375,8,8,8,8,8,8,8,8,5.406666666666666,0.09999999999999999,0.6666666666666666,0.5,1.0,0.3333333333333333,0.0,0.6666666666666666,5.406666666666666,0.09999999999999999,0.6666666666666666,0.0,1.0,0.0,0.0,0.3333333333333333,8,9
2016,Q3,LA,4.866666666666667,0.15,0.3333333333333333,0.0,1.0,0.0,0.0,0.0,3,3,3,3,3,3,3,3,6.23,0.225,0.5,0.0,1.0,0.0,0.0,0.0,6.23,0.225,0.5,0.0,1.0,0.0,0.0,0.0,3,8
2016,Q3,MA,2.717916666666667,0.043750000000000004,0.16666666666666666,0.08333333333333333,0.9583333333333334,0.125,0.0,0.25,24,24,24,24,24,24,24,24,2.876818181818182,0.04772727272727273,0.18181818181818182,0.5,1.0,0.13636363636363635,0.0,1.0,2.876818181818182,0.04772727272727273,0.18181818181818182,0.045454545454545456,1.0,0.13636363636363635,0.0,0.18181818181818182,10,8
2016,Q3,MD,4.265000000000001,0.275,0.0,0.25,1.0,0.25,0.25,0.25,4,4,4,4,4,4,4,4,6.19,0.35000000000000003,0.0,0.3333333333333333,1.0,1.0,1.0,0.3333333333333333,6.19,0.05,0.0,0.0,1.0,1.0,1.0,0.0,3,9
2016,Q3,MI,1.9400000000000002,0.0,0.0,0.5,0.5,0.0,0.0,0.5,2,2,2,2,2,2,2,2,1.9400000000000002,0.0,0.0,0.5,0.5,0.0,0.0,0.5,1.9400000000000002,0.0,0.0,0.5,0.5,0.0,0.0,0.5,2,8
2016,Q3,MN,9.81,0.0,1.0,1.0,1.0,0.5,0.0,0.0,2,2,2,2,2,2,2,2,9.81,0.0,1.0,1.0,1.0,0.5,0.0,0.0,9.81,0.0,1.0,1.0,1.0,0.5,0.0,0.0,2,9
2016,Q3,MT,3.0517391304347825,0.05652173913043478,0.13043478260869565,0.13043478260869565,0.8260869565217391,0.17391304347826086,0.0,0.5217391304347826,23,23,23,23,23,23,23,23,5.542,0.07083333333333335,0.16666666666666666,0.25,1.0,0.3,0.0,0.6666666666666666,1.53,0.0,0.0,0.0,1.0,0.0,0.0,0.0,17,9
2016,Q3,ND,3.089090909090909,0.6520833333333333,0.20833333333333334,0.16666666666666666,1.0,0.3333333333333333,0.125,0.25,22,24,24,24,24,24,24,24,3.4294736842105262,0.7404761904761905,0.23809523809523808,0.19047619047619047,1.0,1.0,1.0,1.0,0.285,0.05,0.0,0.0,1.0,0.0,0.0,1.0,21,9
2016,Q3,NE,1.1658823529411766,0.05588235294117647,0.38461538461538464,0.0,0.7692307692307693,0.5384615384615384,0.23076923076923078,0.6153846153846154,17,17,13,13,13,13,13,13,1.1658823529411766,0.05588235294117647,0.38461538461538464,0.0,0.7692307692307693,0.5384615384615384,0.23076923076923078,0.6153846153846154,1.1658823529411766,0.05588235294117647,0.38461538461538464,0.0,0.7692307692307693,0.5384615384615384,0.23076923076923078,0.6153846153846154,7,7
2016,Q3,NJ,3.7646666666666664,0.16333333333333336,0.4666666666666667,0.06666666666666667,1.0,0.3333333333333333,0.13333333333333333,0.13333333333333333,15,15,15,15,15,15,15,15,3.7646666666666664,0.16333333333333336,0.4666666666666667,0.06666666666666667,1.0,0.3333333333333333,0.13333333333333333,0.13333333333333333,3.7646666666666664,0.16333333333333336,0.4666666666666667,0.06666666666666667,1.0,0.3333333333333333,0.13333333333333333,0.13333333333333333,9,9
2016,Q3,NM,1.5423076923076922,0.07692307692307693,0.07692307692307693,0.07692307692307693,1.0,0.15384615384615385,0.0,0.07692307692307693,13,13,13,13,13,13,13,13,1.7585714285714285,0.14285714285714285,0.14285714285714285,0.14285714285714285,1.0,0.16666666666666666,0.0,0.16666666666666666,1.29,0.0,0.0,0.0,1.0,0.16666666666666666,0.0,0.16666666666666666,8,9
2016,Q3,NV,1.9775,0.0,0.4,0.0,0.8,0.0,0.0,0.2,4,5,5,5,5,5,5,5,1.9775,0.0,0.4,0.0,0.8,0.0,0.0,0.2,1.9775,0.0,0.4,0.0,0.8,0.0,0.0,0.2,2,9
2016,Q3,NY,2.4642857142857144,0.042857142857142864,0.14285714285714285,0.2857142857142857,1.0,0.2857142857142857,0.14285714285714285,0.14285714285714285,7,7,7,7,7,7,7,7,2.6383333333333336,0.05000000000000001,0.16666666666666666,0.3333333333333333,1.0,0.3333333333333333,0.16666666666666666,0.16666666666666666,1.42,0.0,0.0,0.0,1.0,0.0,0.0,0.0,5,8
2016,Q3,OR,2.6900000000000004,0.05,0.5,0.0,1.0,0.0,0.0,0.0,2,2,2,2,2,2,2,2,2.6900000000000004,0.05,0.5,0.0,1.0,0.0,0.0,0.0,2.6900000000000004,0.05,0.5,0.0,1.0,0.0,0.0,0.0,2,7
2016,Q3,PA,2.5516666666666667,0.061111111111111116,0.3333333333333333,0.16666666666666666,0.8333333333333334,0.05555555555555555,0.0,0.2222222222222222,18,18,18,18,18,18,18,18,4.38,0.15,0.4444444444444444,0.4,1.0,0.2,0.0,0.5,4.38,0.15,0.2,0.4,1.0,0.2,0.0,0.2,17,9
2016,Q3,SD,2.1836842105263155,0.007894736842105263,0.3684210526315789,0.0,0.7894736842105263,0.05263157894736842,0.0,0.3684210526315789,19,19,19,19,19,19,19,19,2.686,0.010714285714285714,0.42857142857142855,0.0,0.8,0.07142857142857142,0.0,0.5,2.686,0.0,0.2,0.0,0.8,0.0,0.0,0.0,15,9
2016,Q3,UT,3.7300000000000004,0.0,0.0,0.0,0.6666666666666666,0.3333333333333333,0.16666666666666666,0.5,6,6,6,6,6,6,6,6,6.42,0.0,0.0,0.0,1.0,0.5,0.25,1.0,6.42,0.0,0.0,0.0,1.0,0.0,0.0,1.0,4,9
2016,Q3,VA,5.755,0.0,0.0,0.0,1.0,0.0,0.0,0.0,2,2,1,1,1,1,1,1,7.99,0.0,0.0,0.0,1.0,0.0,0.0,0.0,3.52,0.0,0.0,0.0,0.0,0.0,0.0,0.0,2,9
2016,Q3,VT,3.2890476190476186,0.13571428571428573,0.45,0.15,0.95,0.3,0.05,0.3,21,21,20,20,20,20,20,20,3.894444444444444,0.7000000000000001,0.75,0.375,1.0,0.6666666666666666,0.1111111111111111,0.375,2.608888888888889,0.049999999999999996,0.75,0.375,0.875,0.125,0.0,0.375,9,9
2016,Q3,WA,0.955,0.025,0.0,0.25,0.75,0.0,0.0,0.0,4,4,4,4,4,4,4,4,0.955,0.025,0.0,0.25,0.75,0.0,0.0,0.0,0.955,0.025,0.0,0.25,0.75,0.0,0.0,0.0,2,7
2016,Q3,WI,3.974285714285714,0.12500000000000003,0.38461538461538464,0.0,0.9230769230769231,0.46153846153846156,0.07692307692307693,0.15384615384615385,14,14,13,13,13,13,13,13,6.255714285714285,0.3375,0.5714285714285714,0.0,1.0,1.0,0.3333333333333333,0.3333333333333333,6.255714285714285,0.05,0.5714285714285714,0.0,0.8571428571428571,0.14285714285714285,0.0,0.0,14,9
2016,Q3,WV,4.3454999999999995,0.05000000000000001,0.25,0.15,0.9,0.0,0.0,0.15,20,20,20,20,20,20,20,20,6.398571428571429,0.10555555555555557,0.5555555555555556,0.2857142857142857,1.0,0.0,0.0,0.2222222222222222,6.398571428571429,0.0071428571428571435,0.0,0.2857142857142857,1.0,0.0,0.0,0.14285714285714285,19,9
2016,Q4,CA,1.5646666666666667,1.0899999999999999,0.5333333333333333,0.0,0.9333333333333333,0.26666666666666666,0.13333333333333333,0.4,15,15,15,15,15,15,15,15,1.9124999999999999,1.3499999999999999,0.6666666666666666,0.0,1.0,0.3333333333333333,0.16666666666666666,0.6666666666666666,1.9124999999999999,1.3499999999999999,0.6666666666666666,0.0,1.0,0.3333333333333333,0.16666666666666666,0.3333333333333333,5,12
2016,Q4,CO,14.66,0.0,1.0,0.0,1.0,0.0,0.0,0.0,1,1,1,1,1,1,1,1,14.66,0.0,1.0,0.0,1.0,0.0,0.0,0.0,14.66,0.0,1.0,0.0,1.0,0.0,0.0,0.0,1,10
2016,Q4,CT,6.40125,0.1125,0.0,0.125,1.0,0.125,0.125,0.25,8,8,8,8,8,8,8,8,6.40125,0.1125,0.0,0.125,1.0,0.125,0.125,0.25,6.40125,0.1125,0.0,0.125,1.0,0.125,0.125,0.25,6,10
2016,Q4,DE,0.99,0.05,1.0,0.0,1.0,0.0,0.0,0.0,1,1,1,1,1,1,1,1,0.99,0.05,1.0,0.0,1.0,0.0,0.0,0.0,0.99,0.05,1.0,0.0,1.0,0.0,0.0,0.0,1,10
2016,Q4,FL,5.163,0.6,0.4,0.2,0.8,0.1,0.1,0.3,10,10,10,10,10,10,10,10,6.17375,0.9500000000000001,0.5,0.25,1.0,0.125,0.125,0.5,1.12,0.9500000000000001,0.5,0.0,1.0,0.0,0.0,0.5,7,12
2016,Q4,GA,2.5416666666666665,0.15,0.16666666666666666,0.6666666666666666,0.8333333333333334,0.0,0.0,0.3333333333333333,6,6,6,6,6,6,6,6,4.515,0.2,0.5,1.0,1.0,0.0,0.0,1.0,0.0,0.2,0.0,1.0,0.0,0.0,0.0,1.0,6,12
2016,Q4,GU,1.3141666666666667,0.2791666666666666,0.0,0.0,0.0,0.0,0.0,0.4,12,12,5,5,5,5,5,5,3.4050000000000002,0.6749999999999999,0.0,0.0,0.0,0.0,0.0,1.0,0.0,0.6749999999999999,0.0,0.0,0.0,0.0,0.0,1.0,5,12
2016,Q4,HI,0.0,1.575,0.75,0.0,0.0,0.0,0.0,0.0,4,4,4,4,4,4,4,4,0.0,1.5833333333333333,1.0,0.0,0.0,0.0,0.0,0.0,0.0,1.55,0.0,0.0,0.0,0.0,0.0,0.0,2,12
2016,Q4,IA,2.1625,0.8125,0.6666666666666666,0.0,1.0,0.6666666666666666,0.6666666666666666,0.6666666666666666,4,4,3,3,3,3,3,3,2.1625,0.8125,0.6666666666666666,0.0,1.0,0.6666666666666666,0.6666666666666666,0.6666666666666666,2.1625,0.8125,0.6666666666666666,0.0,1.0,0.6666666666666666,0.6666666666666666,0.6666666666666666,4,10
2016,Q4,IN,16.0225,0.0625,1.0,0.25,1.0,0.0,0.0,0.25,4,4,4,4,4,4,4,4,16.0225,0.0625,1.0,0.25,1.0,0.0,0.0,0.25,16.0225,0.0625,1.0,0.25,1.0,0.0,0.0,0.25,4,10
2016,Q4,KY,6.15,0.0,0.75,0.0,1.0,0.0,0.0,0.25,4,4,4,4,4,4,4,4,6.15,0.0,0.75,0.0,1.0,0.0,0.0,0.25,6.15,0.0,0.75,0.0,1.0,0.0,0.0,0.25,4,10
2016,Q4,LA,4.15,0.22750000000000004,0.2,0.1,1.0,0.05,0.0,0.25,20,20,20,20,20,20,20,20,5.683333333333334,0.2833333333333334,0.3333333333333333,0.16666666666666666,1.0,0.16666666666666666,0.0,0.375,3.938333333333334,0.13333333333333333,0.0,0.16666666666666666,1.0,0.0,0.0,0.0,19,12
2016,Q4,MD,23.43,0.0,0.0,0.0,1.0,0.0,0.0,0.0,1,1,1,1,1,1,1,1,23.43,0.0,0.0,0.0,1.0,0.0,0.0,0.0,23.43,0.0,0.0,0.0,1.0,0.0,0.0,0.0,1,10
2016,Q4,MI,3.7954999999999997,0.2375,0.65,0.15,1.0,0.45,0.15,0.65,20,20,20,20,20,20,20,20,4.578,0.25666666666666665,0.7333333333333333,0.2,1.0,0.6,0.2,0.6666666666666666,1.448,0.18,0.4,0.2,1.0,0.6,0.2,0.6,13,11
2016,Q4,MN,7.234999999999999,0.15,1.0,0.0,1.0,0.25,0.25,0.25,4,4,4,4,4,4,4,4,7.234999999999999,0.15,1.0,0.0,1.0,0.25,0.25,0.25,7.234999999999999,0.15,1.0,0.0,1.0,0.25,0.25,0.25,4,10
2016,Q4,NC,0.75,0.4,0.0,0.0,1.0,0.0,0.0,0.0,1,1,1,1,1,1,1,1,0.75,0.4,0.0,0.0,1.0,0.0,0.0,0.0,0.75,0.4,0.0,0.0,1.0,0.0,0.0,0.0,1,10
2016,Q4,NJ,9.528888888888888,0.14444444444444446,0.625,0.25,1.0,0.125,0.0,0.0,9,9,8,8,8,8,8,8,9.528888888888888,0.14444444444444446,0.625,0.25,1.0,0.125,0.0,0.0,9.528888888888888,0.14444444444444446,0.625,0.25,1.0,0.125,0.0,0.0,7,10
2016,Q4,NM,6.546363636363637,0.009090909090909092,0.09090909090909091,0.18181818181818182,1.0,0.18181818181818182,0.0,0.0,11,11,11,11,11,11,11,11,7.07,0.02,0.16666666666666666,0.4,1.0,0.2,0.0,0.0,7.07,0.0,0.16666666666666666,0.0,1.0,0.16666666666666666,0.0,0.0,7,11
2016,Q4,NV,3.20625,0.09375,0.625,0.0625,1.0,0.125,0.0625,0.25,16,16,16,16,16,16,16,16,3.20625,0.09375,0.625,0.0625,1.0,0.125,0.0625,0.25,3.20625,0.09375,0.625,0.0625,1.0,0.125,0.0625,0.25,5,10
2016,Q4,PA,11.04,0.45,1.0,1.0,1.0,0.0,0.0,1.0,1,1,1,1,1,1,1,1,11.04,0.45,1.0,1.0,1.0,0.0,0.0,1.0,11.04,0.45,1.0,1.0,1.0,0.0,0.0,1.0,1,10
2016,Q4,SD,5.614000000000001,0.0,0.4,0.4,0.8,0.4,0.2,0.2,5,5,5,5,5,5,5,5,6.505000000000001,0.0,1.0,0.5,1.0,1.0,1.0,0.25,2.05,0.0,1.0,0.0,1.0,1.0,1.0,0.0,5,11
2016,Q4,TX,2.5822222222222226,0.20555555555555557,0.3333333333333333,0.0,1.0,0.1111111111111111,0.0,0.5555555555555556,9,9,9,9,9,9,9,9,3.32,0.30833333333333335,0.3333333333333333,0.0,1.0,0.16666666666666666,0.0,0.6666666666666666,2.2133333333333334,0.30833333333333335,0.3333333333333333,0.0,1.0,0.16666666666666666,0.0,0.6666666666666666,8,11
2016,Q4,UT,12.44,0.0,1.0,0.0,1.0,0.5,0.0,0.0,2,2,2,2,2,2,2,2,12.44,0.0,1.0,0.0,1.0,0.5,0.0,0.0,12.44,0.0,1.0,0.0,1.0,0.5,0.0,0.0,1,10
2016,Q4,VA,8.225,0.0,0.0,0.5,1.0,0.0,0.0,0.0,2,2,2,2,2,2,2,2,12.86,0.0,0.0,1.0,1.0,0.0,0.0,0.0,3.59,0.0,0.0,0.0,1.0,0.0,0.0,0.0,2,11
2016,Q4,WI,2.223333333333333,0.016666666666666666,1.0,0.0,1.0,0.6666666666666666,0.0,0.3333333333333333,3,3,3,3,3,3,3,3,2.223333333333333,0.016666666666666666,1.0,0.0,1.0,0.6666666666666666,0.0,0.3333333333333333,2.223333333333333,0.016666666666666666,1.0,0.0,1.0,0.6666666666666666,0.0,0.3333333333333333,3,10
2016,Q4,WV,5.433333333333334,0.016666666666666666,0.6666666666666666,0.0,1.0,0.0,0.0,0.3333333333333333,3,3,3,3,3,3,3,3,5.433333333333334,0.016666666666666666,0.6666666666666666,0.0,1.0,0.0,0.0,0.3333333333333333,5.433333333333334,0.016666666666666666,0.6666666666666666,0.0,1.0,0.0,0.0,0.3333333333333333,3,10
2017,Q1,AL,5.1375,0.1375,0.0,0.25,1.0,0.0,0.0,0.5,4,4,4,4,4,4,4,4,5.1375,0.1375,0.0,0.25,1.0,0.0,0.0,0.5,5.1375,0.1375,0.0,0.25,1.0,0.0,0.0,0.5,4,3
2017,Q1,CA,0.47923076923076924,1.073076923076923,0.15384615384615385,0.15384615384615385,0.7692307692307693,0.46153846153846156,0.07692307692307693,0.9230769230769231,13,13,13,13,13,13,13,13,0.47923076923076924,1.073076923076923,0.15384615384615385,0.15384615384615385,0.7692307692307693,0.46153846153846156,0.07692307692307693,0.9230769230769231,0.47923076923076924,1.073076923076923,0.15384615384615385,0.15384615384615385,0.7692307692307693,0.46153846153846156,0.07692307692307693,0.9230769230769231,6,2
2017,Q1,FL,2.73,1.2375,0.6666666666666666,0.3333333333333333,1.0,0.0,0.0,0.3333333333333333,4,4,3,3,3,3,3,3,4.205,2.15,1.0,1.0,1.0,0.0,0.0,1.0,2.51,0.1,0.0,0.0,1.0,0.0,0.0,0.0,4,3
2017,Q1,KY,0.08,0.0,0.0,0.0,1.0,1.0,0.0,1.0,1,1,1,1,1,1,1,1,0.08,0.0,0.0,0.0,1.0,1.0,0.0,1.0,0.08,0.0,0.0,0.0,1.0,1.0,0.0,1.0,1,3
2017,Q1,MS,1.2023076923076923,0.21923076923076923,0.0,0.07692307692307693,0.7692307692307693,0.0,0.0,0.3076923076923077,13,13,13,13,13,13,13,13,1.2023076923076923,0.21923076923076923,0.0,0.07692307692307693,0.7692307692307693,0.0,0.0,0.3076923076923077,1.2023076923076923,0.21923076923076923,0.0,0.07692307692307693,0.7692307692307693,0.0,0.0,0.3076923076923077,7,3
2017,Q1,SC,1.2185714285714284,0.075,0.07142857142857142,0.21428571428571427,1.0,0.21428571428571427,0.14285714285714285,0.7142857142857143,14,14,14,14,14,14,14,14,1.2185714285714284,0.075,0.07142857142857142,0.21428571428571427,1.0,0.21428571428571427,0.14285714285714285,0.7142857142857143,1.2185714285714284,0.075,0.07142857142857142,0.21428571428571427,1.0,0.21428571428571427,0.14285714285714285,0.7142857142857143,6,3
2017,Q1,TN,7.68,0.0,0.0,1.0,1.0,0.0,0.0,0.0,1,1,1,1,1,1,1,1,7.68,0.0,0.0,1.0,1.0,0.0,0.0,0.0,7.68,0.0,0.0,1.0,1.0,0.0,0.0,0.0,1,1
2017,Q1,TX,0.8300000000000001,0.18333333333333335,0.3333333333333333,0.0,0.6666666666666666,0.3333333333333333,0.0,0.6666666666666666,3,3,3,3,3,3,3,3,2.37,0.275,0.5,0.0,1.0,0.5,0.0,1.0,0.06,0.275,0.5,0.0,0.5,0.5,0.0,1.0,3,3
2017,Q2,AL,2.2399999999999998,0.0,0.0,0.5,0.75,0.25,0.0,0.25,4,4,4,4,4,4,4,4,3.5949999999999998,0.0,0.0,0.5,1.0,0.5,0.0,0.5,3.5949999999999998,0.0,0.0,0.5,1.0,0.5,0.0,0.0,3,5
2017,Q2,AR,2.46,0.0,0.0,0.2,0.8,0.4,0.0,0.4,5,5,5,5,5,5,5,5,2.46,0.0,0.0,0.2,0.8,0.4,0.0,0.4,2.46,0.0,0.0,0.2,0.8,0.4,0.0,0.4,4,6
2017,Q2,CA,0.5025,0.7,0.5,0.25,1.0,0.25,0.0,0.75,4,4,4,4,4,4,4,4,0.5025,0.7,0.5,0.25,1.0,0.25,0.0,0.75,0.5025,0.7,0.5,0.25,1.0,0.25,0.0,0.75,3,5
2017,Q2,CT,0.7628571428571428,0.35714285714285715,0.0,0.14285714285714285,0.5714285714285714,0.0,0.0,0.14285714285714285,7,7,7,7,7,7,7,7,1.82,0.5,0.0,0.5,0.6,0.0,0.0,0.2,0.33999999999999997,0.5,0.0,0.0,0.6,0.0,0.0,0.2,7,6
2017,Q2,DE,2.34,0.025,0.0,0.0,1.0,0.5,0.5,0.5,2,2,2,2,2,2,2,2,2.34,0.025,0.0,0.0,1.0,0.5,0.5,0.5,2.34,0.025,0.0,0.0,1.0,0.5,0.5,0.5,2,6
2017,Q2,FL,3.49,0.5333333333333333,0.6666666666666666,0.0,1.0,0.0,0.0,0.6666666666666666,3,3,3,3,3,3,3,3,3.49,0.5333333333333333,0.6666666666666666,0.0,1.0,0.0,0.0,0.6666666666666666,3.49,0.5333333333333333,0.6666666666666666,0.0,1.0,0.0,0.0,0.6666666666666666,3,4
2017,Q2,GU,0.0,0.0,0.0,0.0,0.0,0.0,0.0,1.0,1,1,1,1,1,1,1,1,0.0,0.0,0.0,0.0,0.0,0.0,0.0,1.0,0.0,0.0,0.0,0.0,0.0,0.0,0.0,1.0,1,4
2017,Q2,IA,1.1078947368421053,0.35526315789473684,0.15789473684210525,0.05263157894736842,0.5263157894736842,0.3157894736842105,0.0,0.6842105263157895,19,19,19,19,19,19,19,19,1.4583333333333333,0.45000000000000007,0.16666666666666666,0.14285714285714285,0.7142857142857143,0.4166666666666667,0.0,0.7142857142857143,1.4583333333333333,0.3,0.16666666666666666,0.0,0.4166666666666667,0.4166666666666667,0.0,0.6666666666666666,13,6
2017,Q2,ID,0.274,0.05,0.0,0.0,0.8,0.2,0.0,0.6,5,5,5,5,5,5,5,5,0.274,0.05,0.0,0.0,0.8,0.2,0.0,0.6,0.274,0.05,0.0,0.0,0.8,0.2,0.0,0.6,5,6
2017,Q2,IL,2.6475,0.05,0.25,0.0,1.0,0.0,0.0,0.5,4,4,4,4,4,4,4,4,2.6475,0.05,0.25,0.0,1.0,0.0,0.0,0.5,2.6475,0.05,0.25,0.0,1.0,0.0,0.0,0.5,4,6
2017,Q2,IN,1.2216666666666667,0.09166666666666667,0.08333333333333333,0.3333333333333333,0.8333333333333334,0.25,0.0,0.8333333333333334,12,12,12,12,12,12,12,12,2.79,0.1,0.09090909090909091,0.36363636363636365,1.0,0.2727272727272727,0.0,0.9090909090909091,1.079090909090909,0.1,0.09090909090909091,0.36363636363636365,0.8181818181818182,0.2727272727272727,0.0,0.9090909090909091,8,5
2017,Q2,KS,3.74,0.0,0.0,0.0,1.0,0.0,0.0,0.5,2,2,2,2,2,2,2,2,3.74,0.0,0.0,0.0,1.0,0.0,0.0,0.5,3.74,0.0,0.0,0.0,1.0,0.0,0.0,0.5,2,6
2017,Q2,KY,1.4054545454545453,0.03636363636363636,0.09090909090909091,0.09090909090909091,0.7272727272727273,0.18181818181818182,0.0,0.7272727272727273,11,11,11,11,11,11,11,11,1.8466666666666667,0.09999999999999999,0.3333333333333333,0.2,0.8,0.3333333333333333,0.0,0.8,0.98,0.0,0.0,0.0,0.6666666666666666,0.3333333333333333,0.0,0.6666666666666666,11,6
2017,Q2,MA,0.79,0.05,0.0,0.0,1.0,0.0,0.0,1.0,1,1,1,1,1,1,1,1,0.79,0.05,0.0,0.0,1.0,0.0,0.0,1.0,0.79,0.05,0.0,0.0,1.0,0.0,0.0,1.0,1,6
2017,Q2,MD,1.33,0.29000000000000004,0.0,0.2,0.8,0.0,0.0,0.2,10,10,10,10,10,10,10,10,1.49,0.35000000000000003,0.0,0.3333333333333333,0.8571428571428571,0.0,0.0,0.3333333333333333,1.2614285714285713,0.2642857142857143,0.0,0.14285714285714285,0.8571428571428571,0.0,0.0,0.14285714285714285,7,6
2017,Q2,MI,0.46,0.825,0.0,0.0,0.5,0.5,0.0,0.5,2,2,2,2,2,2,2,2,0.46,0.825,0.0,0.0,0.5,0.5,0.0,0.5,0.46,0.825,0.0,0.0,0.5,0.5,0.0,0.5,2,5
2017,Q2,MN,1.3305555555555555,0.06666666666666668,0.2222222222222222,0.05555555555555555,0.7222222222222222,0.4444444444444444,0.1111111111111111,0.7222222222222222,18,18,18,18,18,18,18,18,1.444375,0.2,0.5,0.0625,1.0,0.5,0.125,0.75,1.444375,0.05,0.1875,0.0625,0.6875,0.4375,0.125,0.75,14,6
2017,Q2,MT,0.0,0.0,0.0,0.0,0.0,0.0,0.0,0.0,1,1,1,1,1,1,1,1,0.0,0.0,0.0,0.0,0.0,0.0,0.0,0.0,0.0,0.0,0.0,0.0,0.0,0.0,0.0,0.0,1,6
2017,Q2,NC,3.481904761904762,0.06904761904761905,0.0,0.047619047619047616,0.9047619047619048,0.23809523809523808,0.09523809523809523,0.42857142857142855,21,21,21,21,21,21,21,21,3.7531578947368422,0.125,0.0,0.05263157894736842,0.9473684210526315,0.5,0.10526315789473684,1.0,3.7531578947368422,0.06315789473684211,0.0,0.05263157894736842,0.9473684210526315,0.21052631578947367,0.10526315789473684,0.3684210526315789,18,6
2017,Q2,ND,nan,nan,0.0,1.0,1.0,1.0,0.0,1.0,0,0,1,1,1,1,1,1,0.0,0.0,0.0,1.0,1.0,1.0,0.0,1.0,0.0,0.0,0.0,1.0,1.0,1.0,0.0,1.0,1,5
2017,Q2,NE,2.983333333333333,0.25,0.3333333333333333,0.3333333333333333,1.0,0.0,0.0,0.3333333333333333,3,3,3,3,3,3,3,3,2.983333333333333,0.25,0.3333333333333333,0.3333333333333333,1.0,0.0,0.0,0.3333333333333333,2.983333333333333,0.25,0.3333333333333333,0.3333333333333333,1.0,0.0,0.0,0.3333333333333333,2,6
2017,Q2,NY,0.755,0.025,0.0,0.5,1.0,0.5,0.0,0.5,2,2,2,2,2,2,2,2,0.755,0.025,0.0,0.5,1.0,0.5,0.0,0.5,0.755,0.025,0.0,0.5,1.0,0.5,0.0,0.5,2,6
2017,Q2,OH,1.3914285714285715,0.09285714285714285,0.2857142857142857,0.0,1.0,0.14285714285714285,0.0,0.8571428571428571,7,7,7,7,7,7,7,7,1.3914285714285715,0.09285714285714285,0.2857142857142857,0.0,1.0,0.14285714285714285,0.0,0.8571428571428571,1.3914285714285715,0.09285714285714285,0.2857142857142857,0.0,1.0,0.14285714285714285,0.0,0.8571428571428571,7,6
2017,Q2,OR,1.2128571428571429,0.2833333333333333,0.09523809523809523,0.38095238095238093,0.6190476190476191,0.5714285714285714,0.19047619047619047,0.8095238095238095,21,21,21,21,21,21,21,21,1.2695,0.95,0.1,0.4,0.65,1.0,0.2,1.0,1.2695,0.25,0.1,0.4,0.65,0.55,0.2,0.8,13,6
2017,Q2,PA,0.11400000000000002,0.43000000000000005,0.0,0.0,0.6,0.4,0.2,0.8,5,5,5,5,5,5,5,5,0.11750000000000001,0.8,0.0,0.0,1.0,1.0,0.25,1.0,0.11750000000000001,0.3375,0.0,0.0,0.5,0.25,0.25,0.75,5,6
2017,Q2,PR,5.378333333333333,0.18541666666666667,0.9583333333333334,0.0,1.0,0.0,0.0,0.5416666666666666,24,24,24,24,24,24,24,24,5.558571428571428,0.20714285714285716,1.0,0.0,1.0,0.0,0.0,0.6428571428571429,5.1259999999999994,0.15499999999999997,1.0,0.0,1.0,0.0,0.0,0.4,19,6
2017,Q2,SC,2.645,0.295,0.0,0.3,0.9,0.3,0.2,0.7,10,10,10,10,10,10,10,10,2.645,0.295,0.0,0.3,0.9,0.3,0.2,0.7,2.645,0.295,0.0,0.3,0.9,0.3,0.2,0.7,6,4
2017,Q2,TN,2.811304347826087,0.13043478260869565,0.17391304347826086,0.43478260869565216,0.8695652173913043,0.17391304347826086,0.08695652173913043,0.43478260869565216,23,23,23,23,23,23,23,23,3.746923076923077,0.18846153846153849,0.375,0.5,1.0,0.23076923076923078,0.125,1.0,1.9425000000000001,0.0375,0.375,0.375,0.75,0.125,0.125,0.25,20,6
2017,Q2,TX,1.445833333333333,0.375,0.5,0.5,0.75,0.08333333333333333,0.0,0.6666666666666666,12,12,12,12,12,12,12,12,2.8249999999999997,0.6833333333333332,1.0,0.6666666666666666,1.0,0.16666666666666666,0.0,1.0,2.8249999999999997,0.0,1.0,0.5,1.0,0.0,0.0,0.5,10,6
2017,Q2,UT,0.48187500000000005,0.684375,0.125,0.1875,0.3125,0.4375,0.0,0.625,16,16,16,16,16,16,16,16,0.6633333333333333,1.45,0.3333333333333333,0.5,0.5,0.6666666666666666,0.0,0.8333333333333334,0.6633333333333333,0.20833333333333334,0.0,0.0,0.3333333333333333,0.6666666666666666,0.0,0.5,10,6
2017,Q2,VA,1.4352941176470588,0.37058823529411766,0.058823529411764705,0.29411764705882354,0.8823529411764706,0.23529411764705882,0.058823529411764705,0.35294117647058826,17,17,17,17,17,17,17,17,2.244,0.525,0.25,0.4,1.0,0.5,0.25,0.8,1.3175,0.2375,0.25,0.25,1.0,0.5,0.25,0.0,14,6
2017,Q2,VT,0.9433333333333336,0.5404761904761903,0.047619047619047616,0.0,0.5714285714285714,0.14285714285714285,0.09523809523809523,0.42857142857142855,21,21,21,21,21,21,21,21,1.0183333333333335,0.6666666666666666,0.05555555555555555,0.0,0.6666666666666666,0.16666666666666666,0.1111111111111111,0.6666666666666666,1.0183333333333335,0.5194444444444444,0.05555555555555555,0.0,0.5555555555555556,0.16666666666666666,0.1111111111111111,0.3888888888888889,7,6
2017,Q2,WA,3.9800000000000004,0.5166666666666667,0.0,0.3333333333333333,1.0,0.3333333333333333,0.0,0.6666666666666666,3,3,3,3,3,3,3,3,3.9800000000000004,0.5166666666666667,0.0,0.3333333333333333,1.0,0.3333333333333333,0.0,0.6666666666666666,3.9800000000000004,0.5166666666666667,0.0,0.3333333333333333,1.0,0.3333333333333333,0.0,0.6666666666666666,2,6
2017,Q2,WI,1.191111111111111,0.32222222222222224,0.0,0.1111111111111111,0.7777777777777778,0.2222222222222222,0.0,0.8888888888888888,9,9,9,9,9,9,9,9,1.2985714285714285,0.75,0.0,0.14285714285714285,0.8571428571428571,0.5,0.0,1.0,1.2985714285714285,0.2,0.0,0.14285714285714285,0.8571428571428571,0.14285714285714285,0.0,0.8571428571428571,7,6
2017,Q2,WV,2.118333333333333,0.15833333333333333,0.08333333333333333,0.5,0.75,0.08333333333333333,0.0,0.4166666666666667,12,12,12,12,12,12,12,12,2.5955555555555554,0.2111111111111111,0.1111111111111111,0.5555555555555556,0.8888888888888888,0.3333333333333333,0.0,0.4444444444444444,2.5955555555555554,0.2111111111111111,0.1111111111111111,0.5555555555555556,0.8888888888888888,0.0,0.0,0.4444444444444444,12,6
2017,Q3,AL,4.615714285714286,0.028571428571428574,0.0,0.0,0.8571428571428571,0.0,0.0,0.0,7,7,7,7,7,7,7,7,5.6425,0.05,0.0,0.0,1.0,0.0,0.0,0.0,5.6425,0.05,0.0,0.0,0.75,0.0,0.0,0.0,6,9
2017,Q3,AR,2.823684210526316,0.0,0.21052631578947367,0.10526315789473684,0.8947368421052632,0.05263157894736842,0.05263157894736842,0.3157894736842105,19,19,19,19,19,19,19,19,3.424545454545455,0.0,0.6,0.3333333333333333,1.0,0.09090909090909091,0.09090909090909091,0.36363636363636365,1.64,0.0,0.0,0.3333333333333333,0.6666666666666666,0.0,0.0,0.3333333333333333,18,9
2017,Q3,CA,0.0,0.25,0.0,0.0,0.0,1.0,0.0,0.0,1,1,1,1,1,1,1,1,0.0,0.25,0.0,0.0,0.0,1.0,0.0,0.0,0.0,0.25,0.0,0.0,0.0,1.0,0.0,0.0,1,8
2017,Q3,CO,1.2242857142857144,0.0071428571428571435,0.07142857142857142,0.07142857142857142,0.7857142857142857,0.07142857142857142,0.0,0.35714285714285715,14,14,14,14,14,14,14,14,3.6900000000000004,0.01,0.1,0.5,1.0,0.1,0.0,0.5,3.6900000000000004,0.0,0.0,0.5,1.0,0.0,0.0,0.0,10,9
2017,Q3,CT,3.641818181818182,0.22272727272727275,0.09090909090909091,0.36363636363636365,0.8181818181818182,0.0,0.0,0.18181818181818182,11,11,11,11,11,11,11,11,4.5725,0.42000000000000004,0.2,0.5,1.0,0.0,0.0,0.5,3.9620000000000006,0.42000000000000004,0.2,0.2,1.0,0.0,0.0,0.0,8,9
2017,Q3,DE,0.74,0.05,1.0,0.0,1.0,0.0,0.0,0.0,1,1,1,1,1,1,1,1,0.74,0.05,1.0,0.0,1.0,0.0,0.0,0.0,0.74,0.05,1.0,0.0,1.0,0.0,0.0,0.0,1,8
2017,Q3,GA,2.064,0.1525,0.3,0.15,1.0,0.05,0.0,0.25,20,20,20,20,20,20,20,20,3.62,0.15555555555555556,0.3333333333333333,0.5,1.0,0.05555555555555555,0.0,0.2777777777777778,3.62,0.125,0.0,0.5,1.0,0.0,0.0,0.0,14,9
2017,Q3,GU,0.03666666666666667,1.2166666666666666,0.0,0.0,0.0,0.0,0.0,0.2222222222222222,9,9,9,9,9,9,9,9,0.03666666666666667,1.2166666666666666,0.0,0.0,0.0,0.0,0.0,0.2222222222222222,0.03666666666666667,1.2166666666666666,0.0,0.0,0.0,0.0,0.0,0.2222222222222222,2,7
2017,Q3,IA,0.24,0.0,1.0,0.0,1.0,0.0,0.0,0.0,1,1,1,1,1,1,1,1,0.24,0.0,1.0,0.0,1.0,0.0,0.0,0.0,0.24,0.0,1.0,0.0,1.0,0.0,0.0,0.0,1,9
2017,Q3,ID,2.0142105263157895,0.16052631578947368,0.0,0.05263157894736842,0.631578947368421,0.21052631578947367,0.0,0.42105263157894735,19,19,19,19,19,19,19,19,2.803846153846154,0.26666666666666666,0.0,0.16666666666666666,0.6923076923076923,0.23076923076923078,0.0,0.46153846153846156,2.803846153846154,0.11153846153846153,0.0,0.0,0.6923076923076923,0.23076923076923078,0.0,0.46153846153846156,13,8
2017,Q3,IL,4.3055,0.065,0.45,0.2,0.85,0.1,0.05,0.1,20,20,20,20,20,20,20,20,6.642,0.15625,0.6,0.4,1.0,0.2,0.14285714285714285,0.14285714285714285,6.642,0.01,0.6,0.4,1.0,0.2,0.0,0.0,18,9
2017,Q3,IN,4.818461538461539,0.049999999999999996,0.38461538461538464,0.15384615384615385,0.9230769230769231,0.15384615384615385,0.23076923076923078,0.46153846153846156,13,13,13,13,13,13,13,13,5.845,0.08124999999999999,0.5,0.3333333333333333,1.0,0.5,0.5,0.5,5.845,0.08124999999999999,0.5,0.125,1.0,0.125,0.25,0.5,11,9
2017,Q3,KS,2.598181818181818,0.03863636363636364,0.13636363636363635,0.0,0.8181818181818182,0.2727272727272727,0.09090909090909091,0.18181818181818182,22,22,22,22,22,22,22,22,3.851,0.041666666666666664,0.3,0.0,1.0,0.4,0.2,0.25,3.851,0.035,0.3,0.0,1.0,0.4,0.2,0.1,15,8
2017,Q3,KY,4.63625,0.03749999999999999,0.375,0.125,1.0,0.25,0.125,0.25,8,8,8,8,8,8,8,8,7.925000000000001,0.05,1.0,0.5,1.0,0.5,0.2,0.5,7.925000000000001,0.05,0.5,0.5,1.0,0.5,0.0,0.5,8,9
2017,Q3,MA,2.5185,0.11000000000000001,0.1,0.3,0.85,0.4,0.05,0.25,20,20,20,20,20,20,20,20,3.3833333333333333,0.16666666666666666,0.3333333333333333,0.3333333333333333,1.0,1.0,0.3333333333333333,0.6666666666666666,3.3833333333333333,0.0,0.3333333333333333,0.3333333333333333,1.0,0.3333333333333333,0.0,0.6666666666666666,12,9
2017,Q3,MI,8.2525,0.0,0.0,0.0,1.0,0.25,0.0,0.25,4,4,4,4,4,4,4,4,10.32,0.0,0.0,0.0,1.0,0.3333333333333333,0.0,0.3333333333333333,10.32,0.0,0.0,0.0,1.0,0.3333333333333333,0.0,0.3333333333333333,4,9
2017,Q3,MN,7.882,0.0,1.0,0.0,1.0,0.4,0.2,0.2,5,5,5,5,5,5,5,5,7.882,0.0,1.0,0.0,1.0,0.4,0.2,0.2,7.882,0.0,1.0,0.0,1.0,0.4,0.2,0.2,4,9
2017,Q3,MO,4.056,0.05,0.4,0.0,1.0,0.3,0.1,0.4,10,10,10,10,10,10,10,10,4.056,0.05,0.4,0.0,1.0,0.3,0.1,0.4,4.056,0.05,0.4,0.0,1.0,0.3,0.1,0.4,10,9
2017,Q3,MT,4.242222222222222,0.13611111111111113,0.0,0.0,0.6666666666666666,0.2222222222222222,0.0,0.5555555555555556,18,18,18,18,18,18,18,18,8.25,0.24,0.0,0.0,0.75,0.4,0.0,0.8,8.25,0.24,0.0,0.0,0.6,0.2,0.0,0.4,13,9
2017,Q3,NC,4.757142857142857,0.25,0.0,0.42857142857142855,0.8571428571428571,0.14285714285714285,0.14285714285714285,0.14285714285714285,7,7,7,7,7,7,7,7,6.61,1.2,0.0,1.0,1.0,0.3333333333333333,0.3333333333333333,0.3333333333333333,6.3066666666666675,0.18333333333333335,0.0,0.3333333333333333,1.0,0.3333333333333333,0.3333333333333333,0.3333333333333333,5,9
2017,Q3,ND,nan,nan,0.0,0.13636363636363635,0.8181818181818182,0.3181818181818182,0.09090909090909091,0.3181818181818182,0,0,22,22,22,22,22,22,0.0,0.0,0.0,0.5,0.85,1.0,0.5,0.5,0.0,0.0,0.0,0.1,0.85,0.25,0.05,0.3,16,8
2017,Q3,NE,2.2971428571428567,0.08333333333333333,0.09523809523809523,0.0,0.9047619047619048,0.42857142857142855,0.09523809523809523,0.23809523809523808,21,21,21,21,21,21,21,21,3.1927272727272724,0.08499999999999999,0.18181818181818182,0.0,0.9090909090909091,0.5,0.2,0.3,3.1927272727272724,0.08181818181818182,0.18181818181818182,0.0,0.9090909090909091,0.36363636363636365,0.0,0.18181818181818182,12,8
2017,Q3,NJ,3.5858333333333334,0.1333333333333333,0.25,0.16666666666666666,1.0,0.4166666666666667,0.16666666666666666,0.25,12,12,12,12,12,12,12,12,5.696666666666666,0.1611111111111111,0.3333333333333333,0.3333333333333333,1.0,0.4444444444444444,0.2222222222222222,0.3333333333333333,2.8822222222222225,0.1611111111111111,0.2222222222222222,0.1111111111111111,1.0,0.4444444444444444,0.2222222222222222,0.2222222222222222,9,9
2017,Q3,NM,5.645999999999999,0.024999999999999998,0.0,0.05,0.9,0.15,0.05,0.1,20,20,20,20,20,20,20,20,7.035833333333333,0.0375,0.0,0.125,1.0,0.16666666666666666,0.08333333333333333,0.16666666666666666,7.035833333333333,0.0375,0.0,0.0,0.8333333333333334,0.16666666666666666,0.08333333333333333,0.16666666666666666,12,9
2017,Q3,NV,1.868421052631579,0.14473684210526314,0.05263157894736842,0.0,0.5789473684210527,0.10526315789473684,0.05263157894736842,0.6842105263157895,19,19,19,19,19,19,19,19,5.745,0.3,0.1111111111111111,0.0,1.0,0.2222222222222222,0.1111111111111111,0.8333333333333334,5.745,0.0125,0.0,0.0,1.0,0.0,0.0,0.25,9,9
2017,Q3,NY,1.7027272727272729,0.16136363636363635,0.22727272727272727,0.13636363636363635,0.9090909090909091,0.22727272727272727,0.045454545454545456,0.5909090909090909,22,22,22,22,22,22,22,22,2.72,0.23124999999999998,0.375,1.0,1.0,0.25,0.125,0.6923076923076923,2.72,0.0,0.0,1.0,1.0,0.0,0.0,0.0,19,9
2017,Q3,OH,3.9842857142857144,0.010714285714285716,0.42857142857142855,0.0,1.0,0.14285714285714285,0.07142857142857142,0.07142857142857142,14,14,14,14,14,14,14,14,10.92,0.015000000000000003,1.0,0.0,1.0,0.2,0.1,0.1,10.92,0.0,1.0,0.0,1.0,0.0,0.0,0.0,14,9
2017,Q3,PA,2.2615384615384615,0.04615384615384616,0.07692307692307693,0.23076923076923078,0.8461538461538461,0.15384615384615385,0.0,0.38461538461538464,13,13,13,13,13,13,13,13,2.554,0.08,0.14285714285714285,1.0,1.0,1.0,0.0,1.0,2.554,0.08,0.0,0.0,1.0,0.2,0.0,0.4,13,9
2017,Q3,SD,1.7671428571428573,0.07142857142857142,0.07142857142857142,0.14285714285714285,0.9285714285714286,0.14285714285714285,0.0,0.07142857142857142,14,14,14,14,14,14,14,14,2.7157142857142857,0.17500000000000002,0.14285714285714285,0.2857142857142857,1.0,0.25,0.0,0.3333333333333333,2.7157142857142857,0.014285714285714287,0.14285714285714285,0.2857142857142857,1.0,0.14285714285714285,0.0,0.0,12,9
2017,Q3,UT,0.515,0.025,0.0,0.0,0.25,0.0,0.25,0.25,4,4,4,4,4,4,4,4,0.61,0.05,0.0,0.0,0.5,0.0,0.5,1.0,0.4,0.0,0.0,0.0,0.0,0.0,0.0,0.0,4,9
2017,Q3,VA,1.7833333333333332,0.09999999999999999,0.0,0.3333333333333333,0.6666666666666666,0.0,0.0,0.0,3,3,3,3,3,3,3,3,1.7833333333333332,0.09999999999999999,0.0,0.3333333333333333,0.6666666666666666,0.0,0.0,0.0,1.7833333333333332,0.09999999999999999,0.0,0.3333333333333333,0.6666666666666666,0.0,0.0,0.0,3,7
2017,Q3,VT,0.9666666666666667,0.6333333333333333,0.0,0.0,0.3333333333333333,0.3333333333333333,0.0,0.3333333333333333,3,3,3,3,3,3,3,3,0.9666666666666667,0.6333333333333333,0.0,0.0,0.3333333333333333,0.3333333333333333,0.0,0.3333333333333333,0.9666666666666667,0.6333333333333333,0.0,0.0,0.3333333333333333,0.3333333333333333,0.0,0.3333333333333333,3,7
2017,Q3,WA,5.968125000000001,0.015625,0.0625,0.1875,0.6875,0.0,0.0,0.3125,16,16,16,16,16,16,16,16,7.961,0.025,0.1,0.3,0.8,0.0,0.0,0.5,5.115,0.0,0.0,0.0,0.5,0.0,0.0,0.5,9,9
2017,Q3,WI,3.421666666666667,0.004166666666666667,0.3333333333333333,0.16666666666666666,0.8333333333333334,0.25,0.08333333333333333,0.3333333333333333,12,12,12,12,12,12,12,12,3.7025,0.0125,0.75,0.5,1.0,0.5,0.25,0.5,3.2675,0.0125,0.75,0.0,1.0,0.0,0.25,0.5,12,9
2017,Q3,WV,6.747777777777778,0.2222222222222222,0.1111111111111111,0.1111111111111111,1.0,0.1111111111111111,0.1111111111111111,0.2222222222222222,9,9,9,9,9,9,9,9,7.24,0.2785714285714286,0.5,0.14285714285714285,1.0,0.14285714285714285,0.14285714285714285,0.2857142857142857,6.607142857142857,0.2785714285714286,0.0,0.14285714285714285,1.0,0.14285714285714285,0.14285714285714285,0.2857142857142857,9,9
2017,Q4,AL,7.248,0.0,0.2,0.4,1.0,0.0,0.0,0.0,5,5,5,5,5,5,5,5,7.248,0.0,0.2,0.4,1.0,0.0,0.0,0.0,7.248,0.0,0.2,0.4,1.0,0.0,0.0,0.0,5,10
2017,Q4,CA,2.335,0.5041666666666667,0.5833333333333334,0.0,1.0,0.16666666666666666,0.08333333333333333,0.5,12,12,12,12,12,12,12,12,2.335,0.5041666666666667,0.5833333333333334,0.0,1.0,0.16666666666666666,0.08333333333333333,0.5,2.335,0.5041666666666667,0.5833333333333334,0.0,1.0,0.16666666666666666,0.08333333333333333,0.5,4,11
2017,Q4,CT,6.758333333333333,0.075,0.0,0.16666666666666666,0.8333333333333334,0.16666666666666666,0.16666666666666666,0.0,6,6,6,6,6,6,6,6,6.758333333333333,0.075,0.0,0.16666666666666666,0.8333333333333334,0.16666666666666666,0.16666666666666666,0.0,6.758333333333333,0.075,0.0,0.16666666666666666,0.8333333333333334,0.16666666666666666,0.16666666666666666,0.0,4,10
2017,Q4,DE,8.38,0.0,1.0,0.0,1.0,0.0,0.0,0.0,1,1,1,1,1,1,1,1,8.38,0.0,1.0,0.0,1.0,0.0,0.0,0.0,8.38,0.0,1.0,0.0,1.0,0.0,0.0,0.0,1,10
2017,Q4,FL,6.506666666666665,0.30833333333333335,0.45454545454545453,0.09090909090909091,0.9090909090909091,0.09090909090909091,0.0,0.18181818181818182,12,12,11,11,11,11,11,11,8.065,0.35625,0.625,0.125,1.0,0.125,0.0,0.25,5.715,0.2,0.0,0.0,1.0,0.0,0.0,0.0,10,12
2017,Q4,GA,0.395,0.0,0.0,0.0,1.0,0.0,0.0,0.0,2,2,2,2,2,2,2,2,0.395,0.0,0.0,0.0,1.0,0.0,0.0,0.0,0.395,0.0,0.0,0.0,1.0,0.0,0.0,0.0,2,10
2017,Q4,GU,0.0,0.31666666666666665,nan,nan,nan,nan,nan,nan,3,3,0,0,0,0,0,0,0.0,0.31666666666666665,0.0,0.0,0.0,0.0,0.0,0.0,0.0,0.31666666666666665,0.0,0.0,0.0,0.0,0.0,0.0,1,11
2017,Q4,IN,10.374545454545455,0.07272727272727272,1.0,0.18181818181818182,1.0,0.36363636363636365,0.0,0.18181818181818182,11,11,11,11,11,11,11,11,12.025714285714287,0.09999999999999999,1.0,0.25,1.0,0.5,0.0,0.25,7.485,0.025,1.0,0.25,1.0,0.5,0.0,0.25,5,11
2017,Q4,KY,7.84,0.15,0.0,0.0,1.0,0.0,0.0,0.25,4,4,4,4,4,4,4,4,7.84,0.15,0.0,0.0,1.0,0.0,0.0,0.25,7.84,0.15,0.0,0.0,1.0,0.0,0.0,0.25,4,10
2017,Q4,MA,10.876666666666667,0.13333333333333333,0.0,0.0,1.0,0.0,0.0,0.0,3,3,3,3,3,3,3,3,10.876666666666667,0.13333333333333333,0.0,0.0,1.0,0.0,0.0,0.0,10.876666666666667,0.13333333333333333,0.0,0.0,1.0,0.0,0.0,0.0,3,10
2017,Q4,MD,9.04,0.35,1.0,0.0,1.0,1.0,0.0,0.0,1,1,1,1,1,1,1,1,9.04,0.35,1.0,0.0,1.0,1.0,0.0,0.0,9.04,0.35,1.0,0.0,1.0,1.0,0.0,0.0,1,10
2017,Q4,MI,8.117,0.7400000000000001,0.75,0.2,1.0,0.55,0.2,0.4,20,20,20,20,20,20,20,20,24.16,0.7789473684210527,1.0,1.0,1.0,1.0,1.0,0.42105263157894735,24.16,0.0,1.0,1.0,1.0,1.0,1.0,0.0,14,11
2017,Q4,MN,9.392,0.0,1.0,0.0,1.0,0.4,0.0,0.2,5,5,5,5,5,5,5,5,9.392,0.0,1.0,0.0,1.0,0.4,0.0,0.2,9.392,0.0,1.0,0.0,1.0,0.4,0.0,0.2,3,10
2017,Q4,MO,5.19,0.025,1.0,0.0,1.0,0.0,0.0,0.0,2,2,2,2,2,2,2,2,5.19,0.025,1.0,0.0,1.0,0.0,0.0,0.0,5.19,0.025,1.0,0.0,1.0,0.0,0.0,0.0,2,10
2017,Q4,MT,2.91,0.0,0.0,0.0,1.0,0.0,0.0,0.0,1,1,1,1,1,1,1,1,2.91,0.0,0.0,0.0,1.0,0.0,0.0,0.0,2.91,0.0,0.0,0.0,1.0,0.0,0.0,0.0,1,10
2017,Q4,ND,nan,nan,0.0,0.0,1.0,0.0,0.0,0.0,0,0,1,1,1,1,1,1,0.0,0.0,0.0,0.0,1.0,0.0,0.0,0.0,0.0,0.0,0.0,0.0,1.0,0.0,0.0,0.0,1,11
2017,Q4,NJ,6.510000000000001,0.31666666666666665,0.3333333333333333,0.3333333333333333,1.0,0.16666666666666666,0.0,0.5,6,6,6,6,6,6,6,6,6.510000000000001,0.31666666666666665,0.3333333333333333,0.3333333333333333,1.0,0.16666666666666666,0.0,0.5,6.510000000000001,0.31666666666666665,0.3333333333333333,0.3333333333333333,1.0,0.16666666666666666,0.0,0.5,5,10
2017,Q4,NM,11.9025,0.0,0.25,0.0,0.75,0.0,0.0,0.0,4,4,4,4,4,4,4,4,11.9025,0.0,0.25,0.0,0.75,0.0,0.0,0.0,11.9025,0.0,0.25,0.0,0.75,0.0,0.0,0.0,3,10
2017,Q4,OH,2.78,0.0,0.0,0.0,1.0,0.0,0.0,0.0,1,1,1,1,1,1,1,1,2.78,0.0,0.0,0.0,1.0,0.0,0.0,0.0,2.78,0.0,0.0,0.0,1.0,0.0,0.0,0.0,1,10
2017,Q4,PA,8.94,0.0,0.0,0.0,0.0,0.0,0.0,0.0,1,1,1,1,1,1,1,1,8.94,0.0,0.0,0.0,0.0,0.0,0.0,0.0,8.94,0.0,0.0,0.0,0.0,0.0,0.0,0.0,1,10
2017,Q4,SD,3.3549999999999995,0.08,0.2,0.0,0.8,0.2,0.1,0.0,10,10,10,10,10,10,10,10,3.3549999999999995,0.08,0.2,0.0,0.8,0.2,0.1,0.0,3.3549999999999995,0.08,0.2,0.0,0.8,0.2,0.1,0.0,7,10
2017,Q4,TX,2.862727272727273,0.0818181818181818,0.2727272727272727,0.0,0.9090909090909091,0.09090909090909091,0.0,0.45454545454545453,11,11,11,11,11,11,11,11,3.935,0.13333333333333333,0.5,0.0,1.0,0.25,0.0,1.0,0.02,0.13333333333333333,0.0,0.0,1.0,0.0,0.0,1.0,8,12
2017,Q4,UT,8.925,0.0125,0.5,0.0,1.0,0.25,0.0,0.5,4,4,4,4,4,4,4,4,11.9,0.016666666666666666,0.6666666666666666,0.0,1.0,0.3333333333333333,0.0,0.6666666666666666,0.0,0.0,0.0,0.0,1.0,0.0,0.0,0.0,4,11
2017,Q4,VA,7.00090909090909,0.7772727272727273,0.36363636363636365,0.18181818181818182,1.0,0.36363636363636365,0.2727272727272727,0.45454545454545453,11,11,11,11,11,11,11,11,8.049999999999999,0.9125,0.6666666666666666,0.3333333333333333,1.0,0.5,0.375,0.5,8.049999999999999,0.4166666666666667,0.6666666666666666,0.3333333333333333,1.0,0.0,0.0,0.3333333333333333,7,11
2017,Q4,WA,1.105,0.0,0.5,0.5,1.0,0.0,0.0,0.25,4,4,4,4,4,4,4,4,1.105,0.0,0.5,0.5,1.0,0.0,0.0,0.25,1.105,0.0,0.5,0.5,1.0,0.0,0.0,0.25,1,10
2017,Q4,WI,2.41,0.0,0.0,1.0,1.0,0.0,0.0,0.0,1,1,1,1,1,1,1,1,2.41,0.0,0.0,1.0,1.0,0.0,0.0,0.0,2.41,0.0,0.0,1.0,1.0,0.0,0.0,0.0,1,10
2017,Q4,WV,12.033333333333333,0.43333333333333335,0.3333333333333333,0.0,1.0,0.0,0.0,0.0,3,3,3,3,3,3,3,3,12.033333333333333,0.43333333333333335,0.3333333333333333,0.0,1.0,0.0,0.0,0.0,12.033333333333333,0.43333333333333335,0.3333333333333333,0.0,1.0,0.0,0.0,0.0,3,10
2018,Q1,AL,0.9,0.0,0.0,0.5,1.0,0.0,0.0,0.0,2,2,2,2,2,2,2,2,0.9,0.0,0.0,0.5,1.0,0.0,0.0,0.0,0.9,0.0,0.0,0.5,1.0,0.0,0.0,0.0,2,3
2018,Q1,CA,1.6285714285714283,0.3321428571428572,0.07142857142857142,0.14285714285714285,0.7857142857142857,0.14285714285714285,0.0,0.5714285714285714,14,14,14,14,14,14,14,14,1.6285714285714283,0.3321428571428572,0.07142857142857142,0.14285714285714285,0.7857142857142857,0.14285714285714285,0.0,0.5714285714285714,1.6285714285714283,0.3321428571428572,0.07142857142857142,0.14285714285714285,0.7857142857142857,0.14285714285714285,0.0,0.5714285714285714,2,3
2018,Q1,FL,2.0588888888888888,0.538888888888889,0.0,0.25,1.0,0.125,0.0,0.25,9,9,8,8,8,8,8,8,2.1457142857142855,0.5642857142857143,0.0,0.5,1.0,0.16666666666666666,0.0,0.5,2.1457142857142855,0.5642857142857143,0.0,0.16666666666666666,1.0,0.16666666666666666,0.0,0.16666666666666666,8,3
2018,Q1,GU,0.0,0.9,nan,nan,nan,nan,nan,nan,6,6,0,0,0,0,0,0,0.0,1.175,0.0,0.0,0.0,0.0,0.0,0.0,0.0,1.175,0.0,0.0,0.0,0.0,0.0,0.0,2,2
2018,Q1,KY,0.6166666666666667,0.19999999999999998,0.0,0.3333333333333333,1.0,0.0,0.0,0.3333333333333333,3,3,3,3,3,3,3,3,0.6166666666666667,0.19999999999999998,0.0,0.3333333333333333,1.0,0.0,0.0,0.3333333333333333,0.6166666666666667,0.19999999999999998,0.0,0.3333333333333333,1.0,0.0,0.0,0.3333333333333333,3,3
2018,Q1,SC,1.3,0.03,0.2,0.0,1.0,0.6,0.0,0.6,5,5,5,5,5,5,5,5,1.3,0.03,0.2,0.0,1.0,0.6,0.0,0.6,1.3,0.03,0.2,0.0,1.0,0.6,0.0,0.6,3,3
2018,Q1,TX,0.045,0.0,0.0,0.0,0.5,0.5,0.0,1.0,2,2,2,2,2,2,2,2,0.045,0.0,0.0,0.0,0.5,0.5,0.0,1.0,0.045,0.0,0.0,0.0,0.5,0.5,0.0,1.0,2,3
2018,Q1,UT,0.0,0.0,0.0,0.0,1.0,0.0,0.0,0.0,1,1,1,1,1,1,1,1,0.0,0.0,0.0,0.0,1.0,0.0,0.0,0.0,0.0,0.0,0.0,0.0,1.0,0.0,0.0,0.0,1,2
2018,Q2,AL,2.7322222222222226,0.33888888888888885,0.0,0.3,0.7,0.0,0.1,0.1,9,9,10,10,10,10,10,10,4.355,0.5083333333333333,0.0,0.6666666666666666,1.0,0.0,1.0,0.16666666666666666,1.63,0.0,0.0,0.0,1.0,0.0,1.0,0.0,10,6
2018,Q2,AR,1.9075,0.037500000000000006,0.0,0.0,0.875,0.125,0.0,0.25,8,8,8,8,8,8,8,8,1.9075,0.037500000000000006,0.0,0.0,0.875,0.125,0.0,0.25,1.9075,0.037500000000000006,0.0,0.0,0.875,0.125,0.0,0.25,8,6
2018,Q2,CO,1.6366666666666667,0.09999999999999999,0.3333333333333333,0.0,0.6666666666666666,0.6666666666666666,0.0,0.3333333333333333,3,3,3,3,3,3,3,3,1.94,0.15,0.5,0.0,1.0,1.0,0.0,1.0,1.485,0.15,0.5,0.0,1.0,1.0,0.0,0.0,3,6
2018,Q2,DC,1.09,0.725,0.0,0.0,0.5,0.25,0.0,0.0,4,4,4,4,4,4,4,4,1.09,0.725,0.0,0.0,0.5,0.25,0.0,0.0,1.09,0.725,0.0,0.0,0.5,0.25,0.0,0.0,2,6
2018,Q2,DE,1.0332,0.20600000000000002,0.0,0.2,0.72,0.28,0.0,0.64,25,25,25,25,25,25,25,25,1.225,0.3,0.0,0.2857142857142857,0.8571428571428571,0.42857142857142855,0.0,1.0,1.225,0.16944444444444443,0.0,0.16666666666666666,0.6666666666666666,0.2222222222222222,0.0,0.5,5,6
2018,Q2,FL,2.69,0.16666666666666666,0.0,0.0,1.0,0.0,0.0,0.6666666666666666,3,3,3,3,3,3,3,3,2.69,0.16666666666666666,0.0,0.0,1.0,0.0,0.0,0.6666666666666666,2.69,0.16666666666666666,0.0,0.0,1.0,0.0,0.0,0.6666666666666666,2,4
2018,Q2,IA,0.501304347826087,0.5499999999999999,0.13636363636363635,0.0,0.45454545454545453,0.5,0.045454545454545456,0.5454545454545454,23,23,22,22,22,22,22,22,0.5488235294117647,1.8875,0.25,0.0,1.0,1.0,0.25,1.0,0.5488235294117647,0.20882352941176469,0.11764705882352941,0.0,0.4117647058823529,0.5294117647058824,0.0,0.5294117647058824,15,6
2018,Q2,ID,1.0779999999999998,0.06999999999999999,0.0,0.0,0.25,0.5,0.0,0.5,5,5,4,4,4,4,4,4,1.0779999999999998,0.06999999999999999,0.0,0.0,0.25,0.5,0.0,0.5,1.0779999999999998,0.06999999999999999,0.0,0.0,0.25,0.5,0.0,0.5,3,6
2018,Q2,IN,0.0,0.20000000000000004,0.0,0.3333333333333333,0.3333333333333333,0.0,0.0,0.6666666666666666,3,3,3,3,3,3,3,3,0.0,0.20000000000000004,0.0,0.3333333333333333,0.3333333333333333,0.0,0.0,0.6666666666666666,0.0,0.20000000000000004,0.0,0.3333333333333333,0.3333333333333333,0.0,0.0,0.6666666666666666,3,6
2018,Q2,KY,0.9277777777777779,0.03888888888888889,0.0,0.0,0.6666666666666666,0.1111111111111111,0.0,0.7777777777777778,9,9,9,9,9,9,9,9,1.155,0.06999999999999999,0.0,0.0,0.8,0.2,0.0,1.0,0.625,0.0,0.0,0.0,0.5,0.0,0.0,1.0,9,6
2018,Q2,MA,0.675,0.35,0.0,0.25,0.5,0.0,0.0,0.5,4,4,4,4,4,4,4,4,0.675,0.35,0.0,0.25,0.5,0.0,0.0,0.5,0.675,0.35,0.0,0.25,0.5,0.0,0.0,0.5,3,6
2018,Q2,MD,0.8544444444444443,0.5166666666666666,0.05555555555555555,0.16666666666666666,0.6111111111111112,0.16666666666666666,0.05555555555555555,0.2777777777777778,18,18,18,18,18,18,18,18,0.8994117647058824,0.526470588235294,0.058823529411764705,1.0,1.0,1.0,0.058823529411764705,0.29411764705882354,0.8994117647058824,0.526470588235294,0.058823529411764705,0.11764705882352941,0.5882352941176471,0.11764705882352941,0.058823529411764705,0.29411764705882354,10,6
2018,Q2,ME,0.47428571428571425,0.3642857142857143,0.0,0.14285714285714285,0.7142857142857143,0.0,0.0,0.7142857142857143,7,7,7,7,7,7,7,7,0.47428571428571425,0.3642857142857143,0.0,0.14285714285714285,0.7142857142857143,0.0,0.0,0.7142857142857143,0.47428571428571425,0.3642857142857143,0.0,0.14285714285714285,0.7142857142857143,0.0,0.0,0.7142857142857143,7,6
2018,Q2,MI,0.7733333333333333,1.1416666666666666,0.0,0.0,0.8333333333333334,0.3333333333333333,0.0,0.6666666666666666,6,6,6,6,6,6,6,6,0.7733333333333333,1.1416666666666666,0.0,0.0,0.8333333333333334,0.3333333333333333,0.0,0.6666666666666666,0.7733333333333333,1.1416666666666666,0.0,0.0,0.8333333333333334,0.3333333333333333,0.0,0.6666666666666666,6,6
2018,Q2,MN,0.9630434782608696,0.8152173913043478,0.043478260869565216,0.043478260869565216,0.34782608695652173,0.5217391304347826,0.13043478260869565,0.8695652173913043,23,23,23,23,23,23,23,23,1.362142857142857,1.1892857142857143,0.07142857142857142,0.1111111111111111,0.5,0.5714285714285714,0.21428571428571427,1.0,0.3422222222222222,0.23333333333333334,0.0,0.1111111111111111,0.1111111111111111,0.4444444444444444,0.0,0.6666666666666666,18,6
2018,Q2,MO,1.4525,0.05833333333333334,0.0,0.18181818181818182,0.8181818181818182,0.2727272727272727,0.0,0.45454545454545453,12,12,11,11,11,11,11,11,1.458181818181818,0.06363636363636364,0.0,0.18181818181818182,0.8181818181818182,0.2727272727272727,0.0,0.45454545454545453,1.39,0.0,0.0,0.0,0.0,0.0,0.0,0.0,12,6
2018,Q2,MT,0.4225,0.1,0.0,0.0,0.5,0.875,0.0,0.875,8,8,8,8,8,8,8,8,1.48,0.1142857142857143,0.0,0.0,1.0,1.0,0.0,1.0,0.2714285714285714,0.1142857142857143,0.0,0.0,0.42857142857142855,0.8571428571428571,0.0,0.8571428571428571,6,6
2018,Q2,NC,1.0237500000000002,0.20625,0.0,0.0,0.625,0.1875,0.0625,0.5,16,16,16,16,16,16,16,16,6.07,0.35833333333333334,0.0,0.0,0.6666666666666666,0.3333333333333333,0.16666666666666666,1.0,0.5411111111111111,0.12777777777777777,0.0,0.0,0.6666666666666666,0.1111111111111111,0.0,0.4444444444444444,16,6
2018,Q2,ND,0.52,0.3333333333333333,0.0,0.16666666666666666,0.6666666666666666,0.16666666666666666,0.16666666666666666,0.6666666666666666,6,6,6,6,6,6,6,6,0.52,0.3333333333333333,0.0,0.16666666666666666,0.6666666666666666,0.16666666666666666,0.16666666666666666,0.6666666666666666,0.52,0.3333333333333333,0.0,0.16666666666666666,0.6666666666666666,0.16666666666666666,0.16666666666666666,0.6666666666666666,6,6
2018,Q2,NE,0.795,0.1375,0.0,0.0,0.25,0.25,0.0,0.75,4,4,4,4,4,4,4,4,0.795,0.1375,0.0,0.0,0.25,0.25,0.0,0.75,0.795,0.1375,0.0,0.0,0.25,0.25,0.0,0.75,2,6
2018,Q2,NJ,0.332,0.27,0.0,0.2,0.8,0.0,0.2,0.6,5,5,5,5,5,5,5,5,0.332,0.27,0.0,0.2,0.8,0.0,0.2,0.6,0.332,0.27,0.0,0.2,0.8,0.0,0.2,0.6,4,5
2018,Q2,NY,0.44499999999999995,0.0,0.0,0.0,0.5,0.0,0.0,0.5,2,2,2,2,2,2,2,2,0.44499999999999995,0.0,0.0,0.0,0.5,0.0,0.0,0.5,0.44499999999999995,0.0,0.0,0.0,0.5,0.0,0.0,0.5,2,6
2018,Q2,OH,0.16,0.5,0.0,0.0,0.5,0.0,0.0,1.0,2,2,2,2,2,2,2,2,0.32,0.9,0.0,0.0,1.0,0.0,0.0,1.0,0.32,0.9,0.0,0.0,1.0,0.0,0.0,1.0,2,5
2018,Q2,OK,2.183333333333333,0.0,0.6666666666666666,0.0,0.6666666666666666,0.3333333333333333,0.0,0.0,3,3,3,3,3,3,3,3,2.183333333333333,0.0,0.6666666666666666,0.0,0.6666666666666666,0.3333333333333333,0.0,0.0,2.183333333333333,0.0,0.6666666666666666,0.0,0.6666666666666666,0.3333333333333333,0.0,0.0,3,6
2018,Q2,OR,1.2670588235294118,0.6588235294117647,0.0,0.29411764705882354,0.6470588235294118,0.47058823529411764,0.11764705882352941,0.6470588235294118,17,17,17,17,17,17,17,17,1.6922222222222223,0.8777777777777778,0.0,0.375,0.7777777777777778,0.7777777777777778,0.25,0.75,1.6922222222222223,0.8777777777777778,0.0,0.2222222222222222,0.7777777777777778,0.7777777777777778,0.0,0.5555555555555556,9,6
2018,Q2,PA,1.189,0.22999999999999998,0.0,0.3,0.2,0.1,0.1,0.5,10,10,10,10,10,10,10,10,1.3414285714285714,0.43333333333333335,0.0,0.42857142857142855,0.3333333333333333,0.3333333333333333,0.14285714285714285,0.6666666666666666,1.3414285714285714,0.14285714285714285,0.0,0.42857142857142855,0.14285714285714285,0.0,0.14285714285714285,0.42857142857142855,8,6
2018,Q2,PR,3.6995833333333334,0.016666666666666666,0.5,0.0,1.0,0.0,0.041666666666666664,0.20833333333333334,24,24,24,24,24,24,24,24,4.988571428571428,0.03571428571428571,1.0,0.0,1.0,0.0,0.0625,0.2857142857142857,4.988571428571428,0.03571428571428571,0.5714285714285714,0.0,1.0,0.0,0.0,0.2857142857142857,19,6
2018,Q2,SC,2.4810526315789474,0.2131578947368421,0.0,0.21052631578947367,0.631578947368421,0.15789473684210525,0.05263157894736842,0.7368421052631579,19,19,19,19,19,19,19,19,2.4810526315789474,0.2131578947368421,0.0,0.21052631578947367,0.631578947368421,0.15789473684210525,0.05263157894736842,0.7368421052631579,2.4810526315789474,0.2131578947368421,0.0,0.21052631578947367,0.631578947368421,0.15789473684210525,0.05263157894736842,0.7368421052631579,11,4
2018,Q2,TN,2.174545454545455,0.1409090909090909,0.0,0.18181818181818182,1.0,0.18181818181818182,0.0,0.45454545454545453,11,11,11,11,11,11,11,11,3.5075000000000003,0.32499999999999996,0.0,0.25,1.0,0.25,0.0,0.75,1.6216666666666668,0.041666666666666664,0.0,0.16666666666666666,1.0,0.16666666666666666,0.0,0.3333333333333333,9,6
2018,Q2,TX,0.6718181818181818,0.19545454545454544,0.0,0.09090909090909091,0.5454545454545454,0.36363636363636365,0.09090909090909091,0.7272727272727273,11,11,11,11,11,11,11,11,0.8871428571428571,0.3,0.0,0.3333333333333333,1.0,0.5714285714285714,0.14285714285714285,0.8571428571428571,0.34,0.0,0.0,0.0,1.0,0.0,0.0,0.0,9,6
2018,Q2,UT,0.9375,0.22000000000000003,0.0,0.1,0.35,0.6,0.1,0.55,20,20,20,20,20,20,20,20,1.369090909090909,0.34285714285714286,0.0,0.14285714285714285,0.7142857142857143,1.0,0.14285714285714285,0.8571428571428571,1.369090909090909,0.1272727272727273,0.0,0.09090909090909091,0.18181818181818182,0.6363636363636364,0.09090909090909091,0.36363636363636365,15,6
2018,Q2,VA,0.6557142857142857,0.2714285714285714,0.0,0.14285714285714285,0.5714285714285714,0.0,0.0,0.2857142857142857,7,7,7,7,7,7,7,7,0.8975,0.3125,0.0,0.25,1.0,0.0,0.0,0.5,0.8975,0.3125,0.0,0.25,0.5,0.0,0.0,0.25,6,6
2018,Q2,VT,0.7055555555555555,0.6722222222222222,0.0,0.0,0.3333333333333333,0.0,0.0,0.4444444444444444,9,9,9,9,9,9,9,9,0.7055555555555555,0.6722222222222222,0.0,0.0,0.3333333333333333,0.0,0.0,0.4444444444444444,0.7055555555555555,0.6722222222222222,0.0,0.0,0.3333333333333333,0.0,0.0,0.4444444444444444,4,6
2018,Q2,WI,0.3875,0.2,0.0,0.0,0.5,0.25,0.0,0.625,8,8,8,8,8,8,8,8,0.3875,0.2,0.0,0.0,0.5,0.25,0.0,0.625,0.3875,0.2,0.0,0.0,0.5,0.25,0.0,0.625,8,6
2018,Q2,WV,0.9375,0.11249999999999999,0.0,0.0,0.5,0.0,0.0,0.75,8,8,8,8,8,8,8,8,0.9375,0.11249999999999999,0.0,0.0,0.5,0.0,0.0,0.75,0.9375,0.11249999999999999,0.0,0.0,0.5,0.0,0.0,0.75,7,6
2018,Q3,AK,1.176,0.7,0.0,0.1,0.3,0.0,0.0,0.4,10,10,10,10,10,10,10,10,1.176,0.7,0.0,0.1,0.3,0.0,0.0,0.4,1.176,0.7,0.0,0.1,0.3,0.0,0.0,0.4,3,7
2018,Q3,AL,3.923846153846154,0.09615384615384616,0.0,0.15384615384615385,1.0,0.07692307692307693,0.07692307692307693,0.23076923076923078,13,13,13,13,13,13,13,13,4.193333333333333,0.1388888888888889,0.0,0.25,1.0,0.25,0.25,0.3333333333333333,3.3175,0.0,0.0,0.25,1.0,0.25,0.25,0.0,12,9
2018,Q3,AR,4.496666666666667,0.03333333333333333,0.0,0.16666666666666666,0.8333333333333334,0.16666666666666666,0.0,0.0,6,6,6,6,6,6,6,6,5.82,0.075,0.0,0.5,1.0,0.5,0.0,0.0,5.035,0.025,0.0,0.0,1.0,0.0,0.0,0.0,6,9
2018,Q3,CA,1.904,0.034999999999999996,0.125,0.0,1.0,0.0,0.0,0.0,10,10,8,8,8,8,8,8,1.904,0.034999999999999996,0.125,0.0,1.0,0.0,0.0,0.0,1.904,0.034999999999999996,0.125,0.0,1.0,0.0,0.0,0.0,3,9
2018,Q3,CO,2.2857142857142856,0.024999999999999998,0.0,0.07142857142857142,0.14285714285714285,0.0,0.0,0.14285714285714285,14,14,14,14,14,14,14,14,8.96,0.049999999999999996,0.0,0.2,0.5,0.0,0.0,0.2,8.96,0.0,0.0,0.0,0.5,0.0,0.0,0.0,10,9
2018,Q3,DC,2.7783333333333338,0.19166666666666665,0.16666666666666666,0.0,0.6666666666666666,0.3333333333333333,0.0,0.0,6,6,6,6,6,6,6,6,5.585,0.3,0.5,0.0,1.0,0.5,0.0,0.0,5.585,0.05,0.5,0.0,1.0,0.5,0.0,0.0,3,9
2018,Q3,DE,1.662,0.10333333333333332,0.26666666666666666,0.13333333333333333,0.6666666666666666,0.06666666666666667,0.0,0.26666666666666666,15,15,15,15,15,15,15,15,2.494,0.4,0.4,0.2,1.0,0.2,0.0,1.0,2.494,0.18,0.4,0.2,1.0,0.2,0.0,0.2,7,9
2018,Q3,FL,1.198,0.18666666666666665,0.21428571428571427,0.07142857142857142,0.9285714285714286,0.35714285714285715,0.07142857142857142,0.35714285714285715,15,15,14,14,14,14,14,14,2.194,0.22000000000000003,1.0,0.1111111111111111,1.0,0.75,0.25,0.4444444444444444,0.7455555555555555,0.18888888888888888,0.0,0.1111111111111111,0.8888888888888888,0.2222222222222222,0.0,0.4444444444444444,14,9
2018,Q3,GA,2.1869565217391305,0.021739130434782608,0.2608695652173913,0.0,0.9565217391304348,0.13043478260869565,0.043478260869565216,0.2608695652173913,23,23,23,23,23,23,23,23,3.8757142857142854,0.05714285714285715,0.42857142857142855,0.0,1.0,0.42857142857142855,0.14285714285714285,0.2857142857142857,3.8757142857142854,0.05714285714285715,0.42857142857142855,0.0,0.8571428571428571,0.42857142857142855,0.14285714285714285,0.2857142857142857,18,9
2018,Q3,GU,0.0,1.2227272727272729,0.0,0.0,0.0,0.0,0.0,0.0,11,11,11,11,11,11,11,11,0.0,1.2227272727272729,0.0,0.0,0.0,0.0,0.0,0.0,0.0,1.2227272727272729,0.0,0.0,0.0,0.0,0.0,0.0,1,8
2018,Q3,ID,2.586315789473684,0.04473684210526316,0.0,0.10526315789473684,0.5789473684210527,0.10526315789473684,0.0,0.2631578947368421,19,19,19,19,19,19,19,19,5.346666666666667,0.07083333333333333,0.0,0.16666666666666666,1.0,0.16666666666666666,0.0,0.4166666666666667,5.346666666666667,0.0,0.0,0.16666666666666666,0.5,0.0,0.0,0.0,16,9
2018,Q3,IN,2.317142857142857,0.08571428571428572,0.07142857142857142,0.0,0.7857142857142857,0.14285714285714285,0.07142857142857142,0.2857142857142857,14,14,14,14,14,14,14,14,2.5875,0.175,0.25,0.0,1.0,0.2857142857142857,0.14285714285714285,0.3333333333333333,2.5875,0.175,0.25,0.0,0.75,0.0,0.0,0.25,10,9
2018,Q3,KY,2.3649999999999998,0.005,0.1,0.0,0.9,0.2,0.0,0.3,10,10,10,10,10,10,10,10,3.165,0.025,0.5,0.0,1.0,0.5,0.0,0.5,3.165,0.025,0.5,0.0,1.0,0.0,0.0,0.5,10,9
2018,Q3,LA,3.43875,0.075,0.0625,0.0625,0.875,0.125,0.0,0.0,16,16,16,16,16,16,16,16,3.6149999999999998,0.475,0.1111111111111111,0.5,1.0,0.4,0.0,0.0,3.6149999999999998,0.475,0.0,0.5,1.0,0.0,0.0,0.0,12,9
2018,Q3,MA,2.69,0.0225,0.0,0.15,0.8,0.15,0.0,0.25,20,20,20,20,20,20,20,20,4.071111111111112,0.027777777777777776,0.0,0.3333333333333333,1.0,0.5,0.0,0.5,4.071111111111112,0.027777777777777776,0.0,0.3333333333333333,1.0,0.0,0.0,0.1111111111111111,16,9
2018,Q3,MD,3.251333333333333,0.02666666666666667,0.2,0.0,0.7333333333333333,0.26666666666666666,0.0,0.0,15,15,15,15,15,15,15,15,3.9899999999999998,0.05714285714285715,0.42857142857142855,0.0,0.8571428571428571,0.42857142857142855,0.0,0.0,3.9899999999999998,0.05714285714285715,0.42857142857142855,0.0,0.8571428571428571,0.42857142857142855,0.0,0.0,9,9
2018,Q3,ME,2.120588235294118,0.15000000000000002,0.0,0.11764705882352941,0.8823529411764706,0.17647058823529413,0.0,0.29411764705882354,17,17,17,17,17,17,17,17,2.9811111111111113,0.23333333333333334,0.0,0.25,1.0,0.5,0.0,0.4444444444444444,2.9811111111111113,0.23333333333333334,0.0,0.1111111111111111,1.0,0.1111111111111111,0.0,0.4444444444444444,16,9
2018,Q3,MI,5.747777777777777,0.049999999999999996,0.0,0.1111111111111111,1.0,0.2222222222222222,0.0,0.2222222222222222,9,9,9,9,9,9,9,9,8.315999999999999,0.09,0.0,0.2,1.0,0.3333333333333333,0.0,0.4,8.315999999999999,0.09,0.0,0.2,1.0,0.2,0.0,0.4,9,9
2018,Q3,MN,2.941,0.23999999999999994,0.3,0.0,0.8,0.0,0.0,0.2,10,10,10,10,10,10,10,10,3.7249999999999996,0.29166666666666663,0.5,0.0,0.8333333333333334,0.0,0.0,0.25,3.7249999999999996,0.29166666666666663,0.5,0.0,0.8333333333333334,0.0,0.0,0.16666666666666666,9,9
2018,Q3,MT,1.888,0.0325,0.0,0.1,0.85,0.3,0.05,0.4,20,20,20,20,20,20,20,20,3.3775,0.08,0.0,0.4,1.0,0.5714285714285714,0.14285714285714285,0.6,3.3775,0.0,0.0,0.0,1.0,0.125,0.0,0.25,17,9
2018,Q3,ND,4.120555555555556,0.2777777777777778,0.0,0.058823529411764705,0.8823529411764706,0.29411764705882354,0.058823529411764705,0.47058823529411764,18,18,17,17,17,17,17,17,7.002,0.30625,0.0,0.1111111111111111,1.0,0.625,0.125,0.875,7.002,0.255,0.0,0.1111111111111111,1.0,0.0,0.0,0.1111111111111111,10,9
2018,Q3,NE,2.9415,0.125,0.0,0.0,0.6842105263157895,0.21052631578947367,0.10526315789473684,0.10526315789473684,20,20,19,19,19,19,19,19,4.378333333333333,0.18333333333333335,0.0,0.0,1.0,0.4,0.2,0.25,4.378333333333333,0.025000000000000005,0.0,0.0,1.0,0.0,0.0,0.0,10,9
2018,Q3,NJ,0.66,0.0,0.0,0.0,0.0,0.0,0.0,0.0,1,1,1,1,1,1,1,1,0.66,0.0,0.0,0.0,0.0,0.0,0.0,0.0,0.66,0.0,0.0,0.0,0.0,0.0,0.0,0.0,1,7
2018,Q3,NV,3.225882352941176,0.2277777777777778,0.2222222222222222,0.05555555555555555,0.8888888888888888,0.05555555555555555,0.0,0.4444444444444444,17,18,18,18,18,18,18,18,4.341666666666666,0.5571428571428572,0.2727272727272727,0.09090909090909091,1.0,0.14285714285714285,0.0,0.45454545454545453,2.617272727272727,0.018181818181818184,0.2727272727272727,0.09090909090909091,0.8181818181818182,0.0,0.0,0.45454545454545453,7,9
2018,Q3,NY,2.850588235294117,0.11176470588235293,0.17647058823529413,0.11764705882352941,0.6470588235294118,0.47058823529411764,0.0,0.23529411764705882,17,17,17,17,17,17,17,17,6.01,0.2,0.3333333333333333,0.16666666666666666,1.0,0.5,0.0,0.3333333333333333,6.01,0.2,0.25,0.0,1.0,0.5,0.0,0.0,17,9
2018,Q3,OH,4.028235294117646,0.03235294117647059,0.29411764705882354,0.058823529411764705,0.9411764705882353,0.17647058823529413,0.058823529411764705,0.17647058823529413,17,17,17,17,17,17,17,17,13.126666666666665,0.09166666666666667,1.0,0.3333333333333333,1.0,0.25,0.16666666666666666,0.3333333333333333,13.126666666666665,0.0,1.0,0.3333333333333333,1.0,0.0,0.0,0.3333333333333333,14,9
2018,Q3,OK,2.779333333333333,0.060000000000000005,0.26666666666666666,0.0,0.6,0.0,0.0,0.06666666666666667,15,15,15,15,15,15,15,15,3.2275,0.1,0.3333333333333333,0.0,1.0,0.0,0.0,0.1111111111111111,3.2275,0.075,0.25,0.0,1.0,0.0,0.0,0.0,12,9
2018,Q3,OR,5.540869565217392,0.02391304347826087,0.2608695652173913,0.08695652173913043,0.8695652173913043,0.21739130434782608,0.0,0.34782608695652173,23,23,23,23,23,23,23,23,6.1240000000000006,0.03,0.38461538461538464,0.1,0.9,0.3076923076923077,0.0,0.5,6.1240000000000006,0.03,0.1,0.1,0.9,0.1,0.0,0.5,12,9
2018,Q3,PA,3.104117647058824,0.12941176470588234,0.0,0.11764705882352941,0.7058823529411765,0.17647058823529413,0.058823529411764705,0.23529411764705882,17,17,17,17,17,17,17,17,9.395,0.15,0.0,0.3333333333333333,1.0,0.5,0.08333333333333333,0.5,9.395,0.15,0.0,0.0,1.0,0.5,0.0,0.5,15,9
2018,Q3,SD,5.116250000000001,0.146875,0.25,0.25,0.6875,0.25,0.0,0.125,16,16,16,16,16,16,16,16,8.998750000000001,0.2333333333333333,0.3333333333333333,0.375,0.75,0.375,0.0,0.3333333333333333,8.998750000000001,0.1125,0.25,0.375,0.75,0.375,0.0,0.0,13,9
2018,Q3,TX,0.9540000000000001,0.0,0.0,0.0,0.8,0.0,0.0,0.0,5,5,5,5,5,5,5,5,0.9540000000000001,0.0,0.0,0.0,0.8,0.0,0.0,0.0,0.9540000000000001,0.0,0.0,0.0,0.8,0.0,0.0,0.0,5,8
2018,Q3,UT,2.7725000000000004,0.004166666666666667,0.0,0.16666666666666666,0.5,0.16666666666666666,0.0,0.25,12,12,12,12,12,12,12,12,4.256,0.0125,0.0,0.3333333333333333,0.8,0.25,0.0,0.5,4.256,0.0,0.0,0.0,0.8,0.2,0.0,0.0,8,9
2018,Q3,VA,1.36,0.1,0.0,0.0,0.4,0.0,0.0,0.4,5,5,5,5,5,5,5,5,1.36,0.1,0.0,0.0,0.4,0.0,0.0,0.4,1.36,0.1,0.0,0.0,0.4,0.0,0.0,0.4,5,7
2018,Q3,VT,3.6566666666666663,0.14444444444444446,0.4444444444444444,0.2222222222222222,0.7777777777777778,0.0,0.0,0.0,9,9,9,9,9,9,9,9,4.492,0.2,0.6,0.25,1.0,0.0,0.0,0.0,4.492,0.2,0.6,0.2,1.0,0.0,0.0,0.0,4,9
2018,Q3,WA,3.428181818181818,0.05,0.25,0.08333333333333333,0.75,0.08333333333333333,0.0,0.3333333333333333,11,11,12,12,12,12,12,12,5.0,0.05625,0.3333333333333333,0.1111111111111111,1.0,0.5,0.0,1.0,3.1875,0.05625,0.3333333333333333,0.1111111111111111,0.6666666666666666,0.0,0.0,0.2222222222222222,8,9
2018,Q3,WI,2.0928571428571425,0.29285714285714287,0.07142857142857142,0.0,0.5714285714285714,0.2857142857142857,0.07142857142857142,0.21428571428571427,14,14,14,14,14,14,14,14,3.058,0.4875,0.2,0.0,0.75,0.5,0.25,0.6,3.058,0.04,0.2,0.0,0.6,0.2,0.0,0.0,13,9
2018,Q3,WV,2.4525,0.11875,0.0625,0.0,0.75,0.125,0.0,0.125,16,16,16,16,16,16,16,16,3.9625000000000004,0.19999999999999998,0.14285714285714285,0.0,0.8,0.2,0.0,0.25,3.9625000000000004,0.049999999999999996,0.0,0.0,0.75,0.0,0.0,0.25,15,9
2018,Q4,AL,5.232,0.04,0.0,0.1111111111111111,0.8888888888888888,0.0,0.0,0.0,10,10,9,9,9,9,9,9,5.78375,0.05,0.0,0.14285714285714285,1.0,0.0,0.0,0.0,3.025,0.05,0.0,0.0,0.5,0.0,0.0,0.0,10,11
2018,Q4,AR,9.468571428571428,0.028571428571428574,0.14285714285714285,0.0,1.0,0.0,0.0,0.14285714285714285,7,7,7,7,7,7,7,7,9.468571428571428,0.028571428571428574,0.14285714285714285,0.0,1.0,0.0,0.0,0.14285714285714285,9.468571428571428,0.028571428571428574,0.14285714285714285,0.0,1.0,0.0,0.0,0.14285714285714285,7,10
2018,Q4,CA,0.9500000000000001,0.016666666666666666,0.6666666666666666,0.0,1.0,0.0,0.0,0.6666666666666666,3,3,3,3,3,3,3,3,0.9500000000000001,0.016666666666666666,0.6666666666666666,0.0,1.0,0.0,0.0,0.6666666666666666,0.9500000000000001,0.016666666666666666,0.6666666666666666,0.0,1.0,0.0,0.0,0.6666666666666666,0,10
2018,Q4,DC,9.013571428571428,0.1392857142857143,0.5714285714285714,0.07142857142857142,1.0,0.35714285714285715,0.0,0.0,14,14,14,14,14,14,14,14,9.013571428571428,0.1392857142857143,0.5714285714285714,0.07142857142857142,1.0,0.35714285714285715,0.0,0.0,9.013571428571428,0.1392857142857143,0.5714285714285714,0.07142857142857142,1.0,0.35714285714285715,0.0,0.0,1,10
2018,Q4,DE,5.895,0.2916666666666667,0.3333333333333333,0.0,0.8333333333333334,0.0,0.0,0.0,6,6,6,6,6,6,6,6,5.895,0.2916666666666667,0.3333333333333333,0.0,0.8333333333333334,0.0,0.0,0.0,5.895,0.2916666666666667,0.3333333333333333,0.0,0.8333333333333334,0.0,0.0,0.0,3,10
2018,Q4,FL,1.6788888888888889,0.5777777777777778,0.4444444444444444,0.0,1.0,0.4444444444444444,0.0,0.2222222222222222,9,9,9,9,9,9,9,9,3.25,2.7,1.0,0.0,1.0,0.5714285714285714,0.0,0.2857142857142857,3.25,2.7,1.0,0.0,1.0,0.0,0.0,0.0,9,12
2018,Q4,GA,1.435,0.037500000000000006,0.0,0.0,1.0,0.25,0.0,0.0,4,4,4,4,4,4,4,4,1.435,0.037500000000000006,0.0,0.0,1.0,0.25,0.0,0.0,1.435,0.037500000000000006,0.0,0.0,1.0,0.25,0.0,0.0,4,10
2018,Q4,GU,0.0,0.85,nan,nan,nan,nan,nan,nan,1,1,0,0,0,0,0,0,0.0,0.85,0.0,0.0,0.0,0.0,0.0,0.0,0.0,0.85,0.0,0.0,0.0,0.0,0.0,0.0,1,12
2018,Q4,IN,4.909999999999999,0.19285714285714287,0.42857142857142855,0.0,1.0,0.42857142857142855,0.14285714285714285,0.2857142857142857,7,7,7,7,7,7,7,7,4.909999999999999,0.19285714285714287,0.42857142857142855,0.0,1.0,0.42857142857142855,0.14285714285714285,0.2857142857142857,4.909999999999999,0.19285714285714287,0.42857142857142855,0.0,1.0,0.42857142857142855,0.14285714285714285,0.2857142857142857,6,10
2018,Q4,KY,3.8033333333333332,0.0,0.0,0.3333333333333333,1.0,0.0,0.0,1.0,3,3,3,3,3,3,3,3,3.8033333333333332,0.0,0.0,0.3333333333333333,1.0,0.0,0.0,1.0,3.8033333333333332,0.0,0.0,0.3333333333333333,1.0,0.0,0.0,1.0,3,10
2018,Q4,LA,2.1037500000000002,0.05,0.0,0.125,0.625,0.0,0.0,0.5,8,8,8,8,8,8,8,8,2.1037500000000002,0.05,0.0,0.125,0.625,0.0,0.0,0.5,2.1037500000000002,0.05,0.0,0.125,0.625,0.0,0.0,0.5,6,10
2018,Q4,MD,4.75,0.09999999999999999,0.25,0.25,0.75,0.0,0.0,0.0,4,3,4,4,4,4,4,4,4.75,0.09999999999999999,0.25,0.25,0.75,0.0,0.0,0.0,4.75,0.09999999999999999,0.25,0.25,0.75,0.0,0.0,0.0,3,10
2018,Q4,MI,7.338888888888889,0.11666666666666667,0.0,0.375,0.875,0.375,0.0,0.125,9,9,8,8,8,8,8,8,7.338888888888889,0.11666666666666667,0.0,0.375,0.875,0.375,0.0,0.125,7.338888888888889,0.11666666666666667,0.0,0.375,0.875,0.375,0.0,0.125,9,10
2018,Q4,MN,9.065999999999999,0.06,0.8,0.0,0.4,0.4,0.0,0.0,5,5,5,5,5,5,5,5,9.065999999999999,0.06,0.8,0.0,0.4,0.4,0.0,0.0,9.065999999999999,0.06,0.8,0.0,0.4,0.4,0.0,0.0,5,10
2018,Q4,NV,2.835,0.0,0.0,0.0,0.75,0.0,0.0,0.0,4,4,4,4,4,4,4,4,2.835,0.0,0.0,0.0,0.75,0.0,0.0,0.0,2.835,0.0,0.0,0.0,0.75,0.0,0.0,0.0,3,10
2018,Q4,NY,2.284,0.02,0.8,0.0,1.0,0.2,0.2,0.0,5,5,5,5,5,5,5,5,3.29,0.025,1.0,0.0,1.0,0.25,0.25,0.0,3.29,0.0,1.0,0.0,1.0,0.0,0.0,0.0,5,11
2018,Q4,OH,6.275,0.29,0.2,0.0,1.0,0.4,0.0,0.2,4,5,5,5,5,5,5,5,6.275,0.29,0.2,0.0,1.0,0.4,0.0,0.2,6.275,0.29,0.2,0.0,1.0,0.4,0.0,0.2,4,10
2018,Q4,OK,2.483333333333333,0.049999999999999996,0.2,0.0,0.8,0.2,0.0,0.2,6,6,5,5,5,5,5,5,2.483333333333333,0.049999999999999996,0.2,0.0,0.8,0.2,0.0,0.2,2.483333333333333,0.049999999999999996,0.2,0.0,0.8,0.2,0.0,0.2,6,10
2018,Q4,OR,1.18,0.0,1.0,0.0,1.0,0.0,0.0,1.0,1,1,1,1,1,1,1,1,1.18,0.0,1.0,0.0,1.0,0.0,0.0,1.0,1.18,0.0,1.0,0.0,1.0,0.0,0.0,1.0,1,10
2018,Q4,PA,4.687142857142857,0.014285714285714287,0.2857142857142857,0.0,1.0,0.0,0.0,0.5714285714285714,7,7,7,7,7,7,7,7,5.233333333333333,0.016666666666666666,0.3333333333333333,0.0,1.0,0.0,0.0,1.0,1.41,0.0,0.0,0.0,1.0,0.0,0.0,1.0,7,11
2018,Q4,SC,2.56,0.05,0.0,0.0,1.0,0.0,0.0,0.0,1,1,1,1,1,1,1,1,2.56,0.05,0.0,0.0,1.0,0.0,0.0,0.0,2.56,0.05,0.0,0.0,1.0,0.0,0.0,0.0,1,10
2018,Q4,SD,10.02875,0.38749999999999996,0.25,0.125,1.0,0.375,0.0,0.125,8,8,8,8,8,8,8,8,10.02875,0.38749999999999996,0.25,0.125,1.0,0.375,0.0,0.125,10.02875,0.38749999999999996,0.25,0.125,1.0,0.375,0.0,0.125,8,10
2018,Q4,TX,1.797142857142857,0.125,0.23076923076923078,0.0,0.38461538461538464,0.0,0.0,0.38461538461538464,14,14,13,13,13,13,13,13,2.162,0.24,0.2857142857142857,0.0,0.5,0.0,0.0,1.0,0.0,0.0,0.0,0.0,0.0,0.0,0.0,1.0,10,12
2018,Q4,UT,11.363333333333335,0.024999999999999998,0.3333333333333333,0.0,0.8333333333333334,0.16666666666666666,0.0,0.16666666666666666,6,6,6,6,6,6,6,6,12.3125,0.0375,0.5,0.0,1.0,0.5,0.0,0.5,9.465,0.0,0.0,0.0,1.0,0.5,0.0,0.5,6,11
2018,Q4,VT,2.3000000000000003,0.0,0.3333333333333333,0.5,1.0,0.0,0.0,0.0,6,6,6,6,6,6,6,6,2.3000000000000003,0.0,0.3333333333333333,0.5,1.0,0.0,0.0,0.0,2.3000000000000003,0.0,0.3333333333333333,0.5,1.0,0.0,0.0,0.0,2,10
2018,Q4,WA,7.54,0.016666666666666666,0.0,0.0,0.6666666666666666,0.3333333333333333,0.0,0.0,3,3,3,3,3,3,3,3,7.54,0.016666666666666666,0.0,0.0,0.6666666666666666,0.3333333333333333,0.0,0.0,7.54,0.016666666666666666,0.0,0.0,0.6666666666666666,0.3333333333333333,0.0,0.0,1,10
2018,Q4,WI,4.535,0.0,1.0,0.0,1.0,0.0,0.0,0.0,2,2,2,2,2,2,2,2,4.535,0.0,1.0,0.0,1.0,0.0,0.0,0.0,4.535,0.0,1.0,0.0,1.0,0.0,0.0,0.0,2,10
2019,Q1,AR,2.83,0.0,0.0,0.0,0.6666666666666666,0.0,0.0,0.0,3,3,3,3,3,3,3,3,4.01,0.0,0.0,0.0,1.0,0.0,0.0,0.0,4.01,0.0,0.0,0.0,0.5,0.0,0.0,0.0,3,2
2019,Q1,CA,0.5404166666666667,1.2791666666666668,0.125,0.08333333333333333,0.5416666666666666,0.4166666666666667,0.0,0.7083333333333334,24,24,24,24,24,24,24,24,0.8450000000000001,1.5150000000000001,0.25,0.1,0.55,0.5,0.0,0.8,0.4795,1.5150000000000001,0.1,0.1,0.55,0.5,0.0,0.8,9,2
2019,Q1,GU,0.027000000000000003,0.05500000000000001,0.0,0.0,0.0,0.0,0.0,0.0,10,10,10,10,10,10,10,10,0.027000000000000003,0.05500000000000001,0.0,0.0,0.0,0.0,0.0,0.0,0.027000000000000003,0.05500000000000001,0.0,0.0,0.0,0.0,0.0,0.0,8,1
2019,Q1,HI,1.3487500000000001,1.05625,0.25,0.0,0.375,0.125,0.0,0.0,8,8,8,8,8,8,8,8,1.3487500000000001,1.05625,0.25,0.0,0.375,0.125,0.0,0.0,1.3487500000000001,1.05625,0.25,0.0,0.375,0.125,0.0,0.0,3,3
2019,Q1,SC,2.022,0.18,0.0,0.0,0.4,0.0,0.0,0.0,5,5,5,5,5,5,5,5,2.78,0.4,0.0,0.0,1.0,0.0,0.0,0.0,2.78,0.4,0.0,0.0,1.0,0.0,0.0,0.0,5,3
2019,Q1,TX,0.57,0.65,0.0,0.0,0.3333333333333333,1.0,0.0,0.6666666666666666,3,3,3,3,3,3,3,3,0.76,0.975,0.0,0.0,1.0,1.0,0.0,1.0,0.76,0.975,0.0,0.0,0.0,1.0,0.0,0.5,3,3
2019,Q2,AK,0.6539999999999999,0.32,0.0,0.0,0.4,0.2,0.0,0.6,5,5,5,5,5,5,5,5,0.6539999999999999,0.32,0.0,0.0,0.4,0.2,0.0,0.6,0.6539999999999999,0.32,0.0,0.0,0.4,0.2,0.0,0.6,3,6
2019,Q2,AL,4.004545454545455,0.045454545454545456,0.0,0.0,1.0,0.2,0.0,0.1,11,11,10,10,10,10,10,10,4.932,0.06999999999999999,0.0,0.0,1.0,0.4,0.0,0.2,2.61,0.016666666666666666,0.0,0.0,1.0,0.0,0.0,0.0,11,6
2019,Q2,AR,4.141111111111111,0.011111111111111112,0.1111111111111111,0.0,0.8888888888888888,0.3333333333333333,0.1111111111111111,0.2222222222222222,9,9,9,9,9,9,9,9,4.141111111111111,0.011111111111111112,0.1111111111111111,0.0,0.8888888888888888,0.3333333333333333,0.1111111111111111,0.2222222222222222,4.141111111111111,0.011111111111111112,0.1111111111111111,0.0,0.8888888888888888,0.3333333333333333,0.1111111111111111,0.2222222222222222,9,6
2019,Q2,DC,2.0637499999999998,0.44375000000000003,0.0,0.125,0.5,0.25,0.0,0.25,8,8,8,8,8,8,8,8,2.7424999999999997,0.7375,0.0,0.3333333333333333,1.0,1.0,0.0,1.0,2.7424999999999997,0.7375,0.0,0.0,0.5,0.25,0.0,0.25,3,6
2019,Q2,DE,1.5339999999999998,0.15,0.0,0.0,0.4,0.6,0.0,0.4,5,5,5,5,5,5,5,5,2.07,0.22499999999999998,0.0,0.0,0.5,0.6666666666666666,0.0,1.0,2.07,0.09999999999999999,0.0,0.0,0.3333333333333333,0.6666666666666666,0.0,0.0,3,6
2019,Q2,GA,2.4837499999999997,0.1625,0.0,0.0,0.625,0.125,0.0,0.125,8,8,8,8,8,8,8,8,3.2800000000000002,0.5,0.0,0.0,1.0,0.5,0.0,0.16666666666666666,2.2183333333333333,0.049999999999999996,0.0,0.0,0.5,0.0,0.0,0.16666666666666666,8,6
2019,Q2,GU,0.0,0.575,nan,nan,nan,nan,nan,nan,2,2,0,0,0,0,0,0,0.0,0.575,0.0,0.0,0.0,0.0,0.0,0.0,0.0,0.575,0.0,0.0,0.0,0.0,0.0,0.0,2,4
2019,Q2,HI,0.7369999999999999,0.6900000000000001,0.0,0.1,0.7,0.1,0.0,0.5,10,10,10,10,10,10,10,10,0.9366666666666666,0.8999999999999999,0.0,0.14285714285714285,0.8571428571428571,0.14285714285714285,0.0,0.7142857142857143,0.6514285714285714,0.6,0.0,0.14285714285714285,0.8571428571428571,0.14285714285714285,0.0,0.7142857142857143,6,6
2019,Q2,ID,0.658125,0.384375,0.125,0.0,0.3125,0.6875,0.0,0.5625,16,16,16,16,16,16,16,16,0.658125,0.384375,0.125,0.0,0.3125,0.6875,0.0,0.5625,0.658125,0.384375,0.125,0.0,0.3125,0.6875,0.0,0.5625,10,6
2019,Q2,IN,3.7275,0.125,0.25,0.0,0.5,0.25,0.0,0.5,4,4,4,4,4,4,4,4,3.7275,0.125,0.25,0.0,0.5,0.25,0.0,0.5,3.7275,0.125,0.25,0.0,0.5,0.25,0.0,0.5,4,6
2019,Q2,KY,1.6918181818181817,0.32272727272727275,0.0,0.18181818181818182,0.5454545454545454,0.36363636363636365,0.0,0.6363636363636364,11,11,11,11,11,11,11,11,5.97,0.42500000000000004,0.0,0.3333333333333333,0.6666666666666666,0.5,0.0,1.0,5.97,0.25,0.0,0.0,0.5,0.0,0.0,0.5,11,6
2019,Q2,MA,0.5583333333333333,0.11666666666666668,0.0,0.16666666666666666,0.5,0.6666666666666666,0.0,0.5,6,6,6,6,6,6,6,6,0.5583333333333333,0.11666666666666668,0.0,0.16666666666666666,0.5,0.6666666666666666,0.0,0.5,0.5583333333333333,0.11666666666666668,0.0,0.16666666666666666,0.5,0.6666666666666666,0.0,0.5,3,6
2019,Q2,MD,1.1890909090909092,0.08636363636363636,0.0,0.09090909090909091,0.36363636363636365,0.09090909090909091,0.0,0.45454545454545453,11,11,11,11,11,11,11,11,1.23,0.09,0.0,0.16666666666666666,0.6666666666666666,0.16666666666666666,0.0,0.5,1.155,0.08333333333333333,0.0,0.16666666666666666,0.6666666666666666,0.16666666666666666,0.0,0.5,5,6
2019,Q2,ME,0.5355555555555556,2.2944444444444443,0.1111111111111111,0.1111111111111111,0.6666666666666666,0.0,0.0,0.4444444444444444,9,9,9,9,9,9,9,9,1.0999999999999999,3.4166666666666665,0.3333333333333333,0.16666666666666666,1.0,0.0,0.0,0.6666666666666666,1.0999999999999999,0.049999999999999996,0.3333333333333333,0.0,1.0,0.0,0.0,0.0,8,6
2019,Q2,MI,0.43555555555555553,0.26666666666666666,0.0,0.1111111111111111,0.4444444444444444,0.3333333333333333,0.0,0.5555555555555556,9,9,9,9,9,9,9,9,0.43555555555555553,0.26666666666666666,0.0,0.1111111111111111,0.4444444444444444,0.3333333333333333,0.0,0.5555555555555556,0.43555555555555553,0.26666666666666666,0.0,0.1111111111111111,0.4444444444444444,0.3333333333333333,0.0,0.5555555555555556,9,6
2019,Q2,MN,0.914,0.5700000000000001,0.0,0.0,0.1,0.3,0.0,0.7,10,10,10,10,10,10,10,10,0.914,0.5700000000000001,0.0,0.0,0.1,0.3,0.0,0.7,0.914,0.5700000000000001,0.0,0.0,0.1,0.3,0.0,0.7,8,6
2019,Q2,MT,0.6388888888888888,0.7111111111111111,0.0,0.0,0.6666666666666666,0.2222222222222222,0.0,0.6666666666666666,9,9,9,9,9,9,9,9,2.08,2.0,0.0,0.0,1.0,0.25,0.0,0.75,0.45875000000000005,0.55,0.0,0.0,0.625,0.25,0.0,0.75,6,6
2019,Q2,ND,0.0,0.775,0.0,0.0,0.2,0.2,0.0,0.6,4,4,5,5,5,5,5,5,0.0,0.775,0.0,0.0,0.2,0.2,0.0,0.6,0.0,0.775,0.0,0.0,0.2,0.2,0.0,0.6,5,6
2019,Q2,NE,1.6483333333333334,0.21666666666666667,0.0,0.0,0.5,0.5,0.0,0.5,6,6,6,6,6,6,6,6,1.6483333333333334,0.21666666666666667,0.0,0.0,0.5,0.5,0.0,0.5,1.6483333333333334,0.21666666666666667,0.0,0.0,0.5,0.5,0.0,0.5,3,6
2019,Q2,NY,0.7999999999999999,0.7642857142857143,0.0,0.14285714285714285,0.5714285714285714,0.14285714285714285,0.0,0.42857142857142855,7,7,7,7,7,7,7,7,0.8133333333333334,0.8250000000000001,0.0,0.16666666666666666,0.6666666666666666,0.16666666666666666,0.0,0.5,0.72,0.4,0.0,0.0,0.0,0.0,0.0,0.0,6,6
2019,Q2,OH,0.1,0.1,0.0,0.0,0.5,0.0,0.0,0.5,2,2,2,2,2,2,2,2,0.11,0.15,0.0,0.0,1.0,0.0,0.0,1.0,0.11,0.15,0.0,0.0,0.0,0.0,0.0,0.0,2,6
2019,Q2,OR,0.6271428571428571,0.65,0.0,0.0,0.2857142857142857,0.2857142857142857,0.0,0.8571428571428571,7,7,7,7,7,7,7,7,1.0,0.8125,0.0,0.0,0.3333333333333333,0.3333333333333333,0.0,1.0,1.0,0.43333333333333335,0.0,0.0,0.3333333333333333,0.3333333333333333,0.0,1.0,5,6
2019,Q2,PA,0.35555555555555557,0.6444444444444444,0.0,0.1111111111111111,0.5555555555555556,0.2222222222222222,0.0,0.5555555555555556,9,9,9,9,9,9,9,9,0.3825,1.3125,0.0,0.2,0.75,0.25,0.0,0.75,0.33399999999999996,0.11000000000000001,0.0,0.2,0.4,0.2,0.0,0.4,8,6
2019,Q2,SC,3.3333333333333335,0.1527777777777778,0.0,0.1111111111111111,0.6666666666666666,0.3333333333333333,0.0,0.6666666666666666,18,18,18,18,18,18,18,18,3.887272727272727,0.3071428571428571,0.0,0.14285714285714285,0.7272727272727273,0.5714285714285714,0.0,0.7142857142857143,3.887272727272727,0.05454545454545456,0.0,0.09090909090909091,0.7272727272727273,0.18181818181818182,0.0,0.6363636363636364,16,5
2019,Q2,TN,1.7552941176470591,0.20882352941176469,0.05263157894736842,0.0,0.7368421052631579,0.15789473684210525,0.05263157894736842,0.3684210526315789,17,17,19,19,19,19,19,19,2.1766666666666667,0.2727272727272727,0.08333333333333333,0.0,1.0,0.25,0.08333333333333333,0.6666666666666666,2.1766666666666667,0.016666666666666666,0.0,0.0,1.0,0.0,0.0,0.25,15,6
2019,Q2,TX,0.27749999999999997,0.29375,0.0,0.125,0.5,0.125,0.0,0.625,8,8,8,8,8,8,8,8,0.31,0.425,0.0,0.5,0.75,0.5,0.0,1.0,0.31,0.2,0.0,0.5,0.5,0.5,0.0,0.0,8,6
2019,Q2,UT,0.4436363636363636,0.19090909090909092,0.18181818181818182,0.09090909090909091,0.36363636363636365,0.7272727272727273,0.0,0.6363636363636364,11,11,11,11,11,11,11,11,0.69,0.65,1.0,0.125,0.5,1.0,0.0,1.0,0.38875,0.05,0.0,0.125,0.375,0.75,0.0,0.5,9,6
2019,Q2,VA,3.836666666666667,0.15555555555555556,0.0,0.0,0.8888888888888888,0.3333333333333333,0.0,0.2222222222222222,9,9,9,9,9,9,9,9,4.48,0.35000000000000003,0.0,0.0,1.0,0.4,0.0,0.4,3.322,0.0,0.0,0.0,0.8,0.4,0.0,0.4,8,6
2019,Q2,VT,0.392,0.24500000000000002,0.0,0.1,0.1,0.0,0.0,0.1,10,10,10,10,10,10,10,10,0.392,0.24500000000000002,0.0,0.1,0.1,0.0,0.0,0.1,0.392,0.24500000000000002,0.0,0.1,0.1,0.0,0.0,0.1,4,6
2019,Q2,WI,1.711111111111111,0.9333333333333333,0.1111111111111111,0.1111111111111111,0.4444444444444444,0.2222222222222222,0.0,0.6666666666666666,9,9,9,9,9,9,9,9,2.6799999999999997,2.025,0.14285714285714285,0.14285714285714285,0.5,0.5,0.0,0.7142857142857143,1.4342857142857142,0.6214285714285716,0.14285714285714285,0.14285714285714285,0.42857142857142855,0.14285714285714285,0.0,0.7142857142857143,9,6
2019,Q2,WV,1.6862499999999998,0.49375,0.0,0.125,0.5,0.0,0.0,0.25,8,8,8,8,8,8,8,8,1.6862499999999998,0.49375,0.0,0.125,0.5,0.0,0.0,0.25,1.6862499999999998,0.49375,0.0,0.125,0.5,0.0,0.0,0.25,8,6
2019,Q3,AK,2.0,0.0,0.0,0.0,1.0,0.0,0.0,1.0,1,1,1,1,1,1,1,1,2.0,0.0,0.0,0.0,1.0,0.0,0.0,1.0,2.0,0.0,0.0,0.0,1.0,0.0,0.0,1.0,1,7
2019,Q3,AL,6.07875,0.01875,0.125,0.25,1.0,0.25,0.0,0.0,8,8,8,8,8,8,8,8,7.3500000000000005,0.049999999999999996,0.3333333333333333,0.5,1.0,0.3333333333333333,0.0,0.0,5.505000000000001,0.0,0.0,0.5,1.0,0.0,0.0,0.0,8,9
2019,Q3,AR,4.93375,0.04375,0.125,0.125,0.875,0.0,0.0,0.0,8,8,8,8,8,8,8,8,5.109999999999999,0.075,0.25,0.25,1.0,0.0,0.0,0.0,5.109999999999999,0.0125,0.0,0.25,1.0,0.0,0.0,0.0,8,9
2019,Q3,CA,2.688235294117647,0.22941176470588237,0.11764705882352941,0.058823529411764705,0.7058823529411765,0.11764705882352941,0.0,0.29411764705882354,17,17,17,17,17,17,17,17,2.746,0.26,0.13333333333333333,0.06666666666666667,1.0,0.5,0.0,0.5,2.255,0.0,0.0,0.0,1.0,0.5,0.0,0.5,9,8
2019,Q3,DC,5.054,0.085,0.0,0.0,0.5,0.0,0.0,0.0,10,10,10,10,10,10,10,10,5.4262500000000005,0.15,0.0,0.0,0.5,0.0,0.0,0.0,5.4262500000000005,0.06875,0.0,0.0,0.5,0.0,0.0,0.0,3,8
2019,Q3,DE,1.9579999999999997,0.17,0.1,0.2,0.8,0.5,0.0,0.3,10,10,10,10,10,10,10,10,2.373333333333333,0.2833333333333333,0.5,0.5,1.0,1.0,0.0,0.5,2.16,0.05,0.5,0.5,0.5,0.0,0.0,0.5,6,9
2019,Q3,FL,2.7175,0.025,0.0,0.0,0.75,0.0,0.0,0.0,4,4,4,4,4,4,4,4,5.215,0.05,0.0,0.0,1.0,0.0,0.0,0.0,5.215,0.0,0.0,0.0,1.0,0.0,0.0,0.0,3,9
2019,Q3,GA,2.65625,0.36875,0.125,0.0,0.9375,0.25,0.0,0.0625,16,16,16,16,16,16,16,16,4.123333333333334,0.78,0.2,0.0,1.0,0.4,0.0,0.2,1.716,0.78,0.2,0.0,1.0,0.4,0.0,0.0,15,9
2019,Q3,GU,0.0,0.0,0.0,0.0,0.0,0.0,0.0,0.0,2,2,2,2,2,2,2,2,0.0,0.0,0.0,0.0,0.0,0.0,0.0,0.0,0.0,0.0,0.0,0.0,0.0,0.0,0.0,0.0,1,9
2019,Q3,HI,0.44,0.15,0.0,0.0,1.0,0.0,0.0,0.0,1,1,1,1,1,1,1,1,0.44,0.15,0.0,0.0,1.0,0.0,0.0,0.0,0.44,0.15,0.0,0.0,1.0,0.0,0.0,0.0,1,7
2019,Q3,ID,1.54,0.056249999999999994,0.125,0.0,0.5,0.25,0.0,0.125,8,8,8,8,8,8,8,8,2.3433333333333333,0.06,0.2,0.0,0.6666666666666666,0.4,0.0,0.2,1.058,0.06,0.2,0.0,0.4,0.4,0.0,0.2,7,9
2019,Q3,IN,2.9339999999999997,0.08,0.13333333333333333,0.06666666666666667,0.6,0.0,0.0,0.2,15,15,15,15,15,15,15,15,9.67,0.14375,0.4,0.125,1.0,0.0,0.0,0.375,3.6379999999999995,0.0,0.4,0.0,0.8,0.0,0.0,0.0,9,9
2019,Q3,KY,2.5620000000000003,0.10500000000000001,0.0,0.2,0.8,0.1,0.0,0.2,10,10,10,10,10,10,10,10,5.69,0.15,0.0,0.25,1.0,0.2,0.0,1.0,5.69,0.05,0.0,0.0,1.0,0.0,0.0,1.0,9,9
2019,Q3,MA,5.412941176470588,0.07352941176470588,0.058823529411764705,0.11764705882352941,0.8823529411764706,0.29411764705882354,0.0,0.058823529411764705,17,17,17,17,17,17,17,17,6.513333333333333,0.18,0.3333333333333333,0.2222222222222222,1.0,0.3333333333333333,0.0,0.1111111111111111,6.513333333333333,0.03888888888888889,0.0,0.2222222222222222,0.8888888888888888,0.3333333333333333,0.0,0.1111111111111111,14,9
2019,Q3,MD,3.6441666666666666,0.016666666666666666,0.16666666666666666,0.25,0.8333333333333334,0.08333333333333333,0.0,0.08333333333333333,12,12,12,12,12,12,12,12,6.21,0.05,0.2,0.3,1.0,0.1,0.0,0.1,3.597,0.015,0.2,0.3,0.9,0.1,0.0,0.1,7,9
2019,Q3,ME,2.9616666666666664,0.35000000000000003,0.08333333333333333,0.25,0.5833333333333334,0.16666666666666666,0.0,0.16666666666666666,12,12,12,12,12,12,12,12,5.495,1.45,0.2,0.5,0.8333333333333334,0.2,0.0,0.2,5.495,0.13333333333333333,0.0,0.5,0.8333333333333334,0.16666666666666666,0.0,0.16666666666666666,11,9
2019,Q3,MI,6.81875,0.26875000000000004,0.25,0.125,1.0,0.625,0.0,0.5,8,8,8,8,8,8,8,8,14.536666666666667,0.375,0.6666666666666666,0.3333333333333333,1.0,1.0,0.0,0.6666666666666666,14.536666666666667,0.18333333333333335,0.0,0.3333333333333333,1.0,0.6666666666666666,0.0,0.6666666666666666,8,9
2019,Q3,MN,8.312000000000001,0.09000000000000001,0.1,0.0,0.5,0.5,0.0,0.1,10,10,10,10,10,10,10,10,15.012,0.3,0.2,0.0,1.0,0.8,0.0,0.2,15.012,0.01,0.2,0.0,1.0,0.8,0.0,0.2,9,9
2019,Q3,MT,6.8500000000000005,0.09166666666666667,0.16666666666666666,0.0,0.8333333333333334,0.3333333333333333,0.0,0.16666666666666666,6,6,6,6,6,6,6,6,10.245000000000001,0.1,0.25,0.0,1.0,0.5,0.0,0.25,10.245000000000001,0.1,0.25,0.0,1.0,0.5,0.0,0.25,5,9
2019,Q3,ND,0.245,0.45,1.0,0.0,1.0,0.5,0.0,0.5,2,2,2,2,2,2,2,2,0.245,0.45,1.0,0.0,1.0,0.5,0.0,0.5,0.245,0.45,1.0,0.0,1.0,0.5,0.0,0.5,2,9
2019,Q3,NE,4.149375,0.046875,0.0625,0.0,0.6875,0.0625,0.0,0.0625,16,16,16,16,16,16,16,16,5.998571428571429,0.09999999999999999,0.3333333333333333,0.0,0.8571428571428571,0.14285714285714285,0.0,0.16666666666666666,5.998571428571429,0.021428571428571432,0.0,0.0,0.8571428571428571,0.14285714285714285,0.0,0.0,9,9
2019,Q3,NV,1.7047619047619047,0.07857142857142857,0.0,0.047619047619047616,0.3333333333333333,0.19047619047619047,0.0,0.47619047619047616,21,21,21,21,21,21,21,21,2.6799999999999997,0.10625,0.0,0.125,0.6666666666666666,0.375,0.0,0.875,2.6799999999999997,0.041666666666666664,0.0,0.0,0.6666666666666666,0.0,0.0,0.3333333333333333,10,9
2019,Q3,NY,4.3076923076923075,0.2076923076923077,0.3076923076923077,0.23076923076923078,0.9230769230769231,0.3076923076923077,0.0,0.15384615384615385,13,13,13,13,13,13,13,13,6.151999999999999,0.5,0.4,0.6,1.0,0.4,0.0,0.2,6.151999999999999,0.1,0.4,0.6,1.0,0.4,0.0,0.2,13,9
2019,Q3,OR,3.9655555555555555,0.15000000000000002,0.2777777777777778,0.05555555555555555,0.6666666666666666,0.3333333333333333,0.0,0.3333333333333333,18,18,18,18,18,18,18,18,6.73,0.1875,0.3333333333333333,0.08333333333333333,1.0,1.0,0.0,0.8,4.885833333333333,0.1875,0.3333333333333333,0.08333333333333333,0.5833333333333334,0.4166666666666667,0.0,0.16666666666666666,13,9
2019,Q3,PA,0.6785714285714286,0.0,0.0,0.0,0.2857142857142857,0.0,0.0,0.0,7,7,7,7,7,7,7,7,1.0999999999999999,0.0,0.0,0.0,0.3333333333333333,0.0,0.0,0.0,1.0999999999999999,0.0,0.0,0.0,0.3333333333333333,0.0,0.0,0.0,6,9
2019,Q3,PR,1.2983333333333331,0.30833333333333335,0.5,0.0,1.0,0.0,0.0,0.5,6,6,6,6,6,6,6,6,1.9633333333333332,0.5666666666666667,0.6666666666666666,0.0,1.0,0.0,0.0,0.6666666666666666,0.6333333333333333,0.5666666666666667,0.3333333333333333,0.0,1.0,0.0,0.0,0.3333333333333333,6,9
2019,Q3,SD,2.1507692307692308,0.12307692307692307,0.07692307692307693,0.07692307692307693,0.5384615384615384,0.6153846153846154,0.07692307692307693,0.38461538461538464,13,13,13,13,13,13,13,13,3.0216666666666665,0.19999999999999998,0.16666666666666666,0.16666666666666666,0.8333333333333334,0.8333333333333334,0.16666666666666666,0.5714285714285714,3.0216666666666665,0.03333333333333333,0.16666666666666666,0.16666666666666666,0.8333333333333334,0.8333333333333334,0.16666666666666666,0.16666666666666666,11,9
2019,Q3,TN,3.685714285714286,0.0071428571428571435,0.0,0.0,0.8571428571428571,0.0,0.0,0.0,7,7,7,7,7,7,7,7,10.57,0.025,0.0,0.0,1.0,0.0,0.0,0.0,10.57,0.0,0.0,0.0,1.0,0.0,0.0,0.0,3,9
2019,Q3,TX,4.053333333333334,0.0,0.0,0.0,1.0,0.0,0.0,0.0,3,3,3,3,3,3,3,3,5.845,0.0,0.0,0.0,1.0,0.0,0.0,0.0,5.845,0.0,0.0,0.0,1.0,0.0,0.0,0.0,3,9
2019,Q3,UT,2.58,0.01666666666666667,0.1111111111111111,0.1111111111111111,0.3333333333333333,0.2222222222222222,0.0,0.4444444444444444,9,9,9,9,9,9,9,9,4.096,0.1,0.2,0.2,0.6666666666666666,1.0,0.0,1.0,4.096,0.01,0.2,0.2,0.2,0.2,0.0,0.6,8,9
2019,Q3,VA,3.26,0.41874999999999996,0.125,0.25,1.0,0.25,0.0,0.25,8,8,8,8,8,8,8,8,3.6550000000000002,0.7,0.25,0.5,1.0,0.5,0.0,0.5,3.485,0.7,0.25,0.25,1.0,0.5,0.0,0.25,7,9
2019,Q3,VT,3.9566666666666666,0.13333333333333336,0.25,0.0,0.5,0.125,0.0,0.125,9,9,8,8,8,8,8,8,6.348,0.1625,0.5,0.0,0.75,0.25,0.0,0.25,6.348,0.11000000000000001,0.5,0.0,0.75,0.0,0.0,0.0,6,9
2019,Q3,WA,2.697142857142857,0.01904761904761905,0.0,0.09523809523809523,0.47619047619047616,0.23809523809523808,0.047619047619047616,0.09523809523809523,21,21,21,21,21,21,21,21,6.795000000000001,0.025,0.0,0.25,0.75,0.2857142857142857,0.1,0.2857142857142857,6.795000000000001,0.025,0.0,0.25,0.75,0.25,0.0,0.0,11,9
2019,Q3,WI,0.6690909090909091,0.19545454545454544,0.0,0.0,0.5454545454545454,0.45454545454545453,0.0,0.6363636363636364,11,11,11,11,11,11,11,11,0.685,0.3071428571428571,0.0,0.0,1.0,0.5714285714285714,0.0,0.7142857142857143,0.685,0.0,0.0,0.0,1.0,0.25,0.0,0.5,10,9
2019,Q3,WV,3.246,0.034999999999999996,0.1,0.4,0.7,0.1,0.0,0.4,10,10,10,10,10,10,10,10,3.716666666666667,0.049999999999999996,0.16666666666666666,0.5,0.8333333333333334,0.16666666666666666,0.0,0.6666666666666666,3.716666666666667,0.049999999999999996,0.16666666666666666,0.5,0.8333333333333334,0.16666666666666666,0.0,0.6666666666666666,10,9
2019,Q4,AL,6.553333333333334,0.075,0.0,0.0,1.0,0.0,0.0,0.16666666666666666,6,6,6,6,6,6,6,6,6.794,0.15,0.0,0.0,1.0,0.0,0.0,0.2,5.35,0.15,0.0,0.0,1.0,0.0,0.0,0.0,6,11
2019,Q4,AR,4.24,0.35714285714285715,0.0,0.0,1.0,0.14285714285714285,0.0,0.14285714285714285,7,7,7,7,7,7,7,7,4.595000000000001,0.5,0.0,0.0,1.0,0.2,0.0,0.5,4.595000000000001,0.0,0.0,0.0,1.0,0.0,0.0,0.5,7,12
2019,Q4,DC,12.246666666666668,0.0,0.5,0.0,1.0,0.16666666666666666,0.0,0.16666666666666666,6,6,6,6,6,6,6,6,12.246666666666668,0.0,0.5,0.0,1.0,0.16666666666666666,0.0,0.16666666666666666,12.246666666666668,0.0,0.5,0.0,1.0,0.16666666666666666,0.0,0.16666666666666666,1,10
2019,Q4,DE,9.092500000000001,0.00625,0.875,0.0,1.0,0.25,0.0,0.0,8,8,8,8,8,8,8,8,9.092500000000001,0.00625,0.875,0.0,1.0,0.25,0.0,0.0,9.092500000000001,0.00625,0.875,0.0,1.0,0.25,0.0,0.0,3,10
2019,Q4,FL,0.978235294117647,0.5705882352941176,0.47058823529411764,0.0,0.8235294117647058,0.17647058823529413,0.0,0.11764705882352941,17,17,17,17,17,17,17,17,1.3816666666666666,0.7666666666666666,0.5,0.0,0.8333333333333334,0.2,0.0,0.2,1.3816666666666666,0.7666666666666666,0.5,0.0,0.8333333333333334,0.16666666666666666,0.0,0.16666666666666666,14,12
2019,Q4,IN,8.068000000000001,0.01,0.4,0.2,1.0,0.4,0.0,0.2,5,5,5,5,5,5,5,5,8.068000000000001,0.01,0.4,0.2,1.0,0.4,0.0,0.2,8.068000000000001,0.01,0.4,0.2,1.0,0.4,0.0,0.2,5,10
2019,Q4,KY,9.563333333333333,0.016666666666666666,0.0,0.0,1.0,0.3333333333333333,0.0,0.3333333333333333,3,3,3,3,3,3,3,3,12.43,0.025,0.0,0.0,1.0,1.0,0.0,0.5,12.43,0.0,0.0,0.0,1.0,1.0,0.0,0.0,3,11
2019,Q4,MA,4.16,0.15,0.0,0.0,1.0,0.0,0.0,0.0,1,1,1,1,1,1,1,1,4.16,0.15,0.0,0.0,1.0,0.0,0.0,0.0,4.16,0.15,0.0,0.0,1.0,0.0,0.0,0.0,1,10
2019,Q4,MD,1.05,0.0,0.0,1.0,1.0,0.0,0.0,1.0,1,1,1,1,1,1,1,1,1.05,0.0,0.0,1.0,1.0,0.0,0.0,1.0,1.05,0.0,0.0,1.0,1.0,0.0,0.0,1.0,1,10
2019,Q4,ME,6.426666666666667,0.0,0.0,0.3333333333333333,1.0,0.0,0.0,0.0,3,3,3,3,3,3,3,3,6.426666666666667,0.0,0.0,0.3333333333333333,1.0,0.0,0.0,0.0,6.426666666666667,0.0,0.0,0.3333333333333333,1.0,0.0,0.0,0.0,3,10
2019,Q4,MI,5.987142857142857,0.22142857142857145,0.0,0.0,1.0,0.42857142857142855,0.0,0.5714285714285714,7,7,7,7,7,7,7,7,5.987142857142857,0.22142857142857145,0.0,0.0,1.0,0.42857142857142855,0.0,0.5714285714285714,5.987142857142857,0.22142857142857145,0.0,0.0,1.0,0.42857142857142855,0.0,0.5714285714285714,7,10
2019,Q4,MN,4.1275,0.47500000000000003,0.5,0.0,0.75,0.5,0.0,0.25,4,4,4,4,4,4,4,4,4.1275,0.47500000000000003,0.5,0.0,0.75,0.5,0.0,0.25,4.1275,0.47500000000000003,0.5,0.0,0.75,0.5,0.0,0.25,4,10
2019,Q4,MT,4.0200000000000005,0.025,0.0,0.0,1.0,0.0,0.0,0.5,2,2,2,2,2,2,2,2,4.0200000000000005,0.025,0.0,0.0,1.0,0.0,0.0,0.5,4.0200000000000005,0.025,0.0,0.0,1.0,0.0,0.0,0.5,2,10
2019,Q4,NE,4.2299999999999995,0.0,0.0,0.0,1.0,0.5,0.0,0.5,2,2,2,2,2,2,2,2,4.2299999999999995,0.0,0.0,0.0,1.0,0.5,0.0,0.5,4.2299999999999995,0.0,0.0,0.0,1.0,0.5,0.0,0.5,2,10
2019,Q4,NY,1.52,0.075,0.5,0.25,1.0,0.5,0.0,0.0,4,4,4,4,4,4,4,4,1.52,0.075,0.5,0.25,1.0,0.5,0.0,0.0,1.52,0.075,0.5,0.25,1.0,0.5,0.0,0.0,4,10
2019,Q4,PA,4.3100000000000005,0.07500000000000001,0.0,0.0,0.75,0.5,0.0,0.5,4,4,4,4,4,4,4,4,4.3100000000000005,0.07500000000000001,0.0,0.0,0.75,0.5,0.0,0.5,4.3100000000000005,0.07500000000000001,0.0,0.0,0.75,0.5,0.0,0.5,4,10
2019,Q4,PR,1.7399999999999998,0.7277777777777777,0.7777777777777778,0.0,1.0,0.0,0.0,0.5555555555555556,9,9,9,9,9,9,9,9,2.3225,1.0625,1.0,0.0,1.0,0.0,0.0,0.75,2.3225,1.0625,0.75,0.0,1.0,0.0,0.0,0.75,9,12
2019,Q4,SD,11.435,0.35833333333333334,0.3333333333333333,0.0,1.0,0.5,0.0,0.0,6,6,6,6,6,6,6,6,11.435,0.35833333333333334,0.3333333333333333,0.0,1.0,0.5,0.0,0.0,11.435,0.35833333333333334,0.3333333333333333,0.0,1.0,0.5,0.0,0.0,5,10
2019,Q4,TN,3.8950000000000005,0.0,0.0,0.0,1.0,0.0,0.0,0.0,2,2,2,2,2,2,2,2,5.36,0.0,0.0,0.0,1.0,0.0,0.0,0.0,2.43,0.0,0.0,0.0,1.0,0.0,0.0,0.0,1,12
2019,Q4,TX,1.242,0.37,0.1,0.0,0.6,0.1,0.0,0.1,10,10,10,10,10,10,10,10,2.235,0.425,0.25,0.0,1.0,0.25,0.0,0.25,0.12,0.4,0.0,0.0,0.5,0.0,0.0,0.25,8,12
2019,Q4,UT,0.7875,0.025,0.25,0.0,0.5,0.25,0.0,0.25,4,4,4,4,4,4,4,4,0.7875,0.025,0.25,0.0,0.5,0.25,0.0,0.25,0.7875,0.025,0.25,0.0,0.5,0.25,0.0,0.25,4,10
2019,Q4,VA,9.875714285714285,0.3642857142857143,0.14285714285714285,0.42857142857142855,1.0,0.14285714285714285,0.0,0.14285714285714285,7,7,7,7,7,7,7,7,9.875714285714285,0.3642857142857143,0.14285714285714285,0.42857142857142855,1.0,0.14285714285714285,0.0,0.14285714285714285,9.875714285714285,0.3642857142857143,0.14285714285714285,0.42857142857142855,1.0,0.14285714285714285,0.0,0.14285714285714285,6,10
2019,Q4,VT,5.3525,0.0125,0.5,0.25,1.0,0.25,0.0,0.0,4,4,4,4,4,4,4,4,5.3525,0.0125,0.5,0.25,1.0,0.25,0.0,0.0,5.3525,0.0125,0.5,0.25,1.0,0.25,0.0,0.0,2,10
2019,Q4,WA,3.473333333333333,0.016666666666666666,0.0,0.3333333333333333,0.6666666666666666,0.6666666666666666,0.0,0.0,3,3,3,3,3,3,3,3,3.473333333333333,0.016666666666666666,0.0,0.3333333333333333,0.6666666666666666,0.6666666666666666,0.0,0.0,3.473333333333333,0.016666666666666666,0.0,0.3333333333333333,0.6666666666666666,0.6666666666666666,0.0,0.0,2,10
2019,Q4,WI,3.335,0.0,0.0,0.0,0.75,0.25,0.0,0.25,4,4,4,4,4,4,4,4,3.335,0.0,0.0,0.0,0.75,0.25,0.0,0.25,3.335,0.0,0.0,0.0,0.75,0.25,0.0,0.25,4,10
2019,Q4,WV,10.476666666666667,0.125,0.0,0.0,1.0,0.3333333333333333,0.0,0.16666666666666666,6,6,6,6,6,6,6,6,10.476666666666667,0.125,0.0,0.0,1.0,0.3333333333333333,0.0,0.16666666666666666,10.476666666666667,0.125,0.0,0.0,1.0,0.3333333333333333,0.0,0.16666666666666666,6,10
2020,Q1,CA,0.3994444444444445,1.2029411764705882,0.05555555555555555,0.2222222222222222,0.8333333333333334,0.16666666666666666,0.05555555555555555,0.7777777777777778,18,17,18,18,18,18,18,18,0.43454545454545457,1.7333333333333332,0.09090909090909091,0.2727272727272727,0.9090909090909091,0.42857142857142855,0.14285714285714285,1.0,0.43454545454545457,0.9136363636363637,0.09090909090909091,0.2727272727272727,0.9090909090909091,0.0,0.0,0.6363636363636364,9,3
2020,Q1,FL,2.67,1.3,0.3333333333333333,0.0,1.0,0.3333333333333333,0.0,0.0,3,3,3,3,3,3,3,3,3.555,1.5,0.5,0.0,1.0,0.5,0.0,0.0,3.555,1.2,0.5,0.0,1.0,0.5,0.0,0.0,3,2
2020,Q1,GU,0.0,0.05625,0.0,0.0,0.0,0.0,0.0,0.375,8,8,8,8,8,8,8,8,0.0,0.08333333333333333,0.0,0.0,0.0,0.0,0.0,0.6666666666666666,0.0,0.08333333333333333,0.0,0.0,0.0,0.0,0.0,0.6666666666666666,2,2
2020,Q1,HI,0.6775,2.1999999999999997,0.25,0.0,0.5,0.0,0.0,0.0,4,4,4,4,4,4,4,4,0.9033333333333333,2.766666666666666,0.3333333333333333,0.0,0.6666666666666666,0.0,0.0,0.0,0.9033333333333333,2.766666666666666,0.3333333333333333,0.0,0.6666666666666666,0.0,0.0,0.0,3,2
2020,Q1,SC,1.3833333333333335,0.5499999999999999,0.3333333333333333,0.3333333333333333,0.6666666666666666,0.3333333333333333,0.0,0.6666666666666666,3,3,3,3,3,3,3,3,1.92,1.05,0.5,1.0,1.0,0.5,0.0,1.0,1.92,1.05,0.0,1.0,1.0,0.0,0.0,0.0,2,3
2020,Q1,TN,0.0,0.0,0.0,0.0,1.0,0.0,0.0,0.0,1,1,1,1,1,1,1,1,0.0,0.0,0.0,0.0,1.0,0.0,0.0,0.0,0.0,0.0,0.0,0.0,1.0,0.0,0.0,0.0,0,3
2020,Q1,TX,4.06,0.125,0.25,0.0,0.75,0.25,0.0,0.25,4,4,4,4,4,4,4,4,14.93,0.25,1.0,0.0,1.0,0.5,0.0,0.5,0.135,0.25,0.0,0.0,0.5,0.5,0.0,0.5,4,3
2020,Q2,AK,0.0275,1.5374999999999999,0.0,0.0,0.75,0.25,0.0,0.5,4,4,4,4,4,4,4,4,0.0275,1.5374999999999999,0.0,0.0,0.75,0.25,0.0,0.5,0.0275,1.5374999999999999,0.0,0.0,0.75,0.25,0.0,0.5,3,6
2020,Q2,AL,3.37,0.049999999999999996,0.0,0.0,0.9090909090909091,0.09090909090909091,0.09090909090909091,0.09090909090909091,11,11,11,11,11,11,11,11,3.48375,0.056249999999999994,0.0,0.0,1.0,0.125,0.125,0.125,3.0666666666666664,0.03333333333333333,0.0,0.0,1.0,0.0,0.0,0.0,10,6
2020,Q2,AR,2.8049999999999997,0.025000000000000005,0.16666666666666666,0.16666666666666666,1.0,0.3333333333333333,0.0,0.16666666666666666,6,6,6,6,6,6,6,6,2.8049999999999997,0.025000000000000005,0.16666666666666666,0.16666666666666666,1.0,0.3333333333333333,0.0,0.16666666666666666,2.8049999999999997,0.025000000000000005,0.16666666666666666,0.16666666666666666,1.0,0.3333333333333333,0.0,0.16666666666666666,6,6
2020,Q2,CA,1.15,0.5,0.1111111111111111,0.05555555555555555,0.9444444444444444,0.3888888888888889,0.0,0.7777777777777778,18,18,18,18,18,18,18,18,1.93,4.0,0.11764705882352941,0.058823529411764705,1.0,0.4117647058823529,0.0,0.8235294117647058,1.1041176470588234,0.29411764705882354,0.11764705882352941,0.058823529411764705,0.9411764705882353,0.4117647058823529,0.0,0.8235294117647058,10,6
2020,Q2,DE,1.9688888888888887,0.0,0.1111111111111111,0.3333333333333333,0.7777777777777778,0.1111111111111111,0.0,0.3333333333333333,9,9,9,9,9,9,9,9,1.9688888888888887,0.0,0.1111111111111111,0.3333333333333333,0.7777777777777778,0.1111111111111111,0.0,0.3333333333333333,1.9688888888888887,0.0,0.1111111111111111,0.3333333333333333,0.7777777777777778,0.1111111111111111,0.0,0.3333333333333333,3,6
2020,Q2,ID,0.0,2.2,0.0,0.0,0.0,0.0,0.0,1.0,1,1,1,1,1,1,1,1,0.0,2.2,0.0,0.0,0.0,0.0,0.0,1.0,0.0,2.2,0.0,0.0,0.0,0.0,0.0,1.0,1,5
2020,Q2,KY,0.9618181818181818,0.2,0.0,0.18181818181818182,0.45454545454545453,0.18181818181818182,0.0,0.7272727272727273,11,11,11,11,11,11,11,11,1.9675,0.35000000000000003,0.0,0.3333333333333333,1.0,0.25,0.0,1.0,0.5325,0.05,0.0,0.25,0.25,0.25,0.0,1.0,11,6
2020,Q2,LA,0.485,2.525,0.0,0.5,1.0,0.5,0.0,0.5,2,2,2,2,2,2,2,2,0.485,2.525,0.0,0.5,1.0,0.5,0.0,0.5,0.485,2.525,0.0,0.5,1.0,0.5,0.0,0.5,1,5
2020,Q2,MI,0.0,0.0,0.0,0.0,1.0,0.0,0.0,0.0,1,1,1,1,1,1,1,1,0.0,0.0,0.0,0.0,1.0,0.0,0.0,0.0,0.0,0.0,0.0,0.0,1.0,0.0,0.0,0.0,1,6
2020,Q2,MN,0.258,0.48999999999999994,0.0,0.0,0.4,0.6,0.0,0.6,10,10,10,10,10,10,10,10,0.265,1.6749999999999998,0.0,0.0,0.5,0.625,0.0,0.625,0.265,0.19375,0.0,0.0,0.5,0.625,0.0,0.625,9,6
2020,Q2,MT,0.07833333333333334,2.0500000000000003,0.0,0.0,0.6666666666666666,0.5,0.0,1.0,6,6,6,6,6,6,6,6,0.15666666666666668,3.716666666666667,0.0,0.0,0.6666666666666666,0.6666666666666666,0.0,1.0,0.0,0.3833333333333333,0.0,0.0,0.6666666666666666,0.6666666666666666,0.0,1.0,5,6
2020,Q2,ND,0.43466666666666665,0.4033333333333333,0.06666666666666667,0.13333333333333333,0.4,0.13333333333333333,0.0,0.4666666666666667,15,15,15,15,15,15,15,15,0.43466666666666665,0.4033333333333333,0.06666666666666667,0.13333333333333333,0.4,0.13333333333333333,0.0,0.4666666666666667,0.43466666666666665,0.4033333333333333,0.06666666666666667,0.13333333333333333,0.4,0.13333333333333333,0.0,0.4666666666666667,12,6
2020,Q2,NE,1.0811111111111111,0.9333333333333333,0.0,0.1111111111111111,0.5555555555555556,0.5555555555555556,0.0,0.4444444444444444,9,9,9,9,9,9,9,9,2.19,1.2916666666666667,0.0,0.16666666666666666,0.6666666666666666,0.6666666666666666,0.0,0.5,0.5266666666666667,1.2916666666666667,0.0,0.16666666666666666,0.6666666666666666,0.5,0.0,0.5,6,6
2020,Q2,NY,0.57,0.15,0.0,0.0,1.0,1.0,0.0,1.0,1,1,1,1,1,1,1,1,0.57,0.15,0.0,0.0,1.0,1.0,0.0,1.0,0.57,0.15,0.0,0.0,1.0,1.0,0.0,1.0,1,6
2020,Q2,OR,1.90375,0.17500000000000002,0.0,0.0,0.375,0.375,0.0,0.875,8,8,8,8,8,8,8,8,1.90375,0.17500000000000002,0.0,0.0,0.375,0.375,0.0,0.875,1.90375,0.17500000000000002,0.0,0.0,0.375,0.375,0.0,0.875,6,6
2020,Q2,PA,0.6675,0.425,0.0,0.25,0.5,0.25,0.0,0.25,4,4,4,4,4,4,4,4,0.6675,0.425,0.0,0.25,0.5,0.25,0.0,0.25,0.6675,0.425,0.0,0.25,0.5,0.25,0.0,0.25,3,6
2020,Q2,PR,2.29,0.1,1.0,0.0,1.0,0.0,0.0,1.0,1,1,1,1,1,1,1,1,2.29,0.1,1.0,0.0,1.0,0.0,0.0,1.0,2.29,0.1,1.0,0.0,1.0,0.0,0.0,1.0,1,6
2020,Q2,SC,2.763333333333333,0.419047619047619,0.0,0.42857142857142855,0.9523809523809523,0.6666666666666666,0.047619047619047616,0.8571428571428571,21,21,21,21,21,21,21,21,4.278333333333333,0.5133333333333333,0.0,0.4666666666666667,1.0,0.6666666666666666,0.16666666666666666,0.9333333333333333,4.278333333333333,0.18333333333333335,0.0,0.3333333333333333,1.0,0.6666666666666666,0.16666666666666666,0.6666666666666666,13,5
2020,Q2,TX,1.6514285714285715,0.32857142857142857,0.0,0.14285714285714285,0.8571428571428571,0.0,0.0,0.5714285714285714,7,7,7,7,7,7,7,7,6.15,0.85,0.0,0.2,1.0,0.0,0.0,1.0,1.064,0.29,0.0,0.2,0.8,0.0,0.0,0.4,7,6
2020,Q2,UT,0.7585714285714287,0.15714285714285717,0.0,0.0,0.5714285714285714,0.2857142857142857,0.0,0.8571428571428571,7,7,7,7,7,7,7,7,0.84,0.3,0.0,0.0,1.0,0.3333333333333333,0.0,1.0,0.73,0.06666666666666667,0.0,0.0,0.6666666666666666,0.3333333333333333,0.0,0.6666666666666666,6,6
2020,Q2,VT,0.7133333333333334,0.16666666666666666,0.0,0.0,0.6666666666666666,0.3333333333333333,0.0,0.0,3,3,3,3,3,3,3,3,0.7133333333333334,0.16666666666666666,0.0,0.0,0.6666666666666666,0.3333333333333333,0.0,0.0,0.7133333333333334,0.16666666666666666,0.0,0.0,0.6666666666666666,0.3333333333333333,0.0,0.0,2,6
2020,Q2,WI,2.005,0.0,0.0,0.0,1.0,0.5,0.0,0.0,2,2,2,2,2,2,2,2,2.005,0.0,0.0,0.0,1.0,0.5,0.0,0.0,2.005,0.0,0.0,0.0,1.0,0.5,0.0,0.0,2,6
2020,Q2,WV,0.41000000000000003,0.4,0.0,0.125,0.625,0.375,0.0,0.625,8,8,8,8,8,8,8,8,0.43250000000000005,0.4875,0.0,0.25,0.75,0.75,0.0,0.75,0.43250000000000005,0.4875,0.0,0.0,0.75,0.75,0.0,0.75,8,6
2020,Q3,AK,1.6049999999999998,0.15833333333333333,0.0,0.16666666666666666,0.16666666666666666,0.0,0.0,0.3333333333333333,6,6,6,6,6,6,6,6,2.01,0.65,0.0,0.25,0.25,0.0,0.0,0.5,2.01,0.3,0.0,0.0,0.0,0.0,0.0,0.0,4,9
2020,Q3,AL,2.033333333333333,0.06666666666666668,0.0,0.0,0.7777777777777778,0.1111111111111111,0.0,0.2222222222222222,9,9,9,9,9,9,9,9,2.9050000000000002,0.275,0.0,0.0,1.0,0.25,0.0,0.5,1.3725,0.0125,0.0,0.0,0.75,0.25,0.0,0.25,9,9
2020,Q3,AR,3.158666666666667,0.029999999999999995,0.13333333333333333,0.0,0.8666666666666667,0.06666666666666667,0.0,0.2,15,15,15,15,15,15,15,15,3.8240000000000003,0.075,0.25,0.0,1.0,0.2,0.0,0.5,3.8240000000000003,0.0,0.2,0.0,1.0,0.2,0.0,0.0,13,9
2020,Q3,CA,2.0925000000000002,0.425,0.25,0.0,1.0,0.5,0.0,0.5,4,4,4,4,4,4,4,4,2.0925000000000002,0.425,0.25,0.0,1.0,0.5,0.0,0.5,2.0925000000000002,0.425,0.25,0.0,1.0,0.5,0.0,0.5,3,7
2020,Q3,DC,2.6184615384615384,0.06923076923076923,0.15384615384615385,0.15384615384615385,0.9230769230769231,0.07692307692307693,0.0,0.0,13,13,13,13,13,13,13,13,3.6719999999999997,0.2,0.5,0.4,1.0,0.2,0.0,0.0,3.6719999999999997,0.0,0.2,0.4,1.0,0.2,0.0,0.0,3,9
2020,Q3,DE,2.533333333333333,0.0033333333333333335,0.13333333333333333,0.13333333333333333,0.8,0.2,0.0,0.2,15,15,15,15,15,15,15,15,4.195,0.008333333333333333,0.5,0.4,1.0,0.25,0.0,0.3333333333333333,4.195,0.0,0.5,0.0,0.75,0.25,0.0,0.0,7,9
2020,Q3,FL,0.852,0.13,0.2,0.0,1.0,0.4,0.0,0.0,5,5,5,5,5,5,5,5,0.852,0.13,0.2,0.0,1.0,0.4,0.0,0.0,0.852,0.13,0.2,0.0,1.0,0.4,0.0,0.0,5,9
2020,Q3,GA,1.2619047619047619,0.13333333333333333,0.3333333333333333,0.047619047619047616,0.8571428571428571,0.14285714285714285,0.0,0.14285714285714285,21,21,21,21,21,21,21,21,1.405,0.175,1.0,0.125,1.0,0.16666666666666666,0.0,0.25,1.405,0.175,0.375,0.125,1.0,0.125,0.0,0.25,18,9
2020,Q3,GU,0.0,0.8333333333333334,0.0,0.0,0.0,0.0,0.0,0.25,12,12,12,12,12,12,12,12,0.0,0.8333333333333334,0.0,0.0,0.0,0.0,0.0,0.25,0.0,0.8333333333333334,0.0,0.0,0.0,0.0,0.0,0.25,1,8
2020,Q3,HI,0.0,0.0,0.0,0.0,1.0,0.0,0.0,0.0,1,1,1,1,1,1,1,1,0.0,0.0,0.0,0.0,1.0,0.0,0.0,0.0,0.0,0.0,0.0,0.0,1.0,0.0,0.0,0.0,1,7
2020,Q3,ID,2.6794444444444445,0.08333333333333333,0.05555555555555555,0.1111111111111111,0.8333333333333334,0.1111111111111111,0.0,0.05555555555555555,18,18,18,18,18,18,18,18,4.465714285714285,0.375,0.14285714285714285,0.5,1.0,0.5,0.0,0.14285714285714285,4.465714285714285,0.021428571428571432,0.14285714285714285,0.14285714285714285,1.0,0.14285714285714285,0.0,0.14285714285714285,16,9
2020,Q3,IL,3.902173913043478,0.01956521739130435,0.17391304347826086,0.043478260869565216,0.7391304347826086,0.0,0.0,0.08695652173913043,23,23,23,23,23,23,23,23,4.245625,0.03571428571428571,0.1875,0.14285714285714285,0.75,0.0,0.0,0.125,4.245625,0.0125,0.1875,0.0,0.75,0.0,0.0,0.125,22,9
2020,Q3,IN,2.4850000000000003,0.039999999999999994,0.1,0.0,0.8,0.2,0.0,0.4,10,10,10,10,10,10,10,10,5.74,0.05714285714285714,0.5,0.0,1.0,0.2857142857142857,0.0,0.5,1.08,0.0,0.5,0.0,0.5,0.0,0.0,0.5,10,9
2020,Q3,KY,2.661,0.005,0.3,0.2,0.8,0.1,0.0,0.3,10,10,10,10,10,10,10,10,3.2979999999999996,0.01,0.5,0.3333333333333333,1.0,0.2,0.0,0.6,3.2979999999999996,0.01,0.2,0.2,1.0,0.2,0.0,0.6,10,9
2020,Q3,LA,2.2178571428571425,0.03571428571428571,0.2857142857142857,0.0,0.7857142857142857,0.35714285714285715,0.0,0.21428571428571427,14,14,14,14,14,14,14,14,2.2969999999999997,0.05,0.4,0.0,1.0,1.0,0.0,0.3333333333333333,1.9366666666666668,0.049999999999999996,0.0,0.0,0.3333333333333333,0.0,0.0,0.3333333333333333,7,9
2020,Q3,MA,3.7926315789473684,0.03157894736842106,0.0,0.10526315789473684,0.7894736842105263,0.05263157894736842,0.0,0.2631578947368421,19,19,19,19,19,19,19,19,5.683636363636364,0.05,0.0,0.18181818181818182,0.8181818181818182,0.09090909090909091,0.0,0.36363636363636365,5.683636363636364,0.05,0.0,0.18181818181818182,0.8181818181818182,0.09090909090909091,0.0,0.36363636363636365,12,9
2020,Q3,MD,1.771304347826087,0.015217391304347825,0.08695652173913043,0.13043478260869565,0.5652173913043478,0.13043478260869565,0.0,0.2608695652173913,23,23,23,23,23,23,23,23,2.384666666666667,0.02,0.3333333333333333,0.2,0.6666666666666666,0.3333333333333333,0.0,0.4,2.384666666666667,0.016666666666666666,0.06666666666666667,0.2,0.6666666666666666,0.06666666666666667,0.0,0.26666666666666666,14,9
2020,Q3,MI,6.966666666666668,0.0,0.0,0.3333333333333333,0.6666666666666666,0.3333333333333333,0.0,0.0,3,3,3,3,3,3,3,3,6.966666666666668,0.0,0.0,0.3333333333333333,0.6666666666666666,0.3333333333333333,0.0,0.0,6.966666666666668,0.0,0.0,0.3333333333333333,0.6666666666666666,0.3333333333333333,0.0,0.0,3,9
2020,Q3,MN,7.6,0.028571428571428574,0.5714285714285714,0.0,1.0,0.0,0.0,0.2857142857142857,7,7,7,7,7,7,7,7,7.6,0.028571428571428574,0.5714285714285714,0.0,1.0,0.0,0.0,0.2857142857142857,7.6,0.028571428571428574,0.5714285714285714,0.0,1.0,0.0,0.0,0.2857142857142857,4,9
2020,Q3,MT,1.2385714285714284,0.14285714285714288,0.0,0.15,0.45,0.35,0.05,0.3,21,21,20,20,20,20,20,20,2.2399999999999998,0.2571428571428572,0.0,0.3333333333333333,0.7142857142857143,0.5714285714285714,0.14285714285714285,0.42857142857142855,2.2399999999999998,0.014285714285714287,0.0,0.14285714285714285,0.7142857142857143,0.14285714285714285,0.0,0.2857142857142857,17,9
2020,Q3,ND,2.6,0.2875,0.0,0.0,0.75,0.5,0.0,0.25,4,4,4,4,4,4,4,4,3.6500000000000004,0.325,0.0,0.0,1.0,0.5,0.0,0.5,3.6500000000000004,0.25,0.0,0.0,1.0,0.5,0.0,0.0,4,9
2020,Q3,NE,3.845333333333334,0.043333333333333335,0.06666666666666667,0.13333333333333333,0.8,0.4666666666666667,0.0,0.4666666666666667,15,15,15,15,15,15,15,15,8.595,0.1,0.25,0.18181818181818182,1.0,0.5,0.0,0.6363636363636364,8.595,0.1,0.25,0.0,1.0,0.5,0.0,0.0,8,9
2020,Q3,NV,6.728823529411764,0.08235294117647059,0.0,0.0,0.5789473684210527,0.05263157894736842,0.0,0.3684210526315789,17,17,19,19,19,19,19,19,11.525,0.1625,0.0,0.0,0.8571428571428571,0.14285714285714285,0.0,0.5714285714285714,11.525,0.1625,0.0,0.0,0.5,0.0,0.0,0.5,12,9
2020,Q3,NY,2.4305,0.2,0.1111111111111111,0.1111111111111111,0.8333333333333334,0.16666666666666666,0.0,0.4444444444444444,20,20,18,18,18,18,18,18,5.122,0.43333333333333335,0.4,0.2857142857142857,1.0,0.2,0.0,0.5714285714285714,5.122,0.01,0.4,0.0,1.0,0.2,0.0,0.4,18,9
2020,Q3,OR,4.294444444444445,0.1111111111111111,0.3333333333333333,0.2222222222222222,0.7777777777777778,0.2222222222222222,0.0,0.2222222222222222,9,9,9,9,9,9,9,9,7.240000000000001,0.175,1.0,0.5,1.0,0.3333333333333333,0.0,0.5,7.240000000000001,0.09999999999999999,1.0,0.0,0.6666666666666666,0.3333333333333333,0.0,0.0,9,9
2020,Q3,PA,2.713888888888889,0.19166666666666668,0.05555555555555555,0.1111111111111111,0.7222222222222222,0.2222222222222222,0.0,0.0,18,18,18,18,18,18,18,18,3.1375,0.7166666666666667,0.14285714285714285,0.3333333333333333,1.0,0.3333333333333333,0.0,0.0,3.1375,0.075,0.0,0.125,0.75,0.125,0.0,0.0,16,9
2020,Q3,SC,0.645,0.0,0.0,0.0,1.0,0.5,0.0,0.0,2,2,2,2,2,2,2,2,0.645,0.0,0.0,0.0,1.0,0.5,0.0,0.0,0.645,0.0,0.0,0.0,1.0,0.5,0.0,0.0,2,9
2020,Q3,SD,2.637826086956522,0.07391304347826087,0.043478260869565216,0.0,0.7391304347826086,0.21739130434782608,0.0,0.17391304347826086,23,23,23,23,23,23,23,23,4.544545454545455,0.09166666666666667,0.08333333333333333,0.0,0.9090909090909091,0.25,0.0,0.2727272727272727,4.544545454545455,0.05454545454545454,0.0,0.0,0.9090909090909091,0.18181818181818182,0.0,0.2727272727272727,18,9
2020,Q3,TN,2.29,0.0,0.0,0.0,0.5,0.0,0.0,0.5,4,4,2,2,2,2,2,2,2.29,0.0,0.0,0.0,0.5,0.0,0.0,0.5,2.29,0.0,0.0,0.0,0.5,0.0,0.0,0.5,3,8
2020,Q3,TX,0.17,0.26999999999999996,0.0,0.0,0.8,0.6,0.0,0.6,1,5,5,5,5,5,5,5,0.17,0.33749999999999997,0.0,0.0,1.0,1.0,0.0,1.0,0.0,0.33749999999999997,0.0,0.0,0.75,0.5,0.0,0.5,5,9
2020,Q3,UT,5.39,0.14,0.2,0.0,0.6,0.4,0.0,0.0,5,5,5,5,5,5,5,5,16.81,0.325,1.0,0.0,1.0,1.0,0.0,0.0,16.81,0.0,1.0,0.0,1.0,1.0,0.0,0.0,4,9
2020,Q3,VA,1.962142857142857,0.05714285714285715,0.07142857142857142,0.14285714285714285,0.7142857142857143,0.0,0.0,0.07142857142857142,14,14,14,14,14,14,14,14,2.427142857142857,0.075,0.14285714285714285,0.2,1.0,0.0,0.0,0.14285714285714285,2.427142857142857,0.04285714285714286,0.14285714285714285,0.14285714285714285,0.5714285714285714,0.0,0.0,0.14285714285714285,14,9
2020,Q3,VT,3.526666666666667,0.18333333333333332,0.3888888888888889,0.1111111111111111,0.7222222222222222,0.1111111111111111,0.0,0.1111111111111111,18,18,18,18,18,18,18,18,4.986,0.28125,1.0,0.4,1.0,0.25,0.0,0.25,3.8280000000000003,0.06000000000000001,1.0,0.4,1.0,0.0,0.0,0.0,9,9
2020,Q3,WI,3.041176470588235,0.052941176470588235,0.11764705882352941,0.058823529411764705,0.7647058823529411,0.35294117647058826,0.0,0.29411764705882354,17,17,17,17,17,17,17,17,7.1625,0.0625,0.25,0.25,1.0,0.5555555555555556,0.0,0.4444444444444444,7.1625,0.0625,0.0,0.0,1.0,0.0,0.0,0.0,14,9
2020,Q3,WV,3.16625,0.040625,0.0,0.06666666666666667,0.4666666666666667,0.3333333333333333,0.0,0.26666666666666666,16,16,15,15,15,15,15,15,5.55,0.07142857142857142,0.0,0.25,0.5714285714285714,0.5,0.0,0.42857142857142855,3.2600000000000002,0.07142857142857142,0.0,0.0,0.5714285714285714,0.2857142857142857,0.0,0.42857142857142855,16,9
2020,Q4,AL,3.8166666666666664,0.09999999999999999,0.3333333333333333,0.0,1.0,0.0,0.0,0.0,3,3,3,3,3,3,3,3,3.8166666666666664,0.09999999999999999,0.3333333333333333,0.0,1.0,0.0,0.0,0.0,3.8166666666666664,0.09999999999999999,0.3333333333333333,0.0,1.0,0.0,0.0,0.0,3,10
2020,Q4,AR,8.866666666666667,0.0,0.0,0.0,0.6666666666666666,0.0,0.0,0.0,3,3,3,3,3,3,3,3,8.866666666666667,0.0,0.0,0.0,0.6666666666666666,0.0,0.0,0.0,8.866666666666667,0.0,0.0,0.0,0.6666666666666666,0.0,0.0,0.0,3,10
2020,Q4,DC,10.571666666666667,0.08333333333333333,0.3333333333333333,0.16666666666666666,1.0,0.16666666666666666,0.0,0.16666666666666666,6,6,6,6,6,6,6,6,10.571666666666667,0.08333333333333333,0.3333333333333333,0.16666666666666666,1.0,0.16666666666666666,0.0,0.16666666666666666,10.571666666666667,0.08333333333333333,0.3333333333333333,0.16666666666666666,1.0,0.16666666666666666,0.0,0.16666666666666666,1,10
2020,Q4,FL,1.5045454545454546,0.8045454545454546,0.2727272727272727,0.18181818181818182,1.0,0.18181818181818182,0.0,0.6363636363636364,11,11,11,11,11,11,11,11,1.8814285714285715,1.25,0.5,0.2857142857142857,1.0,0.2857142857142857,0.0,0.7142857142857143,1.8814285714285715,1.25,0.14285714285714285,0.2857142857142857,1.0,0.2857142857142857,0.0,0.7142857142857143,10,12
2020,Q4,GA,5.57,0.05000000000000001,0.0,0.0,1.0,0.0,0.0,0.3333333333333333,3,3,3,3,3,3,3,3,5.57,0.05000000000000001,0.0,0.0,1.0,0.0,0.0,0.3333333333333333,5.57,0.05000000000000001,0.0,0.0,1.0,0.0,0.0,0.3333333333333333,2,10
2020,Q4,GU,0.0,0.21666666666666665,nan,nan,nan,nan,nan,nan,3,3,0,0,0,0,0,0,0.0,0.21666666666666665,0.0,0.0,0.0,0.0,0.0,0.0,0.0,0.21666666666666665,0.0,0.0,0.0,0.0,0.0,0.0,1,11
2020,Q4,ID,4.86,0.0,1.0,1.0,1.0,0.0,0.0,0.0,1,1,1,1,1,1,1,1,4.86,0.0,1.0,1.0,1.0,0.0,0.0,0.0,4.86,0.0,1.0,1.0,1.0,0.0,0.0,0.0,1,10
2020,Q4,IN,3.1808333333333336,0.0375,0.5,0.0,0.9166666666666666,0.25,0.0,0.3333333333333333,12,12,12,12,12,12,12,12,3.1808333333333336,0.0375,0.5,0.0,0.9166666666666666,0.25,0.0,0.3333333333333333,3.1808333333333336,0.0375,0.5,0.0,0.9166666666666666,0.25,0.0,0.3333333333333333,9,10
2020,Q4,KY,8.175,0.1,0.0,0.0,1.0,0.5,0.0,0.0,2,2,2,2,2,2,2,2,8.175,0.1,0.0,0.0,1.0,0.5,0.0,0.0,8.175,0.1,0.0,0.0,1.0,0.5,0.0,0.0,2,10
2020,Q4,LA,4.14625,0.61875,0.125,0.0,1.0,0.25,0.0,0.25,8,8,8,8,8,8,8,8,4.365714285714286,0.692857142857143,0.14285714285714285,0.0,1.0,1.0,0.0,0.2857142857142857,2.61,0.1,0.0,0.0,1.0,1.0,0.0,0.0,4,11
2020,Q4,MA,6.098,0.05,0.0,0.2,1.0,0.8,0.0,0.4,5,5,5,5,5,5,5,5,6.098,0.05,0.0,0.2,1.0,0.8,0.0,0.4,6.098,0.05,0.0,0.2,1.0,0.8,0.0,0.4,5,10
2020,Q4,MI,5.4025,0.29,0.65,0.2,1.0,0.65,0.05,0.45,20,20,20,20,20,20,20,20,5.426111111111111,0.525,0.6666666666666666,0.5,1.0,0.6666666666666666,0.05555555555555555,0.5,5.1899999999999995,0.525,0.5,0.5,1.0,0.5,0.0,0.5,13,11
2020,Q4,MN,1.7671428571428571,0.0071428571428571435,0.14285714285714285,0.42857142857142855,0.8571428571428571,0.14285714285714285,0.0,0.0,7,7,7,7,7,7,7,7,1.7671428571428571,0.0071428571428571435,0.14285714285714285,0.42857142857142855,0.8571428571428571,0.14285714285714285,0.0,0.0,1.7671428571428571,0.0071428571428571435,0.14285714285714285,0.42857142857142855,0.8571428571428571,0.14285714285714285,0.0,0.0,6,10
2020,Q4,ND,1.5050000000000001,0.17500000000000002,0.0,0.0,0.8333333333333334,0.3333333333333333,0.0,0.16666666666666666,6,6,6,6,6,6,6,6,1.5050000000000001,0.17500000000000002,0.0,0.0,0.8333333333333334,0.3333333333333333,0.0,0.16666666666666666,1.5050000000000001,0.17500000000000002,0.0,0.0,0.8333333333333334,0.3333333333333333,0.0,0.16666666666666666,4,10
2020,Q4,NV,19.119999999999997,0.0,0.0,0.0,1.0,0.5,0.0,1.0,2,2,2,2,2,2,2,2,19.119999999999997,0.0,0.0,0.0,1.0,0.5,0.0,1.0,19.119999999999997,0.0,0.0,0.0,1.0,0.5,0.0,1.0,2,10
2020,Q4,NY,5.650000000000001,0.15,0.6666666666666666,0.0,1.0,0.3333333333333333,0.0,0.0,3,3,3,3,3,3,3,3,5.650000000000001,0.15,0.6666666666666666,0.0,1.0,0.3333333333333333,0.0,0.0,5.650000000000001,0.15,0.6666666666666666,0.0,1.0,0.3333333333333333,0.0,0.0,3,10
2020,Q4,OR,2.3283333333333336,0.041666666666666664,0.3333333333333333,0.0,1.0,0.16666666666666666,0.0,0.3333333333333333,6,6,6,6,6,6,6,6,2.3283333333333336,0.041666666666666664,0.3333333333333333,0.0,1.0,0.16666666666666666,0.0,0.3333333333333333,2.3283333333333336,0.041666666666666664,0.3333333333333333,0.0,1.0,0.16666666666666666,0.0,0.3333333333333333,4,10
2020,Q4,SD,3.565,0.049999999999999996,0.16666666666666666,0.0,1.0,0.5,0.0,0.16666666666666666,6,6,6,6,6,6,6,6,3.565,0.049999999999999996,0.16666666666666666,0.0,1.0,0.5,0.0,0.16666666666666666,3.565,0.049999999999999996,0.16666666666666666,0.0,1.0,0.5,0.0,0.16666666666666666,6,10
2020,Q4,TX,1.0533333333333335,0.18125000000000002,0.25,0.125,1.0,0.125,0.0,0.125,6,8,8,8,8,8,8,8,2.1,1.1,0.3333333333333333,0.3333333333333333,1.0,0.25,0.0,1.0,0.0,1.1,0.0,0.0,1.0,0.0,0.0,1.0,8,12
2020,Q4,UT,5.566666666666667,0.11666666666666665,0.0,0.3333333333333333,0.6666666666666666,0.0,0.0,0.3333333333333333,3,3,3,3,3,3,3,3,5.566666666666667,0.11666666666666665,0.0,0.3333333333333333,0.6666666666666666,0.0,0.0,0.3333333333333333,5.566666666666667,0.11666666666666665,0.0,0.3333333333333333,0.6666666666666666,0.0,0.0,0.3333333333333333,3,10
2020,Q4,VA,5.768,0.085,0.1,0.0,1.0,0.0,0.0,0.0,10,10,10,10,10,10,10,10,7.226666666666667,0.10000000000000002,0.3333333333333333,0.0,1.0,0.0,0.0,0.0,7.226666666666667,0.10000000000000002,0.3333333333333333,0.0,1.0,0.0,0.0,0.0,9,11
2020,Q4,VT,8.02,0.0,1.0,0.0,1.0,0.0,0.0,0.0,3,3,3,3,3,3,3,3,8.02,0.0,1.0,0.0,1.0,0.0,0.0,0.0,8.02,0.0,1.0,0.0,1.0,0.0,0.0,0.0,2,10
2020,Q4,WI,2.1079999999999997,0.06,1.0,0.2,1.0,0.8,0.0,0.8,5,5,5,5,5,5,5,5,2.51,0.3,1.0,0.25,1.0,1.0,0.0,1.0,2.51,0.3,1.0,0.0,1.0,1.0,0.0,0.0,3,11
2021,Q1,CA,0.43631578947368416,0.9736842105263158,0.05263157894736842,0.0,0.8421052631578947,0.10526315789473684,0.0,0.5263157894736842,19,19,19,19,19,19,19,19,0.9,1.8642857142857143,0.14285714285714285,0.0,1.0,0.2857142857142857,0.0,1.0,0.9,0.375,0.0,0.0,1.0,0.0,0.0,1.0,8,3
2021,Q1,FL,3.4200000000000004,1.27,0.2,0.0,1.0,0.2,0.0,0.2,5,5,5,5,5,5,5,5,3.733333333333333,1.9333333333333333,0.5,0.0,1.0,0.3333333333333333,0.0,0.3333333333333333,2.95,0.275,0.5,0.0,1.0,0.0,0.0,0.0,4,3
2021,Q1,HI,1.0,0.65,1.0,0.0,1.0,0.0,0.0,0.0,1,1,1,1,1,1,1,1,1.0,0.65,1.0,0.0,1.0,0.0,0.0,0.0,1.0,0.65,1.0,0.0,1.0,0.0,0.0,0.0,1,2
2021,Q1,KY,0.0,0.55,0.0,1.0,0.0,0.0,0.0,1.0,1,1,1,1,1,1,1,1,0.0,0.55,0.0,1.0,0.0,0.0,0.0,1.0,0.0,0.55,0.0,1.0,0.0,0.0,0.0,1.0,1,3
2021,Q1,SC,0.33499999999999996,0.6333333333333333,0.16666666666666666,0.0,0.8333333333333334,0.16666666666666666,0.0,0.8333333333333334,6,6,6,6,6,6,6,6,0.33499999999999996,0.6333333333333333,0.16666666666666666,0.0,0.8333333333333334,0.16666666666666666,0.0,0.8333333333333334,0.33499999999999996,0.6333333333333333,0.16666666666666666,0.0,0.8333333333333334,0.16666666666666666,0.0,0.8333333333333334,1,3
2021,Q1,TX,0.04666666666666667,1.5666666666666664,0.0,0.0,1.0,0.6666666666666666,0.0,1.0,3,3,3,3,3,3,3,3,0.04666666666666667,1.5666666666666664,0.0,0.0,1.0,0.6666666666666666,0.0,1.0,0.04666666666666667,1.5666666666666664,0.0,0.0,1.0,0.6666666666666666,0.0,1.0,3,3
2021,Q2,AK,0.43,1.25,0.0,0.0,1.0,0.0,0.0,1.0,1,1,1,1,1,1,1,1,0.43,1.25,0.0,0.0,1.0,0.0,0.0,1.0,0.43,1.25,0.0,0.0,1.0,0.0,0.0,1.0,1,6
2021,Q2,AL,1.44625,0.2625,0.0,0.125,1.0,0.625,0.0,0.125,8,8,8,8,8,8,8,8,2.104,0.5333333333333333,0.0,0.3333333333333333,1.0,0.6666666666666666,0.0,0.2,0.35000000000000003,0.5333333333333333,0.0,0.3333333333333333,1.0,0.6666666666666666,0.0,0.0,8,6
2021,Q2,AR,0.922,0.11000000000000001,0.2222222222222222,0.2222222222222222,0.7777777777777778,0.2222222222222222,0.0,0.4444444444444444,10,10,9,9,9,9,9,9,0.922,0.11000000000000001,0.2222222222222222,0.2222222222222222,0.7777777777777778,0.2222222222222222,0.0,0.4444444444444444,0.922,0.11000000000000001,0.2222222222222222,0.2222222222222222,0.7777777777777778,0.2222222222222222,0.0,0.4444444444444444,9,6
2021,Q2,CA,1.2306896551724138,0.5344827586206896,0.0,0.1724137931034483,0.8275862068965517,0.20689655172413793,0.0,0.5172413793103449,29,29,29,29,29,29,29,29,1.9706666666666666,1.4357142857142855,0.0,0.2857142857142857,0.9333333333333333,0.42857142857142855,0.0,1.0,0.3514285714285714,0.45000000000000007,0.0,0.2857142857142857,0.5714285714285714,0.0,0.0,0.14285714285714285,14,6
2021,Q2,DC,1.8346153846153848,0.4730769230769231,0.0,0.3076923076923077,0.6923076923076923,0.15384615384615385,0.0,0.0,13,13,13,13,13,13,13,13,2.314,0.8699999999999999,0.0,0.6,1.0,0.4,0.0,0.0,2.314,0.030000000000000006,0.0,0.0,0.6,0.0,0.0,0.0,5,6
2021,Q2,DE,1.1099999999999999,0.1,0.0,0.0,1.0,0.5,0.0,0.0,2,2,2,2,2,2,2,2,1.1099999999999999,0.1,0.0,0.0,1.0,0.5,0.0,0.0,1.1099999999999999,0.1,0.0,0.0,1.0,0.5,0.0,0.0,2,6
2021,Q2,FL,0.0,0.65,0.0,0.0,0.0,0.0,0.0,0.0,1,1,1,1,1,1,1,1,0.0,0.65,0.0,0.0,0.0,0.0,0.0,0.0,0.0,0.65,0.0,0.0,0.0,0.0,0.0,0.0,1,4
2021,Q2,GA,0.48,0.0,0.0,1.0,1.0,1.0,0.0,0.0,1,1,1,1,1,1,1,1,0.48,0.0,0.0,1.0,1.0,1.0,0.0,0.0,0.48,0.0,0.0,1.0,1.0,1.0,0.0,0.0,1,6
2021,Q2,HI,0.0,0.45,0.0,0.0,0.0,0.0,0.0,0.0,1,1,1,1,1,1,1,1,0.0,0.45,0.0,0.0,0.0,0.0,0.0,0.0,0.0,0.45,0.0,0.0,0.0,0.0,0.0,0.0,1,4
2021,Q2,ID,0.11933333333333333,0.23333333333333334,0.0,0.0,0.4,0.3333333333333333,0.0,0.6666666666666666,15,15,15,15,15,15,15,15,0.14916666666666667,0.3833333333333333,0.0,0.0,0.6666666666666666,0.6666666666666666,0.0,1.0,0.14916666666666667,0.19583333333333333,0.0,0.0,0.3333333333333333,0.25,0.0,0.5833333333333334,13,6
2021,Q2,IN,0.5333333333333333,0.21666666666666667,0.0,0.3333333333333333,0.6666666666666666,0.3333333333333333,0.0,1.0,3,3,3,3,3,3,3,3,0.5333333333333333,0.21666666666666667,0.0,0.3333333333333333,0.6666666666666666,0.3333333333333333,0.0,1.0,0.5333333333333333,0.21666666666666667,0.0,0.3333333333333333,0.6666666666666666,0.3333333333333333,0.0,1.0,2,6
2021,Q2,KY,0.24545454545454548,0.3590909090909091,0.0,0.09090909090909091,0.45454545454545453,0.09090909090909091,0.0,0.8181818181818182,11,11,11,11,11,11,11,11,0.274,0.54,0.0,1.0,0.6,0.2,0.0,1.0,0.12,0.3,0.0,1.0,0.0,0.0,0.0,0.0,11,6
2021,Q2,MD,0.46714285714285714,0.22142857142857145,0.0,0.0,0.42857142857142855,0.0,0.0,0.14285714285714285,7,7,7,7,7,7,7,7,0.46714285714285714,0.22142857142857145,0.0,0.0,0.42857142857142855,0.0,0.0,0.14285714285714285,0.46714285714285714,0.22142857142857145,0.0,0.0,0.42857142857142855,0.0,0.0,0.14285714285714285,3,6
2021,Q2,ME,0.22666666666666668,1.1277777777777778,0.0,0.1111111111111111,0.4444444444444444,0.2222222222222222,0.0,0.3333333333333333,9,9,9,9,9,9,9,9,0.27,1.5666666666666667,0.0,0.3333333333333333,0.5,0.3333333333333333,0.0,0.3333333333333333,0.14,1.5666666666666667,0.0,0.3333333333333333,0.3333333333333333,0.3333333333333333,0.0,0.3333333333333333,7,6
2021,Q2,MI,0.9775,0.21875,0.0,0.0,0.75,0.375,0.0,0.75,8,8,8,8,8,8,8,8,1.0533333333333332,0.39999999999999997,0.0,0.0,1.0,0.6,0.0,0.8,0.932,0.11000000000000001,0.0,0.0,1.0,0.6,0.0,0.8,8,6
2021,Q2,MN,0.28833333333333333,0.325,0.0,0.0,0.08333333333333333,0.5,0.0,0.5,12,12,12,12,12,12,12,12,0.28833333333333333,0.325,0.0,0.0,0.08333333333333333,0.5,0.0,0.5,0.28833333333333333,0.325,0.0,0.0,0.08333333333333333,0.5,0.0,0.5,9,6
2021,Q2,MT,0.186875,1.1900000000000002,0.0,0.1875,0.75,0.5,0.0,0.75,16,15,16,16,16,16,16,16,0.20692307692307693,4.183333333333334,0.0,0.3333333333333333,1.0,0.5384615384615384,0.0,1.0,0.20692307692307693,0.44166666666666665,0.0,0.15384615384615385,0.6923076923076923,0.5384615384615384,0.0,0.6923076923076923,14,6
2021,Q2,ND,0.094,2.075,0.0,0.2,0.6,0.2,0.0,0.9,10,10,10,10,10,10,10,10,0.094,2.075,0.0,0.2,0.6,0.2,0.0,0.9,0.094,2.075,0.0,0.2,0.6,0.2,0.0,0.9,10,6
2021,Q2,NE,0.6819999999999999,0.11000000000000001,0.0,0.0,0.8,0.8,0.2,0.8,5,5,5,5,5,5,5,5,0.6819999999999999,0.11000000000000001,0.0,0.0,0.8,0.8,0.2,0.8,0.6819999999999999,0.11000000000000001,0.0,0.0,0.8,0.8,0.2,0.8,4,6
2021,Q2,NY,0.38375,0.325,0.0,0.125,0.875,0.375,0.0,0.5,8,8,8,8,8,8,8,8,0.38375,0.325,0.0,0.125,0.875,0.375,0.0,0.5,0.38375,0.325,0.0,0.125,0.875,0.375,0.0,0.5,8,6
2021,Q2,OR,0.5475,0.0625,0.25,0.25,0.5,0.0,0.0,0.5,4,4,4,4,4,4,4,4,0.5475,0.0625,0.25,0.25,0.5,0.0,0.0,0.5,0.5475,0.0625,0.25,0.25,0.5,0.0,0.0,0.5,4,6
2021,Q2,PA,0.7466666666666666,0.3375000000000001,0.0,0.08333333333333333,0.6666666666666666,0.25,0.0,0.3333333333333333,12,12,12,12,12,12,12,12,1.17,0.5142857142857143,0.0,0.25,1.0,0.42857142857142855,0.0,0.5,1.17,0.5142857142857143,0.0,0.0,0.5714285714285714,0.42857142857142855,0.0,0.2857142857142857,10,6
2021,Q2,SC,0.6937500000000001,0.190625,0.0625,0.25,0.75,0.0625,0.0,0.3125,16,16,16,16,16,16,16,16,0.78,0.525,0.25,0.2727272727272727,1.0,0.09090909090909091,0.0,1.0,0.7136363636363637,0.08636363636363636,0.0,0.2727272727272727,0.6363636363636364,0.09090909090909091,0.0,0.09090909090909091,9,6
2021,Q2,SD,0.0,0.55,0.0,0.0,1.0,0.0,0.0,0.0,1,1,1,1,1,1,1,1,0.0,0.55,0.0,0.0,1.0,0.0,0.0,0.0,0.0,0.55,0.0,0.0,1.0,0.0,0.0,0.0,1,6
2021,Q2,TN,nan,nan,0.0,0.0,1.0,0.0,0.0,1.0,0,0,1,1,1,1,1,1,0.0,0.0,0.0,0.0,1.0,0.0,0.0,1.0,0.0,0.0,0.0,0.0,1.0,0.0,0.0,1.0,1,5
2021,Q2,TX,0.06,0.65,0.0,0.0,1.0,0.5,0.0,1.0,2,2,2,2,2,2,2,2,0.06,0.65,0.0,0.0,1.0,0.5,0.0,1.0,0.06,0.65,0.0,0.0,1.0,0.5,0.0,1.0,2,4
2021,Q2,UT,0.188,0.25000000000000006,0.0,0.0,0.4,0.4,0.0,0.8,5,5,5,5,5,5,5,5,0.275,0.6000000000000001,0.0,0.0,0.5,1.0,0.0,1.0,0.195,0.0,0.0,0.0,0.5,0.0,0.0,1.0,5,6
2021,Q2,VA,0.5466666666666666,0.14444444444444446,0.0,0.1111111111111111,0.5555555555555556,0.1111111111111111,0.0,0.2222222222222222,9,9,9,9,9,9,9,9,0.5466666666666666,0.14444444444444446,0.0,0.1111111111111111,0.5555555555555556,0.1111111111111111,0.0,0.2222222222222222,0.5466666666666666,0.14444444444444446,0.0,0.1111111111111111,0.5555555555555556,0.1111111111111111,0.0,0.2222222222222222,9,6
2021,Q2,VT,0.442,0.39,0.0,0.0,0.4,0.4,0.0,0.4,5,5,5,5,5,5,5,5,0.442,0.39,0.0,0.0,0.4,0.4,0.0,0.4,0.442,0.39,0.0,0.0,0.4,0.4,0.0,0.4,4,6
2021,Q2,WA,0.13166666666666668,0.15833333333333333,0.0,0.16666666666666666,0.5,0.3333333333333333,0.0,0.5,6,6,6,6,6,6,6,6,0.13166666666666668,0.15833333333333333,0.0,0.16666666666666666,0.5,0.3333333333333333,0.0,0.5,0.13166666666666668,0.15833333333333333,0.0,0.16666666666666666,0.5,0.3333333333333333,0.0,0.5,3,6
2021,Q2,WI,0.168,0.5599999999999999,0.0,0.0,0.8,0.6,0.0,0.6,5,5,5,5,5,5,5,5,0.21000000000000002,0.5625,0.0,0.0,1.0,0.75,0.0,1.0,0.21000000000000002,0.5625,0.0,0.0,1.0,0.75,0.0,0.5,5,6
2021,Q2,WV,0.398,0.3,0.0,0.0,0.2,0.2,0.0,0.4,5,5,5,5,5,5,5,5,0.398,0.3,0.0,0.0,0.2,0.2,0.0,0.4,0.398,0.3,0.0,0.0,0.2,0.2,0.0,0.4,5,6
2021,Q3,AK,2.8542857142857145,0.049999999999999996,0.0,0.14285714285714285,0.7142857142857143,0.0,0.0,0.2857142857142857,7,7,7,7,7,7,7,7,3.9175,0.075,0.0,0.3333333333333333,0.75,0.0,0.0,0.6666666666666666,3.9175,0.075,0.0,0.0,0.75,0.0,0.0,0.0,4,8
2021,Q3,AL,2.48125,0.4125,0.0,0.125,0.875,0.125,0.0,0.0,8,8,8,8,8,8,8,8,3.6233333333333335,0.6599999999999999,0.0,0.3333333333333333,1.0,0.3333333333333333,0.0,0.0,1.796,0.6599999999999999,0.0,0.0,1.0,0.0,0.0,0.0,8,8
2021,Q3,AR,1.3116666666666665,0.008333333333333333,0.0,0.16666666666666666,0.5,0.0,0.0,0.16666666666666666,6,6,6,6,6,6,6,6,2.29,0.016666666666666666,0.0,0.3333333333333333,1.0,0.0,0.0,0.5,0.84,0.016666666666666666,0.0,0.3333333333333333,0.3333333333333333,0.0,0.0,0.0,6,9
2021,Q3,CA,0.7933333333333333,0.05833333333333333,0.3333333333333333,0.0,1.0,0.3333333333333333,0.0,0.3333333333333333,6,6,6,6,6,6,6,6,1.405,0.125,0.5,0.0,1.0,0.5,0.0,0.5,1.405,0.125,0.5,0.0,1.0,0.0,0.0,0.5,5,9
2021,Q3,CO,0.36,0.0,0.14285714285714285,0.14285714285714285,0.42857142857142855,0.0,0.0,0.42857142857142855,7,7,7,7,7,7,7,7,0.42800000000000005,0.0,0.5,0.2,0.6,0.0,0.0,0.6,0.42800000000000005,0.0,0.0,0.2,0.6,0.0,0.0,0.6,3,9
2021,Q3,DC,0.8960000000000001,0.29,0.4,0.2,0.6,0.0,0.0,0.0,5,5,5,5,5,5,5,5,1.175,0.625,1.0,0.5,1.0,0.0,0.0,0.0,1.175,0.1,1.0,0.5,1.0,0.0,0.0,0.0,3,9
2021,Q3,DE,1.202941176470588,0.1823529411764706,0.29411764705882354,0.11764705882352941,0.6470588235294118,0.23529411764705882,0.0,0.23529411764705882,17,17,17,17,17,17,17,17,1.4224999999999999,0.525,0.5,0.25,1.0,0.25,0.0,0.25,1.4224999999999999,0.525,0.5,0.0,1.0,0.25,0.0,0.25,8,9
2021,Q3,FL,2.435714285714286,0.20357142857142854,0.21428571428571427,0.0,0.9285714285714286,0.42857142857142855,0.0,0.2857142857142857,14,14,14,14,14,14,14,14,5.07,0.2545454545454545,0.3333333333333333,0.0,1.0,0.45454545454545453,0.0,0.3333333333333333,1.7172727272727273,0.2545454545454545,0.18181818181818182,0.0,0.9090909090909091,0.45454545454545453,0.0,0.2727272727272727,12,9
2021,Q3,GA,2.5013333333333336,0.12666666666666665,0.2,0.06666666666666667,1.0,0.2,0.0,0.0,15,15,15,15,15,15,15,15,3.722,0.2,0.6,0.1111111111111111,1.0,0.4,0.0,0.0,2.22,0.2,0.0,0.0,1.0,0.0,0.0,0.0,14,9
2021,Q3,GU,0.0,2.34,nan,nan,nan,nan,nan,nan,10,10,0,0,0,0,0,0,0.0,2.34,0.0,0.0,0.0,0.0,0.0,0.0,0.0,2.34,0.0,0.0,0.0,0.0,0.0,0.0,1,8
2021,Q3,ID,3.044,0.025,0.2,0.0,0.7,0.2,0.0,0.2,10,10,10,10,10,10,10,10,5.42,0.05,0.3333333333333333,0.0,1.0,0.4,0.0,0.5,5.42,0.01,0.2,0.0,0.8,0.4,0.0,0.0,9,9
2021,Q3,IL,1.27,0.0,0.0,0.0,1.0,0.0,0.0,0.0,1,1,1,1,1,1,1,1,1.27,0.0,0.0,0.0,1.0,0.0,0.0,0.0,1.27,0.0,0.0,0.0,1.0,0.0,0.0,0.0,1,8
2021,Q3,IN,2.3325,0.05000000000000001,0.3333333333333333,0.25,0.8333333333333334,0.4166666666666667,0.0,0.4166666666666667,12,12,12,12,12,12,12,12,3.282857142857143,0.0642857142857143,0.5714285714285714,0.4,1.0,0.6,0.0,0.6,3.282857142857143,0.0642857142857143,0.5714285714285714,0.14285714285714285,0.7142857142857143,0.2857142857142857,0.0,0.2857142857142857,7,9
2021,Q3,KY,1.9120000000000001,0.034999999999999996,0.1,0.1,0.6,0.1,0.0,0.1,10,10,10,10,10,10,10,10,3.6050000000000004,0.08333333333333333,0.25,0.3333333333333333,0.75,0.3333333333333333,0.0,0.25,3.6050000000000004,0.0125,0.25,0.0,0.75,0.0,0.0,0.25,10,9
2021,Q3,LA,1.6966666666666665,0.09166666666666667,0.0,0.0,1.0,0.16666666666666666,0.0,0.5,6,6,6,6,6,6,6,6,1.6966666666666665,0.09166666666666667,0.0,0.0,1.0,0.16666666666666666,0.0,0.5,1.6966666666666665,0.09166666666666667,0.0,0.0,1.0,0.16666666666666666,0.0,0.5,4,7
2021,Q3,MA,1.1742105263157894,0.4105263157894737,0.0,0.05263157894736842,0.7368421052631579,0.05263157894736842,0.0,0.10526315789473684,19,19,19,19,19,19,19,19,2.0816666666666666,0.4818181818181818,0.0,0.09090909090909091,0.8181818181818182,0.16666666666666666,0.0,0.18181818181818182,0.7909090909090909,0.4818181818181818,0.0,0.09090909090909091,0.8181818181818182,0.0,0.0,0.18181818181818182,13,9
2021,Q3,MD,1.3152941176470587,0.14705882352941177,0.058823529411764705,0.23529411764705882,0.5882352941176471,0.058823529411764705,0.0,0.17647058823529413,17,17,17,17,17,17,17,17,2.93,0.3,0.09090909090909091,0.36363636363636365,0.8181818181818182,0.2,0.0,0.4,1.7163636363636363,0.09090909090909091,0.09090909090909091,0.36363636363636365,0.8181818181818182,0.0,0.0,0.09090909090909091,10,9
2021,Q3,ME,1.704,0.22666666666666666,0.0,0.2,0.8,0.26666666666666666,0.0,0.4,15,15,15,15,15,15,15,15,2.2977777777777777,0.3333333333333333,0.0,0.3333333333333333,1.0,0.4444444444444444,0.0,0.4444444444444444,2.2977777777777777,0.3333333333333333,0.0,0.3333333333333333,0.8888888888888888,0.4444444444444444,0.0,0.4444444444444444,13,9
2021,Q3,MI,1.62,0.06875,0.375,0.125,0.75,0.5,0.0,0.375,8,8,8,8,8,8,8,8,2.1825,0.125,0.75,0.25,1.0,0.5,0.0,1.0,2.1825,0.075,0.75,0.25,1.0,0.5,0.0,0.25,8,9
2021,Q3,MN,2.19,0.03,0.3,0.0,1.0,0.2,0.0,0.0,10,10,10,10,10,10,10,10,2.19,0.03,0.3,0.0,1.0,0.2,0.0,0.0,2.19,0.03,0.3,0.0,1.0,0.2,0.0,0.0,7,9
2021,Q3,MT,2.232222222222222,0.25,0.0,0.0,0.7777777777777778,0.6666666666666666,0.0,0.5555555555555556,9,9,9,9,9,9,9,9,2.5275,0.5,0.0,0.0,0.8,0.75,0.0,0.75,1.996,0.05,0.0,0.0,0.8,0.6,0.0,0.4,8,9
2021,Q3,ND,1.0754166666666667,0.3104166666666667,0.0,0.041666666666666664,0.6666666666666666,0.08333333333333333,0.0,0.125,24,24,24,24,24,24,24,24,1.42,0.38,0.0,0.1,1.0,0.2,0.0,0.5,1.42,0.38,0.0,0.1,0.8,0.2,0.0,0.1,23,9
2021,Q3,NE,2.6607142857142856,0.08214285714285714,0.14285714285714285,0.14285714285714285,0.8571428571428571,0.21428571428571427,0.0,0.2857142857142857,14,14,14,14,14,14,14,14,3.469,0.175,0.2,0.5,1.0,0.3,0.0,0.5,3.469,0.05,0.2,0.1,1.0,0.3,0.0,0.3,8,9
2021,Q3,NV,2.375263157894737,0.06578947368421052,0.0,0.05263157894736842,0.42105263157894735,0.0,0.0,0.21052631578947367,19,19,19,19,19,19,19,19,7.026000000000001,0.09166666666666667,0.0,0.125,1.0,0.0,0.0,0.3333333333333333,7.026000000000001,0.05,0.0,0.0,1.0,0.0,0.0,0.0,8,9
2021,Q3,NY,1.44375,0.128125,0.1875,0.3125,0.875,0.25,0.0,0.1875,16,16,16,16,16,16,16,16,2.13125,0.24166666666666667,0.375,0.5,1.0,0.5,0.0,0.25,2.13125,0.075,0.375,0.5,0.875,0.25,0.0,0.25,15,9
2021,Q3,OR,2.8794117647058823,0.05,0.058823529411764705,0.11764705882352941,0.5294117647058824,0.17647058823529413,0.0,0.11764705882352941,17,17,17,17,17,17,17,17,3.8266666666666667,0.06000000000000001,0.2,0.2,0.8,0.2,0.0,0.16666666666666666,2.68,0.06000000000000001,0.2,0.2,0.8,0.2,0.0,0.0,14,9
2021,Q3,PA,1.73125,0.15,0.0,0.25,0.875,0.0,0.0,0.0,8,8,8,8,8,8,8,8,2.6966666666666668,0.25,0.0,0.3333333333333333,1.0,0.0,0.0,0.0,2.6966666666666668,0.25,0.0,0.3333333333333333,1.0,0.0,0.0,0.0,8,9
2021,Q3,SC,0.94,0.0,0.0,1.0,1.0,1.0,0.0,0.0,1,1,1,1,1,1,1,1,0.94,0.0,0.0,1.0,1.0,1.0,0.0,0.0,0.94,0.0,0.0,1.0,1.0,1.0,0.0,0.0,1,8
2021,Q3,SD,0.5210526315789474,0.3157894736842105,0.0,0.0,0.6842105263157895,0.21052631578947367,0.0,0.5789473684210527,19,19,19,19,19,19,19,19,0.8019999999999999,0.475,0.0,0.0,1.0,0.3333333333333333,0.0,0.75,0.8019999999999999,0.16,0.0,0.0,0.8,0.0,0.0,0.2,17,9
2021,Q3,TN,1.9866666666666666,0.3666666666666667,0.0,0.3333333333333333,1.0,0.0,0.0,0.0,3,3,3,3,3,3,3,3,1.9866666666666666,0.3666666666666667,0.0,0.3333333333333333,1.0,0.0,0.0,0.0,1.9866666666666666,0.3666666666666667,0.0,0.3333333333333333,1.0,0.0,0.0,0.0,3,7
2021,Q3,TX,2.658333333333333,0.3833333333333333,0.3333333333333333,0.0,0.8333333333333334,0.3333333333333333,0.0,0.16666666666666666,6,6,6,6,6,6,6,6,4.5,0.45999999999999996,0.4,0.0,1.0,0.4,0.0,0.2,4.5,0.0,0.0,0.0,1.0,0.0,0.0,0.0,6,8
2021,Q3,UT,0.2,0.0125,0.2,0.4,0.4,0.0,0.0,0.2,5,4,5,5,5,5,5,5,0.39,0.05,0.5,1.0,1.0,0.0,0.0,0.5,0.39,0.0,0.5,1.0,1.0,0.0,0.0,0.0,5,9
2021,Q3,VA,2.049090909090909,0.36818181818181817,0.0,0.0,0.9090909090909091,0.0,0.0,0.18181818181818182,11,11,11,11,11,11,11,11,4.008,0.45,0.0,0.0,1.0,0.0,0.0,0.4,4.008,0.45,0.0,0.0,1.0,0.0,0.0,0.0,10,9
2021,Q3,VT,3.1282352941176472,0.1941176470588235,0.35294117647058826,0.11764705882352941,0.7058823529411765,0.23529411764705882,0.0,0.11764705882352941,17,17,17,17,17,17,17,17,7.206666666666667,0.22499999999999998,0.6666666666666666,0.25,1.0,0.375,0.0,0.3333333333333333,7.206666666666667,0.08333333333333333,0.6666666666666666,0.0,1.0,0.0,0.0,0.0,7,9
2021,Q3,WA,0.7988888888888889,0.12777777777777777,0.0,0.1111111111111111,0.2222222222222222,0.1111111111111111,0.0,0.1111111111111111,9,9,9,9,9,9,9,9,0.7988888888888889,0.12777777777777777,0.0,0.1111111111111111,0.2222222222222222,0.1111111111111111,0.0,0.1111111111111111,0.7988888888888889,0.12777777777777777,0.0,0.1111111111111111,0.2222222222222222,0.1111111111111111,0.0,0.1111111111111111,4,7
2021,Q3,WI,1.6894117647058824,0.11176470588235293,0.058823529411764705,0.058823529411764705,0.6470588235294118,0.17647058823529413,0.0,0.23529411764705882,17,17,17,17,17,17,17,17,2.41,0.14545454545454545,0.09090909090909091,0.09090909090909091,1.0,0.2727272727272727,0.0,0.5,2.41,0.075,0.0,0.0,1.0,0.0,0.0,0.5,14,9
2021,Q3,WV,2.6533333333333333,0.11666666666666667,0.0,0.1111111111111111,0.8333333333333334,0.16666666666666666,0.0,0.16666666666666666,18,18,18,18,18,18,18,18,5.8575,0.23125,0.0,0.25,1.0,0.25,0.0,0.25,2.16125,0.23125,0.0,0.0,0.875,0.125,0.0,0.25,18,9
2021,Q4,AL,3.14,0.025,0.0,0.25,1.0,0.0,0.0,0.5,4,4,4,4,4,4,4,4,3.14,0.025,0.0,0.25,1.0,0.0,0.0,0.5,3.14,0.025,0.0,0.25,1.0,0.0,0.0,0.5,4,10
2021,Q4,AR,2.4025,0.0125,0.0,0.14285714285714285,0.8571428571428571,0.14285714285714285,0.0,0.0,8,8,7,7,7,7,7,7,2.8816666666666664,0.016666666666666666,0.0,0.2,1.0,0.5,0.0,0.0,2.8816666666666664,0.016666666666666666,0.0,0.2,0.8,0.0,0.0,0.0,7,11
2021,Q4,CA,0.7366666666666667,0.08333333333333333,0.3333333333333333,0.3333333333333333,1.0,0.0,0.0,0.3333333333333333,3,3,3,3,3,3,3,3,0.7949999999999999,0.125,0.5,1.0,1.0,0.0,0.0,1.0,0.62,0.0,0.0,1.0,1.0,0.0,0.0,1.0,3,11
2021,Q4,DC,3.0366666666666666,0.125,0.16666666666666666,0.16666666666666666,0.6666666666666666,0.0,0.0,0.0,6,6,6,6,6,6,6,6,3.0366666666666666,0.125,0.16666666666666666,0.16666666666666666,0.6666666666666666,0.0,0.0,0.0,3.0366666666666666,0.125,0.16666666666666666,0.16666666666666666,0.6666666666666666,0.0,0.0,0.0,1,10
2021,Q4,DE,8.28,0.025,1.0,0.5,1.0,0.5,0.0,0.0,2,2,2,2,2,2,2,2,8.28,0.025,1.0,0.5,1.0,0.5,0.0,0.0,8.28,0.025,1.0,0.5,1.0,0.5,0.0,0.0,2,10
2021,Q4,FL,3.338888888888889,0.35555555555555557,0.6666666666666666,0.2222222222222222,1.0,0.2222222222222222,0.1111111111111111,0.1111111111111111,9,9,9,9,9,9,9,9,5.220000000000001,0.54,1.0,0.4,1.0,1.0,0.2,0.2,0.0,0.05,1.0,0.0,1.0,1.0,0.0,0.0,8,12
2021,Q4,GA,2.9274999999999998,0.08125,0.25,0.125,1.0,0.25,0.125,0.375,8,8,8,8,8,8,8,8,5.7366666666666655,0.1,0.3333333333333333,0.2,1.0,0.3333333333333333,0.3333333333333333,0.4,5.7366666666666655,0.049999999999999996,0.3333333333333333,0.0,1.0,0.3333333333333333,0.3333333333333333,0.3333333333333333,7,11
2021,Q4,GU,0.0,0.1375,0.0,0.0,0.0,0.0,0.0,0.0,4,4,4,4,4,4,4,4,0.0,0.25,0.0,0.0,0.0,0.0,0.0,0.0,0.0,0.10000000000000002,0.0,0.0,0.0,0.0,0.0,0.0,2,11
2021,Q4,HI,0.7606666666666667,0.9433333333333334,0.13333333333333333,0.0,0.6666666666666666,0.0,0.06666666666666667,0.2,15,15,15,15,15,15,15,15,0.7606666666666667,0.9433333333333334,0.13333333333333333,0.0,0.6666666666666666,0.0,0.06666666666666667,0.2,0.7606666666666667,0.9433333333333334,0.13333333333333333,0.0,0.6666666666666666,0.0,0.06666666666666667,0.2,4,11
2021,Q4,ID,0.0,0.2,0.0,0.0,0.0,0.0,0.0,1.0,1,1,1,1,1,1,1,1,0.0,0.2,0.0,0.0,0.0,0.0,0.0,1.0,0.0,0.2,0.0,0.0,0.0,0.0,0.0,1.0,1,10
2021,Q4,IN,2.198,0.045,0.7,0.0,0.9,0.4,0.0,0.3,10,10,10,10,10,10,10,10,2.582,0.08,0.8,0.0,1.0,0.4,0.0,0.6,1.814,0.01,0.8,0.0,0.8,0.4,0.0,0.0,8,11
2021,Q4,KY,4.4366666666666665,0.13333333333333333,0.3333333333333333,0.0,1.0,0.3333333333333333,0.0,0.0,3,3,3,3,3,3,3,3,4.4366666666666665,0.13333333333333333,0.3333333333333333,0.0,1.0,0.3333333333333333,0.0,0.0,4.4366666666666665,0.13333333333333333,0.3333333333333333,0.0,1.0,0.3333333333333333,0.0,0.0,3,10
2021,Q4,LA,0.8314285714285715,0.07857142857142858,0.0,0.0,0.8571428571428571,0.0,0.0,0.2857142857142857,7,7,7,7,7,7,7,7,0.8314285714285715,0.07857142857142858,0.0,0.0,0.8571428571428571,0.0,0.0,0.2857142857142857,0.8314285714285715,0.07857142857142858,0.0,0.0,0.8571428571428571,0.0,0.0,0.2857142857142857,4,10
2021,Q4,MA,2.4125,0.7875,0.0,0.0,1.0,0.25,0.0,0.0,4,4,4,4,4,4,4,4,2.4125,0.7875,0.0,0.0,1.0,0.25,0.0,0.0,2.4125,0.7875,0.0,0.0,1.0,0.25,0.0,0.0,3,10
2021,Q4,MI,8.397499999999999,0.056249999999999994,0.625,0.375,1.0,0.75,0.0,0.5,8,8,8,8,8,8,8,8,21.955,0.075,0.6666666666666666,1.0,1.0,1.0,0.0,0.5,21.955,0.0,0.5,1.0,1.0,1.0,0.0,0.5,8,11
2021,Q4,MN,0.7050000000000001,0.025,0.0,0.0,1.0,0.0,0.0,0.5,2,2,2,2,2,2,2,2,0.7050000000000001,0.025,0.0,0.0,1.0,0.0,0.0,0.5,0.7050000000000001,0.025,0.0,0.0,1.0,0.0,0.0,0.5,2,10
2021,Q4,MT,1.175,0.0,0.0,0.0,1.0,1.0,0.0,0.5,2,2,2,2,2,2,2,2,1.175,0.0,0.0,0.0,1.0,1.0,0.0,0.5,1.175,0.0,0.0,0.0,1.0,1.0,0.0,0.5,2,10
2021,Q4,ND,0.185,0.125,0.0,0.0,1.0,0.0,0.0,0.0,2,2,2,2,2,2,2,2,0.185,0.125,0.0,0.0,1.0,0.0,0.0,0.0,0.185,0.125,0.0,0.0,1.0,0.0,0.0,0.0,2,10
2021,Q4,NE,10.068,0.0,0.8,0.0,1.0,0.4,0.0,0.2,5,4,5,5,5,5,5,5,10.068,0.0,0.8,0.0,1.0,0.4,0.0,0.2,10.068,0.0,0.8,0.0,1.0,0.4,0.0,0.2,5,10
2021,Q4,OR,3.6533333333333338,0.16666666666666666,0.3333333333333333,0.0,1.0,0.3333333333333333,0.0,0.6666666666666666,3,3,3,3,3,3,3,3,3.6533333333333338,0.16666666666666666,0.3333333333333333,0.0,1.0,0.3333333333333333,0.0,0.6666666666666666,3.6533333333333338,0.16666666666666666,0.3333333333333333,0.0,1.0,0.3333333333333333,0.0,0.6666666666666666,3,10
2021,Q4,PA,10.5275,0.025,0.25,0.5,1.0,0.25,0.0,0.5,4,4,4,4,4,4,4,4,10.5275,0.025,0.25,0.5,1.0,0.25,0.0,0.5,10.5275,0.025,0.25,0.5,1.0,0.25,0.0,0.5,4,10
2021,Q4,SD,1.26,0.1375,0.25,0.0,1.0,0.25,0.0,0.0,4,4,4,4,4,4,4,4,1.26,0.1375,0.25,0.0,1.0,0.25,0.0,0.0,1.26,0.1375,0.25,0.0,1.0,0.25,0.0,0.0,4,10
2021,Q4,TX,2.405,0.1625,0.375,0.25,1.0,0.125,0.0,0.375,8,8,8,8,8,8,8,8,3.5324999999999998,0.275,0.5,1.0,1.0,0.25,0.0,0.75,3.5324999999999998,0.275,0.25,0.0,1.0,0.25,0.0,0.75,8,12
2021,Q4,UT,8.648,0.04,0.4,0.4,1.0,0.4,0.0,0.6,5,5,5,5,5,5,5,5,28.51,0.2,1.0,0.5,1.0,1.0,0.0,0.75,28.51,0.2,1.0,0.0,1.0,1.0,0.0,0.0,4,11
2021,Q4,VA,5.3100000000000005,0.075,0.25,0.5,1.0,0.25,0.0,0.25,4,4,4,4,4,4,4,4,5.3100000000000005,0.075,0.25,0.5,1.0,0.25,0.0,0.25,5.3100000000000005,0.075,0.25,0.5,1.0,0.25,0.0,0.25,4,10
2021,Q4,VT,14.555,0.2,1.0,0.5,1.0,0.5,0.0,0.5,2,2,2,2,2,2,2,2,14.555,0.2,1.0,0.5,1.0,0.5,0.0,0.5,14.555,0.2,1.0,0.5,1.0,0.5,0.0,0.5,2,10
2021,Q4,WA,2.144285714285714,0.4857142857142857,0.2857142857142857,0.42857142857142855,1.0,0.14285714285714285,0.0,0.0,7,7,7,7,7,7,7,7,3.83,0.5416666666666666,0.3333333333333333,0.5,1.0,0.16666666666666666,0.0,0.0,3.83,0.15,0.0,0.0,1.0,0.0,0.0,0.0,5,11
2021,Q4,WI,10.469999999999999,0.0,1.0,0.0,1.0,0.0,0.0,0.0,2,2,2,2,2,2,2,2,10.469999999999999,0.0,1.0,0.0,1.0,0.0,0.0,0.0,10.469999999999999,0.0,1.0,0.0,1.0,0.0,0.0,0.0,1,10
2021,Q4,WV,1.56,0.0,0.0,1.0,1.0,0.0,0.0,0.0,1,1,1,1,1,1,1,1,1.56,0.0,0.0,1.0,1.0,0.0,0.0,0.0,1.56,0.0,0.0,1.0,1.0,0.0,0.0,0.0,1,10
2022,Q1,AK,0.17,1.1,nan,nan,nan,nan,nan,nan,1,1,0,0,0,0,0,0,0.17,1.1,0.0,0.0,0.0,0.0,0.0,0.0,0.17,1.1,0.0,0.0,0.0,0.0,0.0,0.0,0,2
2022,Q1,AL,2.3075,0.19999999999999998,0.0,0.25,0.75,0.0,0.0,0.0,4,4,4,4,4,4,4,4,2.3075,0.19999999999999998,0.0,0.25,0.75,0.0,0.0,0.0,2.3075,0.19999999999999998,0.0,0.25,0.75,0.0,0.0,0.0,4,3
2022,Q1,CA,0.01888888888888889,2.1444444444444444,0.1111111111111111,0.2222222222222222,0.7777777777777778,0.0,0.0,0.6666666666666666,9,9,9,9,9,9,9,9,0.0425,5.783333333333334,0.5,0.5,1.0,0.0,0.0,0.75,0.0425,0.475,0.0,0.25,0.5,0.0,0.0,0.75,5,3
2022,Q1,FL,0.48,0.0,0.0,0.0,1.0,0.0,0.0,0.0,1,1,1,1,1,1,1,1,0.48,0.0,0.0,0.0,1.0,0.0,0.0,0.0,0.48,0.0,0.0,0.0,1.0,0.0,0.0,0.0,1,1
2022,Q1,GU,0.0,0.4583333333333333,0.0,0.0,0.0,0.0,0.0,0.16666666666666666,6,6,6,6,6,6,6,6,0.0,0.9500000000000001,0.0,0.0,0.0,0.0,0.0,0.3333333333333333,0.0,0.9500000000000001,0.0,0.0,0.0,0.0,0.0,0.0,3,3
2022,Q1,HI,0.4657142857142857,1.8214285714285714,0.14285714285714285,0.14285714285714285,0.7142857142857143,0.0,0.0,0.2857142857142857,7,7,7,7,7,7,7,7,0.4657142857142857,1.8214285714285714,0.14285714285714285,0.14285714285714285,0.7142857142857143,0.0,0.0,0.2857142857142857,0.4657142857142857,1.8214285714285714,0.14285714285714285,0.14285714285714285,0.7142857142857143,0.0,0.0,0.2857142857142857,2,3
2022,Q1,NV,0.0,0.0,nan,nan,nan,nan,nan,nan,1,1,0,0,0,0,0,0,0.0,0.0,0.0,0.0,0.0,0.0,0.0,0.0,0.0,0.0,0.0,0.0,0.0,0.0,0.0,0.0,1,3
2022,Q1,SC,2.6550000000000002,0.475,0.0,0.0,1.0,0.0,0.0,0.0,2,2,2,2,2,2,2,2,2.6550000000000002,0.475,0.0,0.0,1.0,0.0,0.0,0.0,2.6550000000000002,0.475,0.0,0.0,1.0,0.0,0.0,0.0,2,3
2022,Q1,TN,0.126,0.29500000000000004,0.1,0.5,0.1,0.0,0.0,0.7,10,10,10,10,10,10,10,10,0.126,0.29500000000000004,0.1,0.5,0.1,0.0,0.0,0.7,0.126,0.29500000000000004,0.1,0.5,0.1,0.0,0.0,0.7,9,3
2022,Q1,TX,0.48,0.675,0.0,1.0,0.5,0.0,0.0,0.5,2,2,2,2,2,2,2,2,0.96,1.35,0.0,1.0,1.0,0.0,0.0,1.0,0.0,1.35,0.0,1.0,0.0,0.0,0.0,1.0,2,2
2022,Q1,UT,0.24,0.6,0.0,0.0,1.0,1.0,0.0,1.0,1,1,1,1,1,1,1,1,0.24,0.6,0.0,0.0,1.0,1.0,0.0,1.0,0.24,0.6,0.0,0.0,1.0,1.0,0.0,1.0,1,3
2022,Q2,AK,0.0,24.05,1.0,0.0,1.0,0.0,0.0,1.0,1,1,1,1,1,1,1,1,0.0,24.05,1.0,0.0,1.0,0.0,0.0,1.0,0.0,24.05,1.0,0.0,1.0,0.0,0.0,1.0,1,5
2022,Q2,AL,4.24,1.3,1.0,0.0,1.0,0.0,0.0,0.0,1,1,1,1,1,1,1,1,4.24,1.3,1.0,0.0,1.0,0.0,0.0,0.0,4.24,1.3,1.0,0.0,1.0,0.0,0.0,0.0,1,4
2022,Q2,AR,2.4099999999999997,0.18333333333333335,0.16666666666666666,0.0,1.0,0.5,0.0,0.3333333333333333,6,6,6,6,6,6,6,6,2.4099999999999997,0.18333333333333335,0.16666666666666666,0.0,1.0,0.5,0.0,0.3333333333333333,2.4099999999999997,0.18333333333333335,0.16666666666666666,0.0,1.0,0.5,0.0,0.3333333333333333,5,6
2022,Q2,CA,1.1796153846153847,0.573076923076923,0.07692307692307693,0.07692307692307693,0.8461538461538461,0.11538461538461539,0.0,0.23076923076923078,26,26,26,26,26,26,26,26,2.0325,0.675,0.13333333333333333,0.3333333333333333,0.9333333333333333,0.3333333333333333,0.0,0.6666666666666666,0.82,0.58,0.13333333333333333,0.0,0.9333333333333333,0.13333333333333333,0.0,0.26666666666666666,5,6
2022,Q2,CO,0.5215384615384615,1.5384615384615385,0.0,0.0,0.46153846153846156,0.15384615384615385,0.0,0.38461538461538464,13,13,13,13,13,13,13,13,0.5215384615384615,1.5384615384615385,0.0,0.0,0.46153846153846156,0.15384615384615385,0.0,0.38461538461538464,0.5215384615384615,1.5384615384615385,0.0,0.0,0.46153846153846156,0.15384615384615385,0.0,0.38461538461538464,2,6
2022,Q2,DC,1.0766666666666667,3.65,0.0,0.0,0.6666666666666666,0.0,0.0,0.0,3,3,3,3,3,3,3,3,1.31,4.074999999999999,0.0,0.0,1.0,0.0,0.0,0.0,0.61,2.8,0.0,0.0,0.0,0.0,0.0,0.0,2,6
2022,Q2,DE,1.4,0.3875,0.0,0.0,0.75,0.25,0.0,0.25,4,4,4,4,4,4,4,4,1.4,0.3875,0.0,0.0,0.75,0.25,0.0,0.25,1.4,0.3875,0.0,0.0,0.75,0.25,0.0,0.25,3,6
2022,Q2,GA,0.0,0.15,1.0,0.0,1.0,0.0,0.0,0.0,1,1,1,1,1,1,1,1,0.0,0.15,1.0,0.0,1.0,0.0,0.0,0.0,0.0,0.15,1.0,0.0,1.0,0.0,0.0,0.0,1,6
2022,Q2,GU,0.0,1.7750000000000001,nan,nan,nan,nan,nan,nan,2,2,0,0,0,0,0,0,0.0,1.7750000000000001,0.0,0.0,0.0,0.0,0.0,0.0,0.0,1.7750000000000001,0.0,0.0,0.0,0.0,0.0,0.0,1,5
2022,Q2,HI,4.855,1.125,0.0,0.0,1.0,0.0,0.0,0.0,2,2,2,2,2,2,2,2,4.855,1.125,0.0,0.0,1.0,0.0,0.0,0.0,4.855,1.125,0.0,0.0,1.0,0.0,0.0,0.0,1,4
2022,Q2,ID,0.27222222222222225,0.8500000000000001,0.0,0.1111111111111111,0.7777777777777778,0.5555555555555556,0.0,0.8888888888888888,9,9,9,9,9,9,9,9,0.27222222222222225,0.8500000000000001,0.0,0.1111111111111111,0.7777777777777778,0.5555555555555556,0.0,0.8888888888888888,0.27222222222222225,0.8500000000000001,0.0,0.1111111111111111,0.7777777777777778,0.5555555555555556,0.0,0.8888888888888888,9,6
2022,Q2,KY,0.25,0.10909090909090911,0.0,0.18181818181818182,0.8181818181818182,0.2727272727272727,0.0,0.5454545454545454,11,11,11,11,11,11,11,11,0.385,0.13,0.0,0.2,0.8333333333333334,0.3333333333333333,0.0,0.6666666666666666,0.385,0.09166666666666667,0.0,0.16666666666666666,0.8333333333333334,0.3333333333333333,0.0,0.6666666666666666,10,5
2022,Q2,LA,1.2054545454545453,0.6136363636363636,0.0,0.18181818181818182,0.9090909090909091,0.09090909090909091,0.0,0.9090909090909091,11,11,11,11,11,11,11,11,1.2054545454545453,0.6136363636363636,0.0,0.18181818181818182,0.9090909090909091,0.09090909090909091,0.0,0.9090909090909091,1.2054545454545453,0.6136363636363636,0.0,0.18181818181818182,0.9090909090909091,0.09090909090909091,0.0,0.9090909090909091,4,5
2022,Q2,MA,0.4933333333333334,0.9999999999999999,0.0,0.0,0.6666666666666666,0.3333333333333333,0.0,0.8333333333333334,6,6,6,6,6,6,6,6,0.538,1.19,0.0,0.0,0.8,1.0,0.0,1.0,0.27,0.05,0.0,0.0,0.0,1.0,0.0,0.0,4,6
2022,Q2,MD,0.1275,0.05,0.0,0.0,0.0,0.0,0.0,0.0,4,4,4,4,4,4,4,4,0.17,0.15,0.0,0.0,0.0,0.0,0.0,0.0,0.17,0.016666666666666666,0.0,0.0,0.0,0.0,0.0,0.0,4,6
2022,Q2,ME,0.678,0.85,0.0,0.2,0.8,0.6,0.0,0.8,5,5,5,5,5,5,5,5,0.678,0.85,0.0,0.2,0.8,0.6,0.0,0.8,0.678,0.85,0.0,0.2,0.8,0.6,0.0,0.8,5,6
2022,Q2,MN,0.615,0.11666666666666668,0.16666666666666666,0.0,0.6666666666666666,0.8333333333333334,0.0,0.6666666666666666,6,6,6,6,6,6,6,6,0.615,0.11666666666666668,0.16666666666666666,0.0,0.6666666666666666,0.8333333333333334,0.0,0.6666666666666666,0.615,0.11666666666666668,0.16666666666666666,0.0,0.6666666666666666,0.8333333333333334,0.0,0.6666666666666666,6,6
2022,Q2,MT,0.22400000000000003,0.44000000000000006,0.0,0.0,0.6,0.8,0.0,0.8,5,5,5,5,5,5,5,5,0.22400000000000003,0.44000000000000006,0.0,0.0,0.6,0.8,0.0,0.8,0.22400000000000003,0.44000000000000006,0.0,0.0,0.6,0.8,0.0,0.8,3,6
2022,Q2,NC,0.0,2.1,0.0,0.0,1.0,0.0,0.0,0.0,1,1,1,1,1,1,1,1,0.0,2.1,0.0,0.0,1.0,0.0,0.0,0.0,0.0,2.1,0.0,0.0,1.0,0.0,0.0,0.0,1,4
2022,Q2,ND,0.29300000000000004,0.9550000000000001,0.0,0.2,0.9,0.3,0.0,0.8,10,10,10,10,10,10,10,10,0.29300000000000004,0.9550000000000001,0.0,0.2,0.9,0.3,0.0,0.8,0.29300000000000004,0.9550000000000001,0.0,0.2,0.9,0.3,0.0,0.8,10,6
2022,Q2,NE,0.32,0.33888888888888885,0.0,0.0,0.7777777777777778,0.5555555555555556,0.1111111111111111,0.5555555555555556,9,9,9,9,9,9,9,9,0.32,0.33888888888888885,0.0,0.0,0.7777777777777778,0.5555555555555556,0.1111111111111111,0.5555555555555556,0.32,0.33888888888888885,0.0,0.0,0.7777777777777778,0.5555555555555556,0.1111111111111111,0.5555555555555556,4,6
2022,Q2,NV,0.9816666666666666,0.24166666666666667,0.0,0.3333333333333333,0.5,0.16666666666666666,0.0,0.8333333333333334,6,6,6,6,6,6,6,6,1.3775,0.575,0.0,0.5,0.5,0.5,0.0,1.0,1.3775,0.075,0.0,0.25,0.5,0.0,0.0,0.75,5,6
2022,Q2,NY,1.00375,0.8812500000000001,0.0,0.0,0.5,0.5,0.0,0.75,8,8,8,8,8,8,8,8,1.3933333333333333,0.9166666666666666,0.0,0.0,0.6666666666666666,0.6666666666666666,0.0,1.0,1.3933333333333333,0.9166666666666666,0.0,0.0,0.6666666666666666,0.6666666666666666,0.0,1.0,6,6
2022,Q2,OH,0.6733333333333333,0.3333333333333333,0.0,0.3333333333333333,0.6666666666666666,0.3333333333333333,0.0,0.3333333333333333,3,3,3,3,3,3,3,3,0.6733333333333333,0.3333333333333333,0.0,0.3333333333333333,0.6666666666666666,0.3333333333333333,0.0,0.3333333333333333,0.6733333333333333,0.3333333333333333,0.0,0.3333333333333333,0.6666666666666666,0.3333333333333333,0.0,0.3333333333333333,3,5
2022,Q2,OR,1.14,0.4,0.0,0.0,1.0,0.0,0.0,1.0,1,1,1,1,1,1,1,1,1.14,0.4,0.0,0.0,1.0,0.0,0.0,1.0,1.14,0.4,0.0,0.0,1.0,0.0,0.0,1.0,1,6
2022,Q2,PA,0.7941666666666668,0.725,0.0,0.0,0.4166666666666667,0.25,0.0,0.5,12,12,12,12,12,12,12,12,1.1528571428571428,1.1,0.0,0.0,1.0,1.0,0.0,0.5714285714285714,1.1528571428571428,0.6142857142857142,0.0,0.0,0.42857142857142855,0.14285714285714285,0.0,0.5714285714285714,10,6
2022,Q2,SC,1.3985714285714286,0.32142857142857145,0.0,0.14285714285714285,0.9047619047619048,0.09523809523809523,0.0,0.2857142857142857,21,21,21,21,21,21,21,21,1.84375,0.7071428571428572,0.0,0.25,1.0,0.14285714285714285,0.0,0.5714285714285714,1.84375,0.0125,0.0,0.25,1.0,0.125,0.0,0.125,13,6
2022,Q2,TN,0.6000000000000001,0.4318181818181818,0.0,0.18181818181818182,0.5454545454545454,0.0,0.0,0.5454545454545454,11,11,11,11,11,11,11,11,0.6000000000000001,0.4318181818181818,0.0,0.18181818181818182,0.5454545454545454,0.0,0.0,0.5454545454545454,0.6000000000000001,0.4318181818181818,0.0,0.18181818181818182,0.5454545454545454,0.0,0.0,0.5454545454545454,9,4
2022,Q2,TX,0.37625000000000003,0.5125000000000001,0.0,0.125,0.625,0.125,0.0,0.75,8,8,8,8,8,8,8,8,0.385,0.6416666666666667,0.0,0.16666666666666666,1.0,0.16666666666666666,0.0,0.8333333333333334,0.385,0.125,0.0,0.0,1.0,0.0,0.0,0.5,7,5
2022,Q2,UT,0.775,0.7000000000000001,0.0,0.3333333333333333,0.8333333333333334,0.16666666666666666,0.0,0.5,6,6,6,6,6,6,6,6,1.35,1.3,0.0,1.0,1.0,0.5,0.0,0.5,0.505,0.4,0.0,0.0,1.0,0.0,0.0,0.5,6,6
2022,Q2,VA,0.8711111111111111,0.3333333333333333,0.0,0.2222222222222222,0.5555555555555556,0.1111111111111111,0.0,0.2222222222222222,9,9,9,9,9,9,9,9,0.9600000000000001,0.40714285714285714,0.0,0.5,0.5714285714285714,0.14285714285714285,0.0,0.5,0.8457142857142858,0.40714285714285714,0.0,0.14285714285714285,0.5714285714285714,0.14285714285714285,0.0,0.14285714285714285,7,6
2022,Q2,VT,0.8710000000000001,0.175,0.0,0.2,0.5,0.1,0.0,0.0,10,10,10,10,10,10,10,10,0.8710000000000001,0.175,0.0,0.2,0.5,0.1,0.0,0.0,0.8710000000000001,0.175,0.0,0.2,0.5,0.1,0.0,0.0,6,6
2022,Q2,WI,0.616,0.18000000000000002,0.0,0.0,0.6,0.4,0.0,0.8,5,5,5,5,5,5,5,5,0.616,0.18000000000000002,0.0,0.0,0.6,0.4,0.0,0.8,0.616,0.18000000000000002,0.0,0.0,0.6,0.4,0.0,0.8,5,6
2022,Q2,WV,0.3233333333333333,0.05833333333333333,0.0,0.0,0.3333333333333333,0.16666666666666666,0.0,0.16666666666666666,6,6,6,6,6,6,6,6,0.3233333333333333,0.05833333333333333,0.0,0.0,0.3333333333333333,0.16666666666666666,0.0,0.16666666666666666,0.3233333333333333,0.05833333333333333,0.0,0.0,0.3333333333333333,0.16666666666666666,0.0,0.16666666666666666,6,6
2022,Q3,AL,3.2914285714285714,0.04285714285714286,0.2857142857142857,0.2857142857142857,1.0,0.2857142857142857,0.0,0.14285714285714285,7,7,7,7,7,7,7,7,3.5774999999999997,0.0625,0.3333333333333333,0.5,1.0,0.3333333333333333,0.0,0.25,3.5774999999999997,0.0625,0.25,0.5,1.0,0.25,0.0,0.25,7,9
2022,Q3,AR,3.728333333333334,0.020833333333333332,0.25,0.08333333333333333,0.9166666666666666,0.16666666666666666,0.0,0.16666666666666666,12,12,12,12,12,12,12,12,4.088571428571429,0.028571428571428574,0.2857142857142857,0.14285714285714285,1.0,0.2857142857142857,0.0,1.0,4.088571428571429,0.028571428571428574,0.2857142857142857,0.14285714285714285,1.0,0.2857142857142857,0.0,0.14285714285714285,11,9
2022,Q3,CA,1.5470000000000002,0.14,0.1,0.0,0.9,0.1,0.0,0.2,10,10,10,10,10,10,10,10,7.46,0.45,1.0,0.0,1.0,0.125,0.0,0.25,0.67125,0.10625000000000001,0.0,0.0,0.875,0.125,0.0,0.25,7,9
2022,Q3,CO,1.24,0.25,0.0,0.16666666666666666,0.8333333333333334,0.0,0.0,0.16666666666666666,6,6,6,6,6,6,6,6,1.2750000000000001,0.375,0.0,0.25,1.0,0.0,0.0,0.25,1.17,0.0,0.0,0.0,1.0,0.0,0.0,0.0,3,9
2022,Q3,DC,3.0107142857142857,0.1357142857142857,0.0,0.0,0.7142857142857143,0.0,0.0,0.0,14,14,14,14,14,14,14,14,3.54625,0.19375,0.0,0.0,1.0,0.0,0.0,0.0,3.1033333333333335,0.06666666666666667,0.0,0.0,1.0,0.0,0.0,0.0,3,9
2022,Q3,DE,1.6595652173913045,0.10869565217391304,0.14285714285714285,0.09523809523809523,0.7619047619047619,0.14285714285714285,0.0,0.047619047619047616,23,23,21,21,21,21,21,21,2.8714285714285714,0.15625,0.2,0.125,1.0,0.25,0.0,0.125,2.8714285714285714,0.014285714285714287,0.2,0.0,1.0,0.0,0.0,0.0,9,9
2022,Q3,FL,1.7033333333333331,0.4083333333333334,0.3333333333333333,0.3333333333333333,1.0,0.0,0.0,0.16666666666666666,6,6,6,6,6,6,6,6,1.92,1.3,0.4,0.4,1.0,0.0,0.0,0.2,1.92,0.22999999999999998,0.4,0.4,1.0,0.0,0.0,0.2,6,9
2022,Q3,GA,1.3358333333333334,0.10833333333333332,0.3333333333333333,0.0,0.9166666666666666,0.08333333333333333,0.0,0.08333333333333333,12,12,12,12,12,12,12,12,1.5859999999999999,0.16999999999999998,0.5,0.0,1.0,0.2,0.0,0.3333333333333333,0.61,0.03333333333333333,0.3333333333333333,0.0,1.0,0.0,0.0,0.3333333333333333,11,9
2022,Q3,GU,0.0,0.655,0.0,0.0,0.0,0.0,0.0,0.0,10,10,10,10,10,10,10,10,0.0,0.655,0.0,0.0,0.0,0.0,0.0,0.0,0.0,0.655,0.0,0.0,0.0,0.0,0.0,0.0,1,7
2022,Q3,ID,0.7716666666666666,0.1125,0.0,0.0,0.6666666666666666,0.4166666666666667,0.0,0.4166666666666667,12,12,12,12,12,12,12,12,1.5033333333333332,0.19285714285714287,0.0,0.0,1.0,0.5714285714285714,0.0,0.5,0.805,0.0,0.0,0.0,1.0,0.5,0.0,0.5,9,9
2022,Q3,IN,2.5233333333333334,0.075,0.3333333333333333,0.08333333333333333,1.0,0.25,0.0,0.3333333333333333,12,12,12,12,12,12,12,12,3.91,0.275,0.6666666666666666,0.16666666666666666,1.0,0.3333333333333333,0.0,0.5,3.91,0.05833333333333333,0.6666666666666666,0.16666666666666666,1.0,0.3333333333333333,0.0,0.5,9,9
2022,Q3,KY,1.4745454545454544,0.06818181818181818,0.2727272727272727,0.0,0.8181818181818182,0.36363636363636365,0.0,0.09090909090909091,11,11,11,11,11,11,11,11,1.8499999999999999,0.1,0.5,0.0,1.0,0.5,0.0,0.25,1.8499999999999999,0.0875,0.25,0.0,1.0,0.5,0.0,0.25,11,9
2022,Q3,LA,2.970833333333333,0.0,0.0,0.0,1.0,0.08333333333333333,0.0,0.0,12,12,12,12,12,12,12,12,2.970833333333333,0.0,0.0,0.0,1.0,0.08333333333333333,0.0,0.0,2.970833333333333,0.0,0.0,0.0,1.0,0.08333333333333333,0.0,0.0,6,7
2022,Q3,MA,1.9910526315789472,0.1131578947368421,0.0,0.0,0.8421052631578947,0.05263157894736842,0.0,0.10526315789473684,19,19,19,19,19,19,19,19,3.122,0.3,0.0,0.0,1.0,0.2,0.0,0.16666666666666666,3.055,0.3,0.0,0.0,0.5,0.0,0.0,0.0,13,9
2022,Q3,MD,2.692941176470588,0.14705882352941177,0.058823529411764705,0.11764705882352941,0.7647058823529411,0.11764705882352941,0.0,0.0,17,17,17,17,17,17,17,17,4.665,0.2,0.5,0.16666666666666666,1.0,0.6666666666666666,0.0,0.0,2.589166666666667,0.17500000000000002,0.0,0.16666666666666666,0.75,0.0,0.0,0.0,12,9
2022,Q3,ME,1.793157894736842,0.2789473684210526,0.10526315789473684,0.10526315789473684,0.8947368421052632,0.10526315789473684,0.0,0.15789473684210525,19,19,19,19,19,19,19,19,2.939,0.45,0.4,0.2,1.0,0.2,0.0,0.3,2.939,0.45,0.0,0.1,1.0,0.1,0.0,0.3,12,9
2022,Q3,MI,0.5499999999999999,0.2785714285714285,0.14285714285714285,0.0,0.7142857142857143,0.42857142857142855,0.0,0.07142857142857142,14,14,14,14,14,14,14,14,0.95,1.2,0.4,0.0,1.0,0.5,0.0,0.14285714285714285,0.868,0.09,0.4,0.0,0.8,0.4,0.0,0.0,12,9
2022,Q3,MN,0.5761111111111111,0.20555555555555555,0.16666666666666666,0.2222222222222222,0.9444444444444444,0.2777777777777778,0.0,0.5555555555555556,18,18,18,18,18,18,18,18,1.1400000000000001,0.4125,0.6,0.4,1.0,0.4,0.0,0.875,1.1400000000000001,0.06999999999999999,0.0,0.2,0.8,0.4,0.0,0.2,15,9
2022,Q3,MT,0.846875,0.26875,0.0,0.125,0.6875,0.5,0.0,0.5625,16,16,16,16,16,16,16,16,6.32,0.38181818181818183,0.0,1.0,1.0,1.0,0.0,0.75,0.47500000000000003,0.025,0.0,0.0,0.5,0.0,0.0,0.75,15,9
2022,Q3,NC,4.901666666666666,0.10833333333333332,0.0,0.0,0.8333333333333334,0.5,0.0,0.0,6,6,6,6,6,6,6,6,6.41,0.175,0.0,0.0,1.0,0.75,0.0,0.0,6.41,0.075,0.0,0.0,0.75,0.75,0.0,0.0,6,9
2022,Q3,ND,1.502,0.9199999999999999,0.0,0.0,0.8,0.0,0.0,0.6,5,5,5,5,5,5,5,5,1.502,0.9199999999999999,0.0,0.0,0.8,0.0,0.0,0.6,1.502,0.9199999999999999,0.0,0.0,0.8,0.0,0.0,0.6,5,8
2022,Q3,NE,1.9340000000000002,0.06999999999999999,0.06666666666666667,0.0,0.8666666666666667,0.3333333333333333,0.0,0.3333333333333333,15,15,15,15,15,15,15,15,2.3016666666666667,0.09999999999999999,0.25,0.0,1.0,0.4,0.0,0.5,2.3016666666666667,0.049999999999999996,0.0,0.0,1.0,0.3333333333333333,0.0,0.3333333333333333,13,9
2022,Q3,NJ,3.62,0.875,0.0,0.0,1.0,0.0,0.0,0.5,4,4,4,4,4,4,4,4,3.62,0.875,0.0,0.0,1.0,0.0,0.0,0.5,3.62,0.875,0.0,0.0,1.0,0.0,0.0,0.5,4,9
2022,Q3,NV,4.742,0.36500000000000005,0.2,0.1,0.9,0.3,0.0,0.1,10,10,10,10,10,10,10,10,5.468571428571429,0.4714285714285715,0.3333333333333333,0.14285714285714285,1.0,0.3333333333333333,0.0,0.14285714285714285,5.468571428571429,0.4714285714285715,0.14285714285714285,0.14285714285714285,1.0,0.2857142857142857,0.0,0.14285714285714285,6,9
2022,Q3,NY,3.0063636363636363,0.30454545454545456,0.2727272727272727,0.2727272727272727,0.9090909090909091,0.18181818181818182,0.0,0.09090909090909091,11,11,11,11,11,11,11,11,6.086,0.49000000000000005,0.6,0.4,1.0,0.4,0.0,0.3333333333333333,6.086,0.49000000000000005,0.6,0.4,1.0,0.4,0.0,0.0,11,9
2022,Q3,OH,1.78,0.025,0.4375,0.0625,0.875,0.0,0.0,0.0,16,16,16,16,16,16,16,16,2.3537500000000002,0.03571428571428571,1.0,0.125,1.0,0.0,0.0,0.0,1.65,0.0,1.0,0.0,1.0,0.0,0.0,0.0,13,9
2022,Q3,OR,3.8979999999999997,0.0425,0.2,0.1,0.9,0.35,0.0,0.2,20,20,20,20,20,20,20,20,6.153999999999999,0.061111111111111116,0.4,0.2222222222222222,1.0,0.5,0.0,0.3333333333333333,6.153999999999999,0.0,0.4,0.0,1.0,0.2,0.0,0.2,17,9
2022,Q3,PA,1.1122222222222224,0.16111111111111112,0.0,0.0,1.0,0.1111111111111111,0.0,0.1111111111111111,9,9,9,9,9,9,9,9,1.528,0.27,0.0,0.0,1.0,0.2,0.0,0.2,1.0,0.025,0.0,0.0,1.0,0.0,0.0,0.0,8,9
2022,Q3,SD,0.7892857142857144,0.19642857142857142,0.0,0.07142857142857142,0.5,0.14285714285714285,0.0,0.07142857142857142,14,14,14,14,14,14,14,14,2.06,0.31,0.0,0.25,0.75,0.25,0.0,0.2,2.06,0.0125,0.0,0.25,0.75,0.25,0.0,0.0,12,9
2022,Q3,TX,2.41,0.0,0.3333333333333333,0.0,0.6666666666666666,0.0,0.0,0.0,3,3,3,3,3,3,3,3,2.41,0.0,0.3333333333333333,0.0,0.6666666666666666,0.0,0.0,0.0,2.41,0.0,0.3333333333333333,0.0,0.6666666666666666,0.0,0.0,0.0,3,9
2022,Q3,UT,2.4059999999999997,0.02,0.0,0.0,1.0,0.5,0.0,0.25,5,5,4,4,4,4,4,4,5.5,0.025,0.0,0.0,1.0,1.0,0.0,0.5,5.5,0.025,0.0,0.0,1.0,0.0,0.0,0.0,4,9
2022,Q3,VA,2.1542857142857144,0.1285714285714286,0.2857142857142857,0.07142857142857142,1.0,0.14285714285714285,0.0,0.0,14,14,14,14,14,14,14,14,2.59125,0.15000000000000002,1.0,0.125,1.0,0.25,0.0,0.0,2.59125,0.15000000000000002,0.125,0.125,1.0,0.25,0.0,0.0,13,9
2022,Q3,VT,1.0871428571428572,0.1857142857142857,0.21428571428571427,0.21428571428571427,0.5,0.0,0.0,0.07142857142857142,14,14,14,14,14,14,14,14,2.83,0.3916666666666666,0.5,0.5,1.0,0.0,0.0,0.16666666666666666,2.83,0.0,0.0,0.0,1.0,0.0,0.0,0.0,8,9
2022,Q3,WA,0.6133333333333333,0.09166666666666667,0.0,0.0,0.8333333333333334,0.6666666666666666,0.0,0.5,6,6,6,6,6,6,6,6,0.6133333333333333,0.09166666666666667,0.0,0.0,0.8333333333333334,0.6666666666666666,0.0,0.5,0.6133333333333333,0.09166666666666667,0.0,0.0,0.8333333333333334,0.6666666666666666,0.0,0.5,3,7
2022,Q3,WI,0.9266666666666666,0.3,0.07142857142857142,0.07142857142857142,0.7142857142857143,0.2857142857142857,0.0,0.14285714285714285,15,15,14,14,14,14,14,14,1.4300000000000002,0.65,0.2,0.16666666666666666,0.8333333333333334,0.4,0.0,0.3333333333333333,0.33,0.65,0.0,0.0,0.3333333333333333,0.0,0.0,0.3333333333333333,14,9
2022,Q3,WV,1.076470588235294,0.023529411764705882,0.0625,0.25,0.6875,0.0625,0.0,0.1875,17,17,16,16,16,16,16,16,1.2757142857142856,0.041666666666666664,0.2,0.6,0.75,0.14285714285714285,0.0,0.4,1.2100000000000002,0.041666666666666664,0.2,0.6,0.6,0.0,0.0,0.4,15,9
2022,Q4,AL,1.6740000000000002,0.19000000000000003,0.0,0.2,1.0,0.0,0.0,0.0,5,5,5,5,5,5,5,5,2.375,0.3166666666666667,0.0,0.3333333333333333,1.0,0.0,0.0,0.0,2.375,0.0,0.0,0.0,1.0,0.0,0.0,0.0,5,11
2022,Q4,AR,4.818333333333333,0.016666666666666666,0.0,0.0,0.5,0.0,0.0,0.0,6,6,6,6,6,6,6,6,7.255,0.025,0.0,0.0,0.5,0.0,0.0,0.0,7.255,0.025,0.0,0.0,0.5,0.0,0.0,0.0,6,11
2022,Q4,CA,0.2525,0.3625,0.25,0.0,1.0,0.5,0.0,0.25,4,4,4,4,4,4,4,4,0.2525,0.3625,0.25,0.0,1.0,0.5,0.0,0.25,0.2525,0.3625,0.25,0.0,1.0,0.5,0.0,0.25,2,10
2022,Q4,DC,7.232,0.2,0.5454545454545454,0.2727272727272727,1.0,0.09090909090909091,0.0,0.0,15,15,11,11,11,11,11,11,9.584,0.25,0.75,0.2857142857142857,1.0,0.14285714285714285,0.0,0.0,2.528,0.1,0.75,0.25,1.0,0.0,0.0,0.0,2,11
2022,Q4,DE,2.68,0.0,0.0,1.0,1.0,0.0,0.0,0.0,1,1,1,1,1,1,1,1,2.68,0.0,0.0,1.0,1.0,0.0,0.0,0.0,2.68,0.0,0.0,1.0,1.0,0.0,0.0,0.0,1,10
2022,Q4,FL,3.9579999999999997,0.18666666666666668,0.6,0.06666666666666667,0.9333333333333333,0.4666666666666667,0.0,0.5333333333333333,15,15,15,15,15,15,15,15,8.833333333333334,0.34,0.8,0.2,1.0,0.6666666666666666,0.0,0.6666666666666666,4.244,0.34,0.8,0.2,1.0,0.6,0.0,0.6,14,12
2022,Q4,GA,1.9699999999999998,0.2772727272727273,0.2727272727272727,0.0,1.0,0.18181818181818182,0.0,0.09090909090909091,11,11,11,11,11,11,11,11,2.2666666666666666,0.375,0.5,0.0,1.0,0.2222222222222222,0.0,0.1111111111111111,0.635,0.375,0.5,0.0,1.0,0.0,0.0,0.0,11,11
2022,Q4,ID,1.3866666666666667,0.06666666666666667,0.0,0.0,1.0,0.3333333333333333,0.0,0.0,3,3,3,3,3,3,3,3,1.3866666666666667,0.06666666666666667,0.0,0.0,1.0,0.3333333333333333,0.0,0.0,1.3866666666666667,0.06666666666666667,0.0,0.0,1.0,0.3333333333333333,0.0,0.0,3,10
2022,Q4,IN,4.74,0.13749999999999998,0.4166666666666667,0.0,1.0,0.5833333333333334,0.0,0.16666666666666666,12,12,12,12,12,12,12,12,8.96,0.35,1.0,0.0,1.0,1.0,0.0,0.18181818181818182,8.96,0.35,1.0,0.0,1.0,1.0,0.0,0.0,8,11
2022,Q4,KY,9.76,0.175,0.0,0.5,0.5,0.0,0.0,1.0,2,2,2,2,2,2,2,2,9.76,0.175,0.0,0.5,0.5,0.0,0.0,1.0,9.76,0.175,0.0,0.5,0.5,0.0,0.0,1.0,2,10
2022,Q4,MD,0.44,0.05,0.0,0.0,1.0,0.0,0.0,0.0,1,1,1,1,1,1,1,1,0.44,0.05,0.0,0.0,1.0,0.0,0.0,0.0,0.44,0.05,0.0,0.0,1.0,0.0,0.0,0.0,1,10
2022,Q4,NC,15.005,0.025,0.0,0.0,1.0,0.0,0.5,0.0,2,2,2,2,2,2,2,2,15.005,0.025,0.0,0.0,1.0,0.0,0.5,0.0,15.005,0.025,0.0,0.0,1.0,0.0,0.5,0.0,2,11
2022,Q4,NM,5.45125,0.225,0.0,0.0,1.0,0.125,0.0,0.0,8,8,8,8,8,8,8,8,5.45125,0.225,0.0,0.0,1.0,0.125,0.0,0.0,5.45125,0.225,0.0,0.0,1.0,0.125,0.0,0.0,3,10
2022,Q4,NY,6.7700000000000005,0.12000000000000002,0.75,0.5,1.0,0.25,0.0,0.0,5,5,4,4,4,4,4,4,6.7700000000000005,0.12000000000000002,0.75,0.5,1.0,0.25,0.0,0.0,6.7700000000000005,0.12000000000000002,0.75,0.5,1.0,0.25,0.0,0.0,5,10
2022,Q4,OH,5.17,0.4,0.0,0.0,0.5,0.0,0.0,0.0,2,2,2,2,2,2,2,2,7.26,0.8,0.0,0.0,1.0,0.0,0.0,0.0,3.08,0.8,0.0,0.0,0.0,0.0,0.0,0.0,2,11
2022,Q4,OR,1.44,0.0,0.0,0.0,1.0,0.0,0.0,1.0,1,1,1,1,1,1,1,1,1.44,0.0,0.0,0.0,1.0,0.0,0.0,1.0,1.44,0.0,0.0,0.0,1.0,0.0,0.0,1.0,1,10
2022,Q4,PA,4.78,0.0,0.0,0.0,1.0,0.0,0.0,0.0,1,1,1,1,1,1,1,1,4.78,0.0,0.0,0.0,1.0,0.0,0.0,0.0,4.78,0.0,0.0,0.0,1.0,0.0,0.0,0.0,1,10
2022,Q4,SD,4.1530000000000005,0.155,0.1,0.1,1.0,0.1,0.0,0.1,10,10,10,10,10,10,10,10,4.1530000000000005,0.155,0.1,0.1,1.0,0.1,0.0,0.1,4.1530000000000005,0.155,0.1,0.1,1.0,0.1,0.0,0.1,8,10
2022,Q4,TX,0.2283333333333333,0.7666666666666666,0.0,0.16666666666666666,1.0,0.16666666666666666,0.0,0.16666666666666666,6,6,6,6,6,6,6,6,0.2925,4.05,0.0,1.0,1.0,0.25,0.0,1.0,0.2,4.05,0.0,1.0,1.0,0.0,0.0,0.0,6,12
2022,Q4,UT,6.47,0.0,1.0,0.0,1.0,1.0,0.0,0.0,1,1,1,1,1,1,1,1,6.47,0.0,1.0,0.0,1.0,1.0,0.0,0.0,6.47,0.0,1.0,0.0,1.0,1.0,0.0,0.0,1,10
2022,Q4,VA,0.94,0.45,0.0,0.0,1.0,0.0,0.0,0.0,1,1,1,1,1,1,1,1,0.94,0.45,0.0,0.0,1.0,0.0,0.0,0.0,0.94,0.45,0.0,0.0,1.0,0.0,0.0,0.0,1,10
2022,Q4,WA,2.1561538461538463,0.12307692307692308,0.5714285714285714,0.14285714285714285,1.0,0.14285714285714285,0.0,0.14285714285714285,13,13,7,7,7,7,7,7,2.1561538461538463,0.12307692307692308,0.5714285714285714,0.14285714285714285,1.0,0.14285714285714285,0.0,0.14285714285714285,2.1561538461538463,0.12307692307692308,0.5714285714285714,0.14285714285714285,1.0,0.14285714285714285,0.0,0.14285714285714285,4,10
2022,Q4,WI,0.95,0.0,1.0,0.0,1.0,1.0,0.0,0.0,1,1,1,1,1,1,1,1,0.95,0.0,1.0,0.0,1.0,1.0,0.0,0.0,0.95,0.0,1.0,0.0,1.0,1.0,0.0,0.0,1,10
2022,Q4,WV,1.05,0.225,0.0,0.5,1.0,0.0,0.0,0.5,2,2,2,2,2,2,2,2,1.05,0.225,0.0,0.5,1.0,0.0,0.0,0.5,1.05,0.225,0.0,0.5,1.0,0.0,0.0,0.5,2,10
2023,Q1,AL,0.9366666666666666,0.35000000000000003,0.0,0.0,0.6666666666666666,0.3333333333333333,0.0,0.6666666666666666,3,3,3,3,3,3,3,3,0.9366666666666666,0.35000000000000003,0.0,0.0,0.6666666666666666,0.3333333333333333,0.0,0.6666666666666666,0.9366666666666666,0.35000000000000003,0.0,0.0,0.6666666666666666,0.3333333333333333,0.0,0.6666666666666666,3,3
2023,Q1,CA,0.08,1.6500000000000001,0.0,0.0,0.6666666666666666,0.3333333333333333,0.0,0.6666666666666666,3,3,3,3,3,3,3,3,0.08,1.6500000000000001,0.0,0.0,0.6666666666666666,0.3333333333333333,0.0,0.6666666666666666,0.08,1.6500000000000001,0.0,0.0,0.6666666666666666,0.3333333333333333,0.0,0.6666666666666666,3,3
2023,Q1,FL,0.6100000000000001,0.35,0.0,0.0,1.0,0.0,0.0,0.5,2,2,2,2,2,2,2,2,0.6100000000000001,0.35,0.0,0.0,1.0,0.0,0.0,0.5,0.6100000000000001,0.35,0.0,0.0,1.0,0.0,0.0,0.5,2,1
2023,Q1,GU,0.0,0.43333333333333335,0.0,0.0,0.0,0.0,0.0,0.0,6,6,6,6,6,6,6,6,0.0,0.43333333333333335,0.0,0.0,0.0,0.0,0.0,0.0,0.0,0.43333333333333335,0.0,0.0,0.0,0.0,0.0,0.0,1,2
2023,Q1,NC,0.0,0.0,0.0,1.0,1.0,0.0,0.0,0.0,1,1,1,1,1,1,1,1,0.0,0.0,0.0,1.0,1.0,0.0,0.0,0.0,0.0,0.0,0.0,1.0,1.0,0.0,0.0,0.0,1,2
2023,Q1,SC,0.7155555555555555,0.34444444444444444,0.0,0.1111111111111111,0.7777777777777778,0.3333333333333333,0.0,0.8888888888888888,9,9,9,9,9,9,9,9,0.7155555555555555,0.34444444444444444,0.0,0.1111111111111111,0.7777777777777778,0.3333333333333333,0.0,0.8888888888888888,0.7155555555555555,0.34444444444444444,0.0,0.1111111111111111,0.7777777777777778,0.3333333333333333,0.0,0.8888888888888888,6,3
2023,Q1,TN,0.25,0.0409090909090909,0.0,0.0,0.5454545454545454,0.0,0.0,0.18181818181818182,11,11,11,11,11,11,11,11,0.41,0.1,0.0,0.0,0.6,0.0,0.0,0.2,0.23399999999999999,0.034999999999999996,0.0,0.0,0.6,0.0,0.0,0.2,10,3
2023,Q1,TX,0.7185714285714286,0.21428571428571427,0.2857142857142857,0.0,0.8571428571428571,0.14285714285714285,0.0,0.42857142857142855,7,7,7,7,7,7,7,7,1.0925,0.325,0.5,0.0,1.0,0.25,0.0,0.5,1.0925,0.15,0.5,0.0,1.0,0.25,0.0,0.5,6,3
2023,Q1,WI,0.0,1.75,1.0,0.0,1.0,1.0,0.0,0.0,1,1,1,1,1,1,1,1,0.0,1.75,1.0,0.0,1.0,1.0,0.0,0.0,0.0,1.75,1.0,0.0,1.0,1.0,0.0,0.0,1,3
2023,Q2,AL,2.2244444444444444,0.08888888888888889,0.0,0.0,0.6666666666666666,0.0,0.0,0.0,9,9,9,9,9,9,9,9,2.7975,0.25,0.0,0.0,1.0,0.0,0.0,0.0,1.5866666666666667,0.25,0.0,0.0,0.6666666666666666,0.0,0.0,0.0,9,6
2023,Q2,AR,3.48,0.16666666666666666,0.3333333333333333,0.0,1.0,0.6666666666666666,0.0,0.6666666666666666,3,3,3,3,3,3,3,3,3.48,0.16666666666666666,0.3333333333333333,0.0,1.0,0.6666666666666666,0.0,0.6666666666666666,3.48,0.16666666666666666,0.3333333333333333,0.0,1.0,0.6666666666666666,0.0,0.6666666666666666,3,6
2023,Q2,CA,0.8896774193548387,0.9919354838709677,0.22580645161290322,0.12903225806451613,0.7741935483870968,0.3225806451612903,0.0,0.7096774193548387,31,31,31,31,31,31,31,31,1.1125,1.1352941176470588,0.5,0.3333333333333333,1.0,0.5,0.0,0.7647058823529411,1.0158823529411765,1.1352941176470588,0.17647058823529413,0.11764705882352941,0.7647058823529411,0.23529411764705882,0.0,0.7647058823529411,18,6
2023,Q2,CO,0.1763636363636364,1.2204545454545455,0.0,0.13636363636363635,0.6363636363636364,0.5454545454545454,0.0,0.6363636363636364,22,22,22,22,22,22,22,22,0.2153846153846154,1.6807692307692308,0.0,0.15384615384615385,0.6923076923076923,0.6666666666666666,0.0,0.6923076923076923,0.12000000000000001,0.5555555555555556,0.0,0.1111111111111111,0.5555555555555556,0.6666666666666666,0.0,0.5555555555555556,6,6
2023,Q2,DC,1.525,0.3,0.0,0.0,1.0,0.0,0.0,0.0,2,2,2,2,2,2,2,2,1.525,0.3,0.0,0.0,1.0,0.0,0.0,0.0,1.525,0.3,0.0,0.0,1.0,0.0,0.0,0.0,1,6
2023,Q2,DE,0.965,0.4,0.0,0.25,0.75,0.25,0.0,0.25,4,4,4,4,4,4,4,4,1.46,0.9,0.0,0.5,1.0,0.5,0.0,0.5,0.94,0.0,0.0,0.0,1.0,0.0,0.0,0.0,3,6
2023,Q2,ID,0.12333333333333332,0.4,0.1111111111111111,0.0,0.4444444444444444,0.6666666666666666,0.0,0.7777777777777778,9,9,9,9,9,9,9,9,0.235,0.8,0.5,0.0,1.0,1.0,0.0,0.8571428571428571,0.09142857142857143,0.2857142857142857,0.0,0.0,0.2857142857142857,0.5714285714285714,0.0,0.8571428571428571,9,6
2023,Q2,IN,0.44,0.13333333333333333,0.0,0.0,1.0,0.0,0.0,0.6666666666666666,3,3,3,3,3,3,3,3,0.44,0.13333333333333333,0.0,0.0,1.0,0.0,0.0,0.6666666666666666,0.44,0.13333333333333333,0.0,0.0,1.0,0.0,0.0,0.6666666666666666,3,6
2023,Q2,KY,0.30454545454545456,0.30454545454545456,0.0,0.2727272727272727,0.45454545454545453,0.09090909090909091,0.0,0.6363636363636364,11,11,11,11,11,11,11,11,0.4375,0.3125,0.0,0.5,0.5,0.14285714285714285,0.0,0.7142857142857143,0.4375,0.3125,0.0,0.5,0.5,0.0,0.0,0.5,11,5
2023,Q2,LA,1.6025,0.31666666666666665,0.0,0.16666666666666666,1.0,0.3333333333333333,0.0,0.5833333333333334,12,12,12,12,12,12,12,12,1.6025,0.31666666666666665,0.0,0.16666666666666666,1.0,0.3333333333333333,0.0,0.5833333333333334,1.6025,0.31666666666666665,0.0,0.16666666666666666,1.0,0.3333333333333333,0.0,0.5833333333333334,7,5
2023,Q2,MA,0.52,0.3941176470588235,0.0,0.17647058823529413,0.6470588235294118,0.23529411764705882,0.0,0.47058823529411764,17,17,17,17,17,17,17,17,0.5927272727272727,0.4583333333333333,0.0,0.2727272727272727,0.6666666666666666,0.2727272727272727,0.0,0.5454545454545454,0.5927272727272727,0.3590909090909091,0.0,0.2727272727272727,0.6363636363636364,0.2727272727272727,0.0,0.5454545454545454,11,6
2023,Q2,MD,0.9399999999999998,1.06,0.0,0.2,0.8,0.2,0.0,0.2,5,5,5,5,5,5,5,5,1.2566666666666666,2.6,0.0,0.5,1.0,0.5,0.0,0.3333333333333333,1.2566666666666666,0.03333333333333333,0.0,0.0,1.0,0.0,0.0,0.3333333333333333,5,6
2023,Q2,ME,0.19555555555555557,1.322222222222222,0.0,0.1111111111111111,0.5555555555555556,0.3333333333333333,0.0,0.3333333333333333,9,9,9,9,9,9,9,9,0.3675,1.34,0.0,0.2,0.8,0.4,0.0,0.6,0.3675,1.2999999999999998,0.0,0.0,0.25,0.25,0.0,0.0,8,6
2023,Q2,MI,0.159,1.22,0.1,0.0,0.4,0.3,0.0,0.7,10,10,10,10,10,10,10,10,0.21200000000000002,2.35,0.25,0.0,0.6,1.0,0.0,1.0,0.21200000000000002,1.6,0.0,0.0,0.6,0.2,0.0,0.8,9,6
2023,Q2,MT,0.2127272727272727,0.6590909090909091,0.2727272727272727,0.18181818181818182,1.0,0.6363636363636364,0.0,0.8181818181818182,11,11,11,11,11,11,11,11,0.3375,0.6928571428571428,0.5,0.25,1.0,1.0,0.0,1.0,0.14142857142857143,0.6928571428571428,0.14285714285714285,0.14285714285714285,1.0,0.42857142857142855,0.0,0.7142857142857143,9,6
2023,Q2,NC,2.2514285714285713,0.38571428571428573,0.0,0.0,1.0,0.14285714285714285,0.0,0.2857142857142857,7,7,7,7,7,7,7,7,3.625,0.65,0.0,0.0,1.0,0.3333333333333333,0.0,0.6666666666666666,2.183333333333333,0.23333333333333336,0.0,0.0,1.0,0.3333333333333333,0.0,0.6666666666666666,6,6
2023,Q2,ND,0.31181818181818177,0.5863636363636364,0.09090909090909091,0.18181818181818182,0.7272727272727273,0.18181818181818182,0.0,0.8181818181818182,11,11,11,11,11,11,11,11,0.31181818181818177,0.5863636363636364,0.09090909090909091,0.18181818181818182,0.7272727272727273,0.18181818181818182,0.0,0.8181818181818182,0.31181818181818177,0.5863636363636364,0.09090909090909091,0.18181818181818182,0.7272727272727273,0.18181818181818182,0.0,0.8181818181818182,11,6
2023,Q2,NJ,0.9244999999999999,0.4131578947368421,0.05263157894736842,0.05263157894736842,0.6842105263157895,0.2631578947368421,0.0,0.3157894736842105,20,19,19,19,19,19,19,19,1.1320000000000001,0.85,0.125,0.16666666666666666,0.8,0.3333333333333333,0.0,0.5,1.0244444444444443,0.15,0.125,0.0,0.75,0.25,0.0,0.25,16,6
2023,Q2,NM,1.00625,0.303125,0.0625,0.1875,0.75,0.3125,0.0,0.4375,16,16,16,16,16,16,16,16,1.00625,0.303125,0.0625,0.1875,0.75,0.3125,0.0,0.4375,1.00625,0.303125,0.0625,0.1875,0.75,0.3125,0.0,0.4375,9,5
2023,Q2,NV,22.095,0.0,0.0,0.0,1.0,0.0,0.0,0.0,2,2,1,1,1,1,1,1,40.35,0.0,0.0,0.0,1.0,0.0,0.0,0.0,40.35,0.0,0.0,0.0,1.0,0.0,0.0,0.0,2,5
2023,Q2,NY,0.6012500000000001,1.225,0.125,0.25,0.625,0.375,0.0,0.5,8,8,8,8,8,8,8,8,0.8380000000000001,1.8800000000000001,0.2,0.3333333333333333,0.6666666666666666,0.6666666666666666,0.0,0.6,0.20666666666666667,0.13333333333333333,0.0,0.3333333333333333,0.6666666666666666,0.6666666666666666,0.0,0.3333333333333333,7,6
2023,Q2,OH,1.445,0.0,0.5,0.0,0.0,0.0,0.0,0.0,2,2,2,2,2,2,2,2,1.445,0.0,0.5,0.0,0.0,0.0,0.0,0.0,1.445,0.0,0.5,0.0,0.0,0.0,0.0,0.0,2,5
2023,Q2,OK,1.63,1.0375,0.25,0.5,0.5,0.0,0.0,0.25,4,4,4,4,4,4,4,4,2.8049999999999997,1.85,0.5,0.5,0.5,0.0,0.0,0.5,0.455,0.225,0.5,0.5,0.5,0.0,0.0,0.5,4,6
2023,Q2,PA,0.81,0.1375,0.125,0.375,0.5,0.25,0.0,0.5,8,8,8,8,8,8,8,8,1.03,0.15714285714285717,0.14285714285714285,1.0,0.5714285714285714,0.2857142857142857,0.0,0.5714285714285714,1.03,0.0,0.0,1.0,0.0,0.0,0.0,0.0,7,6
2023,Q2,SC,0.8606666666666667,0.5533333333333333,0.0,0.13333333333333333,0.8,0.13333333333333333,0.0,0.7333333333333333,15,15,15,15,15,15,15,15,1.2475,0.6272727272727273,0.0,0.5,1.0,0.18181818181818182,0.0,0.9090909090909091,1.2475,0.35000000000000003,0.0,0.5,1.0,0.0,0.0,0.25,9,5
2023,Q2,SD,0.9640000000000001,0.44000000000000006,0.0,0.0,0.8,0.4,0.0,0.8,5,5,5,5,5,5,5,5,0.9640000000000001,0.44000000000000006,0.0,0.0,0.8,0.4,0.0,0.8,0.9640000000000001,0.44000000000000006,0.0,0.0,0.8,0.4,0.0,0.8,3,6
2023,Q2,TN,0.9487500000000001,0.15625,0.0,0.0,0.5,0.0,0.0,0.125,8,8,8,8,8,8,8,8,0.9487500000000001,0.15625,0.0,0.0,0.5,0.0,0.0,0.125,0.9487500000000001,0.15625,0.0,0.0,0.5,0.0,0.0,0.125,7,4
2023,Q2,TX,0.6875,0.43124999999999997,0.0,0.0,0.875,0.375,0.0,0.375,8,8,8,8,8,8,8,8,0.6875,0.43124999999999997,0.0,0.0,0.875,0.375,0.0,0.375,0.6875,0.43124999999999997,0.0,0.0,0.875,0.375,0.0,0.375,8,4
2023,Q2,UT,0.1825,1.7374999999999998,0.0,0.0,0.5,0.375,0.0,0.875,8,8,8,8,8,8,8,8,0.37666666666666665,2.983333333333333,0.0,0.0,0.6666666666666666,0.6666666666666666,0.0,1.0,0.0,0.9666666666666667,0.0,0.0,0.3333333333333333,0.3333333333333333,0.0,0.6666666666666666,8,6
2023,Q2,VA,2.8333333333333335,0.4222222222222222,0.0,0.3333333333333333,1.0,0.1111111111111111,0.0,0.3333333333333333,9,9,9,9,9,9,9,9,2.8333333333333335,0.4222222222222222,0.0,0.3333333333333333,1.0,0.1111111111111111,0.0,0.3333333333333333,2.8333333333333335,0.4222222222222222,0.0,0.3333333333333333,1.0,0.1111111111111111,0.0,0.3333333333333333,8,6
2023,Q2,VT,0.6599999999999999,0.54,0.2,0.2,0.4,0.1,0.0,0.1,10,10,10,10,10,10,10,10,0.6599999999999999,0.54,0.2,0.2,0.4,0.1,0.0,0.1,0.6599999999999999,0.54,0.2,0.2,0.4,0.1,0.0,0.1,4,6
2023,Q2,WI,0.43999999999999995,0.7055555555555556,0.1111111111111111,0.1111111111111111,0.6666666666666666,0.5555555555555556,0.0,1.0,9,9,9,9,9,9,9,9,0.45749999999999996,0.7562500000000001,0.125,0.125,1.0,0.625,0.0,1.0,0.45749999999999996,0.7562500000000001,0.125,0.125,0.625,0.625,0.0,1.0,8,6
2023,Q2,WV,1.25,0.11875,0.0,0.125,0.375,0.0,0.0,0.125,8,8,8,8,8,8,8,8,2.9466666666666668,0.19,0.0,0.2,0.6,0.0,0.0,0.2,2.9466666666666668,0.0,0.0,0.0,0.0,0.0,0.0,0.0,8,6
2023,Q3,AK,0.5204166666666666,0.7583333333333334,0.0,0.0,0.5,0.09090909090909091,0.0,0.2727272727272727,24,24,22,22,22,22,22,22,3.255,0.9394736842105263,0.0,0.0,0.6666666666666666,0.10526315789473684,0.0,0.3157894736842105,3.255,0.15,0.0,0.0,0.0,0.0,0.0,0.0,7,9
2023,Q3,AL,3.28,0.008333333333333333,0.16666666666666666,0.16666666666666666,0.8333333333333334,0.16666666666666666,0.0,0.0,6,6,6,6,6,6,6,6,3.445,0.0125,0.25,0.25,1.0,0.25,0.0,0.0,3.445,0.0,0.0,0.0,1.0,0.0,0.0,0.0,6,9
2023,Q3,AR,3.2512499999999998,0.03125,0.2,0.0,0.9333333333333333,0.4,0.0,0.0,16,16,15,15,15,15,15,15,4.828333333333333,0.05000000000000001,0.3333333333333333,0.0,1.0,0.6666666666666666,0.0,0.0,4.828333333333333,0.025000000000000005,0.0,0.0,1.0,0.3333333333333333,0.0,0.0,14,9
2023,Q3,CA,0.4357142857142858,0.14285714285714285,0.42857142857142855,0.14285714285714285,1.0,0.42857142857142855,0.0,0.14285714285714285,7,7,7,7,7,7,7,7,0.49750000000000005,0.25,0.5,0.25,1.0,0.5,0.0,0.25,0.49750000000000005,0.25,0.5,0.25,1.0,0.5,0.0,0.25,7,9
2023,Q3,CO,0.0,0.4,0.0,0.0,1.0,0.0,0.0,0.0,1,1,1,1,1,1,1,1,0.0,0.4,0.0,0.0,1.0,0.0,0.0,0.0,0.0,0.4,0.0,0.0,1.0,0.0,0.0,0.0,1,9
2023,Q3,DC,2.6466666666666665,0.18333333333333332,0.0,0.1111111111111111,1.0,0.0,0.0,0.0,9,9,9,9,9,9,9,9,3.3075,0.25,0.0,0.25,1.0,0.0,0.0,0.0,3.3075,0.15,0.0,0.25,1.0,0.0,0.0,0.0,3,9
2023,Q3,DE,1.984375,0.15625,0.1875,0.1875,0.9375,0.1875,0.0,0.1875,16,16,16,16,16,16,16,16,3.9133333333333336,0.25833333333333336,0.3333333333333333,0.6666666666666666,1.0,0.3333333333333333,0.0,0.5,3.9133333333333336,0.0,0.3333333333333333,0.6666666666666666,1.0,0.3333333333333333,0.0,0.0,9,9
2023,Q3,FL,1.2433333333333332,0.03333333333333333,0.0,0.0,1.0,0.3333333333333333,0.0,0.6666666666666666,3,3,3,3,3,3,3,3,1.2433333333333332,0.03333333333333333,0.0,0.0,1.0,0.3333333333333333,0.0,0.6666666666666666,1.2433333333333332,0.03333333333333333,0.0,0.0,1.0,0.3333333333333333,0.0,0.6666666666666666,3,9
2023,Q3,GA,1.682857142857143,0.12857142857142856,0.5714285714285714,0.0,0.8571428571428571,0.2857142857142857,0.0,0.14285714285714285,7,7,7,7,7,7,7,7,1.9633333333333336,0.45,0.6666666666666666,0.0,1.0,0.3333333333333333,0.0,0.16666666666666666,0.0,0.45,0.0,0.0,1.0,0.0,0.0,0.0,7,9
2023,Q3,GU,0.0,2.234375,0.0,0.0,0.0,0.0,0.0,0.0625,16,16,16,16,16,16,16,16,0.0,3.728571428571428,0.0,0.0,0.0,0.0,0.0,0.1111111111111111,0.0,1.0722222222222222,0.0,0.0,0.0,0.0,0.0,0.1111111111111111,2,8
2023,Q3,ID,1.891111111111111,0.1388888888888889,0.0,0.1111111111111111,0.7777777777777778,0.4444444444444444,0.0,0.2222222222222222,9,9,9,9,9,9,9,9,2.46,0.14285714285714285,0.0,0.14285714285714285,1.0,1.0,0.0,0.2857142857142857,2.46,0.125,0.0,0.0,1.0,1.0,0.0,0.0,9,9
2023,Q3,IN,3.152,0.07333333333333333,0.13333333333333333,0.0,0.9333333333333333,0.4,0.13333333333333333,0.2,15,15,15,15,15,15,15,15,5.615,0.19999999999999998,0.5,0.0,1.0,0.625,0.5,0.375,5.615,0.19999999999999998,0.5,0.0,1.0,0.5,0.5,0.0,12,9
2023,Q3,KY,3.386,0.16,0.2,0.1,0.8,0.1,0.0,0.1,10,10,10,10,10,10,10,10,4.974,0.9,0.4,0.25,1.0,0.2,0.0,0.25,4.974,0.08,0.4,0.0,1.0,0.2,0.0,0.0,10,9
2023,Q3,MA,2.6566666666666667,0.39999999999999997,0.0,0.16666666666666666,1.0,0.0,0.0,0.3333333333333333,6,6,6,6,6,6,6,6,2.98,2.15,0.0,0.2,1.0,0.0,0.0,1.0,2.98,0.05,0.0,0.2,1.0,0.0,0.0,0.2,6,9
2023,Q3,MD,3.481111111111111,0.35555555555555557,0.3333333333333333,0.4444444444444444,0.7777777777777778,0.1111111111111111,0.0,0.0,9,9,9,9,9,9,9,9,3.6816666666666666,0.525,0.5,0.5,0.8333333333333334,0.16666666666666666,0.0,0.0,3.6816666666666666,0.525,0.5,0.5,0.8333333333333334,0.16666666666666666,0.0,0.0,9,9
2023,Q3,ME,1.8566666666666667,0.2833333333333333,0.0,0.06666666666666667,0.6666666666666666,0.13333333333333333,0.0,0.13333333333333333,15,15,15,15,15,15,15,15,2.7933333333333334,0.65,0.0,0.16666666666666666,1.0,0.3333333333333333,0.0,0.3333333333333333,2.7933333333333334,0.13333333333333333,0.0,0.16666666666666666,1.0,0.16666666666666666,0.0,0.16666666666666666,15,9
2023,Q3,MI,0.355,0.0,0.0,0.0,0.0,0.0,0.0,0.0,2,2,2,2,2,2,2,2,0.355,0.0,0.0,0.0,0.0,0.0,0.0,0.0,0.355,0.0,0.0,0.0,0.0,0.0,0.0,0.0,1,9
2023,Q3,MN,3.9321739130434783,0.14782608695652175,0.13043478260869565,0.13043478260869565,0.782608695652174,0.2608695652173913,0.0,0.21739130434782608,23,23,23,23,23,23,23,23,8.32375,0.16,0.375,0.25,0.9,0.4,0.0,0.4,8.32375,0.15,0.375,0.25,0.875,0.25,0.0,0.125,22,9
2023,Q3,MT,7.9975,0.06875,0.0,0.0,0.75,0.25,0.0,0.25,8,8,8,8,8,8,8,8,10.511666666666667,0.225,0.0,0.0,0.8333333333333334,0.3333333333333333,0.0,0.3333333333333333,10.511666666666667,0.016666666666666666,0.0,0.0,0.8333333333333334,0.3333333333333333,0.0,0.3333333333333333,7,9
2023,Q3,NC,3.58,0.275,0.0,0.0,1.0,0.0,0.0,0.0,2,2,2,2,2,2,2,2,4.87,0.55,0.0,0.0,1.0,0.0,0.0,0.0,4.87,0.0,0.0,0.0,1.0,0.0,0.0,0.0,2,9
2023,Q3,ND,0.8608333333333333,0.6666666666666666,0.08333333333333333,0.25,1.0,0.08333333333333333,0.0,0.25,12,12,12,12,12,12,12,12,0.976,1.03,0.14285714285714285,0.2857142857142857,1.0,0.14285714285714285,0.0,0.4,0.7785714285714286,0.4071428571428571,0.14285714285714285,0.2857142857142857,1.0,0.14285714285714285,0.0,0.14285714285714285,9,9
2023,Q3,NE,1.9752941176470586,0.026470588235294117,0.11764705882352941,0.0,1.0,0.4117647058823529,0.0,0.17647058823529413,17,17,17,17,17,17,17,17,2.645,0.05714285714285715,0.16666666666666666,0.0,1.0,0.5714285714285714,0.0,0.2857142857142857,2.2375,0.0125,0.0,0.0,1.0,0.25,0.0,0.25,10,9
2023,Q3,NJ,3.2800000000000002,0.0,0.0,1.0,1.0,0.5,0.0,0.0,2,2,2,2,2,2,2,2,3.2800000000000002,0.0,0.0,1.0,1.0,0.5,0.0,0.0,3.2800000000000002,0.0,0.0,1.0,1.0,0.5,0.0,0.0,2,9
2023,Q3,NM,3.835,0.0,0.0,0.25,1.0,0.0,0.0,0.0,4,4,4,4,4,4,4,4,3.835,0.0,0.0,0.25,1.0,0.0,0.0,0.0,3.835,0.0,0.0,0.25,1.0,0.0,0.0,0.0,3,9
2023,Q3,NV,2.383,0.135,0.0,0.1,0.7,0.0,0.0,0.4,10,10,10,10,10,10,10,10,2.6155555555555554,0.14444444444444446,0.0,0.1111111111111111,1.0,0.0,0.0,0.4444444444444444,2.6155555555555554,0.14444444444444446,0.0,0.1111111111111111,0.6666666666666666,0.0,0.0,0.4444444444444444,5,9
2023,Q3,NY,1.8399999999999999,0.525,0.1,0.1,0.9,0.3,0.0,0.2,10,10,10,10,10,10,10,10,2.44,1.45,0.3333333333333333,0.16666666666666666,1.0,0.3333333333333333,0.0,0.3333333333333333,2.44,0.3333333333333333,0.3333333333333333,0.0,1.0,0.3333333333333333,0.0,0.0,9,9
2023,Q3,OH,1.7855555555555556,0.016666666666666666,0.2222222222222222,0.2222222222222222,0.5555555555555556,0.1111111111111111,0.0,0.1111111111111111,9,9,9,9,9,9,9,9,2.4579999999999997,0.03,0.4,0.25,0.6,0.25,0.0,0.25,2.4579999999999997,0.03,0.4,0.2,0.6,0.0,0.0,0.0,6,8
2023,Q3,OK,0.716,0.1,0.0,0.0,0.6,0.0,0.0,0.0,5,5,5,5,5,5,5,5,0.895,0.5,0.0,0.0,1.0,0.0,0.0,0.0,0.0,0.5,0.0,0.0,1.0,0.0,0.0,0.0,5,9
2023,Q3,OR,0.24,0.25,0.0,0.0,1.0,1.0,0.0,0.0,1,1,1,1,1,1,1,1,0.24,0.25,0.0,0.0,1.0,1.0,0.0,0.0,0.24,0.25,0.0,0.0,1.0,1.0,0.0,0.0,1,9
2023,Q3,PA,2.9892857142857143,0.16785714285714284,0.07142857142857142,0.2857142857142857,0.8571428571428571,0.14285714285714285,0.0,0.07142857142857142,14,14,14,14,14,14,14,14,3.942,0.35,0.2,0.6,1.0,0.2,0.0,0.2,3.942,0.16,0.2,0.6,1.0,0.2,0.0,0.2,11,9
2023,Q3,SD,2.458235294117647,0.17058823529411768,0.058823529411764705,0.11764705882352941,0.7647058823529411,0.23529411764705882,0.0,0.23529411764705882,17,17,17,17,17,17,17,17,3.3114285714285714,0.24285714285714288,0.3333333333333333,0.14285714285714285,1.0,0.6666666666666666,0.0,0.3333333333333333,2.19,0.24285714285714288,0.0,0.14285714285714285,1.0,0.0,0.0,0.14285714285714285,15,9
2023,Q3,TN,3.91,0.0,0.0,0.3333333333333333,0.6666666666666666,0.3333333333333333,0.0,0.3333333333333333,3,3,3,3,3,3,3,3,4.78,0.0,0.0,0.5,1.0,1.0,0.0,0.5,4.78,0.0,0.0,0.5,0.5,0.0,0.0,0.5,2,9
2023,Q3,TX,0.7866666666666667,0.016666666666666666,0.0,0.0,1.0,0.0,0.0,0.0,3,3,3,3,3,3,3,3,0.7866666666666667,0.016666666666666666,0.0,0.0,1.0,0.0,0.0,0.0,0.7866666666666667,0.016666666666666666,0.0,0.0,1.0,0.0,0.0,0.0,3,9
2023,Q3,UT,1.9781818181818183,0.17272727272727273,0.0,0.18181818181818182,0.6363636363636364,0.45454545454545453,0.0,0.45454545454545453,11,11,11,11,11,11,11,11,4.2625,0.3,0.0,0.5,0.75,1.0,0.0,0.5,4.2625,0.1125,0.0,0.5,0.75,0.25,0.0,0.5,10,9
2023,Q3,VA,4.0200000000000005,0.1111111111111111,0.2222222222222222,0.1111111111111111,0.7777777777777778,0.1111111111111111,0.0,0.2222222222222222,9,9,9,9,9,9,9,9,5.213333333333334,0.3333333333333333,0.4,0.2,1.0,0.2,0.0,0.3333333333333333,5.213333333333334,0.3333333333333333,0.0,0.0,1.0,0.0,0.0,0.3333333333333333,8,9
2023,Q3,VT,0.7364285714285713,0.17142857142857143,0.07142857142857142,0.2857142857142857,0.5714285714285714,0.0,0.0,0.07142857142857142,14,14,14,14,14,14,14,14,0.9844444444444443,0.22999999999999998,0.1111111111111111,0.3333333333333333,0.7777777777777778,0.0,0.0,0.2,0.9844444444444443,0.1388888888888889,0.1111111111111111,0.3333333333333333,0.7777777777777778,0.0,0.0,0.0,8,8
2023,Q3,WI,1.4792307692307693,0.04615384615384615,0.0,0.23076923076923078,0.6923076923076923,0.15384615384615385,0.0,0.3076923076923077,13,13,13,13,13,13,13,13,2.6500000000000004,0.1,0.0,0.25,0.75,0.5,0.0,0.5,2.6500000000000004,0.025,0.0,0.25,0.75,0.0,0.0,0.5,13,9
2023,Q3,WV,2.22,0.15625,0.0625,0.125,0.625,0.1875,0.0,0.1875,16,16,16,16,16,16,16,16,3.0180000000000002,0.4,0.2,0.4,1.0,0.2,0.0,0.4,1.006,0.01,0.2,0.4,1.0,0.2,0.0,0.2,16,9
2023,Q4,AL,3.4124999999999996,0.0,0.0,0.25,0.75,0.0,0.0,0.25,4,4,4,4,4,4,4,4,4.96,0.0,0.0,0.3333333333333333,1.0,0.0,0.0,0.3333333333333333,4.96,0.0,0.0,0.0,1.0,0.0,0.0,0.0,4,11
2023,Q4,AR,6.103999999999999,0.18,0.4,0.0,1.0,0.0,0.0,0.0,5,5,5,5,5,5,5,5,6.663333333333333,0.2833333333333333,0.6666666666666666,0.0,1.0,0.0,0.0,0.0,5.265,0.025,0.0,0.0,1.0,0.0,0.0,0.0,5,11
2023,Q4,DC,6.076153846153847,0.5384615384615384,0.5384615384615384,0.07692307692307693,0.8461538461538461,0.07692307692307693,0.0,0.07692307692307693,13,13,13,13,13,13,13,13,9.4,0.5833333333333334,1.0,0.08333333333333333,1.0,0.08333333333333333,0.0,0.08333333333333333,9.4,0.0,1.0,0.0,1.0,0.0,0.0,0.0,2,11
2023,Q4,DE,5.1049999999999995,0.19999999999999998,0.25,0.5,1.0,0.0,0.0,0.0,4,4,4,4,4,4,4,4,5.1049999999999995,0.19999999999999998,0.25,0.5,1.0,0.0,0.0,0.0,5.1049999999999995,0.19999999999999998,0.25,0.5,1.0,0.0,0.0,0.0,2,10
2023,Q4,FL,0.9019999999999999,0.45666666666666667,0.13333333333333333,0.0,0.8666666666666667,0.13333333333333333,0.0,0.7333333333333333,15,15,15,15,15,15,15,15,1.462,0.6,0.3333333333333333,0.0,1.0,0.3333333333333333,0.0,1.0,1.462,0.6,0.2,0.0,0.8,0.0,0.0,0.8,12,12
2023,Q4,GA,3.22,0.17,0.0,0.0,1.0,0.4,0.0,0.2,5,5,5,5,5,5,5,5,3.8049999999999997,0.4,0.0,0.0,1.0,0.5,0.0,0.3333333333333333,2.83,0.016666666666666666,0.0,0.0,1.0,0.3333333333333333,0.0,0.3333333333333333,5,12
2023,Q4,ID,1.4266666666666665,0.7333333333333334,0.0,0.0,0.8333333333333334,0.0,0.0,0.0,6,6,6,6,6,6,6,6,1.4266666666666665,0.7333333333333334,0.0,0.0,0.8333333333333334,0.0,0.0,0.0,1.4266666666666665,0.7333333333333334,0.0,0.0,0.8333333333333334,0.0,0.0,0.0,3,10
2023,Q4,IN,4.203333333333333,0.15,0.6666666666666666,0.3333333333333333,1.0,0.6666666666666666,0.0,0.16666666666666666,6,6,6,6,6,6,6,6,4.93,0.65,0.8,0.4,1.0,0.8,0.0,0.2,4.93,0.65,0.0,0.0,1.0,0.0,0.0,0.0,5,11
2023,Q4,KY,12.96,0.125,0.0,0.5,1.0,0.0,0.0,0.0,2,2,2,2,2,2,2,2,12.96,0.125,0.0,0.5,1.0,0.0,0.0,0.0,12.96,0.125,0.0,0.5,1.0,0.0,0.0,0.0,2,10
2023,Q4,MA,6.5,0.05,0.0,0.0,1.0,0.0,0.0,0.0,1,1,1,1,1,1,1,1,6.5,0.05,0.0,0.0,1.0,0.0,0.0,0.0,6.5,0.05,0.0,0.0,1.0,0.0,0.0,0.0,1,10
2023,Q4,MD,6.626,0.23500000000000001,0.3,0.1,0.8,0.0,0.0,0.0,10,10,10,10,10,10,10,10,6.626,0.23500000000000001,0.3,0.1,0.8,0.0,0.0,0.0,6.626,0.23500000000000001,0.3,0.1,0.8,0.0,0.0,0.0,9,10
2023,Q4,ND,0.84,0.03333333333333333,0.3333333333333333,0.0,1.0,0.6666666666666666,0.0,0.3333333333333333,3,3,3,3,3,3,3,3,0.84,0.03333333333333333,0.3333333333333333,0.0,1.0,0.6666666666666666,0.0,0.3333333333333333,0.84,0.03333333333333333,0.3333333333333333,0.0,1.0,0.6666666666666666,0.0,0.3333333333333333,2,10
2023,Q4,NE,3.4414285714285713,0.028571428571428574,0.0,0.0,1.0,0.14285714285714285,0.0,0.0,7,7,7,7,7,7,7,7,3.4414285714285713,0.028571428571428574,0.0,0.0,1.0,0.14285714285714285,0.0,0.0,3.4414285714285713,0.028571428571428574,0.0,0.0,1.0,0.14285714285714285,0.0,0.0,5,10
2023,Q4,NM,1.73,0.125,0.0,0.0,1.0,0.0,0.0,1.0,2,2,2,2,2,2,2,2,1.73,0.125,0.0,0.0,1.0,0.0,0.0,1.0,1.73,0.125,0.0,0.0,1.0,0.0,0.0,1.0,2,10
2023,Q4,NV,2.893333333333333,0.03333333333333333,0.0,0.16666666666666666,0.8333333333333334,0.16666666666666666,0.0,0.0,6,6,6,6,6,6,6,6,2.893333333333333,0.03333333333333333,0.0,0.16666666666666666,0.8333333333333334,0.16666666666666666,0.0,0.0,2.893333333333333,0.03333333333333333,0.0,0.16666666666666666,0.8333333333333334,0.16666666666666666,0.0,0.0,4,10
2023,Q4,NY,5.653333333333333,0.25,0.6666666666666666,0.3333333333333333,0.8333333333333334,0.5,0.0,0.3333333333333333,6,6,6,6,6,6,6,6,5.653333333333333,0.25,0.6666666666666666,0.3333333333333333,0.8333333333333334,0.5,0.0,0.3333333333333333,5.653333333333333,0.25,0.6666666666666666,0.3333333333333333,0.8333333333333334,0.5,0.0,0.3333333333333333,5,10
2023,Q4,OK,4.092499999999999,0.25,0.5,0.0,0.75,0.0,0.0,0.0,4,4,4,4,4,4,4,4,5.026666666666666,0.2833333333333333,0.6666666666666666,0.0,1.0,0.0,0.0,0.0,1.29,0.15,0.0,0.0,1.0,0.0,0.0,0.0,4,11
2023,Q4,PA,8.23,0.35000000000000003,0.5,0.5,1.0,0.5,0.0,0.5,2,2,2,2,2,2,2,2,8.23,0.35000000000000003,0.5,0.5,1.0,0.5,0.0,0.5,8.23,0.35000000000000003,0.5,0.5,1.0,0.5,0.0,0.5,2,10
2023,Q4,SC,5.336666666666666,0.0,0.0,0.0,1.0,0.0,0.0,0.0,3,3,3,3,3,3,3,3,5.81,0.0,0.0,0.0,1.0,0.0,0.0,0.0,5.81,0.0,0.0,0.0,1.0,0.0,0.0,0.0,3,11
2023,Q4,SD,0.365,0.7749999999999999,0.0,0.0,1.0,0.0,0.0,0.5,2,2,2,2,2,2,2,2,0.365,0.7749999999999999,0.0,0.0,1.0,0.0,0.0,0.5,0.365,0.7749999999999999,0.0,0.0,1.0,0.0,0.0,0.5,2,10
2023,Q4,TN,0.0,0.2,0.0,0.0,1.0,0.0,0.0,1.0,1,1,1,1,1,1,1,1,0.0,0.2,0.0,0.0,1.0,0.0,0.0,1.0,0.0,0.2,0.0,0.0,1.0,0.0,0.0,1.0,1,10
2023,Q4,TX,2.604285714285715,0.3,0.14285714285714285,0.0,1.0,0.14285714285714285,0.0,0.14285714285714285,7,7,7,7,7,7,7,7,4.633333333333334,1.15,0.3333333333333333,0.0,1.0,0.3333333333333333,0.0,0.3333333333333333,1.4433333333333334,0.26666666666666666,0.3333333333333333,0.0,1.0,0.3333333333333333,0.0,0.3333333333333333,7,12
2023,Q4,UT,0.396,0.8099999999999999,0.0,0.2,1.0,0.0,0.0,0.2,5,5,5,5,5,5,5,5,0.396,0.8099999999999999,0.0,0.2,1.0,0.0,0.0,0.2,0.396,0.8099999999999999,0.0,0.2,1.0,0.0,0.0,0.2,5,10
2023,Q4,VA,4.935,0.08333333333333333,0.0,0.16666666666666666,0.8333333333333334,0.0,0.0,0.16666666666666666,6,6,6,6,6,6,6,6,4.935,0.08333333333333333,0.0,0.16666666666666666,0.8333333333333334,0.0,0.0,0.16666666666666666,4.935,0.08333333333333333,0.0,0.16666666666666666,0.8333333333333334,0.0,0.0,0.16666666666666666,5,10
2023,Q4,WI,0.6,0.0,0.0,0.0,1.0,0.0,0.0,0.0,1,1,1,1,1,1,1,1,0.6,0.0,0.0,0.0,1.0,0.0,0.0,0.0,0.6,0.0,0.0,0.0,1.0,0.0,0.0,0.0,1,10
2024,Q1,AL,0.0,0.0,0.0,0.0,1.0,0.0,0.0,1.0,1,1,1,1,1,1,1,1,0.0,0.0,0.0,0.0,1.0,0.0,0.0,1.0,0.0,0.0,0.0,0.0,1.0,0.0,0.0,1.0,1,3
2024,Q1,CA,2.8049999999999997,0.9500000000000001,0.5,0.0,1.0,0.16666666666666666,0.0,0.3333333333333333,6,6,6,6,6,6,6,6,4.253333333333333,1.0666666666666667,0.6666666666666666,0.0,1.0,0.3333333333333333,0.0,0.6666666666666666,1.3566666666666667,1.0666666666666667,0.3333333333333333,0.0,1.0,0.0,0.0,0.6666666666666666,3,3
2024,Q1,CNMI,4.02,0.11875,0.0,0.0,0.0,0.0,0.0,0.0,8,8,8,8,8,8,8,8,6.32,0.125,0.0,0.0,0.0,0.0,0.0,0.0,6.32,0.1,0.0,0.0,0.0,0.0,0.0,0.0,4,2
2024,Q1,FL,1.608,0.42000000000000004,0.6,0.2,0.8,0.6,0.0,0.6,5,5,5,5,5,5,5,5,2.52,0.5499999999999999,0.6666666666666666,0.5,1.0,1.0,0.0,1.0,2.52,0.5499999999999999,0.6666666666666666,0.0,1.0,0.3333333333333333,0.0,0.3333333333333333,5,2
2024,Q1,GA,1.3718181818181818,0.11818181818181818,0.09090909090909091,0.18181818181818182,0.8181818181818182,0.2727272727272727,0.0,0.5454545454545454,11,11,11,11,11,11,11,11,1.3718181818181818,0.11818181818181818,0.09090909090909091,0.18181818181818182,0.8181818181818182,0.2727272727272727,0.0,0.5454545454545454,1.3718181818181818,0.11818181818181818,0.09090909090909091,0.18181818181818182,0.8181818181818182,0.2727272727272727,0.0,0.5454545454545454,11,2
2024,Q1,HI,0.19000000000000003,1.1291666666666667,0.2,0.0,1.0,0.0,0.0,0.0,12,12,5,5,5,5,5,5,0.525,1.5999999999999999,0.25,0.0,1.0,0.0,0.0,0.0,0.025714285714285714,1.5999999999999999,0.0,0.0,0.0,0.0,0.0,0.0,6,3
2024,Q1,TN,0.0,0.0,0.0,0.0,0.0,0.0,0.0,0.5,2,2,2,2,2,2,2,2,0.0,0.0,0.0,0.0,0.0,0.0,0.0,0.5,0.0,0.0,0.0,0.0,0.0,0.0,0.0,0.5,2,3
2024,Q1,TX,0.7414285714285713,1.2285714285714284,0.0,0.42857142857142855,0.8571428571428571,0.2857142857142857,0.0,0.5714285714285714,7,7,7,7,7,7,7,7,0.88,1.5999999999999999,0.0,1.0,1.0,0.5,0.0,1.0,0.88,1.25,0.0,0.5,0.75,0.5,0.0,0.5,6,3
2024,Q2,AL,2.1616666666666666,0.2916666666666667,0.0,0.16666666666666666,0.8333333333333334,0.16666666666666666,0.0,0.6666666666666666,6,6,6,6,6,6,6,6,3.95,0.5333333333333333,0.0,1.0,1.0,0.3333333333333333,0.0,1.0,3.95,0.0,0.0,1.0,1.0,0.0,0.0,1.0,6,6
2024,Q2,AR,4.305,0.0375,0.75,0.0,1.0,0.0,0.0,0.25,4,4,4,4,4,4,4,4,4.305,0.0375,0.75,0.0,1.0,0.0,0.0,0.25,4.305,0.0375,0.75,0.0,1.0,0.0,0.0,0.25,4,6
2024,Q2,CA,0.8444444444444444,0.39722222222222225,0.1111111111111111,0.2777777777777778,1.0,0.2777777777777778,0.0,0.5555555555555556,18,18,18,18,18,18,18,18,1.065,0.6875,0.25,0.6,1.0,0.4,0.0,0.75,0.6966666666666667,0.2277777777777778,0.0,0.1111111111111111,1.0,0.3333333333333333,0.0,0.4444444444444444,14,6
2024,Q2,DC,4.3,1.1749999999999998,0.0,0.25,0.75,0.5,0.0,0.25,4,4,4,4,4,4,4,4,13.27,2.05,0.0,1.0,1.0,1.0,0.0,1.0,1.775,2.05,0.0,0.0,1.0,0.5,0.0,0.0,3,6
2024,Q2,DE,1.24,0.42142857142857143,0.0,0.14285714285714285,1.0,0.42857142857142855,0.0,0.42857142857142855,7,7,7,7,7,7,7,7,1.24,0.42142857142857143,0.0,0.14285714285714285,1.0,0.42857142857142855,0.0,0.42857142857142855,1.24,0.42142857142857143,0.0,0.14285714285714285,1.0,0.42857142857142855,0.0,0.42857142857142855,3,6
2024,Q2,HI,1.765,1.2208333333333334,nan,nan,nan,nan,nan,nan,12,12,0,0,0,0,0,0,2.8875,1.4625,0.0,0.0,0.0,0.0,0.0,0.0,1.20375,1.1,0.0,0.0,0.0,0.0,0.0,0.0,2,5
2024,Q2,ID,0.3277777777777778,0.47777777777777775,0.0,0.5555555555555556,0.5555555555555556,0.3333333333333333,0.0,0.5555555555555556,9,9,9,9,9,9,9,9,0.3277777777777778,0.47777777777777775,0.0,0.5555555555555556,0.5555555555555556,0.3333333333333333,0.0,0.5555555555555556,0.3277777777777778,0.47777777777777775,0.0,0.5555555555555556,0.5555555555555556,0.3333333333333333,0.0,0.5555555555555556,9,6
2024,Q2,IL,1.1266666666666667,0.24444444444444446,0.0,0.1111111111111111,0.5555555555555556,0.4444444444444444,0.1111111111111111,0.5555555555555556,9,9,9,9,9,9,9,9,1.2075,0.4,0.0,0.125,1.0,0.5,0.125,1.0,1.2075,0.225,0.0,0.125,0.5,0.5,0.125,0.5,9,6
2024,Q2,IN,1.1533333333333333,0.3,0.0,0.16666666666666666,0.5,0.0,0.0,0.6666666666666666,6,6,6,6,6,6,6,6,2.395,1.05,0.0,0.5,1.0,0.0,0.0,1.0,0.71,0.25,0.0,0.0,1.0,0.0,0.0,1.0,6,6
2024,Q2,KY,1.16,0.5166666666666667,0.0,0.2222222222222222,0.5555555555555556,0.1111111111111111,0.0,0.5555555555555556,9,9,9,9,9,9,9,9,2.8166666666666664,1.0166666666666666,0.0,0.3333333333333333,1.0,0.16666666666666666,0.0,0.6666666666666666,0.33166666666666667,0.26666666666666666,0.0,0.3333333333333333,0.3333333333333333,0.16666666666666666,0.0,0.6666666666666666,9,6
2024,Q2,LA,0.96375,0.7229166666666665,0.041666666666666664,0.041666666666666664,0.4583333333333333,0.20833333333333334,0.0,0.20833333333333334,24,24,24,24,24,24,24,24,2.4833333333333334,1.0714285714285714,0.07142857142857142,0.07142857142857142,0.75,0.2857142857142857,0.0,0.2857142857142857,2.4833333333333334,0.10833333333333334,0.0,0.0,0.16666666666666666,0.16666666666666666,0.0,0.0,11,6
2024,Q2,MA,0.8344444444444444,0.9555555555555557,0.0,0.3333333333333333,0.6666666666666666,0.2222222222222222,0.0,0.3333333333333333,9,9,9,9,9,9,9,9,0.8716666666666667,2.316666666666667,0.0,0.3333333333333333,0.6666666666666666,0.6666666666666666,0.0,0.3333333333333333,0.8716666666666667,0.275,0.0,0.3333333333333333,0.6666666666666666,0.0,0.0,0.3333333333333333,7,6
2024,Q2,MD,0.9661538461538461,0.1,0.07692307692307693,0.3076923076923077,0.6153846153846154,0.15384615384615385,0.0,0.23076923076923078,13,13,13,13,13,13,13,13,1.198,0.16666666666666666,0.1,0.4,0.7,0.2,0.0,0.3333333333333333,1.198,0.08,0.1,0.4,0.7,0.2,0.0,0.2,12,6
2024,Q2,ME,1.27625,0.3125,0.0,0.125,0.625,0.125,0.0,0.5,8,8,8,8,8,8,8,8,1.8075,0.5125,0.0,0.25,0.75,0.25,0.0,0.75,0.745,0.1125,0.0,0.0,0.5,0.0,0.0,0.25,7,6
2024,Q2,MN,0.94,0.55,0.5,0.0,1.0,0.5,0.0,0.5,2,2,2,2,2,2,2,2,0.94,0.55,0.5,0.0,1.0,0.5,0.0,0.5,0.94,0.55,0.5,0.0,1.0,0.5,0.0,0.5,2,6
2024,Q2,MT,1.290909090909091,0.5590909090909091,0.09090909090909091,0.18181818181818182,0.9090909090909091,0.6363636363636364,0.0,0.7272727272727273,11,11,11,11,11,11,11,11,2.1683333333333334,0.725,0.3333333333333333,0.3333333333333333,1.0,1.0,0.0,0.8333333333333334,2.1683333333333334,0.725,0.0,0.3333333333333333,0.8333333333333334,0.5,0.0,0.8333333333333334,9,6
2024,Q2,NE,0.43333333333333335,0.26666666666666666,0.0,0.0,0.8333333333333334,0.16666666666666666,0.0,0.5,6,6,6,6,6,6,6,6,0.43333333333333335,0.26666666666666666,0.0,0.0,0.8333333333333334,0.16666666666666666,0.0,0.5,0.43333333333333335,0.26666666666666666,0.0,0.0,0.8333333333333334,0.16666666666666666,0.0,0.5,5,6
2024,Q2,NJ,1.0813636363636363,1.05,0.045454545454545456,0.2727272727272727,0.5909090909090909,0.09090909090909091,0.0,0.13636363636363635,22,22,22,22,22,22,22,22,1.2300000000000002,3.95,0.08333333333333333,0.75,0.75,0.16666666666666666,0.0,0.25,1.1675,0.3833333333333333,0.08333333333333333,0.08333333333333333,0.75,0.08333333333333333,0.0,0.16666666666666666,15,6
2024,Q2,NM,3.112,0.11499999999999999,0.1,0.2,0.7,0.2,0.0,0.5,10,10,10,10,10,10,10,10,17.21,0.3,1.0,0.2222222222222222,1.0,1.0,0.0,1.0,1.5455555555555556,0.09444444444444444,0.0,0.2222222222222222,0.6666666666666666,0.1111111111111111,0.0,0.4444444444444444,7,6
2024,Q2,NV,1.24,0.05,0.0,0.0,1.0,0.0,0.0,0.0,1,1,1,1,1,1,1,1,1.24,0.05,0.0,0.0,1.0,0.0,0.0,0.0,1.24,0.05,0.0,0.0,1.0,0.0,0.0,0.0,1,6
2024,Q2,NY,0.33999999999999997,0.48750000000000004,0.125,0.125,0.625,0.375,0.0,0.625,8,8,8,8,8,8,8,8,0.49333333333333335,0.78,0.2,0.2,0.6666666666666666,0.6666666666666666,0.0,0.6666666666666666,0.49333333333333335,0.0,0.0,0.0,0.6666666666666666,0.6666666666666666,0.0,0.6666666666666666,8,6
2024,Q2,OR,2.9783333333333335,0.3833333333333333,0.3333333333333333,0.3333333333333333,1.0,0.3333333333333333,0.0,0.6666666666666666,6,6,6,6,6,6,6,6,2.9783333333333335,0.3833333333333333,0.3333333333333333,0.3333333333333333,1.0,0.3333333333333333,0.0,0.6666666666666666,2.9783333333333335,0.3833333333333333,0.3333333333333333,0.3333333333333333,1.0,0.3333333333333333,0.0,0.6666666666666666,5,6
2024,Q2,PA,0.9625,1.2875,0.0,0.375,0.625,0.25,0.0,0.25,8,8,8,8,8,8,8,8,1.15,3.05,0.0,0.6,0.8,0.4,0.0,0.4,1.15,0.30999999999999994,0.0,0.6,0.8,0.4,0.0,0.4,7,6
2024,Q2,RI,0.8699999999999999,0.835,0.1,0.4,0.7,0.3,0.0,0.2,10,10,10,10,10,10,10,10,1.0125,3.05,0.125,1.0,1.0,1.0,0.0,0.5,1.0125,0.28125,0.125,0.25,0.625,0.125,0.0,0.125,6,6
2024,Q2,SC,2.056190476190476,0.5833333333333334,0.0,0.19047619047619047,0.8095238095238095,0.3333333333333333,0.0,0.6666666666666666,21,21,21,21,21,21,21,21,2.439090909090909,0.595,0.0,0.4,0.9,0.45454545454545453,0.0,1.0,2.439090909090909,0.5727272727272728,0.0,0.0,0.7272727272727273,0.45454545454545453,0.0,0.36363636363636365,11,6
2024,Q2,TN,0.6549999999999999,0.2333333333333333,0.0,0.3333333333333333,0.6666666666666666,0.16666666666666666,0.0,0.6666666666666666,6,6,6,6,6,6,6,6,1.93,0.27999999999999997,0.0,0.4,1.0,0.2,0.0,0.8,1.93,0.0,0.0,0.0,1.0,0.0,0.0,0.0,5,6
2024,Q2,TX,0.7700000000000001,0.7714285714285715,0.14285714285714285,0.2857142857142857,0.7142857142857143,0.5714285714285714,0.0,0.8571428571428571,7,7,7,7,7,7,7,7,0.7700000000000001,0.7714285714285715,0.14285714285714285,0.2857142857142857,0.7142857142857143,0.5714285714285714,0.0,0.8571428571428571,0.7700000000000001,0.7714285714285715,0.14285714285714285,0.2857142857142857,0.7142857142857143,0.5714285714285714,0.0,0.8571428571428571,7,4
2024,Q2,UT,0.26857142857142857,1.7071428571428573,0.0,0.14285714285714285,0.5714285714285714,0.7142857142857143,0.0,0.8571428571428571,7,7,7,7,7,7,7,7,0.425,3.0500000000000003,0.0,0.25,0.75,1.0,0.0,1.0,0.425,0.7000000000000001,0.0,0.25,0.75,1.0,0.0,0.75,5,5
2024,Q2,VA,3.043,0.39999999999999997,0.0,0.2,0.6,0.2,0.0,0.3,10,10,10,10,10,10,10,10,4.4425,0.4749999999999999,0.0,0.25,0.6666666666666666,0.25,0.0,0.5,2.11,0.4749999999999999,0.0,0.16666666666666666,0.6666666666666666,0.16666666666666666,0.0,0.5,10,6
2024,Q2,VT,0.2414285714285714,1.0285714285714285,0.14285714285714285,0.14285714285714285,0.7142857142857143,0.0,0.0,0.0,7,7,7,7,7,7,7,7,0.2414285714285714,1.0285714285714285,0.14285714285714285,0.14285714285714285,0.7142857142857143,0.0,0.0,0.0,0.2414285714285714,1.0285714285714285,0.14285714285714285,0.14285714285714285,0.7142857142857143,0.0,0.0,0.0,3,6
2024,Q2,WA,0.3046666666666667,0.83,0.07142857142857142,0.21428571428571427,0.7857142857142857,0.35714285714285715,0.0,0.42857142857142855,15,15,14,14,14,14,14,14,0.32642857142857146,2.45,0.07692307692307693,0.23076923076923078,1.0,0.38461538461538464,0.0,1.0,0.32642857142857146,0.7142857142857143,0.07692307692307693,0.23076923076923078,0.7692307692307693,0.38461538461538464,0.0,0.38461538461538464,9,5
2024,Q2,WI,1.2185714285714284,0.35714285714285715,0.14285714285714285,0.2857142857142857,0.8571428571428571,0.5714285714285714,0.0,0.5714285714285714,7,7,7,7,7,7,7,7,1.2185714285714284,0.35714285714285715,0.14285714285714285,0.2857142857142857,0.8571428571428571,0.5714285714285714,0.0,0.5714285714285714,1.2185714285714284,0.35714285714285715,0.14285714285714285,0.2857142857142857,0.8571428571428571,0.5714285714285714,0.0,0.5714285714285714,5,6
2024,Q2,WV,0.54,0.3166666666666667,0.0,0.3333333333333333,0.6666666666666666,0.3333333333333333,0.0,0.6666666666666666,3,3,3,3,3,3,3,3,0.54,0.3166666666666667,0.0,0.3333333333333333,0.6666666666666666,0.3333333333333333,0.0,0.6666666666666666,0.54,0.3166666666666667,0.0,0.3333333333333333,0.6666666666666666,0.3333333333333333,0.0,0.6666666666666666,3,6
2024,Q2,WY,2.45,0.25,0.0,0.0,1.0,0.0,0.0,0.0,1,1,1,1,1,1,1,1,2.45,0.25,0.0,0.0,1.0,0.0,0.0,0.0,2.45,0.25,0.0,0.0,1.0,0.0,0.0,0.0,1,6
2024,Q3,AK,2.6,0.16,0.0,0.13333333333333333,0.6,0.0,0.0,0.4,15,15,15,15,15,15,15,15,8.32,0.17222222222222222,0.0,0.3333333333333333,1.0,0.0,0.0,0.5555555555555556,8.32,0.11666666666666668,0.0,0.3333333333333333,1.0,0.0,0.0,0.0,7,9
2024,Q3,AL,2.611428571428571,0.13214285714285715,0.0,0.08333333333333333,0.8333333333333334,0.16666666666666666,0.0,0.3333333333333333,14,14,12,12,12,12,12,12,4.462857142857143,0.19285714285714287,0.0,1.0,1.0,0.25,0.0,0.42857142857142855,1.68,0.0,0.0,1.0,1.0,0.0,0.0,0.0,12,9
2024,Q3,AR,4.034,0.060000000000000005,0.4666666666666667,0.26666666666666666,0.9333333333333333,0.06666666666666667,0.0,0.06666666666666667,15,15,15,15,15,15,15,15,5.502,0.14166666666666666,0.6,0.6,1.0,0.16666666666666666,0.0,0.16666666666666666,2.94,0.0125,0.25,0.25,1.0,0.0,0.0,0.0,15,9
2024,Q3,CO,3.2766666666666664,0.03333333333333333,0.2222222222222222,0.1111111111111111,0.8888888888888888,0.0,0.0,0.1111111111111111,9,9,9,9,9,9,9,9,3.2766666666666664,0.03333333333333333,0.2222222222222222,0.1111111111111111,0.8888888888888888,0.0,0.0,0.1111111111111111,3.2766666666666664,0.03333333333333333,0.2222222222222222,0.1111111111111111,0.8888888888888888,0.0,0.0,0.1111111111111111,6,9
2024,Q3,DC,3.0460000000000003,0.30999999999999994,0.4,0.0,0.8,0.0,0.0,0.1,10,10,10,10,10,10,10,10,4.006666666666667,0.3833333333333333,0.6666666666666666,0.0,1.0,0.0,0.0,0.5,4.006666666666667,0.3833333333333333,0.6666666666666666,0.0,1.0,0.0,0.0,0.0,4,9
2024,Q3,DE,2.4375,0.0625,0.0625,0.25,0.8125,0.25,0.0,0.125,16,16,16,16,16,16,16,16,4.746666666666667,0.09375,0.2,0.3333333333333333,1.0,0.6666666666666666,0.0,0.3333333333333333,1.8539999999999999,0.0,0.2,0.2,0.8,0.2,0.0,0.0,6,9
2024,Q3,FL,1.52,0.39999999999999997,0.14285714285714285,0.14285714285714285,0.7142857142857143,0.14285714285714285,0.0,0.2857142857142857,8,8,7,7,7,7,7,7,2.432,0.41,0.25,0.25,0.75,0.25,0.0,0.3333333333333333,0.0,0.3833333333333333,0.0,0.0,0.6666666666666666,0.0,0.0,0.3333333333333333,8,9
2024,Q3,GA,1.8800000000000001,0.38333333333333336,0.4444444444444444,0.1111111111111111,1.0,0.2222222222222222,0.1111111111111111,0.1111111111111111,9,9,9,9,9,9,9,9,2.0612500000000002,2.25,0.5,0.125,1.0,0.25,0.125,0.125,0.43,2.25,0.0,0.0,1.0,0.0,0.0,0.0,7,9
2024,Q3,ID,1.3246666666666667,0.19666666666666666,0.06666666666666667,0.0,0.8666666666666667,0.06666666666666667,0.0,0.3333333333333333,15,15,15,15,15,15,15,15,1.488888888888889,0.22777777777777775,0.1111111111111111,0.0,1.0,0.1111111111111111,0.0,0.5555555555555556,1.488888888888889,0.22777777777777775,0.1111111111111111,0.0,1.0,0.1111111111111111,0.0,0.5555555555555556,11,9
2024,Q3,IL,4.447272727272727,0.018181818181818184,0.36363636363636365,0.2727272727272727,0.7272727272727273,0.18181818181818182,0.0,0.09090909090909091,11,11,11,11,11,11,11,11,10.206666666666667,0.05,0.6666666666666666,0.3333333333333333,1.0,0.3333333333333333,0.0,0.14285714285714285,10.206666666666667,0.0,0.6666666666666666,0.3333333333333333,1.0,0.3333333333333333,0.0,0.0,11,9
2024,Q3,IN,3.6149999999999998,0.05357142857142857,0.5714285714285714,0.07142857142857142,0.7857142857142857,0.21428571428571427,0.0,0.21428571428571427,14,14,14,14,14,14,14,14,4.42125,0.15,0.75,0.125,1.0,0.5,0.0,0.5,4.42125,0.01875,0.75,0.125,0.75,0.125,0.0,0.125,13,9
2024,Q3,KY,nan,nan,nan,nan,nan,nan,nan,nan,0,0,0,0,0,0,0,0,0.0,0.0,0.0,0.0,0.0,0.0,0.0,0.0,0.0,0.0,0.0,0.0,0.0,0.0,0.0,0.0,1,7
2024,Q3,MA,5.667692307692308,0.21538461538461537,0.07692307692307693,0.07692307692307693,1.0,0.15384615384615385,0.07692307692307693,0.0,13,13,13,13,13,13,13,13,12.656,0.26,0.2,0.2,1.0,0.5,0.2,0.0,12.656,0.26,0.2,0.2,1.0,0.2,0.2,0.0,11,9
2024,Q3,MD,1.8742857142857143,0.07142857142857142,0.14285714285714285,0.0,0.8571428571428571,0.0,0.0,0.0,7,7,7,7,7,7,7,7,4.315,0.08,0.5,0.0,1.0,0.0,0.0,0.0,0.898,0.08,0.0,0.0,0.8,0.0,0.0,0.0,7,9
2024,Q3,ME,1.7518749999999998,0.7124999999999999,0.0625,0.125,0.625,0.3125,0.0625,0.4375,16,16,16,16,16,16,16,16,2.44,1.29375,0.125,0.25,1.0,0.5,0.125,0.75,1.0416666666666667,0.15833333333333335,0.0,0.0,0.6666666666666666,0.0,0.0,0.16666666666666666,11,9
2024,Q3,MI,1.648888888888889,0.26666666666666666,0.1111111111111111,0.1111111111111111,0.7777777777777778,0.3333333333333333,0.1111111111111111,0.3333333333333333,9,9,9,9,9,9,9,9,1.7962500000000001,0.29375,0.125,0.125,1.0,0.375,0.125,1.0,1.7962500000000001,0.29375,0.125,0.125,0.75,0.375,0.125,0.25,8,8
2024,Q3,MN,1.5252173913043479,0.11304347826086956,0.17391304347826086,0.043478260869565216,0.7391304347826086,0.30434782608695654,0.043478260869565216,0.17391304347826086,23,23,23,23,23,23,23,23,2.43,0.24,0.42857142857142855,0.09090909090909091,1.0,0.4,0.09090909090909091,0.2727272727272727,0.7814285714285714,0.09285714285714286,0.42857142857142855,0.0,0.8571428571428571,0.14285714285714285,0.0,0.14285714285714285,20,9
2024,Q3,MT,1.2858823529411765,0.2705882352941177,0.0,0.23529411764705882,0.7647058823529411,0.23529411764705882,0.11764705882352941,0.47058823529411764,17,17,17,17,17,17,17,17,2.7199999999999998,0.3458333333333334,0.0,0.25,1.0,0.4,0.4,0.6,2.7199999999999998,0.09,0.0,0.2,1.0,0.4,0.4,0.6,15,8
2024,Q3,NE,2.5384615384615383,0.21923076923076923,0.0,0.15384615384615385,1.0,0.38461538461538464,0.07692307692307693,0.23076923076923078,13,13,13,13,13,13,13,13,6.4225,0.225,0.0,0.2222222222222222,1.0,0.5,0.25,0.3333333333333333,6.4225,0.225,0.0,0.0,1.0,0.5,0.25,0.0,7,8
2024,Q3,NM,2.62,0.0,0.0,0.0,0.5,0.0,0.0,0.5,4,4,4,4,4,4,4,4,2.62,0.0,0.0,0.0,0.5,0.0,0.0,0.5,2.62,0.0,0.0,0.0,0.5,0.0,0.0,0.5,2,7
2024,Q3,NV,2.411,0.0,0.0,0.2,0.8,0.0,0.0,0.0,10,10,10,10,10,10,10,10,3.1128571428571425,0.0,0.0,0.5,1.0,0.0,0.0,0.0,0.0,0.0,0.0,0.0,0.0,0.0,0.0,0.0,6,9
2024,Q3,NY,2.1558333333333333,0.39166666666666666,0.3333333333333333,0.25,0.9166666666666666,0.16666666666666666,0.0,0.25,12,12,12,12,12,12,12,12,2.813333333333333,0.7833333333333333,0.5,0.6,1.0,0.25,0.0,0.6,1.705,0.1875,0.5,0.0,1.0,0.25,0.0,0.0,11,9
2024,Q3,OH,2.11375,0.4625,0.25,0.375,0.5,0.0,0.0,0.25,8,8,8,8,8,8,8,8,2.11375,0.4625,0.25,0.375,0.5,0.0,0.0,0.25,2.11375,0.4625,0.25,0.375,0.5,0.0,0.0,0.25,7,8
2024,Q3,OR,1.9847058823529409,0.15588235294117647,0.11764705882352941,0.17647058823529413,0.8823529411764706,0.17647058823529413,0.0,0.47058823529411764,17,17,17,17,17,17,17,17,2.598,0.22142857142857145,0.2857142857142857,0.4,1.0,0.2,0.0,0.8,2.182857142857143,0.22142857142857145,0.2857142857142857,0.0,1.0,0.14285714285714285,0.0,0.2857142857142857,17,9
2024,Q3,PA,1.4955555555555557,0.10555555555555556,0.0,0.4444444444444444,0.7777777777777778,0.1111111111111111,0.0,0.1111111111111111,9,9,9,9,9,9,9,9,2.0766666666666667,0.19999999999999998,0.0,0.5,1.0,0.3333333333333333,0.0,0.3333333333333333,2.0766666666666667,0.19999999999999998,0.0,0.3333333333333333,1.0,0.3333333333333333,0.0,0.3333333333333333,6,9
2024,Q3,RI,1.9559999999999995,0.6199999999999999,0.0,0.0,0.8,0.0,0.0,0.0,5,5,5,5,5,5,5,5,2.82,0.95,0.0,0.0,1.0,0.0,0.0,0.0,2.82,0.95,0.0,0.0,1.0,0.0,0.0,0.0,4,9
2024,Q3,SD,1.2704761904761905,0.4666666666666667,0.0,0.0,0.8571428571428571,0.47619047619047616,0.14285714285714285,0.19047619047619047,21,21,21,21,21,21,21,21,4.98,1.2,0.0,0.0,1.0,1.0,0.16666666666666666,0.25,4.98,1.2,0.0,0.0,1.0,1.0,0.0,0.0,18,9
2024,Q3,TX,2.272,0.02,0.4,0.2,1.0,0.2,0.0,0.2,5,5,5,5,5,5,5,5,3.395,0.025,1.0,0.5,1.0,1.0,0.0,0.5,2.285,0.025,0.0,0.0,1.0,0.0,0.0,0.0,5,9
2024,Q3,UT,2.895625,0.15625,0.0625,0.0625,0.875,0.3125,0.0,0.25,16,16,16,16,16,16,16,16,4.63,0.20555555555555557,0.1111111111111111,0.1111111111111111,1.0,0.5,0.0,0.3333333333333333,4.63,0.20555555555555557,0.1111111111111111,0.1111111111111111,0.8888888888888888,0.3333333333333333,0.0,0.3333333333333333,13,9
2024,Q3,VA,2.0569999999999995,0.10499999999999998,0.0,0.6,0.9,0.1,0.0,0.1,10,10,10,10,10,10,10,10,2.2166666666666663,0.35,0.0,1.0,1.0,0.5,0.0,0.5,2.2166666666666663,0.049999999999999996,0.0,0.5,0.8333333333333334,0.0,0.0,0.0,10,9
2024,Q3,VT,2.657647058823529,0.38235294117647056,0.058823529411764705,0.17647058823529413,0.6470588235294118,0.17647058823529413,0.0,0.11764705882352941,17,17,17,17,17,17,17,17,3.15,0.45,0.16666666666666666,0.3333333333333333,0.6666666666666666,0.25,0.0,0.3333333333333333,3.15,0.3333333333333333,0.0,0.3333333333333333,0.6666666666666666,0.0,0.0,0.3333333333333333,10,9
2024,Q3,WA,3.5999999999999996,0.1909090909090909,0.45454545454545453,0.2727272727272727,1.0,0.18181818181818182,0.09090909090909091,0.2727272727272727,11,11,11,11,11,11,11,11,5.895,0.19166666666666665,0.6666666666666666,0.3333333333333333,1.0,0.3333333333333333,0.16666666666666666,0.3333333333333333,5.895,0.19166666666666665,0.6666666666666666,0.3333333333333333,1.0,0.3333333333333333,0.16666666666666666,0.3333333333333333,6,9
2024,Q3,WI,3.170714285714286,0.24285714285714285,0.07142857142857142,0.21428571428571427,0.9285714285714286,0.2857142857142857,0.0,0.42857142857142855,14,14,14,14,14,14,14,14,5.48,0.65,0.3333333333333333,0.3333333333333333,1.0,0.5,0.0,0.75,5.48,0.016666666666666666,0.3333333333333333,0.3333333333333333,1.0,0.0,0.0,0.0,14,9
2024,Q3,WV,0.9944444444444444,0.08055555555555555,0.0,0.3333333333333333,0.7222222222222222,0.1111111111111111,0.0,0.3333333333333333,18,18,18,18,18,18,18,18,1.2774999999999999,0.125,0.0,0.375,0.8333333333333334,0.25,0.0,0.5,1.0050000000000001,0.041666666666666664,0.0,0.3333333333333333,0.8333333333333334,0.0,0.0,0.3333333333333333,17,9
2024,Q3,WY,1.6412500000000003,0.36875,0.0,0.125,1.0,0.75,0.125,1.0,8,8,8,8,8,8,8,8,2.3000000000000003,0.47500000000000003,0.0,0.5,1.0,0.8333333333333334,0.16666666666666666,1.0,2.3000000000000003,0.05,0.0,0.5,1.0,0.5,0.0,1.0,5,8
2024,Q4,AL,5.028333333333333,0.05833333333333333,0.0,0.6,0.8,0.2,0.0,0.2,6,6,5,5,5,5,5,5,6.54,0.06,0.0,0.6,0.8,0.2,0.0,0.2,6.54,0.05,0.0,0.0,0.0,0.0,0.0,0.0,6,11
2024,Q4,AR,2.314,0.02,0.0,0.0,0.8,0.0,0.0,0.0,5,5,5,5,5,5,5,5,4.83,0.025,0.0,0.0,1.0,0.0,0.0,0.0,4.83,0.0,0.0,0.0,1.0,0.0,0.0,0.0,5,11
2024,Q4,CA,1.1375,1.2125,0.25,0.0,1.0,0.75,0.25,0.5,4,4,4,4,4,4,4,4,1.1375,1.2125,0.25,0.0,1.0,0.75,0.25,0.5,1.1375,1.2125,0.25,0.0,1.0,0.75,0.25,0.5,3,10
2024,Q4,CO,5.398000000000001,0.0,0.6,0.2,1.0,0.2,0.0,0.0,5,5,5,5,5,5,5,5,5.398000000000001,0.0,0.6,0.2,1.0,0.2,0.0,0.0,5.398000000000001,0.0,0.6,0.2,1.0,0.2,0.0,0.0,2,10
2024,Q4,DC,8.84,0.03888888888888889,0.25,0.125,1.0,0.25,0.0,0.125,9,9,8,8,8,8,8,8,15.36,0.043750000000000004,0.2857142857142857,1.0,1.0,0.2857142857142857,0.0,0.14285714285714285,15.36,0.0,0.0,1.0,1.0,0.0,0.0,0.0,3,11
2024,Q4,FL,3.111875,0.42500000000000004,0.4375,0.125,0.875,0.125,0.0,0.375,16,16,16,16,16,16,16,16,5.75,0.6285714285714287,0.7142857142857143,0.2857142857142857,1.0,0.2,0.0,0.75,5.75,0.6285714285714287,0.7142857142857143,0.2857142857142857,0.7142857142857143,0.14285714285714285,0.0,0.14285714285714285,16,12
2024,Q4,GA,1.335,0.5583333333333333,0.0,0.0,1.0,0.0,0.0,0.8333333333333334,6,6,6,6,6,6,6,6,1.335,0.5583333333333333,0.0,0.0,1.0,0.0,0.0,0.8333333333333334,1.335,0.5583333333333333,0.0,0.0,1.0,0.0,0.0,0.8333333333333334,5,10
2024,Q4,IL,11.16,0.05,1.0,0.0,1.0,0.0,0.0,1.0,1,1,1,1,1,1,1,1,11.16,0.05,1.0,0.0,1.0,0.0,0.0,1.0,11.16,0.05,1.0,0.0,1.0,0.0,0.0,1.0,1,10
2024,Q4,IN,2.0675,0.0,0.25,0.0,0.75,0.25,0.0,0.25,4,4,4,4,4,4,4,4,2.0675,0.0,0.25,0.0,0.75,0.25,0.0,0.25,2.0675,0.0,0.25,0.0,0.75,0.25,0.0,0.25,3,10
2024,Q4,MA,5.055,0.025,0.0,0.0,1.0,0.5,0.0,0.0,2,2,2,2,2,2,2,2,5.055,0.025,0.0,0.0,1.0,0.5,0.0,0.0,5.055,0.025,0.0,0.0,1.0,0.5,0.0,0.0,2,10
2024,Q4,MD,2.4775,0.17500000000000002,0.0,0.25,1.0,0.0,0.0,0.0,4,4,4,4,4,4,4,4,2.4775,0.17500000000000002,0.0,0.25,1.0,0.0,0.0,0.0,2.4775,0.17500000000000002,0.0,0.25,1.0,0.0,0.0,0.0,4,10
2024,Q4,NE,3.474,0.04,0.2,0.4,1.0,0.2,0.0,0.0,5,5,5,5,5,5,5,5,3.9275,0.05,0.25,0.5,1.0,0.25,0.0,0.0,1.66,0.0,0.0,0.0,1.0,0.0,0.0,0.0,4,11
2024,Q4,NM,7.714666666666667,0.016666666666666666,0.13333333333333333,0.06666666666666667,1.0,0.13333333333333333,0.0,0.13333333333333333,15,15,15,15,15,15,15,15,7.714666666666667,0.016666666666666666,0.13333333333333333,0.06666666666666667,1.0,0.13333333333333333,0.0,0.13333333333333333,7.714666666666667,0.016666666666666666,0.13333333333333333,0.06666666666666667,1.0,0.13333333333333333,0.0,0.13333333333333333,8,10
2024,Q4,NY,5.5725,0.0875,1.0,0.25,1.0,0.75,0.0,0.5,4,4,4,4,4,4,4,4,5.5725,0.0875,1.0,0.25,1.0,0.75,0.0,0.5,5.5725,0.0875,1.0,0.25,1.0,0.75,0.0,0.5,4,10
2024,Q4,OR,10.05,0.25,1.0,0.0,1.0,1.0,0.0,0.0,1,1,1,1,1,1,1,1,10.05,0.25,1.0,0.0,1.0,1.0,0.0,0.0,10.05,0.25,1.0,0.0,1.0,1.0,0.0,0.0,1,10
2024,Q4,RI,9.782222222222222,0.8500000000000001,0.0,0.1111111111111111,1.0,0.4444444444444444,0.1111111111111111,0.0,9,9,9,9,9,9,9,9,9.782222222222222,0.8500000000000001,0.0,0.1111111111111111,1.0,0.4444444444444444,0.1111111111111111,0.0,9.782222222222222,0.8500000000000001,0.0,0.1111111111111111,1.0,0.4444444444444444,0.1111111111111111,0.0,4,10
2024,Q4,SD,7.846666666666667,1.8,0.3333333333333333,0.0,1.0,1.0,0.3333333333333333,0.0,3,3,3,3,3,3,3,3,7.846666666666667,1.8,0.3333333333333333,0.0,1.0,1.0,0.3333333333333333,0.0,7.846666666666667,1.8,0.3333333333333333,0.0,1.0,1.0,0.3333333333333333,0.0,2,10
2024,Q4,TX,0.815,0.7625,0.5,0.0,1.0,0.25,0.0,0.0,4,4,4,4,4,4,4,4,1.23,1.5,1.0,0.0,1.0,0.5,0.0,0.0,0.8,0.05,1.0,0.0,1.0,0.0,0.0,0.0,4,12
2024,Q4,UT,2.27,0.0,0.0,0.0,1.0,0.0,0.0,0.0,1,1,1,1,1,1,1,1,2.27,0.0,0.0,0.0,1.0,0.0,0.0,0.0,2.27,0.0,0.0,0.0,1.0,0.0,0.0,0.0,1,11
2024,Q4,VA,4.930000000000001,0.1875,0.5,0.25,0.75,0.0,0.0,0.25,4,4,4,4,4,4,4,4,6.090000000000001,0.55,0.6666666666666666,0.3333333333333333,1.0,0.0,0.0,0.3333333333333333,1.45,0.55,0.0,0.0,0.0,0.0,0.0,0.0,4,11
2024,Q4,WI,2.3266666666666667,0.15,0.6666666666666666,0.3333333333333333,1.0,0.3333333333333333,0.0,0.0,3,3,3,3,3,3,3,3,2.3266666666666667,0.15,0.6666666666666666,0.3333333333333333,1.0,0.3333333333333333,0.0,0.0,2.3266666666666667,0.15,0.6666666666666666,0.3333333333333333,1.0,0.3333333333333333,0.0,0.0,3,10
2024,Q4,WV,1.8800000000000001,0.3666666666666667,0.0,0.6666666666666666,1.0,0.0,0.0,0.0,3,3,3,3,3,3,3,3,1.8800000000000001,0.3666666666666667,0.0,0.6666666666666666,1.0,0.0,0.0,0.0,1.8800000000000001,0.3666666666666667,0.0,0.6666666666666666,1.0,0.0,0.0,0.0,3,10
