state_code,year,quarter,loss_quarter,region
AL,2008,Q2,,Southeast
AL,2008,Q3,,Southeast
AK,2008,Q2,,Northwest
AK,2008,Q3,,Northwest
AZ,2008,Q2,,Southwest
AZ,2008,Q3,,Southwest
AR,2008,Q2,,South
AR,2008,Q3,,South
CA,2008,Q2,,West
CA,2008,Q3,,West
CO,2008,Q2,,Southwest
CO,2008,Q3,,Southwest
CT,2008,Q2,,Northeast
CT,2008,Q3,,Northeast
DC,2008,Q2,,
DC,2008,Q3,,
DE,2008,Q2,,Northeast
DE,2008,Q3,,Northeast
FL,2008,Q2,,Southeast
FL,2008,Q3,,Southeast
GA,2008,Q2,,Southeast
GA,2008,Q3,,Southeast
ID,2008,Q2,,Northwest
ID,2008,Q3,,Northwest
IL,2008,Q2,,Ohio Valley
IL,2008,Q3,,Ohio Valley
IN,2008,Q2,,Ohio Valley
IN,2008,Q3,,Ohio Valley
IA,2008,Q2,,Upper Midwest
IA,2008,Q3,,Upper Midwest
KS,2008,Q2,,South
KS,2008,Q3,,South
KY,2008,Q2,,Ohio Valley
KY,2008,Q3,,Ohio Valley
LA,2008,Q2,,South
LA,2008,Q3,,South
ME,2008,Q2,,Northeast
ME,2008,Q3,,Northeast
MD,2008,Q2,,Northeast
MD,2008,Q3,,Northeast
MA,2008,Q2,,Northeast
MA,2008,Q3,,Northeast
MI,2008,Q2,,Upper Midwest
MI,2008,Q3,,Upper Midwest
MN,2008,Q2,,Upper Midwest
MN,2008,Q3,,Upper Midwest
MS,2008,Q2,,Southeast
MS,2008,Q3,,Southeast
MO,2008,Q2,,South
MO,2008,Q3,,South
MT,2008,Q2,,Northern Rockies & Plains
MT,2008,Q3,,Northern Rockies & Plains
NE,2008,Q2,,Northern Rockies & Plains
NE,2008,Q3,,Northern Rockies & Plains
NV,2008,Q2,,Southwest
NV,2008,Q3,,Southwest
NH,2008,Q2,,Northeast
NH,2008,Q3,,Northeast
NJ,2008,Q2,,Northeast
NJ,2008,Q3,,Northeast
NM,2008,Q2,,Southwest
NM,2008,Q3,,Southwest
NY,2008,Q2,,Northeast
NY,2008,Q3,,Northeast
NC,2008,Q2,,Southeast
NC,2008,Q3,,Southeast
ND,2008,Q2,,Northern Rockies & Plains
ND,2008,Q3,,Northern Rockies & Plains
OH,2008,Q2,,Ohio Valley
OH,2008,Q3,,Ohio Valley
OK,2008,Q2,,South
OK,2008,Q3,,South
OR,2008,Q2,,Northwest
OR,2008,Q3,,Northwest
PA,2008,Q2,,Northeast
PA,2008,Q3,,Northeast
RI,2008,Q2,,Northeast
RI,2008,Q3,,Northeast
SC,2008,Q2,,Southeast
SC,2008,Q3,,Southeast
SD,2008,Q2,,Northern Rockies & Plains
SD,2008,Q3,,Northern Rockies & Plains
TN,2008,Q2,,Southeast
TN,2008,Q3,,Southeast
TX,2008,Q2,,South
TX,2008,Q3,,South
UT,2008,Q2,,Southwest
UT,2008,Q3,,Southwest
VT,2008,Q2,,Northeast
VT,2008,Q3,,Northeast
VA,2008,Q2,,Southeast
VA,2008,Q3,,Southeast
WA,2008,Q2,,Northwest
WA,2008,Q3,,Northwest
WV,2008,Q2,,Ohio Valley
WV,2008,Q3,,Ohio Valley
WI,2008,Q2,,Upper Midwest
WI,2008,Q3,,Upper Midwest
WY,2008,Q2,,Northern Rockies & Plains
WY,2008,Q3,,Northern Rockies & Plains
MSO,2008,Q2,,
MSO,2008,Q3,,
AL,2008,Q4,0.23787250190450848,Southeast
AL,2009,Q1,0.23787250190450848,Southeast
AK,2008,Q4,,Northwest
AK,2009,Q1,,Northwest
AZ,2008,Q4,,Southwest
AZ,2009,Q1,,Southwest
AR,2008,Q4,0.09142742466202591,South
AR,2009,Q1,0.09142742466202591,South
CA,2008,Q4,,West
CA,2009,Q1,,West
CO,2008,Q4,,Southwest
CO,2009,Q1,,Southwest
CT,2008,Q4,,Northeast
CT,2009,Q1,,Northeast
DC,2008,Q4,,
DC,2009,Q1,,
DE,2008,Q4,,Northeast
DE,2009,Q1,,Northeast
FL,2008,Q4,0.15930905089027791,Southeast
FL,2009,Q1,0.15930905089027791,Southeast
GA,2008,Q4,0.19056686493060537,Southeast
GA,2009,Q1,0.19056686493060537,Southeast
ID,2008,Q4,,Northwest
ID,2009,Q1,,Northwest
IL,2008,Q4,,Ohio Valley
IL,2009,Q1,,Ohio Valley
IN,2008,Q4,,Ohio Valley
IN,2009,Q1,,Ohio Valley
IA,2008,Q4,0.227012048319003,Upper Midwest
IA,2009,Q1,0.227012048319003,Upper Midwest
KS,2008,Q4,,South
KS,2009,Q1,,South
KY,2008,Q4,,Ohio Valley
KY,2009,Q1,,Ohio Valley
LA,2008,Q4,,South
LA,2009,Q1,,South
ME,2008,Q4,,Northeast
ME,2009,Q1,,Northeast
MD,2008,Q4,0.038547846275001074,Northeast
MD,2009,Q1,0.038547846275001074,Northeast
MA,2008,Q4,,Northeast
MA,2009,Q1,,Northeast
MI,2008,Q4,0.3682239358279996,Upper Midwest
MI,2009,Q1,0.3682239358279996,Upper Midwest
MN,2008,Q4,,Upper Midwest
MN,2009,Q1,,Upper Midwest
MS,2008,Q4,0.14411949552275005,Southeast
MS,2009,Q1,0.14411949552275005,Southeast
MO,2008,Q4,,South
MO,2009,Q1,,South
MT,2008,Q4,,Northern Rockies & Plains
MT,2009,Q1,,Northern Rockies & Plains
NE,2008,Q4,,Northern Rockies & Plains
NE,2009,Q1,,Northern Rockies & Plains
NV,2008,Q4,,Southwest
NV,2009,Q1,,Southwest
NH,2008,Q4,,Northeast
NH,2009,Q1,,Northeast
NJ,2008,Q4,0.14868115406011606,Northeast
NJ,2009,Q1,0.14868115406011606,Northeast
NM,2008,Q4,,Southwest
NM,2009,Q1,,Southwest
NY,2008,Q4,,Northeast
NY,2009,Q1,,Northeast
NC,2008,Q4,0.14851948383262337,Southeast
NC,2009,Q1,0.14851948383262337,Southeast
ND,2008,Q4,,Northern Rockies & Plains
ND,2009,Q1,,Northern Rockies & Plains
OH,2008,Q4,,Ohio Valley
OH,2009,Q1,,Ohio Valley
OK,2008,Q4,,South
OK,2009,Q1,,South
OR,2008,Q4,,Northwest
OR,2009,Q1,,Northwest
PA,2008,Q4,0.1138137402574323,Northeast
PA,2009,Q1,0.1138137402574323,Northeast
RI,2008,Q4,,Northeast
RI,2009,Q1,,Northeast
SC,2008,Q4,,Southeast
SC,2009,Q1,,Southeast
SD,2008,Q4,0.28529875777644154,Northern Rockies & Plains
SD,2009,Q1,0.28529875777644154,Northern Rockies & Plains
TN,2008,Q4,,Southeast
TN,2009,Q1,,Southeast
TX,2008,Q4,,South
TX,2009,Q1,,South
UT,2008,Q4,0.1327116989192837,Southwest
UT,2009,Q1,0.1327116989192837,Southwest
VT,2008,Q4,,Northeast
VT,2009,Q1,,Northeast
VA,2008,Q4,,Southeast
VA,2009,Q1,,Southeast
WA,2008,Q4,,Northwest
WA,2009,Q1,,Northwest
WV,2008,Q4,0.19458446313339828,Ohio Valley
WV,2009,Q1,0.19458446313339828,Ohio Valley
WI,2008,Q4,0.41878582488434446,Upper Midwest
WI,2009,Q1,0.41878582488434446,Upper Midwest
WY,2008,Q4,,Northern Rockies & Plains
WY,2009,Q1,,Northern Rockies & Plains
MSO,2008,Q4,0.17028313098299408,
MSO,2009,Q1,0.17028313098299408,
AL,2009,Q2,,Southeast
AL,2009,Q3,,Southeast
AK,2009,Q2,,Northwest
AK,2009,Q3,,Northwest
AZ,2009,Q2,,Southwest
AZ,2009,Q3,,Southwest
AR,2009,Q2,,South
AR,2009,Q3,,South
CA,2009,Q2,,West
CA,2009,Q3,,West
CO,2009,Q2,,Southwest
CO,2009,Q3,,Southwest
CT,2009,Q2,,Northeast
CT,2009,Q3,,Northeast
DC,2009,Q2,,
DC,2009,Q3,,
DE,2009,Q2,,Northeast
DE,2009,Q3,,Northeast
FL,2009,Q2,,Southeast
FL,2009,Q3,,Southeast
GA,2009,Q2,,Southeast
GA,2009,Q3,,Southeast
ID,2009,Q2,,Northwest
ID,2009,Q3,,Northwest
IL,2009,Q2,,Ohio Valley
IL,2009,Q3,,Ohio Valley
IN,2009,Q2,,Ohio Valley
IN,2009,Q3,,Ohio Valley
IA,2009,Q2,,Upper Midwest
IA,2009,Q3,,Upper Midwest
KS,2009,Q2,,South
KS,2009,Q3,,South
KY,2009,Q2,,Ohio Valley
KY,2009,Q3,,Ohio Valley
LA,2009,Q2,,South
LA,2009,Q3,,South
ME,2009,Q2,,Northeast
ME,2009,Q3,,Northeast
MD,2009,Q2,,Northeast
MD,2009,Q3,,Northeast
MA,2009,Q2,,Northeast
MA,2009,Q3,,Northeast
MI,2009,Q2,,Upper Midwest
MI,2009,Q3,,Upper Midwest
MN,2009,Q2,,Upper Midwest
MN,2009,Q3,,Upper Midwest
MS,2009,Q2,,Southeast
MS,2009,Q3,,Southeast
MO,2009,Q2,,South
MO,2009,Q3,,South
MT,2009,Q2,,Northern Rockies & Plains
MT,2009,Q3,,Northern Rockies & Plains
NE,2009,Q2,,Northern Rockies & Plains
NE,2009,Q3,,Northern Rockies & Plains
NV,2009,Q2,,Southwest
NV,2009,Q3,,Southwest
NH,2009,Q2,,Northeast
NH,2009,Q3,,Northeast
NJ,2009,Q2,,Northeast
NJ,2009,Q3,,Northeast
NM,2009,Q2,,Southwest
NM,2009,Q3,,Southwest
NY,2009,Q2,,Northeast
NY,2009,Q3,,Northeast
NC,2009,Q2,,Southeast
NC,2009,Q3,,Southeast
ND,2009,Q2,,Northern Rockies & Plains
ND,2009,Q3,,Northern Rockies & Plains
OH,2009,Q2,,Ohio Valley
OH,2009,Q3,,Ohio Valley
OK,2009,Q2,,South
OK,2009,Q3,,South
OR,2009,Q2,,Northwest
OR,2009,Q3,,Northwest
PA,2009,Q2,,Northeast
PA,2009,Q3,,Northeast
RI,2009,Q2,,Northeast
RI,2009,Q3,,Northeast
SC,2009,Q2,,Southeast
SC,2009,Q3,,Southeast
SD,2009,Q2,,Northern Rockies & Plains
SD,2009,Q3,,Northern Rockies & Plains
TN,2009,Q2,,Southeast
TN,2009,Q3,,Southeast
TX,2009,Q2,,South
TX,2009,Q3,,South
UT,2009,Q2,,Southwest
UT,2009,Q3,,Southwest
VT,2009,Q2,,Northeast
VT,2009,Q3,,Northeast
VA,2009,Q2,,Southeast
VA,2009,Q3,,Southeast
WA,2009,Q2,,Northwest
WA,2009,Q3,,Northwest
WV,2009,Q2,,Ohio Valley
WV,2009,Q3,,Ohio Valley
WI,2009,Q2,,Upper Midwest
WI,2009,Q3,,Upper Midwest
WY,2009,Q2,,Northern Rockies & Plains
WY,2009,Q3,,Northern Rockies & Plains
MSO,2009,Q2,,
MSO,2009,Q3,,
AL,2009,Q4,,Southeast
AL,2010,Q1,,Southeast
AK,2009,Q4,,Northwest
AK,2010,Q1,,Northwest
AZ,2009,Q4,,Southwest
AZ,2010,Q1,,Southwest
AR,2009,Q4,0.11813844139790375,South
AR,2010,Q1,0.11813844139790375,South
CA,2009,Q4,0.17017678481787668,West
CA,2010,Q1,0.17017678481787668,West
CO,2009,Q4,,Southwest
CO,2010,Q1,,Southwest
CT,2009,Q4,,Northeast
CT,2010,Q1,,Northeast
DC,2009,Q4,,
DC,2010,Q1,,
DE,2009,Q4,,Northeast
DE,2010,Q1,,Northeast
FL,2009,Q4,0.15280282082685148,Southeast
FL,2010,Q1,0.15280282082685148,Southeast
GA,2009,Q4,0.10409383335042699,Southeast
GA,2010,Q1,0.10409383335042699,Southeast
ID,2009,Q4,0.14413163894833725,Northwest
ID,2010,Q1,0.14413163894833725,Northwest
IL,2009,Q4,,Ohio Valley
IL,2010,Q1,,Ohio Valley
IN,2009,Q4,,Ohio Valley
IN,2010,Q1,,Ohio Valley
IA,2009,Q4,0.3032154206022759,Upper Midwest
IA,2010,Q1,0.3032154206022759,Upper Midwest
KS,2009,Q4,,South
KS,2010,Q1,,South
KY,2009,Q4,,Ohio Valley
KY,2010,Q1,,Ohio Valley
LA,2009,Q4,,South
LA,2010,Q1,,South
ME,2009,Q4,0.19377422517014498,Northeast
ME,2010,Q1,0.19377422517014498,Northeast
MD,2009,Q4,0.070201314776141,Northeast
MD,2010,Q1,0.070201314776141,Northeast
MA,2009,Q4,0.2985881312483596,Northeast
MA,2010,Q1,0.2985881312483596,Northeast
MI,2009,Q4,0.059476699150939116,Upper Midwest
MI,2010,Q1,0.059476699150939116,Upper Midwest
MN,2009,Q4,,Upper Midwest
MN,2010,Q1,,Upper Midwest
MS,2009,Q4,0.13045149349147356,Southeast
MS,2010,Q1,0.13045149349147356,Southeast
MO,2009,Q4,,South
MO,2010,Q1,,South
MT,2009,Q4,,Northern Rockies & Plains
MT,2010,Q1,,Northern Rockies & Plains
NE,2009,Q4,,Northern Rockies & Plains
NE,2010,Q1,,Northern Rockies & Plains
NV,2009,Q4,,Southwest
NV,2010,Q1,,Southwest
NH,2009,Q4,,Northeast
NH,2010,Q1,,Northeast
NJ,2009,Q4,,Northeast
NJ,2010,Q1,,Northeast
NM,2009,Q4,,Southwest
NM,2010,Q1,,Southwest
NY,2009,Q4,0.1777189170350607,Northeast
NY,2010,Q1,0.1777189170350607,Northeast
NC,2009,Q4,0.22174175925535322,Southeast
NC,2010,Q1,0.22174175925535322,Southeast
ND,2009,Q4,,Northern Rockies & Plains
ND,2010,Q1,,Northern Rockies & Plains
OH,2009,Q4,,Ohio Valley
OH,2010,Q1,,Ohio Valley
OK,2009,Q4,,South
OK,2010,Q1,,South
OR,2009,Q4,,Northwest
OR,2010,Q1,,Northwest
PA,2009,Q4,0.19409299896526044,Northeast
PA,2010,Q1,0.19409299896526044,Northeast
RI,2009,Q4,,Northeast
RI,2010,Q1,,Northeast
SC,2009,Q4,,Southeast
SC,2010,Q1,,Southeast
SD,2009,Q4,,Northern Rockies & Plains
SD,2010,Q1,,Northern Rockies & Plains
TN,2009,Q4,,Southeast
TN,2010,Q1,,Southeast
TX,2009,Q4,,South
TX,2010,Q1,,South
UT,2009,Q4,0.09622390216002707,Southwest
UT,2010,Q1,0.09622390216002707,Southwest
VT,2009,Q4,,Northeast
VT,2010,Q1,,Northeast
VA,2009,Q4,0.26794016487042205,Southeast
VA,2010,Q1,0.26794016487042205,Southeast
WA,2009,Q4,,Northwest
WA,2010,Q1,,Northwest
WV,2009,Q4,,Ohio Valley
WV,2010,Q1,,Ohio Valley
WI,2009,Q4,0.25612810996218793,Upper Midwest
WI,2010,Q1,0.25612810996218793,Upper Midwest
WY,2009,Q4,,Northern Rockies & Plains
WY,2010,Q1,,Northern Rockies & Plains
MSO,2009,Q4,0.1457448542331291,
MSO,2010,Q1,0.1457448542331291,
AL,2010,Q2,,Southeast
AL,2010,Q3,,Southeast
AK,2010,Q2,,Northwest
AK,2010,Q3,,Northwest
AZ,2010,Q2,,Southwest
AZ,2010,Q3,,Southwest
AR,2010,Q2,,South
AR,2010,Q3,,South
CA,2010,Q2,,West
CA,2010,Q3,,West
CO,2010,Q2,,Southwest
CO,2010,Q3,,Southwest
CT,2010,Q2,,Northeast
CT,2010,Q3,,Northeast
DC,2010,Q2,,
DC,2010,Q3,,
DE,2010,Q2,,Northeast
DE,2010,Q3,,Northeast
FL,2010,Q2,,Southeast
FL,2010,Q3,,Southeast
GA,2010,Q2,,Southeast
GA,2010,Q3,,Southeast
ID,2010,Q2,,Northwest
ID,2010,Q3,,Northwest
IL,2010,Q2,,Ohio Valley
IL,2010,Q3,,Ohio Valley
IN,2010,Q2,,Ohio Valley
IN,2010,Q3,,Ohio Valley
IA,2010,Q2,,Upper Midwest
IA,2010,Q3,,Upper Midwest
KS,2010,Q2,,South
KS,2010,Q3,,South
KY,2010,Q2,,Ohio Valley
KY,2010,Q3,,Ohio Valley
LA,2010,Q2,,South
LA,2010,Q3,,South
ME,2010,Q2,,Northeast
ME,2010,Q3,,Northeast
MD,2010,Q2,,Northeast
MD,2010,Q3,,Northeast
MA,2010,Q2,,Northeast
MA,2010,Q3,,Northeast
MI,2010,Q2,,Upper Midwest
MI,2010,Q3,,Upper Midwest
MN,2010,Q2,,Upper Midwest
MN,2010,Q3,,Upper Midwest
MS,2010,Q2,,Southeast
MS,2010,Q3,,Southeast
MO,2010,Q2,,South
MO,2010,Q3,,South
MT,2010,Q2,,Northern Rockies & Plains
MT,2010,Q3,,Northern Rockies & Plains
NE,2010,Q2,,Northern Rockies & Plains
NE,2010,Q3,,Northern Rockies & Plains
NV,2010,Q2,,Southwest
NV,2010,Q3,,Southwest
NH,2010,Q2,,Northeast
NH,2010,Q3,,Northeast
NJ,2010,Q2,,Northeast
NJ,2010,Q3,,Northeast
NM,2010,Q2,,Southwest
NM,2010,Q3,,Southwest
NY,2010,Q2,,Northeast
NY,2010,Q3,,Northeast
NC,2010,Q2,,Southeast
NC,2010,Q3,,Southeast
ND,2010,Q2,,Northern Rockies & Plains
ND,2010,Q3,,Northern Rockies & Plains
OH,2010,Q2,,Ohio Valley
OH,2010,Q3,,Ohio Valley
OK,2010,Q2,,South
OK,2010,Q3,,South
OR,2010,Q2,,Northwest
OR,2010,Q3,,Northwest
PA,2010,Q2,,Northeast
PA,2010,Q3,,Northeast
RI,2010,Q2,,Northeast
RI,2010,Q3,,Northeast
SC,2010,Q2,,Southeast
SC,2010,Q3,,Southeast
SD,2010,Q2,,Northern Rockies & Plains
SD,2010,Q3,,Northern Rockies & Plains
TN,2010,Q2,,Southeast
TN,2010,Q3,,Southeast
TX,2010,Q2,,South
TX,2010,Q3,,South
UT,2010,Q2,,Southwest
UT,2010,Q3,,Southwest
VT,2010,Q2,,Northeast
VT,2010,Q3,,Northeast
VA,2010,Q2,,Southeast
VA,2010,Q3,,Southeast
WA,2010,Q2,,Northwest
WA,2010,Q3,,Northwest
WV,2010,Q2,,Ohio Valley
WV,2010,Q3,,Ohio Valley
WI,2010,Q2,,Upper Midwest
WI,2010,Q3,,Upper Midwest
WY,2010,Q2,,Northern Rockies & Plains
WY,2010,Q3,,Northern Rockies & Plains
MSO,2010,Q2,,
MSO,2010,Q3,,
AL,2010,Q4,0.1505274792705843,Southeast
AL,2011,Q1,0.1505274792705843,Southeast
AK,2010,Q4,,Northwest
AK,2011,Q1,,Northwest
AZ,2010,Q4,,Southwest
AZ,2011,Q1,,Southwest
AR,2010,Q4,0.12352300627466473,South
AR,2011,Q1,0.12352300627466473,South
CA,2010,Q4,0.216714257845803,West
CA,2011,Q1,0.216714257845803,West
CO,2010,Q4,0.20143136524981176,Southwest
CO,2011,Q1,0.20143136524981176,Southwest
CT,2010,Q4,0.2683214262030523,Northeast
CT,2011,Q1,0.2683214262030523,Northeast
DC,2010,Q4,,
DC,2011,Q1,,
DE,2010,Q4,0.31888508622025025,Northeast
DE,2011,Q1,0.31888508622025025,Northeast
FL,2010,Q4,0.2594970492867372,Southeast
FL,2011,Q1,0.2594970492867372,Southeast
GA,2010,Q4,0.21443952291507518,Southeast
GA,2011,Q1,0.21443952291507518,Southeast
ID,2010,Q4,0.14894238419448902,Northwest
ID,2011,Q1,0.14894238419448902,Northwest
IL,2010,Q4,0.2902791367701638,Ohio Valley
IL,2011,Q1,0.2902791367701638,Ohio Valley
IN,2010,Q4,0.3507550636764487,Ohio Valley
IN,2011,Q1,0.3507550636764487,Ohio Valley
IA,2010,Q4,0.43677664838303576,Upper Midwest
IA,2011,Q1,0.43677664838303576,Upper Midwest
KS,2010,Q4,,South
KS,2011,Q1,,South
KY,2010,Q4,0.4273757333777779,Ohio Valley
KY,2011,Q1,0.4273757333777779,Ohio Valley
LA,2010,Q4,,South
LA,2011,Q1,,South
ME,2010,Q4,0.1311490572115872,Northeast
ME,2011,Q1,0.1311490572115872,Northeast
MD,2010,Q4,0.210853021762468,Northeast
MD,2011,Q1,0.210853021762468,Northeast
MA,2010,Q4,0.16732326275971698,Northeast
MA,2011,Q1,0.16732326275971698,Northeast
MI,2010,Q4,0.3139956560856615,Upper Midwest
MI,2011,Q1,0.3139956560856615,Upper Midwest
MN,2010,Q4,0.23311793076894272,Upper Midwest
MN,2011,Q1,0.23311793076894272,Upper Midwest
MS,2010,Q4,0.23209337176933442,Southeast
MS,2011,Q1,0.23209337176933442,Southeast
MO,2010,Q4,0.12548213797397445,South
MO,2011,Q1,0.12548213797397445,South
MT,2010,Q4,,Northern Rockies & Plains
MT,2011,Q1,,Northern Rockies & Plains
NE,2010,Q4,0.3560790837832153,Northern Rockies & Plains
NE,2011,Q1,0.3560790837832153,Northern Rockies & Plains
NV,2010,Q4,,Southwest
NV,2011,Q1,,Southwest
NH,2010,Q4,0.1011524994370332,Northeast
NH,2011,Q1,0.1011524994370332,Northeast
NJ,2010,Q4,0.2244332656705187,Northeast
NJ,2011,Q1,0.2244332656705187,Northeast
NM,2010,Q4,,Southwest
NM,2011,Q1,,Southwest
NY,2010,Q4,0.17477028065443634,Northeast
NY,2011,Q1,0.17477028065443634,Northeast
NC,2010,Q4,0.31422281726356804,Southeast
NC,2011,Q1,0.31422281726356804,Southeast
ND,2010,Q4,,Northern Rockies & Plains
ND,2011,Q1,,Northern Rockies & Plains
OH,2010,Q4,0.2787496827023088,Ohio Valley
OH,2011,Q1,0.2787496827023088,Ohio Valley
OK,2010,Q4,,South
OK,2011,Q1,,South
OR,2010,Q4,0.3824347311304913,Northwest
OR,2011,Q1,0.3824347311304913,Northwest
PA,2010,Q4,0.25993608033530524,Northeast
PA,2011,Q1,0.25993608033530524,Northeast
RI,2010,Q4,0.19545862648001355,Northeast
RI,2011,Q1,0.19545862648001355,Northeast
SC,2010,Q4,0.23531651840524315,Southeast
SC,2011,Q1,0.23531651840524315,Southeast
SD,2010,Q4,,Northern Rockies & Plains
SD,2011,Q1,,Northern Rockies & Plains
TN,2010,Q4,0.1858923379086811,Southeast
TN,2011,Q1,0.1858923379086811,Southeast
TX,2010,Q4,0.3174371428410322,South
TX,2011,Q1,0.3174371428410322,South
UT,2010,Q4,0.1799814908019005,Southwest
UT,2011,Q1,0.1799814908019005,Southwest
VT,2010,Q4,0.08924990735843064,Northeast
VT,2011,Q1,0.08924990735843064,Northeast
VA,2010,Q4,0.2117649485626154,Southeast
VA,2011,Q1,0.2117649485626154,Southeast
WA,2010,Q4,0.18179705027077375,Northwest
WA,2011,Q1,0.18179705027077375,Northwest
WV,2010,Q4,0.30439165635974763,Ohio Valley
WV,2011,Q1,0.30439165635974763,Ohio Valley
WI,2010,Q4,0.32386672990749343,Upper Midwest
WI,2011,Q1,0.32386672990749343,Upper Midwest
WY,2010,Q4,,Northern Rockies & Plains
WY,2011,Q1,,Northern Rockies & Plains
MSO,2010,Q4,0.1844907751814996,
MSO,2011,Q1,0.1844907751814996,
AL,2011,Q2,0.04322265621925425,Southeast
AL,2011,Q3,0.04322265621925425,Southeast
AK,2011,Q2,,Northwest
AK,2011,Q3,,Northwest
AZ,2011,Q2,,Southwest
AZ,2011,Q3,,Southwest
AR,2011,Q2,0.13144604950971484,South
AR,2011,Q3,0.13144604950971484,South
CA,2011,Q2,0.09728739865783653,West
CA,2011,Q3,0.09728739865783653,West
CO,2011,Q2,0.0389466997996768,Southwest
CO,2011,Q3,0.0389466997996768,Southwest
CT,2011,Q2,0.04954676888454157,Northeast
CT,2011,Q3,0.04954676888454157,Northeast
DC,2011,Q2,,
DC,2011,Q3,,
DE,2011,Q2,,Northeast
DE,2011,Q3,,Northeast
FL,2011,Q2,0.05628230621970576,Southeast
FL,2011,Q3,0.05628230621970576,Southeast
GA,2011,Q2,0.13702506502411993,Southeast
GA,2011,Q3,0.13702506502411993,Southeast
ID,2011,Q2,0.14824287729515795,Northwest
ID,2011,Q3,0.14824287729515795,Northwest
IL,2011,Q2,0.06866573533193632,Ohio Valley
IL,2011,Q3,0.06866573533193632,Ohio Valley
IN,2011,Q2,0.0393122814905309,Ohio Valley
IN,2011,Q3,0.0393122814905309,Ohio Valley
IA,2011,Q2,0.34851147436399943,Upper Midwest
IA,2011,Q3,0.34851147436399943,Upper Midwest
KS,2011,Q2,,South
KS,2011,Q3,,South
KY,2011,Q2,0.07285065316851502,Ohio Valley
KY,2011,Q3,0.07285065316851502,Ohio Valley
LA,2011,Q2,0.07529871646670894,South
LA,2011,Q3,0.07529871646670894,South
ME,2011,Q2,0.08285484537231536,Northeast
ME,2011,Q3,0.08285484537231536,Northeast
MD,2011,Q2,0.13562574243395176,Northeast
MD,2011,Q3,0.13562574243395176,Northeast
MA,2011,Q2,0.10457734159014942,Northeast
MA,2011,Q3,0.10457734159014942,Northeast
MI,2011,Q2,0.0758521527656364,Upper Midwest
MI,2011,Q3,0.0758521527656364,Upper Midwest
MN,2011,Q2,0.08980083724324361,Upper Midwest
MN,2011,Q3,0.08980083724324361,Upper Midwest
MS,2011,Q2,,Southeast
MS,2011,Q3,,Southeast
MO,2011,Q2,0.05247152075618211,South
MO,2011,Q3,0.05247152075618211,South
MT,2011,Q2,0.10647490422809414,Northern Rockies & Plains
MT,2011,Q3,0.10647490422809414,Northern Rockies & Plains
NE,2011,Q2,,Northern Rockies & Plains
NE,2011,Q3,,Northern Rockies & Plains
NV,2011,Q2,,Southwest
NV,2011,Q3,,Southwest
NH,2011,Q2,0.06813886202552077,Northeast
NH,2011,Q3,0.06813886202552077,Northeast
NJ,2011,Q2,0.05740294471439522,Northeast
NJ,2011,Q3,0.05740294471439522,Northeast
NM,2011,Q2,0.04961807337701707,Southwest
NM,2011,Q3,0.04961807337701707,Southwest
NY,2011,Q2,0.06818479842166503,Northeast
NY,2011,Q3,0.06818479842166503,Northeast
NC,2011,Q2,0.14384327409193287,Southeast
NC,2011,Q3,0.14384327409193287,Southeast
ND,2011,Q2,,Northern Rockies & Plains
ND,2011,Q3,,Northern Rockies & Plains
OH,2011,Q2,0.041113621304212034,Ohio Valley
OH,2011,Q3,0.041113621304212034,Ohio Valley
OK,2011,Q2,0.010977280915838272,South
OK,2011,Q3,0.010977280915838272,South
OR,2011,Q2,0.07261380928608696,Northwest
OR,2011,Q3,0.07261380928608696,Northwest
PA,2011,Q2,0.0715233091147407,Northeast
PA,2011,Q3,0.0715233091147407,Northeast
RI,2011,Q2,0.0425728922436619,Northeast
RI,2011,Q3,0.0425728922436619,Northeast
SC,2011,Q2,0.0991392160962472,Southeast
SC,2011,Q3,0.0991392160962472,Southeast
SD,2011,Q2,,Northern Rockies & Plains
SD,2011,Q3,,Northern Rockies & Plains
TN,2011,Q2,0.06107564342572247,Southeast
TN,2011,Q3,0.06107564342572247,Southeast
TX,2011,Q2,0.03453679236440432,South
TX,2011,Q3,0.03453679236440432,South
UT,2011,Q2,0.05111478999699226,Southwest
UT,2011,Q3,0.05111478999699226,Southwest
VT,2011,Q2,0.021465913966734917,Northeast
VT,2011,Q3,0.021465913966734917,Northeast
VA,2011,Q2,0.06762765923790837,Southeast
VA,2011,Q3,0.06762765923790837,Southeast
WA,2011,Q2,0.060716996998794626,Northwest
WA,2011,Q3,0.060716996998794626,Northwest
WV,2011,Q2,0.030056974000941428,Ohio Valley
WV,2011,Q3,0.030056974000941428,Ohio Valley
WI,2011,Q2,0.0848120079603969,Upper Midwest
WI,2011,Q3,0.0848120079603969,Upper Midwest
WY,2011,Q2,,Northern Rockies & Plains
WY,2011,Q3,,Northern Rockies & Plains
MSO,2011,Q2,0.0974168489184627,
MSO,2011,Q3,0.0974168489184627,
AL,2011,Q4,0.05565707122133401,Southeast
AL,2012,Q1,0.05565707122133401,Southeast
AK,2011,Q4,,Northwest
AK,2012,Q1,,Northwest
AZ,2011,Q4,,Southwest
AZ,2012,Q1,,Southwest
AR,2011,Q4,0.16968692939238694,South
AR,2012,Q1,0.16968692939238694,South
CA,2011,Q4,0.22557684328491245,West
CA,2012,Q1,0.22557684328491245,West
CO,2011,Q4,0.1557321159974926,Southwest
CO,2012,Q1,0.1557321159974926,Southwest
CT,2011,Q4,0.343267398461395,Northeast
CT,2012,Q1,0.343267398461395,Northeast
DC,2011,Q4,,
DC,2012,Q1,,
DE,2011,Q4,0.3552284613301765,Northeast
DE,2012,Q1,0.3552284613301765,Northeast
FL,2011,Q4,0.23020894003933667,Southeast
FL,2012,Q1,0.23020894003933667,Southeast
GA,2011,Q4,0.21258341672156122,Southeast
GA,2012,Q1,0.21258341672156122,Southeast
ID,2011,Q4,0.14514958573488956,Northwest
ID,2012,Q1,0.14514958573488956,Northwest
IL,2011,Q4,0.25154186926741473,Ohio Valley
IL,2012,Q1,0.25154186926741473,Ohio Valley
IN,2011,Q4,0.26620061429465725,Ohio Valley
IN,2012,Q1,0.26620061429465725,Ohio Valley
IA,2011,Q4,0.4173770161722046,Upper Midwest
IA,2012,Q1,0.4173770161722046,Upper Midwest
KS,2011,Q4,0.07535853864264297,South
KS,2012,Q1,0.07535853864264297,South
KY,2011,Q4,0.17002062385363825,Ohio Valley
KY,2012,Q1,0.17002062385363825,Ohio Valley
LA,2011,Q4,0.1252830840797018,South
LA,2012,Q1,0.1252830840797018,South
ME,2011,Q4,0.21943518070198142,Northeast
ME,2012,Q1,0.21943518070198142,Northeast
MD,2011,Q4,0.292434802699702,Northeast
MD,2012,Q1,0.292434802699702,Northeast
MA,2011,Q4,0.1572303260695197,Northeast
MA,2012,Q1,0.1572303260695197,Northeast
MI,2011,Q4,0.4196800830043125,Upper Midwest
MI,2012,Q1,0.4196800830043125,Upper Midwest
MN,2011,Q4,0.37053790624650995,Upper Midwest
MN,2012,Q1,0.37053790624650995,Upper Midwest
MS,2011,Q4,0.030776630804880245,Southeast
MS,2012,Q1,0.030776630804880245,Southeast
MO,2011,Q4,0.15498424973893732,South
MO,2012,Q1,0.15498424973893732,South
MT,2011,Q4,0.49403557437305934,Northern Rockies & Plains
MT,2012,Q1,0.49403557437305934,Northern Rockies & Plains
NE,2011,Q4,0.07539091461076719,Northern Rockies & Plains
NE,2012,Q1,0.07539091461076719,Northern Rockies & Plains
NV,2011,Q4,,Southwest
NV,2012,Q1,,Southwest
NH,2011,Q4,0.1721151901218586,Northeast
NH,2012,Q1,0.1721151901218586,Northeast
NJ,2011,Q4,0.18612460266133957,Northeast
NJ,2012,Q1,0.18612460266133957,Northeast
NM,2011,Q4,0.06203335839432578,Southwest
NM,2012,Q1,0.06203335839432578,Southwest
NY,2011,Q4,0.21056443790284418,Northeast
NY,2012,Q1,0.21056443790284418,Northeast
NC,2011,Q4,0.08421514298004007,Southeast
NC,2012,Q1,0.08421514298004007,Southeast
ND,2011,Q4,,Northern Rockies & Plains
ND,2012,Q1,,Northern Rockies & Plains
OH,2011,Q4,0.24198572878928193,Ohio Valley
OH,2012,Q1,0.24198572878928193,Ohio Valley
OK,2011,Q4,0.08701219342469546,South
OK,2012,Q1,0.08701219342469546,South
OR,2011,Q4,0.14020776636107168,Northwest
OR,2012,Q1,0.14020776636107168,Northwest
PA,2011,Q4,0.26707630285358586,Northeast
PA,2012,Q1,0.26707630285358586,Northeast
RI,2011,Q4,0.2895966658325274,Northeast
RI,2012,Q1,0.2895966658325274,Northeast
SC,2011,Q4,0.1039179931708466,Southeast
SC,2012,Q1,0.1039179931708466,Southeast
SD,2011,Q4,0.42264973081037416,Northern Rockies & Plains
SD,2012,Q1,0.42264973081037416,Northern Rockies & Plains
TN,2011,Q4,0.0970274217208017,Southeast
TN,2012,Q1,0.0970274217208017,Southeast
TX,2011,Q4,0.18338412670829052,South
TX,2012,Q1,0.18338412670829052,South
UT,2011,Q4,0.10373431334790084,Southwest
UT,2012,Q1,0.10373431334790084,Southwest
VT,2011,Q4,0.13194677011549172,Northeast
VT,2012,Q1,0.13194677011549172,Northeast
VA,2011,Q4,0.19086253463692926,Southeast
VA,2012,Q1,0.19086253463692926,Southeast
WA,2011,Q4,0.22979964086700577,Northwest
WA,2012,Q1,0.22979964086700577,Northwest
WV,2011,Q4,0.31567357314896305,Ohio Valley
WV,2012,Q1,0.31567357314896305,Ohio Valley
WI,2011,Q4,0.42353864630168636,Upper Midwest
WI,2012,Q1,0.42353864630168636,Upper Midwest
WY,2011,Q4,,Northern Rockies & Plains
WY,2012,Q1,,Northern Rockies & Plains
MSO,2011,Q4,0.13545253349453634,
MSO,2012,Q1,0.13545253349453634,
AL,2012,Q2,0.13119262501619222,Southeast
AL,2012,Q3,0.13119262501619222,Southeast
AK,2012,Q2,,Northwest
AK,2012,Q3,,Northwest
AZ,2012,Q2,,Southwest
AZ,2012,Q3,,Southwest
AR,2012,Q2,0.0758708972550719,South
AR,2012,Q3,0.0758708972550719,South
CA,2012,Q2,0.06549685379250625,West
CA,2012,Q3,0.06549685379250625,West
CO,2012,Q2,0.09561598435111973,Southwest
CO,2012,Q3,0.09561598435111973,Southwest
CT,2012,Q2,0.03551435565917582,Northeast
CT,2012,Q3,0.03551435565917582,Northeast
DC,2012,Q2,,
DC,2012,Q3,,
DE,2012,Q2,0.050283840132365865,Northeast
DE,2012,Q3,0.050283840132365865,Northeast
FL,2012,Q2,0.09151274802382492,Southeast
FL,2012,Q3,0.09151274802382492,Southeast
GA,2012,Q2,0.06240803394138539,Southeast
GA,2012,Q3,0.06240803394138539,Southeast
ID,2012,Q2,0.053900166417467865,Northwest
ID,2012,Q3,0.053900166417467865,Northwest
IL,2012,Q2,0.10233057445765881,Ohio Valley
IL,2012,Q3,0.10233057445765881,Ohio Valley
IN,2012,Q2,0.03239438652441573,Ohio Valley
IN,2012,Q3,0.03239438652441573,Ohio Valley
IA,2012,Q2,0.05401115498389997,Upper Midwest
IA,2012,Q3,0.05401115498389997,Upper Midwest
KS,2012,Q2,0.038345820441700096,South
KS,2012,Q3,0.038345820441700096,South
KY,2012,Q2,0.04192996406303218,Ohio Valley
KY,2012,Q3,0.04192996406303218,Ohio Valley
LA,2012,Q2,0.3237413610167844,South
LA,2012,Q3,0.3237413610167844,South
ME,2012,Q2,0.06436071297701729,Northeast
ME,2012,Q3,0.06436071297701729,Northeast
MD,2012,Q2,0.09996896391191723,Northeast
MD,2012,Q3,0.09996896391191723,Northeast
MA,2012,Q2,0.05388632493641543,Northeast
MA,2012,Q3,0.05388632493641543,Northeast
MI,2012,Q2,0.05073770690135326,Upper Midwest
MI,2012,Q3,0.05073770690135326,Upper Midwest
MN,2012,Q2,0.06910558215342477,Upper Midwest
MN,2012,Q3,0.06910558215342477,Upper Midwest
MS,2012,Q2,,Southeast
MS,2012,Q3,,Southeast
MO,2012,Q2,0.03875784191157816,South
MO,2012,Q3,0.03875784191157816,South
MT,2012,Q2,0.0012939405894003553,Northern Rockies & Plains
MT,2012,Q3,0.0012939405894003553,Northern Rockies & Plains
NE,2012,Q2,,Northern Rockies & Plains
NE,2012,Q3,,Northern Rockies & Plains
NV,2012,Q2,,Southwest
NV,2012,Q3,,Southwest
NH,2012,Q2,0.09793265761580838,Northeast
NH,2012,Q3,0.09793265761580838,Northeast
NJ,2012,Q2,0.08678071327372039,Northeast
NJ,2012,Q3,0.08678071327372039,Northeast
NM,2012,Q2,0.024099927051466796,Southwest
NM,2012,Q3,0.024099927051466796,Southwest
NY,2012,Q2,0.06733718919298104,Northeast
NY,2012,Q3,0.06733718919298104,Northeast
NC,2012,Q2,0.09333749770565236,Southeast
NC,2012,Q3,0.09333749770565236,Southeast
ND,2012,Q2,,Northern Rockies & Plains
ND,2012,Q3,,Northern Rockies & Plains
OH,2012,Q2,0.054968794039083835,Ohio Valley
OH,2012,Q3,0.054968794039083835,Ohio Valley
OK,2012,Q2,0.10771173718968785,South
OK,2012,Q3,0.10771173718968785,South
OR,2012,Q2,0.04575835740207146,Northwest
OR,2012,Q3,0.04575835740207146,Northwest
PA,2012,Q2,0.07090345985722868,Northeast
PA,2012,Q3,0.07090345985722868,Northeast
RI,2012,Q2,0.03593995793525262,Northeast
RI,2012,Q3,0.03593995793525262,Northeast
SC,2012,Q2,0.0855289452686212,Southeast
SC,2012,Q3,0.0855289452686212,Southeast
SD,2012,Q2,,Northern Rockies & Plains
SD,2012,Q3,,Northern Rockies & Plains
TN,2012,Q2,0.0671840315110589,Southeast
TN,2012,Q3,0.0671840315110589,Southeast
TX,2012,Q2,0.2715273639575536,South
TX,2012,Q3,0.2715273639575536,South
UT,2012,Q2,0.05859499351055808,Southwest
UT,2012,Q3,0.05859499351055808,Southwest
VT,2012,Q2,0.03992753896657231,Northeast
VT,2012,Q3,0.03992753896657231,Northeast
VA,2012,Q2,0.07261713065488651,Southeast
VA,2012,Q3,0.07261713065488651,Southeast
WA,2012,Q2,0.059174679197057656,Northwest
WA,2012,Q3,0.059174679197057656,Northwest
WV,2012,Q2,0.023971527593908526,Ohio Valley
WV,2012,Q3,0.023971527593908526,Ohio Valley
WI,2012,Q2,0.09288856636032183,Upper Midwest
WI,2012,Q3,0.09288856636032183,Upper Midwest
WY,2012,Q2,,Northern Rockies & Plains
WY,2012,Q3,,Northern Rockies & Plains
MSO,2012,Q2,0.09958041028415565,
MSO,2012,Q3,0.09958041028415565,
AL,2012,Q4,0.040395881302943026,Southeast
AL,2013,Q1,0.040395881302943026,Southeast
AK,2012,Q4,,Northwest
AK,2013,Q1,,Northwest
AZ,2012,Q4,,Southwest
AZ,2013,Q1,,Southwest
AR,2012,Q4,0.12930367268761245,South
AR,2013,Q1,0.12930367268761245,South
CA,2012,Q4,0.08509730100412438,West
CA,2013,Q1,0.08509730100412438,West
CO,2012,Q4,0.20038068048788837,Southwest
CO,2013,Q1,0.20038068048788837,Southwest
CT,2012,Q4,0.15451567134570732,Northeast
CT,2013,Q1,0.15451567134570732,Northeast
DC,2012,Q4,0.13038359779693132,
DC,2013,Q1,0.13038359779693132,
DE,2012,Q4,0.1610347677381344,Northeast
DE,2013,Q1,0.1610347677381344,Northeast
FL,2012,Q4,0.11011735290405011,Southeast
FL,2013,Q1,0.11011735290405011,Southeast
GA,2012,Q4,0.11759006749228984,Southeast
GA,2013,Q1,0.11759006749228984,Southeast
ID,2012,Q4,0.06479778945771597,Northwest
ID,2013,Q1,0.06479778945771597,Northwest
IL,2012,Q4,0.1871849038909742,Ohio Valley
IL,2013,Q1,0.1871849038909742,Ohio Valley
IN,2012,Q4,0.08734853733328607,Ohio Valley
IN,2013,Q1,0.08734853733328607,Ohio Valley
IA,2012,Q4,0.2020341202915401,Upper Midwest
IA,2013,Q1,0.2020341202915401,Upper Midwest
KS,2012,Q4,0.13191507986175188,South
KS,2013,Q1,0.13191507986175188,South
KY,2012,Q4,0.17677208850738935,Ohio Valley
KY,2013,Q1,0.17677208850738935,Ohio Valley
LA,2012,Q4,0.049849570513431085,South
LA,2013,Q1,0.049849570513431085,South
ME,2012,Q4,0.05952220640614747,Northeast
ME,2013,Q1,0.05952220640614747,Northeast
MD,2012,Q4,0.12144476754024625,Northeast
MD,2013,Q1,0.12144476754024625,Northeast
MA,2012,Q4,0.12146620333731162,Northeast
MA,2013,Q1,0.12146620333731162,Northeast
MI,2012,Q4,0.13737340817955046,Upper Midwest
MI,2013,Q1,0.13737340817955046,Upper Midwest
MN,2012,Q4,0.1730350867528082,Upper Midwest
MN,2013,Q1,0.1730350867528082,Upper Midwest
MS,2012,Q4,0.0375469936284244,Southeast
MS,2013,Q1,0.0375469936284244,Southeast
MO,2012,Q4,0.05981450947495437,South
MO,2013,Q1,0.05981450947495437,South
MT,2012,Q4,0.10265551135555517,Northern Rockies & Plains
MT,2013,Q1,0.10265551135555517,Northern Rockies & Plains
NE,2012,Q4,,Northern Rockies & Plains
NE,2013,Q1,,Northern Rockies & Plains
NV,2012,Q4,0.1425070742874558,Southwest
NV,2013,Q1,0.1425070742874558,Southwest
NH,2012,Q4,0.09134028230241864,Northeast
NH,2013,Q1,0.09134028230241864,Northeast
NJ,2012,Q4,0.05951372381329345,Northeast
NJ,2013,Q1,0.05951372381329345,Northeast
NM,2012,Q4,0.20152984704947274,Southwest
NM,2013,Q1,0.20152984704947274,Southwest
NY,2012,Q4,0.10886721132099308,Northeast
NY,2013,Q1,0.10886721132099308,Northeast
NC,2012,Q4,0.048188546162157175,Southeast
NC,2013,Q1,0.048188546162157175,Southeast
ND,2012,Q4,,Northern Rockies & Plains
ND,2013,Q1,,Northern Rockies & Plains
OH,2012,Q4,0.18330008285173216,Ohio Valley
OH,2013,Q1,0.18330008285173216,Ohio Valley
OK,2012,Q4,0.10154081024085981,South
OK,2013,Q1,0.10154081024085981,South
OR,2012,Q4,0.13600991137661966,Northwest
OR,2013,Q1,0.13600991137661966,Northwest
PA,2012,Q4,0.15402432972651559,Northeast
PA,2013,Q1,0.15402432972651559,Northeast
RI,2012,Q4,0.06810888370390666,Northeast
RI,2013,Q1,0.06810888370390666,Northeast
SC,2012,Q4,0.13800192272555534,Southeast
SC,2013,Q1,0.13800192272555534,Southeast
SD,2012,Q4,,Northern Rockies & Plains
SD,2013,Q1,,Northern Rockies & Plains
TN,2012,Q4,0.072858243452117,Southeast
TN,2013,Q1,0.072858243452117,Southeast
TX,2012,Q4,0.141891933391744,South
TX,2013,Q1,0.141891933391744,South
UT,2012,Q4,0.22234771073187687,Southwest
UT,2013,Q1,0.22234771073187687,Southwest
VT,2012,Q4,0.18637134707980274,Northeast
VT,2013,Q1,0.18637134707980274,Northeast
VA,2012,Q4,0.09597978149133701,Southeast
VA,2013,Q1,0.09597978149133701,Southeast
WA,2012,Q4,0.12298561650579454,Northwest
WA,2013,Q1,0.12298561650579454,Northwest
WV,2012,Q4,0.07273893421962896,Ohio Valley
WV,2013,Q1,0.07273893421962896,Ohio Valley
WI,2012,Q4,0.12403382192894474,Upper Midwest
WI,2013,Q1,0.12403382192894474,Upper Midwest
WY,2012,Q4,,Northern Rockies & Plains
WY,2013,Q1,,Northern Rockies & Plains
MSO,2012,Q4,0.1311936368173241,
MSO,2013,Q1,0.1311936368173241,
AL,2013,Q2,0.08209944086296128,Southeast
AL,2013,Q3,0.08209944086296128,Southeast
AK,2013,Q2,,Northwest
AK,2013,Q3,,Northwest
AZ,2013,Q2,,Southwest
AZ,2013,Q3,,Southwest
AR,2013,Q2,0.09407737233530955,South
AR,2013,Q3,0.09407737233530955,South
CA,2013,Q2,0.10793981021533672,West
CA,2013,Q3,0.10793981021533672,West
CO,2013,Q2,0.058564875736705435,Southwest
CO,2013,Q3,0.058564875736705435,Southwest
CT,2013,Q2,0.06036861842336971,Northeast
CT,2013,Q3,0.06036861842336971,Northeast
DC,2013,Q2,,
DC,2013,Q3,,
DE,2013,Q2,0.048087617416643025,Northeast
DE,2013,Q3,0.048087617416643025,Northeast
FL,2013,Q2,0.11679288523147446,Southeast
FL,2013,Q3,0.11679288523147446,Southeast
GA,2013,Q2,0.06799192425471012,Southeast
GA,2013,Q3,0.06799192425471012,Southeast
ID,2013,Q2,0.036054591045174056,Northwest
ID,2013,Q3,0.036054591045174056,Northwest
IL,2013,Q2,0.08470092478227043,Ohio Valley
IL,2013,Q3,0.08470092478227043,Ohio Valley
IN,2013,Q2,0.04527978798508003,Ohio Valley
IN,2013,Q3,0.04527978798508003,Ohio Valley
IA,2013,Q2,0.1236388496155173,Upper Midwest
IA,2013,Q3,0.1236388496155173,Upper Midwest
KS,2013,Q2,0.0871290708247231,South
KS,2013,Q3,0.0871290708247231,South
KY,2013,Q2,0.10148742871102179,Ohio Valley
KY,2013,Q3,0.10148742871102179,Ohio Valley
LA,2013,Q2,0.2178568858560057,South
LA,2013,Q3,0.2178568858560057,South
ME,2013,Q2,0.04988439373307496,Northeast
ME,2013,Q3,0.04988439373307496,Northeast
MD,2013,Q2,0.16788418731138444,Northeast
MD,2013,Q3,0.16788418731138444,Northeast
MA,2013,Q2,0.07345829442828489,Northeast
MA,2013,Q3,0.07345829442828489,Northeast
MI,2013,Q2,0.08578124622916095,Upper Midwest
MI,2013,Q3,0.08578124622916095,Upper Midwest
MN,2013,Q2,0.07208043164779321,Upper Midwest
MN,2013,Q3,0.07208043164779321,Upper Midwest
MS,2013,Q2,0.10236470160768485,Southeast
MS,2013,Q3,0.10236470160768485,Southeast
MO,2013,Q2,0.07804555427071125,South
MO,2013,Q3,0.07804555427071125,South
MT,2013,Q2,0.0871290708247231,Northern Rockies & Plains
MT,2013,Q3,0.0871290708247231,Northern Rockies & Plains
NE,2013,Q2,0.018693237074683622,Northern Rockies & Plains
NE,2013,Q3,0.018693237074683622,Northern Rockies & Plains
NV,2013,Q2,,Southwest
NV,2013,Q3,,Southwest
NH,2013,Q2,0.03801540311661744,Northeast
NH,2013,Q3,0.03801540311661744,Northeast
NJ,2013,Q2,0.09991087785292807,Northeast
NJ,2013,Q3,0.09991087785292807,Northeast
NM,2013,Q2,,Southwest
NM,2013,Q3,,Southwest
NY,2013,Q2,0.09891620401680756,Northeast
NY,2013,Q3,0.09891620401680756,Northeast
NC,2013,Q2,0.07691375907629505,Southeast
NC,2013,Q3,0.07691375907629505,Southeast
ND,2013,Q2,,Northern Rockies & Plains
ND,2013,Q3,,Northern Rockies & Plains
OH,2013,Q2,0.10073349444834434,Ohio Valley
OH,2013,Q3,0.10073349444834434,Ohio Valley
OK,2013,Q2,0.14973230972902807,South
OK,2013,Q3,0.14973230972902807,South
OR,2013,Q2,0.10698524511791285,Northwest
OR,2013,Q3,0.10698524511791285,Northwest
PA,2013,Q2,0.06699569345918244,Northeast
PA,2013,Q3,0.06699569345918244,Northeast
RI,2013,Q2,0.041781956868992,Northeast
RI,2013,Q3,0.041781956868992,Northeast
SC,2013,Q2,0.059629051564672686,Southeast
SC,2013,Q3,0.059629051564672686,Southeast
SD,2013,Q2,,Northern Rockies & Plains
SD,2013,Q3,,Northern Rockies & Plains
TN,2013,Q2,0.06871133465554724,Southeast
TN,2013,Q3,0.06871133465554724,Southeast
TX,2013,Q2,0.03661815713425509,South
TX,2013,Q3,0.03661815713425509,South
UT,2013,Q2,0.14401502327795979,Southwest
UT,2013,Q3,0.14401502327795979,Southwest
VT,2013,Q2,0.03486757688165487,Northeast
VT,2013,Q3,0.03486757688165487,Northeast
VA,2013,Q2,0.08218549287678822,Southeast
VA,2013,Q3,0.08218549287678822,Southeast
WA,2013,Q2,0.07473511473002015,Northwest
WA,2013,Q3,0.07473511473002015,Northwest
WV,2013,Q2,0.037749551350623745,Ohio Valley
WV,2013,Q3,0.037749551350623745,Ohio Valley
WI,2013,Q2,0.091499312120491,Upper Midwest
WI,2013,Q3,0.091499312120491,Upper Midwest
WY,2013,Q2,,Northern Rockies & Plains
WY,2013,Q3,,Northern Rockies & Plains
MSO,2013,Q2,0.1483944302872976,
MSO,2013,Q3,0.1483944302872976,
AL,2013,Q4,0.04224839567181082,Southeast
AL,2014,Q1,0.04224839567181082,Southeast
AK,2013,Q4,,Northwest
AK,2014,Q1,,Northwest
AZ,2013,Q4,0.126137102494697,Southwest
AZ,2014,Q1,0.126137102494697,Southwest
AR,2013,Q4,0.07016158220681457,South
AR,2014,Q1,0.07016158220681457,South
CA,2013,Q4,0.15125263428549696,West
CA,2014,Q1,0.15125263428549696,West
CO,2013,Q4,0.2770513473920889,Southwest
CO,2014,Q1,0.2770513473920889,Southwest
CT,2013,Q4,0.35548019645131346,Northeast
CT,2014,Q1,0.35548019645131346,Northeast
DC,2013,Q4,0.39302302133311595,
DC,2014,Q1,0.39302302133311595,
DE,2013,Q4,0.33253253224384005,Northeast
DE,2014,Q1,0.33253253224384005,Northeast
FL,2013,Q4,0.07455882770768596,Southeast
FL,2014,Q1,0.07455882770768596,Southeast
GA,2013,Q4,0.15732703860293062,Southeast
GA,2014,Q1,0.15732703860293062,Southeast
ID,2013,Q4,0.129952162106322,Northwest
ID,2014,Q1,0.129952162106322,Northwest
IL,2013,Q4,0.23734308524720427,Ohio Valley
IL,2014,Q1,0.23734308524720427,Ohio Valley
IN,2013,Q4,0.1667495895320228,Ohio Valley
IN,2014,Q1,0.1667495895320228,Ohio Valley
IA,2013,Q4,0.21857042293752027,Upper Midwest
IA,2014,Q1,0.21857042293752027,Upper Midwest
KS,2013,Q4,0.1480359769161531,South
KS,2014,Q1,0.1480359769161531,South
KY,2013,Q4,0.1884545765051422,Ohio Valley
KY,2014,Q1,0.1884545765051422,Ohio Valley
LA,2013,Q4,0.09645928581142649,South
LA,2014,Q1,0.09645928581142649,South
ME,2013,Q4,0.16529774580846246,Northeast
ME,2014,Q1,0.16529774580846246,Northeast
MD,2013,Q4,0.3131642881888296,Northeast
MD,2014,Q1,0.3131642881888296,Northeast
MA,2013,Q4,0.23120563469845656,Northeast
MA,2014,Q1,0.23120563469845656,Northeast
MI,2013,Q4,0.35472572881618725,Upper Midwest
MI,2014,Q1,0.35472572881618725,Upper Midwest
MN,2013,Q4,0.37220860177585025,Upper Midwest
MN,2014,Q1,0.37220860177585025,Upper Midwest
MS,2013,Q4,0.11454701049382532,Southeast
MS,2014,Q1,0.11454701049382532,Southeast
MO,2013,Q4,0.12148143343758988,South
MO,2014,Q1,0.12148143343758988,South
MT,2013,Q4,0.29527005505512016,Northern Rockies & Plains
MT,2014,Q1,0.29527005505512016,Northern Rockies & Plains
NE,2013,Q4,0.17264045933837835,Northern Rockies & Plains
NE,2014,Q1,0.17264045933837835,Northern Rockies & Plains
NV,2013,Q4,,Southwest
NV,2014,Q1,,Southwest
NH,2013,Q4,0.18759615953640396,Northeast
NH,2014,Q1,0.18759615953640396,Northeast
NJ,2013,Q4,0.25037773862884627,Northeast
NJ,2014,Q1,0.25037773862884627,Northeast
NM,2013,Q4,0.1798664452547697,Southwest
NM,2014,Q1,0.1798664452547697,Southwest
NY,2013,Q4,0.33513736884430956,Northeast
NY,2014,Q1,0.33513736884430956,Northeast
NC,2013,Q4,0.09123691748836182,Southeast
NC,2014,Q1,0.09123691748836182,Southeast
ND,2013,Q4,,Northern Rockies & Plains
ND,2014,Q1,,Northern Rockies & Plains
OH,2013,Q4,0.23988648453604156,Ohio Valley
OH,2014,Q1,0.23988648453604156,Ohio Valley
OK,2013,Q4,0.14051778528037306,South
OK,2014,Q1,0.14051778528037306,South
OR,2013,Q4,0.13238886381121917,Northwest
OR,2014,Q1,0.13238886381121917,Northwest
PA,2013,Q4,0.2661180768234209,Northeast
PA,2014,Q1,0.2661180768234209,Northeast
RI,2013,Q4,0.20632420986745492,Northeast
RI,2014,Q1,0.20632420986745492,Northeast
SC,2013,Q4,0.21890790442284125,Southeast
SC,2014,Q1,0.21890790442284125,Southeast
SD,2013,Q4,,Northern Rockies & Plains
SD,2014,Q1,,Northern Rockies & Plains
TN,2013,Q4,0.18393101615890672,Southeast
TN,2014,Q1,0.18393101615890672,Southeast
TX,2013,Q4,0.11526353037209147,South
TX,2014,Q1,0.11526353037209147,South
UT,2013,Q4,0.4319624425562455,Southwest
UT,2014,Q1,0.4319624425562455,Southwest
VT,2013,Q4,0.16713316935737965,Northeast
VT,2014,Q1,0.16713316935737965,Northeast
VA,2013,Q4,0.23813945416862947,Southeast
VA,2014,Q1,0.23813945416862947,Southeast
WA,2013,Q4,0.18915753958704662,Northwest
WA,2014,Q1,0.18915753958704662,Northwest
WV,2013,Q4,0.14051332781278192,Ohio Valley
WV,2014,Q1,0.14051332781278192,Ohio Valley
WI,2013,Q4,0.3011961303419769,Upper Midwest
WI,2014,Q1,0.3011961303419769,Upper Midwest
WY,2013,Q4,0.12068442735917628,Northern Rockies & Plains
WY,2014,Q1,0.12068442735917628,Northern Rockies & Plains
MSO,2013,Q4,0.15696126303074764,
MSO,2014,Q1,0.15696126303074764,
AL,2014,Q2,0.11301436547701393,Southeast
AL,2014,Q3,0.11301436547701393,Southeast
AK,2014,Q2,,Northwest
AK,2014,Q3,,Northwest
AZ,2014,Q2,,Southwest
AZ,2014,Q3,,Southwest
AR,2014,Q2,0.10586212719979304,South
AR,2014,Q3,0.10586212719979304,South
CA,2014,Q2,0.10032487091776177,West
CA,2014,Q3,0.10032487091776177,West
CO,2014,Q2,0.09797387089131415,Southwest
CO,2014,Q3,0.09797387089131415,Southwest
CT,2014,Q2,0.05245081269329799,Northeast
CT,2014,Q3,0.05245081269329799,Northeast
DC,2014,Q2,,
DC,2014,Q3,,
DE,2014,Q2,0.12678754017135097,Northeast
DE,2014,Q3,0.12678754017135097,Northeast
FL,2014,Q2,0.11272545236969567,Southeast
FL,2014,Q3,0.11272545236969567,Southeast
GA,2014,Q2,0.06536189511834356,Southeast
GA,2014,Q3,0.06536189511834356,Southeast
ID,2014,Q2,0.019876933733871782,Northwest
ID,2014,Q3,0.019876933733871782,Northwest
IL,2014,Q2,0.07410290574939349,Ohio Valley
IL,2014,Q3,0.07410290574939349,Ohio Valley
IN,2014,Q2,0.08541170234247408,Ohio Valley
IN,2014,Q3,0.08541170234247408,Ohio Valley
IA,2014,Q2,0.24691380958199727,Upper Midwest
IA,2014,Q3,0.24691380958199727,Upper Midwest
KS,2014,Q2,0.06852425752275793,South
KS,2014,Q3,0.06852425752275793,South
KY,2014,Q2,0.08123978744847127,Ohio Valley
KY,2014,Q3,0.08123978744847127,Ohio Valley
LA,2014,Q2,0.09708278963772288,South
LA,2014,Q3,0.09708278963772288,South
ME,2014,Q2,0.04755604399933777,Northeast
ME,2014,Q3,0.04755604399933777,Northeast
MD,2014,Q2,0.08428246848438892,Northeast
MD,2014,Q3,0.08428246848438892,Northeast
MA,2014,Q2,0.06873872336969689,Northeast
MA,2014,Q3,0.06873872336969689,Northeast
MI,2014,Q2,0.0658790219237736,Upper Midwest
MI,2014,Q3,0.0658790219237736,Upper Midwest
MN,2014,Q2,0.11182072862174075,Upper Midwest
MN,2014,Q3,0.11182072862174075,Upper Midwest
MS,2014,Q2,0.024555210525253335,Southeast
MS,2014,Q3,0.024555210525253335,Southeast
MO,2014,Q2,0.05466379964726753,South
MO,2014,Q3,0.05466379964726753,South
MT,2014,Q2,0.11222998855540356,Northern Rockies & Plains
MT,2014,Q3,0.11222998855540356,Northern Rockies & Plains
NE,2014,Q2,,Northern Rockies & Plains
NE,2014,Q3,,Northern Rockies & Plains
NV,2014,Q2,,Southwest
NV,2014,Q3,,Southwest
NH,2014,Q2,0.04539914171690984,Northeast
NH,2014,Q3,0.04539914171690984,Northeast
NJ,2014,Q2,0.0640497248366183,Northeast
NJ,2014,Q3,0.0640497248366183,Northeast
NM,2014,Q2,0.04407473961178543,Southwest
NM,2014,Q3,0.04407473961178543,Southwest
NY,2014,Q2,0.03721467931536737,Northeast
NY,2014,Q3,0.03721467931536737,Northeast
NC,2014,Q2,0.06421332111344247,Southeast
NC,2014,Q3,0.06421332111344247,Southeast
ND,2014,Q2,,Northern Rockies & Plains
ND,2014,Q3,,Northern Rockies & Plains
OH,2014,Q2,0.07188461046495231,Ohio Valley
OH,2014,Q3,0.07188461046495231,Ohio Valley
OK,2014,Q2,0.027402474840725333,South
OK,2014,Q3,0.027402474840725333,South
OR,2014,Q2,0.07807592017641352,Northwest
OR,2014,Q3,0.07807592017641352,Northwest
PA,2014,Q2,0.06455666663612158,Northeast
PA,2014,Q3,0.06455666663612158,Northeast
RI,2014,Q2,0.025003956956430873,Northeast
RI,2014,Q3,0.025003956956430873,Northeast
SC,2014,Q2,0.08786784655997282,Southeast
SC,2014,Q3,0.08786784655997282,Southeast
SD,2014,Q2,,Northern Rockies & Plains
SD,2014,Q3,,Northern Rockies & Plains
TN,2014,Q2,0.09795095457112368,Southeast
TN,2014,Q3,0.09795095457112368,Southeast
TX,2014,Q2,0.1617448800760517,South
TX,2014,Q3,0.1617448800760517,South
UT,2014,Q2,0.06933264144299944,Southwest
UT,2014,Q3,0.06933264144299944,Southwest
VT,2014,Q2,0.10703740338529322,Northeast
VT,2014,Q3,0.10703740338529322,Northeast
VA,2014,Q2,0.08082401660571825,Southeast
VA,2014,Q3,0.08082401660571825,Southeast
WA,2014,Q2,0.06083256739755716,Northwest
WA,2014,Q3,0.06083256739755716,Northwest
WV,2014,Q2,0.038716002386951165,Ohio Valley
WV,2014,Q3,0.038716002386951165,Ohio Valley
WI,2014,Q2,0.07579826597933215,Upper Midwest
WI,2014,Q3,0.07579826597933215,Upper Midwest
WY,2014,Q2,,Northern Rockies & Plains
WY,2014,Q3,,Northern Rockies & Plains
MSO,2014,Q2,0.10815823470421071,
MSO,2014,Q3,0.10815823470421071,
AL,2014,Q4,0.12206827167408463,Southeast
AL,2015,Q1,0.12206827167408463,Southeast
AK,2014,Q4,,Northwest
AK,2015,Q1,,Northwest
AZ,2014,Q4,,Southwest
AZ,2015,Q1,,Southwest
AR,2014,Q4,0.28010544162184303,South
AR,2015,Q1,0.28010544162184303,South
CA,2014,Q4,0.10448735512929341,West
CA,2015,Q1,0.10448735512929341,West
CO,2014,Q4,0.16147450843757882,Southwest
CO,2015,Q1,0.16147450843757882,Southwest
CT,2014,Q4,0.278694109999888,Northeast
CT,2015,Q1,0.278694109999888,Northeast
DC,2014,Q4,,
DC,2015,Q1,,
DE,2014,Q4,0.17800506347321354,Northeast
DE,2015,Q1,0.17800506347321354,Northeast
FL,2014,Q4,0.1336645151415753,Southeast
FL,2015,Q1,0.1336645151415753,Southeast
GA,2014,Q4,0.11581229616469557,Southeast
GA,2015,Q1,0.11581229616469557,Southeast
ID,2014,Q4,0.06605764072524944,Northwest
ID,2015,Q1,0.06605764072524944,Northwest
IL,2014,Q4,0.376281001551669,Ohio Valley
IL,2015,Q1,0.376281001551669,Ohio Valley
IN,2014,Q4,0.4137266559513405,Ohio Valley
IN,2015,Q1,0.4137266559513405,Ohio Valley
IA,2014,Q4,0.34430703085915015,Upper Midwest
IA,2015,Q1,0.34430703085915015,Upper Midwest
KS,2014,Q4,0.15074878776455314,South
KS,2015,Q1,0.15074878776455314,South
KY,2014,Q4,0.21195408433111484,Ohio Valley
KY,2015,Q1,0.21195408433111484,Ohio Valley
LA,2014,Q4,0.13218228480969918,South
LA,2015,Q1,0.13218228480969918,South
ME,2014,Q4,0.19313452488389748,Northeast
ME,2015,Q1,0.19313452488389748,Northeast
MD,2014,Q4,0.21090922222113884,Northeast
MD,2015,Q1,0.21090922222113884,Northeast
MA,2014,Q4,0.19385313153439865,Northeast
MA,2015,Q1,0.19385313153439865,Northeast
MI,2014,Q4,0.37636390629832794,Upper Midwest
MI,2015,Q1,0.37636390629832794,Upper Midwest
MN,2014,Q4,0.2770550436075001,Upper Midwest
MN,2015,Q1,0.2770550436075001,Upper Midwest
MS,2014,Q4,0.13626870727537832,Southeast
MS,2015,Q1,0.13626870727537832,Southeast
MO,2014,Q4,0.16798868213690954,South
MO,2015,Q1,0.16798868213690954,South
MT,2014,Q4,0.126137102494697,Northern Rockies & Plains
MT,2015,Q1,0.126137102494697,Northern Rockies & Plains
NE,2014,Q4,0.2614510541240036,Northern Rockies & Plains
NE,2015,Q1,0.2614510541240036,Northern Rockies & Plains
NV,2014,Q4,,Southwest
NV,2015,Q1,,Southwest
NH,2014,Q4,0.34338921380250065,Northeast
NH,2015,Q1,0.34338921380250065,Northeast
NJ,2014,Q4,0.20708583611646292,Northeast
NJ,2015,Q1,0.20708583611646292,Northeast
NM,2014,Q4,0.1305717327973379,Southwest
NM,2015,Q1,0.1305717327973379,Southwest
NY,2014,Q4,0.29709583216496493,Northeast
NY,2015,Q1,0.29709583216496493,Northeast
NC,2014,Q4,0.09619583292882328,Southeast
NC,2015,Q1,0.09619583292882328,Southeast
ND,2014,Q4,,Northern Rockies & Plains
ND,2015,Q1,,Northern Rockies & Plains
OH,2014,Q4,0.3510706385890383,Ohio Valley
OH,2015,Q1,0.3510706385890383,Ohio Valley
OK,2014,Q4,0.08787763259815073,South
OK,2015,Q1,0.08787763259815073,South
OR,2014,Q4,0.2535369271637372,Northwest
OR,2015,Q1,0.2535369271637372,Northwest
PA,2014,Q4,0.2510734194355918,Northeast
PA,2015,Q1,0.2510734194355918,Northeast
RI,2014,Q4,0.16794970566215628,Northeast
RI,2015,Q1,0.16794970566215628,Northeast
SC,2014,Q4,0.15843452689610593,Southeast
SC,2015,Q1,0.15843452689610593,Southeast
SD,2014,Q4,,Northern Rockies & Plains
SD,2015,Q1,,Northern Rockies & Plains
TN,2014,Q4,0.15975398660335605,Southeast
TN,2015,Q1,0.15975398660335605,Southeast
TX,2014,Q4,0.26218218659357717,South
TX,2015,Q1,0.26218218659357717,South
UT,2014,Q4,0.19253483047254605,Southwest
UT,2015,Q1,0.19253483047254605,Southwest
VT,2014,Q4,0.23964213810595858,Northeast
VT,2015,Q1,0.23964213810595858,Northeast
VA,2014,Q4,0.18144103493075803,Southeast
VA,2015,Q1,0.18144103493075803,Southeast
WA,2014,Q4,0.20023404359562735,Northwest
WA,2015,Q1,0.20023404359562735,Northwest
WV,2014,Q4,0.30644923889606457,Ohio Valley
WV,2015,Q1,0.30644923889606457,Ohio Valley
WI,2014,Q4,0.3544500841317141,Upper Midwest
WI,2015,Q1,0.3544500841317141,Upper Midwest
WY,2014,Q4,,Northern Rockies & Plains
WY,2015,Q1,,Northern Rockies & Plains
MSO,2014,Q4,0.10948072073877635,
MSO,2015,Q1,0.10948072073877635,
AL,2015,Q2,0.11308913713886226,Southeast
AL,2015,Q3,0.11308913713886226,Southeast
AK,2015,Q2,,Northwest
AK,2015,Q3,,Northwest
AZ,2015,Q2,,Southwest
AZ,2015,Q3,,Southwest
AR,2015,Q2,0.19939024012537376,South
AR,2015,Q3,0.19939024012537376,South
CA,2015,Q2,0.05139642275666112,West
CA,2015,Q3,0.05139642275666112,West
CO,2015,Q2,0.09143118723863075,Southwest
CO,2015,Q3,0.09143118723863075,Southwest
CT,2015,Q2,0.08428884893690236,Northeast
CT,2015,Q3,0.08428884893690236,Northeast
DC,2015,Q2,,
DC,2015,Q3,,
DE,2015,Q2,0.11985916619898629,Northeast
DE,2015,Q3,0.11985916619898629,Northeast
FL,2015,Q2,0.17766368258657084,Southeast
FL,2015,Q3,0.17766368258657084,Southeast
GA,2015,Q2,0.0875180822875663,Southeast
GA,2015,Q3,0.0875180822875663,Southeast
ID,2015,Q2,0.07007844504998395,Northwest
ID,2015,Q3,0.07007844504998395,Northwest
IL,2015,Q2,0.09747828029157402,Ohio Valley
IL,2015,Q3,0.09747828029157402,Ohio Valley
IN,2015,Q2,0.12873920175161957,Ohio Valley
IN,2015,Q3,0.12873920175161957,Ohio Valley
IA,2015,Q2,0.21420095685420082,Upper Midwest
IA,2015,Q3,0.21420095685420082,Upper Midwest
KS,2015,Q2,0.13707625766419929,South
KS,2015,Q3,0.13707625766419929,South
KY,2015,Q2,0.10098988988877788,Ohio Valley
KY,2015,Q3,0.10098988988877788,Ohio Valley
LA,2015,Q2,0.05784014188786124,South
LA,2015,Q3,0.05784014188786124,South
ME,2015,Q2,0.055391457587411264,Northeast
ME,2015,Q3,0.055391457587411264,Northeast
MD,2015,Q2,0.08543385872546139,Northeast
MD,2015,Q3,0.08543385872546139,Northeast
MA,2015,Q2,0.07158904430480395,Northeast
MA,2015,Q3,0.07158904430480395,Northeast
MI,2015,Q2,0.047667972554774174,Upper Midwest
MI,2015,Q3,0.047667972554774174,Upper Midwest
MN,2015,Q2,0.06353237705043557,Upper Midwest
MN,2015,Q3,0.06353237705043557,Upper Midwest
MS,2015,Q2,0.08188675144469526,Southeast
MS,2015,Q3,0.08188675144469526,Southeast
MO,2015,Q2,0.05605248723558254,South
MO,2015,Q3,0.05605248723558254,South
MT,2015,Q2,0.10647733698235418,Northern Rockies & Plains
MT,2015,Q3,0.10647733698235418,Northern Rockies & Plains
NE,2015,Q2,,Northern Rockies & Plains
NE,2015,Q3,,Northern Rockies & Plains
NV,2015,Q2,,Southwest
NV,2015,Q3,,Southwest
NH,2015,Q2,0.07037774829547161,Northeast
NH,2015,Q3,0.07037774829547161,Northeast
NJ,2015,Q2,0.0523292957660767,Northeast
NJ,2015,Q3,0.0523292957660767,Northeast
NM,2015,Q2,0.052210421693843045,Southwest
NM,2015,Q3,0.052210421693843045,Southwest
NY,2015,Q2,0.024628362483770427,Northeast
NY,2015,Q3,0.024628362483770427,Northeast
NC,2015,Q2,0.04404858839839498,Southeast
NC,2015,Q3,0.04404858839839498,Southeast
ND,2015,Q2,,Northern Rockies & Plains
ND,2015,Q3,,Northern Rockies & Plains
OH,2015,Q2,0.05561038892344794,Ohio Valley
OH,2015,Q3,0.05561038892344794,Ohio Valley
OK,2015,Q2,0.08583696695200949,South
OK,2015,Q3,0.08583696695200949,South
OR,2015,Q2,0.12760774346733217,Northwest
OR,2015,Q3,0.12760774346733217,Northwest
PA,2015,Q2,0.07605289445773178,Northeast
PA,2015,Q3,0.07605289445773178,Northeast
RI,2015,Q2,0.054905357387343146,Northeast
RI,2015,Q3,0.054905357387343146,Northeast
SC,2015,Q2,0.11293447485451258,Southeast
SC,2015,Q3,0.11293447485451258,Southeast
SD,2015,Q2,,Northern Rockies & Plains
SD,2015,Q3,,Northern Rockies & Plains
TN,2015,Q2,0.06789168497906095,Southeast
TN,2015,Q3,0.06789168497906095,Southeast
TX,2015,Q2,0.16354248103915192,South
TX,2015,Q3,0.16354248103915192,South
UT,2015,Q2,0.09100539801345464,Southwest
UT,2015,Q3,0.09100539801345464,Southwest
VT,2015,Q2,0.04129376394078699,Northeast
VT,2015,Q3,0.04129376394078699,Northeast
VA,2015,Q2,0.0784203988734008,Southeast
VA,2015,Q3,0.0784203988734008,Southeast
WA,2015,Q2,0.07026521004051,Northwest
WA,2015,Q3,0.07026521004051,Northwest
WV,2015,Q2,0.03515749853586003,Ohio Valley
WV,2015,Q3,0.03515749853586003,Ohio Valley
WI,2015,Q2,0.1568449997700384,Upper Midwest
WI,2015,Q3,0.1568449997700384,Upper Midwest
WY,2015,Q2,,Northern Rockies & Plains
WY,2015,Q3,,Northern Rockies & Plains
MSO,2015,Q2,0.15175725277819896,
MSO,2015,Q3,0.15175725277819896,
AL,2015,Q4,0.19587529489924038,Southeast
AL,2016,Q1,0.19587529489924038,Southeast
AK,2015,Q4,,Northwest
AK,2016,Q1,,Northwest
AZ,2015,Q4,,Southwest
AZ,2016,Q1,,Southwest
AR,2015,Q4,0.117655921170019,South
AR,2016,Q1,0.117655921170019,South
CA,2015,Q4,0.09811759244445961,West
CA,2016,Q1,0.09811759244445961,West
CO,2015,Q4,0.25553451676965366,Southwest
CO,2016,Q1,0.25553451676965366,Southwest
CT,2015,Q4,0.3011252430328264,Northeast
CT,2016,Q1,0.3011252430328264,Northeast
DC,2015,Q4,,
DC,2016,Q1,,
DE,2015,Q4,0.21182989068848768,Northeast
DE,2016,Q1,0.21182989068848768,Northeast
FL,2015,Q4,0.20362620184363345,Southeast
FL,2016,Q1,0.20362620184363345,Southeast
GA,2015,Q4,0.1750328483404725,Southeast
GA,2016,Q1,0.1750328483404725,Southeast
ID,2015,Q4,0.15779911803572944,Northwest
ID,2016,Q1,0.15779911803572944,Northwest
IL,2015,Q4,0.3195861825602283,Ohio Valley
IL,2016,Q1,0.3195861825602283,Ohio Valley
IN,2015,Q4,0.2568302648586088,Ohio Valley
IN,2016,Q1,0.2568302648586088,Ohio Valley
IA,2015,Q4,0.36387270688783324,Upper Midwest
IA,2016,Q1,0.36387270688783324,Upper Midwest
KS,2015,Q4,0.18633982820981754,South
KS,2016,Q1,0.18633982820981754,South
KY,2015,Q4,0.24389278987200025,Ohio Valley
KY,2016,Q1,0.24389278987200025,Ohio Valley
LA,2015,Q4,0.12466677689380634,South
LA,2016,Q1,0.12466677689380634,South
ME,2015,Q4,0.20619971632867817,Northeast
ME,2016,Q1,0.20619971632867817,Northeast
MD,2015,Q4,0.2529126323623716,Northeast
MD,2016,Q1,0.2529126323623716,Northeast
MA,2015,Q4,0.29076840291939443,Northeast
MA,2016,Q1,0.29076840291939443,Northeast
MI,2015,Q4,0.11453588858327868,Upper Midwest
MI,2016,Q1,0.11453588858327868,Upper Midwest
MN,2015,Q4,0.3638458660737659,Upper Midwest
MN,2016,Q1,0.3638458660737659,Upper Midwest
MS,2015,Q4,0.2546440075000701,Southeast
MS,2016,Q1,0.2546440075000701,Southeast
MO,2015,Q4,0.1355483307592269,South
MO,2016,Q1,0.1355483307592269,South
MT,2015,Q4,0.12073369011574253,Northern Rockies & Plains
MT,2016,Q1,0.12073369011574253,Northern Rockies & Plains
NE,2015,Q4,0.21104564162948136,Northern Rockies & Plains
NE,2016,Q1,0.21104564162948136,Northern Rockies & Plains
NV,2015,Q4,,Southwest
NV,2016,Q1,,Southwest
NH,2015,Q4,0.2209128776664021,Northeast
NH,2016,Q1,0.2209128776664021,Northeast
NJ,2015,Q4,0.15690268872550062,Northeast
NJ,2016,Q1,0.15690268872550062,Northeast
NM,2015,Q4,0.14476402588024195,Southwest
NM,2016,Q1,0.14476402588024195,Southwest
NY,2015,Q4,0.1531772174050705,Northeast
NY,2016,Q1,0.1531772174050705,Northeast
NC,2015,Q4,0.06922868159560125,Southeast
NC,2016,Q1,0.06922868159560125,Southeast
ND,2015,Q4,,Northern Rockies & Plains
ND,2016,Q1,,Northern Rockies & Plains
OH,2015,Q4,0.26818056980097793,Ohio Valley
OH,2016,Q1,0.26818056980097793,Ohio Valley
OK,2015,Q4,0.24519344353307315,South
OK,2016,Q1,0.24519344353307315,South
OR,2015,Q4,0.07274368327202829,Northwest
OR,2016,Q1,0.07274368327202829,Northwest
PA,2015,Q4,0.30398622621452276,Northeast
PA,2016,Q1,0.30398622621452276,Northeast
RI,2015,Q4,0.26782346785300193,Northeast
RI,2016,Q1,0.26782346785300193,Northeast
SC,2015,Q4,0.16980076533956667,Southeast
SC,2016,Q1,0.16980076533956667,Southeast
SD,2015,Q4,,Northern Rockies & Plains
SD,2016,Q1,,Northern Rockies & Plains
TN,2015,Q4,0.13511185921935998,Southeast
TN,2016,Q1,0.13511185921935998,Southeast
TX,2015,Q4,0.2180643308094372,South
TX,2016,Q1,0.2180643308094372,South
UT,2015,Q4,0.29121959095468397,Southwest
UT,2016,Q1,0.29121959095468397,Southwest
VT,2015,Q4,0.14234218765470152,Northeast
VT,2016,Q1,0.14234218765470152,Northeast
VA,2015,Q4,0.2017218742557576,Southeast
VA,2016,Q1,0.2017218742557576,Southeast
WA,2015,Q4,0.18813151632631486,Northwest
WA,2016,Q1,0.18813151632631486,Northwest
WV,2015,Q4,0.18350341907227397,Ohio Valley
WV,2016,Q1,0.18350341907227397,Ohio Valley
WI,2015,Q4,0.2441902198916449,Upper Midwest
WI,2016,Q1,0.2441902198916449,Upper Midwest
WY,2015,Q4,,Northern Rockies & Plains
WY,2016,Q1,,Northern Rockies & Plains
MSO,2015,Q4,0.11068919951941902,
MSO,2016,Q1,0.11068919951941902,
AL,2016,Q2,0.0691219926640051,Southeast
AL,2016,Q3,0.0691219926640051,Southeast
AK,2016,Q2,,Northwest
AK,2016,Q3,,Northwest
AZ,2016,Q2,,Southwest
AZ,2016,Q3,,Southwest
AR,2016,Q2,0.08762264800553476,South
AR,2016,Q3,0.08762264800553476,South
CA,2016,Q2,0.08692491764556887,West
CA,2016,Q3,0.08692491764556887,West
CO,2016,Q2,0.07275061323249266,Southwest
CO,2016,Q3,0.07275061323249266,Southwest
CT,2016,Q2,0.04647969684804165,Northeast
CT,2016,Q3,0.04647969684804165,Northeast
DC,2016,Q2,,
DC,2016,Q3,,
DE,2016,Q2,0.08959963267316906,Northeast
DE,2016,Q3,0.08959963267316906,Northeast
FL,2016,Q2,0.2254968076995728,Southeast
FL,2016,Q3,0.2254968076995728,Southeast
GA,2016,Q2,0.10526099891879759,Southeast
GA,2016,Q3,0.10526099891879759,Southeast
ID,2016,Q2,0.050385981331205865,Northwest
ID,2016,Q3,0.050385981331205865,Northwest
IL,2016,Q2,0.08379714966767604,Ohio Valley
IL,2016,Q3,0.08379714966767604,Ohio Valley
IN,2016,Q2,0.10210240244570212,Ohio Valley
IN,2016,Q3,0.10210240244570212,Ohio Valley
IA,2016,Q2,0.23719089592635179,Upper Midwest
IA,2016,Q3,0.23719089592635179,Upper Midwest
KS,2016,Q2,0.26191686870574327,South
KS,2016,Q3,0.26191686870574327,South
KY,2016,Q2,0.08391023210048754,Ohio Valley
KY,2016,Q3,0.08391023210048754,Ohio Valley
LA,2016,Q2,0.03262163786738126,South
LA,2016,Q3,0.03262163786738126,South
ME,2016,Q2,0.0547973049962478,Northeast
ME,2016,Q3,0.0547973049962478,Northeast
MD,2016,Q2,0.09198794505923946,Northeast
MD,2016,Q3,0.09198794505923946,Northeast
MA,2016,Q2,0.06826882774789689,Northeast
MA,2016,Q3,0.06826882774789689,Northeast
MI,2016,Q2,0.0878187496466375,Upper Midwest
MI,2016,Q3,0.0878187496466375,Upper Midwest
MN,2016,Q2,0.28032695414563924,Upper Midwest
MN,2016,Q3,0.28032695414563924,Upper Midwest
MS,2016,Q2,,Southeast
MS,2016,Q3,,Southeast
MO,2016,Q2,0.0782154006498238,South
MO,2016,Q3,0.0782154006498238,South
MT,2016,Q2,,Northern Rockies & Plains
MT,2016,Q3,,Northern Rockies & Plains
NE,2016,Q2,0.021980706156348506,Northern Rockies & Plains
NE,2016,Q3,0.021980706156348506,Northern Rockies & Plains
NV,2016,Q2,,Southwest
NV,2016,Q3,,Southwest
NH,2016,Q2,0.05694949112198555,Northeast
NH,2016,Q3,0.05694949112198555,Northeast
NJ,2016,Q2,0.08853456962470008,Northeast
NJ,2016,Q3,0.08853456962470008,Northeast
NM,2016,Q2,0.0395130343062402,Southwest
NM,2016,Q3,0.0395130343062402,Southwest
NY,2016,Q2,0.05544662937510636,Northeast
NY,2016,Q3,0.05544662937510636,Northeast
NC,2016,Q2,0.1273423901660724,Southeast
NC,2016,Q3,0.1273423901660724,Southeast
ND,2016,Q2,,Northern Rockies & Plains
ND,2016,Q3,,Northern Rockies & Plains
OH,2016,Q2,0.07842576781869559,Ohio Valley
OH,2016,Q3,0.07842576781869559,Ohio Valley
OK,2016,Q2,0.09493923218000433,South
OK,2016,Q3,0.09493923218000433,South
OR,2016,Q2,0.22564950799951589,Northwest
OR,2016,Q3,0.22564950799951589,Northwest
PA,2016,Q2,0.07481068988353068,Northeast
PA,2016,Q3,0.07481068988353068,Northeast
RI,2016,Q2,0.036375888340568485,Northeast
RI,2016,Q3,0.036375888340568485,Northeast
SC,2016,Q2,0.11996420120548246,Southeast
SC,2016,Q3,0.11996420120548246,Southeast
SD,2016,Q2,,Northern Rockies & Plains
SD,2016,Q3,,Northern Rockies & Plains
TN,2016,Q2,0.05698386142662337,Southeast
TN,2016,Q3,0.05698386142662337,Southeast
TX,2016,Q2,0.17077309451031897,South
TX,2016,Q3,0.17077309451031897,South
UT,2016,Q2,0.10844417175827126,Southwest
UT,2016,Q3,0.10844417175827126,Southwest
VT,2016,Q2,0.06934662603129249,Northeast
VT,2016,Q3,0.06934662603129249,Northeast
VA,2016,Q2,0.09494593818493124,Southeast
VA,2016,Q3,0.09494593818493124,Southeast
WA,2016,Q2,0.10709064637528587,Northwest
WA,2016,Q3,0.10709064637528587,Northwest
WV,2016,Q2,0.05589128996353221,Ohio Valley
WV,2016,Q3,0.05589128996353221,Ohio Valley
WI,2016,Q2,0.07730456085410853,Upper Midwest
WI,2016,Q3,0.07730456085410853,Upper Midwest
WY,2016,Q2,0.10123090391477141,Northern Rockies & Plains
WY,2016,Q3,0.10123090391477141,Northern Rockies & Plains
MSO,2016,Q2,0.1266209553276354,
MSO,2016,Q3,0.1266209553276354,
AL,2016,Q4,0.10075477465340854,Southeast
AL,2017,Q1,0.10075477465340854,Southeast
AK,2016,Q4,,Northwest
AK,2017,Q1,,Northwest
AZ,2016,Q4,,Southwest
AZ,2017,Q1,,Southwest
AR,2016,Q4,0.10330938777410292,South
AR,2017,Q1,0.10330938777410292,South
CA,2016,Q4,0.13365647818732362,West
CA,2017,Q1,0.13365647818732362,West
CO,2016,Q4,0.18906924114806578,Southwest
CO,2017,Q1,0.18906924114806578,Southwest
CT,2016,Q4,0.22326560103815907,Northeast
CT,2017,Q1,0.22326560103815907,Northeast
DC,2016,Q4,,
DC,2017,Q1,,
DE,2016,Q4,0.21604634490721764,Northeast
DE,2017,Q1,0.21604634490721764,Northeast
FL,2016,Q4,0.1884623878877253,Southeast
FL,2017,Q1,0.1884623878877253,Southeast
GA,2016,Q4,0.15825946290858384,Southeast
GA,2017,Q1,0.15825946290858384,Southeast
ID,2016,Q4,0.09774346643114407,Northwest
ID,2017,Q1,0.09774346643114407,Northwest
IL,2016,Q4,0.2128753482507969,Ohio Valley
IL,2017,Q1,0.2128753482507969,Ohio Valley
IN,2016,Q4,0.1454061357884644,Ohio Valley
IN,2017,Q1,0.1454061357884644,Ohio Valley
IA,2016,Q4,0.1793900601377818,Upper Midwest
IA,2017,Q1,0.1793900601377818,Upper Midwest
KS,2016,Q4,0.3214751002328946,South
KS,2017,Q1,0.3214751002328946,South
KY,2016,Q4,0.14476838151783133,Ohio Valley
KY,2017,Q1,0.14476838151783133,Ohio Valley
LA,2016,Q4,0.07244045275721456,South
LA,2017,Q1,0.07244045275721456,South
ME,2016,Q4,0.14951769089371014,Northeast
ME,2017,Q1,0.14951769089371014,Northeast
MD,2016,Q4,0.2757883012866639,Northeast
MD,2017,Q1,0.2757883012866639,Northeast
MA,2016,Q4,0.2886933791841094,Northeast
MA,2017,Q1,0.2886933791841094,Northeast
MI,2016,Q4,0.23041524673083702,Upper Midwest
MI,2017,Q1,0.23041524673083702,Upper Midwest
MN,2016,Q4,0.23143014438654474,Upper Midwest
MN,2017,Q1,0.23143014438654474,Upper Midwest
MS,2016,Q4,0.09110674085361425,Southeast
MS,2017,Q1,0.09110674085361425,Southeast
MO,2016,Q4,0.11996629593613717,South
MO,2017,Q1,0.11996629593613717,South
MT,2016,Q4,,Northern Rockies & Plains
MT,2017,Q1,,Northern Rockies & Plains
NE,2016,Q4,0.14550674071779235,Northern Rockies & Plains
NE,2017,Q1,0.14550674071779235,Northern Rockies & Plains
NV,2016,Q4,,Southwest
NV,2017,Q1,,Southwest
NH,2016,Q4,0.14853068170368,Northeast
NH,2017,Q1,0.14853068170368,Northeast
NJ,2016,Q4,0.09755005279630413,Northeast
NJ,2017,Q1,0.09755005279630413,Northeast
NM,2016,Q4,0.30611133351128905,Southwest
NM,2017,Q1,0.30611133351128905,Southwest
NY,2016,Q4,0.227231505762562,Northeast
NY,2017,Q1,0.227231505762562,Northeast
NC,2016,Q4,0.043070553552357116,Southeast
NC,2017,Q1,0.043070553552357116,Southeast
ND,2016,Q4,,Northern Rockies & Plains
ND,2017,Q1,,Northern Rockies & Plains
OH,2016,Q4,0.17758220937130365,Ohio Valley
OH,2017,Q1,0.17758220937130365,Ohio Valley
OK,2016,Q4,0.3435227779303883,South
OK,2017,Q1,0.3435227779303883,South
OR,2016,Q4,0.18746306068821816,Northwest
OR,2017,Q1,0.18746306068821816,Northwest
PA,2016,Q4,0.21377330520681415,Northeast
PA,2017,Q1,0.21377330520681415,Northeast
RI,2016,Q4,0.1251102362209099,Northeast
RI,2017,Q1,0.1251102362209099,Northeast
SC,2016,Q4,0.13612088304388836,Southeast
SC,2017,Q1,0.13612088304388836,Southeast
SD,2016,Q4,,Northern Rockies & Plains
SD,2017,Q1,,Northern Rockies & Plains
TN,2016,Q4,0.13211732418312971,Southeast
TN,2017,Q1,0.13211732418312971,Southeast
TX,2016,Q4,0.16470646477874307,South
TX,2017,Q1,0.16470646477874307,South
UT,2016,Q4,0.2474941460420631,Southwest
UT,2017,Q1,0.2474941460420631,Southwest
VT,2016,Q4,0.08313919421459548,Northeast
VT,2017,Q1,0.08313919421459548,Northeast
VA,2016,Q4,0.18514162635694176,Southeast
VA,2017,Q1,0.18514162635694176,Southeast
WA,2016,Q4,0.2850663408495153,Northwest
WA,2017,Q1,0.2850663408495153,Northwest
WV,2016,Q4,0.19821627426272692,Ohio Valley
WV,2017,Q1,0.19821627426272692,Ohio Valley
WI,2016,Q4,0.1354077022839949,Upper Midwest
WI,2017,Q1,0.1354077022839949,Upper Midwest
WY,2016,Q4,0.12087466369569722,Northern Rockies & Plains
WY,2017,Q1,0.12087466369569722,Northern Rockies & Plains
MSO,2016,Q4,0.1420852539895049,
MSO,2017,Q1,0.1420852539895049,
AL,2017,Q2,0.08181391132807014,Southeast
AL,2017,Q3,0.08181391132807014,Southeast
AK,2017,Q2,,Northwest
AK,2017,Q3,,Northwest
AZ,2017,Q2,,Southwest
AZ,2017,Q3,,Southwest
AR,2017,Q2,0.1563562992130202,South
AR,2017,Q3,0.1563562992130202,South
CA,2017,Q2,0.0787544484116498,West
CA,2017,Q3,0.0787544484116498,West
CO,2017,Q2,0.11700084937753197,Southwest
CO,2017,Q3,0.11700084937753197,Southwest
CT,2017,Q2,0.0839427751713111,Northeast
CT,2017,Q3,0.0839427751713111,Northeast
DC,2017,Q2,0.06322306795685706,
DC,2017,Q3,0.06322306795685706,
DE,2017,Q2,0.1009150160558745,Northeast
DE,2017,Q3,0.1009150160558745,Northeast
FL,2017,Q2,0.18591100034602992,Southeast
FL,2017,Q3,0.18591100034602992,Southeast
GA,2017,Q2,0.12892861480468587,Southeast
GA,2017,Q3,0.12892861480468587,Southeast
ID,2017,Q2,0.06485619976096402,Northwest
ID,2017,Q3,0.06485619976096402,Northwest
IL,2017,Q2,0.09517587484661738,Ohio Valley
IL,2017,Q3,0.09517587484661738,Ohio Valley
IN,2017,Q2,0.06777873726560679,Ohio Valley
IN,2017,Q3,0.06777873726560679,Ohio Valley
IA,2017,Q2,0.24425526964067623,Upper Midwest
IA,2017,Q3,0.24425526964067623,Upper Midwest
KS,2017,Q2,0.07627879229433221,South
KS,2017,Q3,0.07627879229433221,South
KY,2017,Q2,0.2459957003172708,Ohio Valley
KY,2017,Q3,0.2459957003172708,Ohio Valley
LA,2017,Q2,0.1614415869993705,South
LA,2017,Q3,0.1614415869993705,South
ME,2017,Q2,0.0496496774515357,Northeast
ME,2017,Q3,0.0496496774515357,Northeast
MD,2017,Q2,0.14511389732564783,Northeast
MD,2017,Q3,0.14511389732564783,Northeast
MA,2017,Q2,0.08853456962470008,Northeast
MA,2017,Q3,0.08853456962470008,Northeast
MI,2017,Q2,0.07108062397563142,Upper Midwest
MI,2017,Q3,0.07108062397563142,Upper Midwest
MN,2017,Q2,0.10003805255482323,Upper Midwest
MN,2017,Q3,0.10003805255482323,Upper Midwest
MS,2017,Q2,,Southeast
MS,2017,Q3,,Southeast
MO,2017,Q2,0.08678851086914319,South
MO,2017,Q3,0.08678851086914319,South
MT,2017,Q2,0.08798262026725645,Northern Rockies & Plains
MT,2017,Q3,0.08798262026725645,Northern Rockies & Plains
NE,2017,Q2,0.15517724332492178,Northern Rockies & Plains
NE,2017,Q3,0.15517724332492178,Northern Rockies & Plains
NV,2017,Q2,0.12095092700846743,Southwest
NV,2017,Q3,0.12095092700846743,Southwest
NH,2017,Q2,0.06734718686894536,Northeast
NH,2017,Q3,0.06734718686894536,Northeast
NJ,2017,Q2,0.10046136016283369,Northeast
NJ,2017,Q3,0.10046136016283369,Northeast
NM,2017,Q2,0.04974473186050388,Southwest
NM,2017,Q3,0.04974473186050388,Southwest
NY,2017,Q2,0.13338282285372982,Northeast
NY,2017,Q3,0.13338282285372982,Northeast
NC,2017,Q2,0.082079137046838,Southeast
NC,2017,Q3,0.082079137046838,Southeast
ND,2017,Q2,,Northern Rockies & Plains
ND,2017,Q3,,Northern Rockies & Plains
OH,2017,Q2,0.07061791963497788,Ohio Valley
OH,2017,Q3,0.07061791963497788,Ohio Valley
OK,2017,Q2,0.08441391866169923,South
OK,2017,Q3,0.08441391866169923,South
OR,2017,Q2,0.08465180458987098,Northwest
OR,2017,Q3,0.08465180458987098,Northwest
PA,2017,Q2,0.06444656168273377,Northeast
PA,2017,Q3,0.06444656168273377,Northeast
RI,2017,Q2,0.06749519175968621,Northeast
RI,2017,Q3,0.06749519175968621,Northeast
SC,2017,Q2,0.08301339154893572,Southeast
SC,2017,Q3,0.08301339154893572,Southeast
SD,2017,Q2,,Northern Rockies & Plains
SD,2017,Q3,,Northern Rockies & Plains
TN,2017,Q2,0.1646544440758676,Southeast
TN,2017,Q3,0.1646544440758676,Southeast
TX,2017,Q2,0.07604055176920432,South
TX,2017,Q3,0.07604055176920432,South
UT,2017,Q2,0.11870009640397972,Southwest
UT,2017,Q3,0.11870009640397972,Southwest
VT,2017,Q2,0.10564452669181634,Northeast
VT,2017,Q3,0.10564452669181634,Northeast
VA,2017,Q2,0.09675898214004708,Southeast
VA,2017,Q3,0.09675898214004708,Southeast
WA,2017,Q2,0.07460297756973144,Northwest
WA,2017,Q3,0.07460297756973144,Northwest
WV,2017,Q2,0.07731297215613175,Ohio Valley
WV,2017,Q3,0.07731297215613175,Ohio Valley
WI,2017,Q2,0.11884153482097004,Upper Midwest
WI,2017,Q3,0.11884153482097004,Upper Midwest
WY,2017,Q2,0.28388512596056714,Northern Rockies & Plains
WY,2017,Q3,0.28388512596056714,Northern Rockies & Plains
MSO,2017,Q2,0.09650624409635022,
MSO,2017,Q3,0.09650624409635022,
AL,2017,Q4,0.1361478126995571,Southeast
AL,2018,Q1,0.1361478126995571,Southeast
AK,2017,Q4,,Northwest
AK,2018,Q1,,Northwest
AZ,2017,Q4,,Southwest
AZ,2018,Q1,,Southwest
AR,2017,Q4,0.07641348635183554,South
AR,2018,Q1,0.07641348635183554,South
CA,2017,Q4,0.10021537155711979,West
CA,2018,Q1,0.10021537155711979,West
CO,2017,Q4,0.1969446101397031,Southwest
CO,2018,Q1,0.1969446101397031,Southwest
CT,2017,Q4,0.32815807583009593,Northeast
CT,2018,Q1,0.32815807583009593,Northeast
DC,2017,Q4,0.23623738417402673,
DC,2018,Q1,0.23623738417402673,
DE,2017,Q4,0.5029154767488592,Northeast
DE,2018,Q1,0.5029154767488592,Northeast
FL,2017,Q4,0.12565619122809013,Southeast
FL,2018,Q1,0.12565619122809013,Southeast
GA,2017,Q4,0.15926424100420855,Southeast
GA,2018,Q1,0.15926424100420855,Southeast
ID,2017,Q4,0.10776576874712307,Northwest
ID,2018,Q1,0.10776576874712307,Northwest
IL,2017,Q4,0.28846914991153405,Ohio Valley
IL,2018,Q1,0.28846914991153405,Ohio Valley
IN,2017,Q4,0.20066298038164265,Ohio Valley
IN,2018,Q1,0.20066298038164265,Ohio Valley
IA,2017,Q4,0.2768570128829889,Upper Midwest
IA,2018,Q1,0.2768570128829889,Upper Midwest
KS,2017,Q4,0.11631517133963742,South
KS,2018,Q1,0.11631517133963742,South
KY,2017,Q4,0.19821627426272692,Ohio Valley
KY,2018,Q1,0.19821627426272692,Ohio Valley
LA,2017,Q4,0.13898263310456282,South
LA,2018,Q1,0.13898263310456282,South
ME,2017,Q4,0.2617479582348464,Northeast
ME,2018,Q1,0.2617479582348464,Northeast
MD,2017,Q4,0.24977234784723856,Northeast
MD,2018,Q1,0.24977234784723856,Northeast
MA,2017,Q4,0.23518493415591968,Northeast
MA,2018,Q1,0.23518493415591968,Northeast
MI,2017,Q4,0.23860296245280876,Upper Midwest
MI,2018,Q1,0.23860296245280876,Upper Midwest
MN,2017,Q4,0.14724215280893138,Upper Midwest
MN,2018,Q1,0.14724215280893138,Upper Midwest
MS,2017,Q4,,Southeast
MS,2018,Q1,,Southeast
MO,2017,Q4,0.12222337506704561,South
MO,2018,Q1,0.12222337506704561,South
MT,2017,Q4,0.16333997346592444,Northern Rockies & Plains
MT,2018,Q1,0.16333997346592444,Northern Rockies & Plains
NE,2017,Q4,0.3229967996136699,Northern Rockies & Plains
NE,2018,Q1,0.3229967996136699,Northern Rockies & Plains
NV,2017,Q4,0.3502137103460691,Southwest
NV,2018,Q1,0.3502137103460691,Southwest
NH,2017,Q4,0.36604516392946795,Northeast
NH,2018,Q1,0.36604516392946795,Northeast
NJ,2017,Q4,0.21462803920109497,Northeast
NJ,2018,Q1,0.21462803920109497,Northeast
NM,2017,Q4,0.2523328205811598,Southwest
NM,2018,Q1,0.2523328205811598,Southwest
NY,2017,Q4,0.2699740615935792,Northeast
NY,2018,Q1,0.2699740615935792,Northeast
NC,2017,Q4,0.16178628591315014,Southeast
NC,2018,Q1,0.16178628591315014,Southeast
ND,2017,Q4,,Northern Rockies & Plains
ND,2018,Q1,,Northern Rockies & Plains
OH,2017,Q4,0.17629977031062738,Ohio Valley
OH,2018,Q1,0.17629977031062738,Ohio Valley
OK,2017,Q4,0.059507278661097285,South
OK,2018,Q1,0.059507278661097285,South
OR,2017,Q4,0.34564434618310136,Northwest
OR,2018,Q1,0.34564434618310136,Northwest
PA,2017,Q4,0.31960313484409475,Northeast
PA,2018,Q1,0.31960313484409475,Northeast
RI,2017,Q4,0.24206327104013292,Northeast
RI,2018,Q1,0.24206327104013292,Northeast
SC,2017,Q4,0.14933632263795216,Southeast
SC,2018,Q1,0.14933632263795216,Southeast
SD,2017,Q4,,Northern Rockies & Plains
SD,2018,Q1,,Northern Rockies & Plains
TN,2017,Q4,0.1356429187122452,Southeast
TN,2018,Q1,0.1356429187122452,Southeast
TX,2017,Q4,0.08649710748895889,South
TX,2018,Q1,0.08649710748895889,South
UT,2017,Q4,0.288244208967288,Southwest
UT,2018,Q1,0.288244208967288,Southwest
VT,2017,Q4,0.17809504438808654,Northeast
VT,2018,Q1,0.17809504438808654,Northeast
VA,2017,Q4,0.18128286403109817,Southeast
VA,2018,Q1,0.18128286403109817,Southeast
WA,2017,Q4,0.23483182863634233,Northwest
WA,2018,Q1,0.23483182863634233,Northwest
WV,2017,Q4,0.09367303282503425,Ohio Valley
WV,2018,Q1,0.09367303282503425,Ohio Valley
WI,2017,Q4,0.2979133922750762,Upper Midwest
WI,2018,Q1,0.2979133922750762,Upper Midwest
WY,2017,Q4,0.16594234377170092,Northern Rockies & Plains
WY,2018,Q1,0.16594234377170092,Northern Rockies & Plains
MSO,2017,Q4,0.09870711159677592,
MSO,2018,Q1,0.09870711159677592,
AL,2018,Q2,0.07466434382703069,Southeast
AL,2018,Q3,0.07466434382703069,Southeast
AK,2018,Q2,,Northwest
AK,2018,Q3,,Northwest
AZ,2018,Q2,,Southwest
AZ,2018,Q3,,Southwest
AR,2018,Q2,0.3076433013502812,South
AR,2018,Q3,0.3076433013502812,South
CA,2018,Q2,0.16329895770363623,West
CA,2018,Q3,0.16329895770363623,West
CO,2018,Q2,0.12575188629899559,Southwest
CO,2018,Q3,0.12575188629899559,Southwest
CT,2018,Q2,0.13437674409133593,Northeast
CT,2018,Q3,0.13437674409133593,Northeast
DC,2018,Q2,,
DC,2018,Q3,,
DE,2018,Q2,0.09285245595511493,Northeast
DE,2018,Q3,0.09285245595511493,Northeast
FL,2018,Q2,0.31465558315765807,Southeast
FL,2018,Q3,0.31465558315765807,Southeast
GA,2018,Q2,0.15305731805446499,Southeast
GA,2018,Q3,0.15305731805446499,Southeast
ID,2018,Q2,0.0856869357563349,Northwest
ID,2018,Q3,0.0856869357563349,Northwest
IL,2018,Q2,0.09096629222058294,Ohio Valley
IL,2018,Q3,0.09096629222058294,Ohio Valley
IN,2018,Q2,0.0836907500688242,Ohio Valley
IN,2018,Q3,0.0836907500688242,Ohio Valley
IA,2018,Q2,0.07550689564497015,Upper Midwest
IA,2018,Q3,0.07550689564497015,Upper Midwest
KS,2018,Q2,0.05969111938658578,South
KS,2018,Q3,0.05969111938658578,South
KY,2018,Q2,0.15510251400131292,Ohio Valley
KY,2018,Q3,0.15510251400131292,Ohio Valley
LA,2018,Q2,0.12728704204833519,South
LA,2018,Q3,0.12728704204833519,South
ME,2018,Q2,0.054516317465291286,Northeast
ME,2018,Q3,0.054516317465291286,Northeast
MD,2018,Q2,0.136171990261165,Northeast
MD,2018,Q3,0.136171990261165,Northeast
MA,2018,Q2,0.20828370719013378,Northeast
MA,2018,Q3,0.20828370719013378,Northeast
MI,2018,Q2,0.06716601133567857,Upper Midwest
MI,2018,Q3,0.06716601133567857,Upper Midwest
MN,2018,Q2,0.14930369077659933,Upper Midwest
MN,2018,Q3,0.14930369077659933,Upper Midwest
MS,2018,Q2,0.09075467181971897,Southeast
MS,2018,Q3,0.09075467181971897,Southeast
MO,2018,Q2,0.07930853237289415,South
MO,2018,Q3,0.07930853237289415,South
MT,2018,Q2,0.16333997346592444,Northern Rockies & Plains
MT,2018,Q3,0.16333997346592444,Northern Rockies & Plains
NE,2018,Q2,,Northern Rockies & Plains
NE,2018,Q3,,Northern Rockies & Plains
NV,2018,Q2,0.19022366982108396,Southwest
NV,2018,Q3,0.19022366982108396,Southwest
NH,2018,Q2,0.07532784871577602,Northeast
NH,2018,Q3,0.07532784871577602,Northeast
NJ,2018,Q2,0.08196146059910558,Northeast
NJ,2018,Q3,0.08196146059910558,Northeast
NM,2018,Q2,0.31992647456322787,Southwest
NM,2018,Q3,0.31992647456322787,Southwest
NY,2018,Q2,0.06757659412623651,Northeast
NY,2018,Q3,0.06757659412623651,Northeast
NC,2018,Q2,0.10557280900008414,Southeast
NC,2018,Q3,0.10557280900008414,Southeast
ND,2018,Q2,,Northern Rockies & Plains
ND,2018,Q3,,Northern Rockies & Plains
OH,2018,Q2,0.09447099799556635,Ohio Valley
OH,2018,Q3,0.09447099799556635,Ohio Valley
OK,2018,Q2,0.15007531648093286,South
OK,2018,Q3,0.15007531648093286,South
OR,2018,Q2,0.08631184640190781,Northwest
OR,2018,Q3,0.08631184640190781,Northwest
PA,2018,Q2,0.08252079185766914,Northeast
PA,2018,Q3,0.08252079185766914,Northeast
RI,2018,Q2,0.12678754017135097,Northeast
RI,2018,Q3,0.12678754017135097,Northeast
SC,2018,Q2,0.11345337839417502,Southeast
SC,2018,Q3,0.11345337839417502,Southeast
SD,2018,Q2,,Northern Rockies & Plains
SD,2018,Q3,,Northern Rockies & Plains
TN,2018,Q2,0.10950857011701087,Southeast
TN,2018,Q3,0.10950857011701087,Southeast
TX,2018,Q2,0.09629823207741084,South
TX,2018,Q3,0.09629823207741084,South
UT,2018,Q2,0.07501888553776337,Southwest
UT,2018,Q3,0.07501888553776337,Southwest
VT,2018,Q2,0.07417990022744847,Northeast
VT,2018,Q3,0.07417990022744847,Northeast
VA,2018,Q2,0.10848449366417834,Southeast
VA,2018,Q3,0.10848449366417834,Southeast
WA,2018,Q2,0.07061675646286303,Northwest
WA,2018,Q3,0.07061675646286303,Northwest
WV,2018,Q2,0.059063470775940874,Ohio Valley
WV,2018,Q3,0.059063470775940874,Ohio Valley
WI,2018,Q2,0.15848510326401744,Upper Midwest
WI,2018,Q3,0.15848510326401744,Upper Midwest
WY,2018,Q2,,Northern Rockies & Plains
WY,2018,Q3,,Northern Rockies & Plains
MSO,2018,Q2,0.08099017891597371,
MSO,2018,Q3,0.08099017891597371,
AL,2018,Q4,0.21213802241350943,Southeast
AL,2019,Q1,0.21213802241350943,Southeast
AK,2018,Q4,,Northwest
AK,2019,Q1,,Northwest
AZ,2018,Q4,,Southwest
AZ,2019,Q1,,Southwest
AR,2018,Q4,0.039980507020516365,South
AR,2019,Q1,0.039980507020516365,South
CA,2018,Q4,0.19297069675488465,West
CA,2019,Q1,0.19297069675488465,West
CO,2018,Q4,0.24131602457251888,Southwest
CO,2019,Q1,0.24131602457251888,Southwest
CT,2018,Q4,0.29496381412596073,Northeast
CT,2019,Q1,0.29496381412596073,Northeast
DC,2018,Q4,,
DC,2019,Q1,,
DE,2018,Q4,0.298439239979886,Northeast
DE,2019,Q1,0.298439239979886,Northeast
FL,2018,Q4,0.1517867904500887,Southeast
FL,2019,Q1,0.1517867904500887,Southeast
GA,2018,Q4,0.3128424995217063,Southeast
GA,2019,Q1,0.3128424995217063,Southeast
ID,2018,Q4,0.10405296560824862,Northwest
ID,2019,Q1,0.10405296560824862,Northwest
IL,2018,Q4,0.3188537367201403,Ohio Valley
IL,2019,Q1,0.3188537367201403,Ohio Valley
IN,2018,Q4,0.20310533116384744,Ohio Valley
IN,2019,Q1,0.20310533116384744,Ohio Valley
IA,2018,Q4,0.2891518869773949,Upper Midwest
IA,2019,Q1,0.2891518869773949,Upper Midwest
KS,2018,Q4,0.1863121531644263,South
KS,2019,Q1,0.1863121531644263,South
KY,2018,Q4,0.20844545134825243,Ohio Valley
KY,2019,Q1,0.20844545134825243,Ohio Valley
LA,2018,Q4,0.10769482193271607,South
LA,2019,Q1,0.10769482193271607,South
ME,2018,Q4,0.2654055506206012,Northeast
ME,2019,Q1,0.2654055506206012,Northeast
MD,2018,Q4,0.3238521419645508,Northeast
MD,2019,Q1,0.3238521419645508,Northeast
MA,2018,Q4,0.35890764422437194,Northeast
MA,2019,Q1,0.35890764422437194,Northeast
MI,2018,Q4,0.32287120770082134,Upper Midwest
MI,2019,Q1,0.32287120770082134,Upper Midwest
MN,2018,Q4,0.41855048535273665,Upper Midwest
MN,2019,Q1,0.41855048535273665,Upper Midwest
MS,2018,Q4,0.15156665430267724,Southeast
MS,2019,Q1,0.15156665430267724,Southeast
MO,2018,Q4,0.12009192119471113,South
MO,2019,Q1,0.12009192119471113,South
MT,2018,Q4,0.15112531237283455,Northern Rockies & Plains
MT,2019,Q1,0.15112531237283455,Northern Rockies & Plains
NE,2018,Q4,,Northern Rockies & Plains
NE,2019,Q1,,Northern Rockies & Plains
NV,2018,Q4,0.1533512184547624,Southwest
NV,2019,Q1,0.1533512184547624,Southwest
NH,2018,Q4,0.21890570143605736,Northeast
NH,2019,Q1,0.21890570143605736,Northeast
NJ,2018,Q4,0.21771923826285422,Northeast
NJ,2019,Q1,0.21771923826285422,Northeast
NM,2018,Q4,0.25404315613889183,Southwest
NM,2019,Q1,0.25404315613889183,Southwest
NY,2018,Q4,0.20453261438200943,Northeast
NY,2019,Q1,0.20453261438200943,Northeast
NC,2018,Q4,0.24826097489479382,Southeast
NC,2019,Q1,0.24826097489479382,Southeast
ND,2018,Q4,,Northern Rockies & Plains
ND,2019,Q1,,Northern Rockies & Plains
OH,2018,Q4,0.30631948236204676,Ohio Valley
OH,2019,Q1,0.30631948236204676,Ohio Valley
OK,2018,Q4,0.10151642904684821,South
OK,2019,Q1,0.10151642904684821,South
OR,2018,Q4,0.25995176024687217,Northwest
OR,2019,Q1,0.25995176024687217,Northwest
PA,2018,Q4,0.2828749295085389,Northeast
PA,2019,Q1,0.2828749295085389,Northeast
RI,2018,Q4,0.2928932188134524,Northeast
RI,2019,Q1,0.2928932188134524,Northeast
SC,2018,Q4,0.2087774915668541,Southeast
SC,2019,Q1,0.2087774915668541,Southeast
SD,2018,Q4,,Northern Rockies & Plains
SD,2019,Q1,,Northern Rockies & Plains
TN,2018,Q4,0.39022587758292415,Southeast
TN,2019,Q1,0.39022587758292415,Southeast
TX,2018,Q4,0.11025926783962903,South
TX,2019,Q1,0.11025926783962903,South
UT,2018,Q4,0.2167395500120427,Southwest
UT,2019,Q1,0.2167395500120427,Southwest
VT,2018,Q4,0.26970325665977857,Northeast
VT,2019,Q1,0.26970325665977857,Northeast
VA,2018,Q4,0.36466638469493673,Southeast
VA,2019,Q1,0.36466638469493673,Southeast
WA,2018,Q4,0.18743178018514128,Northwest
WA,2019,Q1,0.18743178018514128,Northwest
WV,2018,Q4,0.32063377951324257,Ohio Valley
WV,2019,Q1,0.32063377951324257,Ohio Valley
WI,2018,Q4,0.4199032308481787,Upper Midwest
WI,2019,Q1,0.4199032308481787,Upper Midwest
WY,2018,Q4,,Northern Rockies & Plains
WY,2019,Q1,,Northern Rockies & Plains
MSO,2018,Q4,0.13325977656329802,
MSO,2019,Q1,0.13325977656329802,
AL,2019,Q2,0.10291081742654318,Southeast
AL,2019,Q3,0.10291081742654318,Southeast
AK,2019,Q2,,Northwest
AK,2019,Q3,,Northwest
AZ,2019,Q2,,Southwest
AZ,2019,Q3,,Southwest
AR,2019,Q2,0.11736325759255917,South
AR,2019,Q3,0.11736325759255917,South
CA,2019,Q2,0.051394326079064245,West
CA,2019,Q3,0.051394326079064245,West
CO,2019,Q2,0.09780629110368266,Southwest
CO,2019,Q3,0.09780629110368266,Southwest
CT,2019,Q2,0.04610801978949952,Northeast
CT,2019,Q3,0.04610801978949952,Northeast
DC,2019,Q2,,
DC,2019,Q3,,
DE,2019,Q2,0.07737349408252547,Northeast
DE,2019,Q3,0.07737349408252547,Northeast
FL,2019,Q2,0.15586325460871797,Southeast
FL,2019,Q3,0.15586325460871797,Southeast
GA,2019,Q2,0.10685147611705381,Southeast
GA,2019,Q3,0.10685147611705381,Southeast
ID,2019,Q2,0.04462574605760594,Northwest
ID,2019,Q3,0.04462574605760594,Northwest
IL,2019,Q2,0.047991312140103215,Ohio Valley
IL,2019,Q3,0.047991312140103215,Ohio Valley
IN,2019,Q2,0.13476947972750686,Ohio Valley
IN,2019,Q3,0.13476947972750686,Ohio Valley
IA,2019,Q2,0.11050714252417304,Upper Midwest
IA,2019,Q3,0.11050714252417304,Upper Midwest
KS,2019,Q2,0.09786208712147904,South
KS,2019,Q3,0.09786208712147904,South
KY,2019,Q2,0.05434508561639528,Ohio Valley
KY,2019,Q3,0.05434508561639528,Ohio Valley
LA,2019,Q2,,South
LA,2019,Q3,,South
ME,2019,Q2,0.049767830227481547,Northeast
ME,2019,Q3,0.049767830227481547,Northeast
MD,2019,Q2,0.09133147029927569,Northeast
MD,2019,Q3,0.09133147029927569,Northeast
MA,2019,Q2,0.06905066374873725,Northeast
MA,2019,Q3,0.06905066374873725,Northeast
MI,2019,Q2,0.09180250218608232,Upper Midwest
MI,2019,Q3,0.09180250218608232,Upper Midwest
MN,2019,Q2,0.10967257324663515,Upper Midwest
MN,2019,Q3,0.10967257324663515,Upper Midwest
MS,2019,Q2,,Southeast
MS,2019,Q3,,Southeast
MO,2019,Q2,0.07992682167919574,South
MO,2019,Q3,0.07992682167919574,South
MT,2019,Q2,0.05131670194948623,Northern Rockies & Plains
MT,2019,Q3,0.05131670194948623,Northern Rockies & Plains
NE,2019,Q2,0.06877097339054128,Northern Rockies & Plains
NE,2019,Q3,0.06877097339054128,Northern Rockies & Plains
NV,2019,Q2,0.09476829239998208,Southwest
NV,2019,Q3,0.09476829239998208,Southwest
NH,2019,Q2,0.07078736376003925,Northeast
NH,2019,Q3,0.07078736376003925,Northeast
NJ,2019,Q2,0.04184541922041818,Northeast
NJ,2019,Q3,0.04184541922041818,Northeast
NM,2019,Q2,0.05602483670867109,Southwest
NM,2019,Q3,0.05602483670867109,Southwest
NY,2019,Q2,0.05309743237551645,Northeast
NY,2019,Q3,0.05309743237551645,Northeast
NC,2019,Q2,0.08707147826107631,Southeast
NC,2019,Q3,0.08707147826107631,Southeast
ND,2019,Q2,,Northern Rockies & Plains
ND,2019,Q3,,Northern Rockies & Plains
OH,2019,Q2,0.05412917198162914,Ohio Valley
OH,2019,Q3,0.05412917198162914,Ohio Valley
OK,2019,Q2,0.10345854815802735,South
OK,2019,Q3,0.10345854815802735,South
OR,2019,Q2,0.04945182990950092,Northwest
OR,2019,Q3,0.04945182990950092,Northwest
PA,2019,Q2,0.04503434625978431,Northeast
PA,2019,Q3,0.04503434625978431,Northeast
RI,2019,Q2,0.06159869196309564,Northeast
RI,2019,Q3,0.06159869196309564,Northeast
SC,2019,Q2,0.09142784782676838,Southeast
SC,2019,Q3,0.09142784782676838,Southeast
SD,2019,Q2,,Northern Rockies & Plains
SD,2019,Q3,,Northern Rockies & Plains
TN,2019,Q2,0.06384130061422622,Southeast
TN,2019,Q3,0.06384130061422622,Southeast
TX,2019,Q2,0.12601579161780174,South
TX,2019,Q3,0.12601579161780174,South
UT,2019,Q2,0.09587931639281921,Southwest
UT,2019,Q3,0.09587931639281921,Southwest
VT,2019,Q2,0.05520366848981073,Northeast
VT,2019,Q3,0.05520366848981073,Northeast
VA,2019,Q2,0.086444024811144,Southeast
VA,2019,Q3,0.086444024811144,Southeast
WA,2019,Q2,0.08039902025659429,Northwest
WA,2019,Q3,0.08039902025659429,Northwest
WV,2019,Q2,0.07760320316262437,Ohio Valley
WV,2019,Q3,0.07760320316262437,Ohio Valley
WI,2019,Q2,0.08213268979405852,Upper Midwest
WI,2019,Q3,0.08213268979405852,Upper Midwest
WY,2019,Q2,,Northern Rockies & Plains
WY,2019,Q3,,Northern Rockies & Plains
MSO,2019,Q2,0.11330505494529064,
MSO,2019,Q3,0.11330505494529064,
AL,2019,Q4,0.110833376722553,Southeast
AL,2020,Q1,0.110833376722553,Southeast
AK,2019,Q4,,Northwest
AK,2020,Q1,,Northwest
AZ,2019,Q4,,Southwest
AZ,2020,Q1,,Southwest
AR,2019,Q4,0.13549527412938245,South
AR,2020,Q1,0.13549527412938245,South
CA,2019,Q4,0.17213167255672446,West
CA,2020,Q1,0.17213167255672446,West
CO,2019,Q4,0.2443903481651747,Southwest
CO,2020,Q1,0.2443903481651747,Southwest
CT,2019,Q4,0.20528058576097374,Northeast
CT,2020,Q1,0.20528058576097374,Northeast
DC,2019,Q4,,
DC,2020,Q1,,
DE,2019,Q4,0.2608814057972183,Northeast
DE,2020,Q1,0.2608814057972183,Northeast
FL,2019,Q4,0.21390908204094483,Southeast
FL,2020,Q1,0.21390908204094483,Southeast
GA,2019,Q4,0.22233176768733431,Southeast
GA,2020,Q1,0.22233176768733431,Southeast
ID,2019,Q4,0.14615558833613662,Northwest
ID,2020,Q1,0.14615558833613662,Northwest
IL,2019,Q4,0.32808319567806077,Ohio Valley
IL,2020,Q1,0.32808319567806077,Ohio Valley
IN,2019,Q4,0.23139708802257686,Ohio Valley
IN,2020,Q1,0.23139708802257686,Ohio Valley
IA,2019,Q4,0.38019869194669664,Upper Midwest
IA,2020,Q1,0.38019869194669664,Upper Midwest
KS,2019,Q4,0.2248246256578147,South
KS,2020,Q1,0.2248246256578147,South
KY,2019,Q4,0.15142636142923926,Ohio Valley
KY,2020,Q1,0.15142636142923926,Ohio Valley
LA,2019,Q4,,South
LA,2020,Q1,,South
ME,2019,Q4,0.19512355795655079,Northeast
ME,2020,Q1,0.19512355795655079,Northeast
MD,2019,Q4,0.16954520146260033,Northeast
MD,2020,Q1,0.16954520146260033,Northeast
MA,2019,Q4,0.13729706836786815,Northeast
MA,2020,Q1,0.13729706836786815,Northeast
MI,2019,Q4,0.22970239777734291,Upper Midwest
MI,2020,Q1,0.22970239777734291,Upper Midwest
MN,2019,Q4,0.3840692982399486,Upper Midwest
MN,2020,Q1,0.3840692982399486,Upper Midwest
MS,2019,Q4,,Southeast
MS,2020,Q1,,Southeast
MO,2019,Q4,0.13169457804315854,South
MO,2020,Q1,0.13169457804315854,South
MT,2019,Q4,0.13199962123611575,Northern Rockies & Plains
MT,2020,Q1,0.13199962123611575,Northern Rockies & Plains
NE,2019,Q4,0.18978909055023763,Northern Rockies & Plains
NE,2020,Q1,0.18978909055023763,Northern Rockies & Plains
NV,2019,Q4,0.4130265635260396,Southwest
NV,2020,Q1,0.4130265635260396,Southwest
NH,2019,Q4,0.21347687979397667,Northeast
NH,2020,Q1,0.21347687979397667,Northeast
NJ,2019,Q4,0.19554399703353398,Northeast
NJ,2020,Q1,0.19554399703353398,Northeast
NM,2019,Q4,0.24242951253479994,Southwest
NM,2020,Q1,0.24242951253479994,Southwest
NY,2019,Q4,0.21185374174565108,Northeast
NY,2020,Q1,0.21185374174565108,Northeast
NC,2019,Q4,0.12541803298874465,Southeast
NC,2020,Q1,0.12541803298874465,Southeast
ND,2019,Q4,,Northern Rockies & Plains
ND,2020,Q1,,Northern Rockies & Plains
OH,2019,Q4,0.14254761864671683,Ohio Valley
OH,2020,Q1,0.14254761864671683,Ohio Valley
OK,2019,Q4,0.1667670743221108,South
OK,2020,Q1,0.1667670743221108,South
OR,2019,Q4,0.2844147452543907,Northwest
OR,2020,Q1,0.2844147452543907,Northwest
PA,2019,Q4,0.2575103517240783,Northeast
PA,2020,Q1,0.2575103517240783,Northeast
RI,2019,Q4,0.1587555006466267,Northeast
RI,2020,Q1,0.1587555006466267,Northeast
SC,2019,Q4,0.12336072410156484,Southeast
SC,2020,Q1,0.12336072410156484,Southeast
SD,2019,Q4,,Northern Rockies & Plains
SD,2020,Q1,,Northern Rockies & Plains
TN,2019,Q4,0.261506353360042,Southeast
TN,2020,Q1,0.261506353360042,Southeast
TX,2019,Q4,0.832891458150512,South
TX,2020,Q1,0.832891458150512,South
UT,2019,Q4,0.3550509687028458,Southwest
UT,2020,Q1,0.3550509687028458,Southwest
VT,2019,Q4,0.10771661976536018,Northeast
VT,2020,Q1,0.10771661976536018,Northeast
VA,2019,Q4,0.17410682919246068,Southeast
VA,2020,Q1,0.17410682919246068,Southeast
WA,2019,Q4,0.35905787330638006,Northwest
WA,2020,Q1,0.35905787330638006,Northwest
WV,2019,Q4,0.1756898766318713,Ohio Valley
WV,2020,Q1,0.1756898766318713,Ohio Valley
WI,2019,Q4,0.3422502523459836,Upper Midwest
WI,2020,Q1,0.3422502523459836,Upper Midwest
WY,2019,Q4,,Northern Rockies & Plains
WY,2020,Q1,,Northern Rockies & Plains
MSO,2019,Q4,0.1660534586638297,
MSO,2020,Q1,0.1660534586638297,
AL,2020,Q2,0.17076109493832492,Southeast
AL,2020,Q3,0.17076109493832492,Southeast
AK,2020,Q2,,Northwest
AK,2020,Q3,,Northwest
AZ,2020,Q2,,Southwest
AZ,2020,Q3,,Southwest
AR,2020,Q2,0.11012463086742741,South
AR,2020,Q3,0.11012463086742741,South
CA,2020,Q2,0.01519764252644551,West
CA,2020,Q3,0.01519764252644551,West
CO,2020,Q2,0.13084248688244338,Southwest
CO,2020,Q3,0.13084248688244338,Southwest
CT,2020,Q2,0.09944652375670482,Northeast
CT,2020,Q3,0.09944652375670482,Northeast
DC,2020,Q2,,
DC,2020,Q3,,
DE,2020,Q2,0.16265334222476513,Northeast
DE,2020,Q3,0.16265334222476513,Northeast
FL,2020,Q2,0.09049713171310103,Southeast
FL,2020,Q3,0.09049713171310103,Southeast
GA,2020,Q2,0.19749754180310175,Southeast
GA,2020,Q3,0.19749754180310175,Southeast
ID,2020,Q2,0.19305341521407104,Northwest
ID,2020,Q3,0.19305341521407104,Northwest
IL,2020,Q2,0.08862680920702148,Ohio Valley
IL,2020,Q3,0.08862680920702148,Ohio Valley
IN,2020,Q2,0.09831489943373783,Ohio Valley
IN,2020,Q3,0.09831489943373783,Ohio Valley
IA,2020,Q2,0.25070106073203446,Upper Midwest
IA,2020,Q3,0.25070106073203446,Upper Midwest
KS,2020,Q2,0.08919050573838838,South
KS,2020,Q3,0.08919050573838838,South
KY,2020,Q2,0.13220321902460763,Ohio Valley
KY,2020,Q3,0.13220321902460763,Ohio Valley
LA,2020,Q2,,South
LA,2020,Q3,,South
ME,2020,Q2,0.06840836789669802,Northeast
ME,2020,Q3,0.06840836789669802,Northeast
MD,2020,Q2,0.12095092700846743,Northeast
MD,2020,Q3,0.12095092700846743,Northeast
MA,2020,Q2,0.07744316646013016,Northeast
MA,2020,Q3,0.07744316646013016,Northeast
MI,2020,Q2,0.14356990233986466,Upper Midwest
MI,2020,Q3,0.14356990233986466,Upper Midwest
MN,2020,Q2,0.16087412660259437,Upper Midwest
MN,2020,Q3,0.16087412660259437,Upper Midwest
MS,2020,Q2,,Southeast
MS,2020,Q3,,Southeast
MO,2020,Q2,0.09307301490616637,South
MO,2020,Q3,0.09307301490616637,South
MT,2020,Q2,0.06514729511439465,Northern Rockies & Plains
MT,2020,Q3,0.06514729511439465,Northern Rockies & Plains
NE,2020,Q2,,Northern Rockies & Plains
NE,2020,Q3,,Northern Rockies & Plains
NV,2020,Q2,0.1339745962155614,Southwest
NV,2020,Q3,0.1339745962155614,Southwest
NH,2020,Q2,0.09148647484100414,Northeast
NH,2020,Q3,0.09148647484100414,Northeast
NJ,2020,Q2,0.061946961614185336,Northeast
NJ,2020,Q3,0.061946961614185336,Northeast
NM,2020,Q2,0.2284832501895404,Southwest
NM,2020,Q3,0.2284832501895404,Southwest
NY,2020,Q2,0.11897237420194662,Northeast
NY,2020,Q3,0.11897237420194662,Northeast
NC,2020,Q2,0.11980225318212712,Southeast
NC,2020,Q3,0.11980225318212712,Southeast
ND,2020,Q2,,Northern Rockies & Plains
ND,2020,Q3,,Northern Rockies & Plains
OH,2020,Q2,0.10411801913068197,Ohio Valley
OH,2020,Q3,0.10411801913068197,Ohio Valley
OK,2020,Q2,0.1132698704900994,South
OK,2020,Q3,0.1132698704900994,South
OR,2020,Q2,0.05740822055737671,Northwest
OR,2020,Q3,0.05740822055737671,Northwest
PA,2020,Q2,0.07797712116808231,Northeast
PA,2020,Q3,0.07797712116808231,Northeast
RI,2020,Q2,,Northeast
RI,2020,Q3,,Northeast
SC,2020,Q2,0.1412060113348126,Southeast
SC,2020,Q3,0.1412060113348126,Southeast
SD,2020,Q2,,Northern Rockies & Plains
SD,2020,Q3,,Northern Rockies & Plains
TN,2020,Q2,0.12506921646967284,Southeast
TN,2020,Q3,0.12506921646967284,Southeast
TX,2020,Q2,0.10837866194310941,South
TX,2020,Q3,0.10837866194310941,South
UT,2020,Q2,0.15784160086669607,Southwest
UT,2020,Q3,0.15784160086669607,Southwest
VT,2020,Q2,0.12882455402844328,Northeast
VT,2020,Q3,0.12882455402844328,Northeast
VA,2020,Q2,0.13164707601066594,Southeast
VA,2020,Q3,0.13164707601066594,Southeast
WA,2020,Q2,0.08094004449434367,Northwest
WA,2020,Q3,0.08094004449434367,Northwest
WV,2020,Q2,0.08989955044356324,Ohio Valley
WV,2020,Q3,0.08989955044356324,Ohio Valley
WI,2020,Q2,0.1610495850787147,Upper Midwest
WI,2020,Q3,0.1610495850787147,Upper Midwest
WY,2020,Q2,,Northern Rockies & Plains
WY,2020,Q3,,Northern Rockies & Plains
MSO,2020,Q2,0.21206496703643574,
MSO,2020,Q3,0.21206496703643574,
AL,2020,Q4,0.15113891057689677,Southeast
AL,2021,Q1,0.15113891057689677,Southeast
AK,2020,Q4,,Northwest
AK,2021,Q1,,Northwest
AZ,2020,Q4,,Southwest
AZ,2021,Q1,,Southwest
AR,2020,Q4,0.12627644123392368,South
AR,2021,Q1,0.12627644123392368,South
CA,2020,Q4,0.05790082562761334,West
CA,2021,Q1,0.05790082562761334,West
CO,2020,Q4,0.22050077125179424,Southwest
CO,2021,Q1,0.22050077125179424,Southwest
CT,2020,Q4,0.1978441304850942,Northeast
CT,2021,Q1,0.1978441304850942,Northeast
DC,2020,Q4,,
DC,2021,Q1,,
DE,2020,Q4,0.2369282595897957,Northeast
DE,2021,Q1,0.2369282595897957,Northeast
FL,2020,Q4,0.18249352804814556,Southeast
FL,2021,Q1,0.18249352804814556,Southeast
GA,2020,Q4,0.12616340663200887,Southeast
GA,2021,Q1,0.12616340663200887,Southeast
ID,2020,Q4,0.10785742880022886,Northwest
ID,2021,Q1,0.10785742880022886,Northwest
IL,2020,Q4,0.22672404215269448,Ohio Valley
IL,2021,Q1,0.22672404215269448,Ohio Valley
IN,2020,Q4,0.12097511292070295,Ohio Valley
IN,2021,Q1,0.12097511292070295,Ohio Valley
IA,2020,Q4,0.271174147867669,Upper Midwest
IA,2021,Q1,0.271174147867669,Upper Midwest
KS,2020,Q4,0.10209779279566189,South
KS,2021,Q1,0.10209779279566189,South
KY,2020,Q4,0.16515289006327816,Ohio Valley
KY,2021,Q1,0.16515289006327816,Ohio Valley
LA,2020,Q4,0.05938405057522678,South
LA,2021,Q1,0.05938405057522678,South
ME,2020,Q4,0.11359473957208166,Northeast
ME,2021,Q1,0.11359473957208166,Northeast
MD,2020,Q4,0.16734020074068923,Northeast
MD,2021,Q1,0.16734020074068923,Northeast
MA,2020,Q4,0.18012246638630147,Northeast
MA,2021,Q1,0.18012246638630147,Northeast
MI,2020,Q4,0.21808702507512268,Upper Midwest
MI,2021,Q1,0.21808702507512268,Upper Midwest
MN,2020,Q4,0.282444312527963,Upper Midwest
MN,2021,Q1,0.282444312527963,Upper Midwest
MS,2020,Q4,,Southeast
MS,2021,Q1,,Southeast
MO,2020,Q4,0.11155566672225692,South
MO,2021,Q1,0.11155566672225692,South
MT,2020,Q4,0.1501634144012025,Northern Rockies & Plains
MT,2021,Q1,0.1501634144012025,Northern Rockies & Plains
NE,2020,Q4,,Northern Rockies & Plains
NE,2021,Q1,,Northern Rockies & Plains
NV,2020,Q4,0.20350228992762465,Southwest
NV,2021,Q1,0.20350228992762465,Southwest
NH,2020,Q4,0.1567760582327007,Northeast
NH,2021,Q1,0.1567760582327007,Northeast
NJ,2020,Q4,0.09271769037505617,Northeast
NJ,2021,Q1,0.09271769037505617,Northeast
NM,2020,Q4,0.2928932188134524,Southwest
NM,2021,Q1,0.2928932188134524,Southwest
NY,2020,Q4,0.24737768490725864,Northeast
NY,2021,Q1,0.24737768490725864,Northeast
NC,2020,Q4,0.13377930352984857,Southeast
NC,2021,Q1,0.13377930352984857,Southeast
ND,2020,Q4,,Northern Rockies & Plains
ND,2021,Q1,,Northern Rockies & Plains
OH,2020,Q4,0.20641888104213812,Ohio Valley
OH,2021,Q1,0.20641888104213812,Ohio Valley
OK,2020,Q4,0.07417990022744847,South
OK,2021,Q1,0.07417990022744847,South
OR,2020,Q4,0.19956195050408942,Northwest
OR,2021,Q1,0.19956195050408942,Northwest
PA,2020,Q4,0.21124841947648376,Northeast
PA,2021,Q1,0.21124841947648376,Northeast
RI,2020,Q4,0.12168993434632014,Northeast
RI,2021,Q1,0.12168993434632014,Northeast
SC,2020,Q4,0.10504309193203154,Southeast
SC,2021,Q1,0.10504309193203154,Southeast
SD,2020,Q4,,Northern Rockies & Plains
SD,2021,Q1,,Northern Rockies & Plains
TN,2020,Q4,0.17414357485610354,Southeast
TN,2021,Q1,0.17414357485610354,Southeast
TX,2020,Q4,0.0754143908834154,South
TX,2021,Q1,0.0754143908834154,South
UT,2020,Q4,0.18599654422339207,Southwest
UT,2021,Q1,0.18599654422339207,Southwest
VT,2020,Q4,0.10051384531736485,Northeast
VT,2021,Q1,0.10051384531736485,Northeast
VA,2020,Q4,0.1620347308213026,Southeast
VA,2021,Q1,0.1620347308213026,Southeast
WA,2020,Q4,0.17431382689422736,Northwest
WA,2021,Q1,0.17431382689422736,Northwest
WV,2020,Q4,0.24682490264698254,Ohio Valley
WV,2021,Q1,0.24682490264698254,Ohio Valley
WI,2020,Q4,0.25794993573725744,Upper Midwest
WI,2021,Q1,0.25794993573725744,Upper Midwest
WY,2020,Q4,,Northern Rockies & Plains
WY,2021,Q1,,Northern Rockies & Plains
MSO,2020,Q4,0.12700283574448878,
MSO,2021,Q1,0.12700283574448878,
AL,2021,Q2,0.1468267073280487,Southeast
AL,2021,Q3,0.1468267073280487,Southeast
AK,2021,Q2,,Northwest
AK,2021,Q3,,Northwest
AZ,2021,Q2,,Southwest
AZ,2021,Q3,,Southwest
AR,2021,Q2,0.20688446108746794,South
AR,2021,Q3,0.20688446108746794,South
CA,2021,Q2,0.06909842239803565,West
CA,2021,Q3,0.06909842239803565,West
CO,2021,Q2,0.15684256850972011,Southwest
CO,2021,Q3,0.15684256850972011,Southwest
CT,2021,Q2,0.10557280900008414,Northeast
CT,2021,Q3,0.10557280900008414,Northeast
DC,2021,Q2,,
DC,2021,Q3,,
DE,2021,Q2,0.07319130400370166,Northeast
DE,2021,Q3,0.07319130400370166,Northeast
FL,2021,Q2,0.5380569879451902,Southeast
FL,2021,Q3,0.5380569879451902,Southeast
GA,2021,Q2,0.1669017294535462,Southeast
GA,2021,Q3,0.1669017294535462,Southeast
ID,2021,Q2,0.1481726958487648,Northwest
ID,2021,Q3,0.1481726958487648,Northwest
IL,2021,Q2,0.12655797199236085,Ohio Valley
IL,2021,Q3,0.12655797199236085,Ohio Valley
IN,2021,Q2,0.06944187124977619,Ohio Valley
IN,2021,Q3,0.06944187124977619,Ohio Valley
IA,2021,Q2,0.36787707673612435,Upper Midwest
IA,2021,Q3,0.36787707673612435,Upper Midwest
KS,2021,Q2,0.11163679207815613,South
KS,2021,Q3,0.11163679207815613,South
KY,2021,Q2,0.12646581726399364,Ohio Valley
KY,2021,Q3,0.12646581726399364,Ohio Valley
LA,2021,Q2,,South
LA,2021,Q3,,South
ME,2021,Q2,0.13837739750643197,Northeast
ME,2021,Q3,0.13837739750643197,Northeast
MD,2021,Q2,0.1315359870650169,Northeast
MD,2021,Q3,0.1315359870650169,Northeast
MA,2021,Q2,0.2066512357654804,Northeast
MA,2021,Q3,0.2066512357654804,Northeast
MI,2021,Q2,0.11428968696266739,Upper Midwest
MI,2021,Q3,0.11428968696266739,Upper Midwest
MN,2021,Q2,0.16167915163563862,Upper Midwest
MN,2021,Q3,0.16167915163563862,Upper Midwest
MS,2021,Q2,,Southeast
MS,2021,Q3,,Southeast
MO,2021,Q2,0.09617401649946788,South
MO,2021,Q3,0.09617401649946788,South
MT,2021,Q2,0.08305069938382226,Northern Rockies & Plains
MT,2021,Q3,0.08305069938382226,Northern Rockies & Plains
NE,2021,Q2,,Northern Rockies & Plains
NE,2021,Q3,,Northern Rockies & Plains
NV,2021,Q2,,Southwest
NV,2021,Q3,,Southwest
NH,2021,Q2,0.08037274631822389,Northeast
NH,2021,Q3,0.08037274631822389,Northeast
NJ,2021,Q2,0.09536106234826613,Northeast
NJ,2021,Q3,0.09536106234826613,Northeast
NM,2021,Q2,,Southwest
NM,2021,Q3,,Southwest
NY,2021,Q2,0.1136856949117524,Northeast
NY,2021,Q3,0.1136856949117524,Northeast
NC,2021,Q2,0.15136374916073014,Southeast
NC,2021,Q3,0.15136374916073014,Southeast
ND,2021,Q2,,Northern Rockies & Plains
ND,2021,Q3,,Northern Rockies & Plains
OH,2021,Q2,0.1343241523968186,Ohio Valley
OH,2021,Q3,0.1343241523968186,Ohio Valley
OK,2021,Q2,0.14176976295113775,South
OK,2021,Q3,0.14176976295113775,South
OR,2021,Q2,0.11794166529101013,Northwest
OR,2021,Q3,0.11794166529101013,Northwest
PA,2021,Q2,0.09827088337811418,Northeast
PA,2021,Q3,0.09827088337811418,Northeast
RI,2021,Q2,,Northeast
RI,2021,Q3,,Northeast
SC,2021,Q2,0.1357438021569043,Southeast
SC,2021,Q3,0.1357438021569043,Southeast
SD,2021,Q2,,Northern Rockies & Plains
SD,2021,Q3,,Northern Rockies & Plains
TN,2021,Q2,0.0888316603002377,Southeast
TN,2021,Q3,0.0888316603002377,Southeast
TX,2021,Q2,0.12704247658145762,South
TX,2021,Q3,0.12704247658145762,South
UT,2021,Q2,0.24157844701477504,Southwest
UT,2021,Q3,0.24157844701477504,Southwest
VT,2021,Q2,0.14514958573488956,Northeast
VT,2021,Q3,0.14514958573488956,Northeast
VA,2021,Q2,0.09541408144527475,Southeast
VA,2021,Q3,0.09541408144527475,Southeast
WA,2021,Q2,0.12327863555335161,Northwest
WA,2021,Q3,0.12327863555335161,Northwest
WV,2021,Q2,0.11861152856195556,Ohio Valley
WV,2021,Q3,0.11861152856195556,Ohio Valley
WI,2021,Q2,0.08170579403730138,Upper Midwest
WI,2021,Q3,0.08170579403730138,Upper Midwest
WY,2021,Q2,,Northern Rockies & Plains
WY,2021,Q3,,Northern Rockies & Plains
MSO,2021,Q2,0.15054934526785402,
MSO,2021,Q3,0.15054934526785402,
AL,2021,Q4,0.1440319301555011,Southeast
AL,2022,Q1,0.1440319301555011,Southeast
AK,2021,Q4,,Northwest
AK,2022,Q1,,Northwest
AZ,2021,Q4,,Southwest
AZ,2022,Q1,,Southwest
AR,2021,Q4,0.24317451805149803,South
AR,2022,Q1,0.24317451805149803,South
CA,2021,Q4,0.13423753790536475,West
CA,2022,Q1,0.13423753790536475,West
CO,2021,Q4,0.2611280499774107,Southwest
CO,2022,Q1,0.2611280499774107,Southwest
CT,2021,Q4,0.30320491871665156,Northeast
CT,2022,Q1,0.30320491871665156,Northeast
DC,2021,Q4,,
DC,2022,Q1,,
DE,2021,Q4,0.2735168427432211,Northeast
DE,2022,Q1,0.2735168427432211,Northeast
FL,2021,Q4,0.3673459211697634,Southeast
FL,2022,Q1,0.3673459211697634,Southeast
GA,2021,Q4,0.2595929400801982,Southeast
GA,2022,Q1,0.2595929400801982,Southeast
ID,2021,Q4,0.30993444065764575,Northwest
ID,2022,Q1,0.30993444065764575,Northwest
IL,2021,Q4,0.2875295001209036,Ohio Valley
IL,2022,Q1,0.2875295001209036,Ohio Valley
IN,2021,Q4,0.13995963961706814,Ohio Valley
IN,2022,Q1,0.13995963961706814,Ohio Valley
IA,2021,Q4,0.3476719269465578,Upper Midwest
IA,2022,Q1,0.3476719269465578,Upper Midwest
KS,2021,Q4,0.16977982635739097,South
KS,2022,Q1,0.16977982635739097,South
KY,2021,Q4,0.17432796017839303,Ohio Valley
KY,2022,Q1,0.17432796017839303,Ohio Valley
LA,2021,Q4,,South
LA,2022,Q1,,South
ME,2021,Q4,0.1992271774079356,Northeast
ME,2022,Q1,0.1992271774079356,Northeast
MD,2021,Q4,0.19918519754809294,Northeast
MD,2022,Q1,0.19918519754809294,Northeast
MA,2021,Q4,0.2677214436718969,Northeast
MA,2022,Q1,0.2677214436718969,Northeast
MI,2021,Q4,0.2021656167886623,Upper Midwest
MI,2022,Q1,0.2021656167886623,Upper Midwest
MN,2021,Q4,0.36220719585671934,Upper Midwest
MN,2022,Q1,0.36220719585671934,Upper Midwest
MS,2021,Q4,,Southeast
MS,2022,Q1,,Southeast
MO,2021,Q4,0.18893386038604543,South
MO,2022,Q1,0.18893386038604543,South
MT,2021,Q4,0.14387235446193802,Northern Rockies & Plains
MT,2022,Q1,0.14387235446193802,Northern Rockies & Plains
NE,2021,Q4,,Northern Rockies & Plains
NE,2022,Q1,,Northern Rockies & Plains
NV,2021,Q4,,Southwest
NV,2022,Q1,,Southwest
NH,2021,Q4,0.2765941234851863,Northeast
NH,2022,Q1,0.2765941234851863,Northeast
NJ,2021,Q4,0.15248062821801966,Northeast
NJ,2022,Q1,0.15248062821801966,Northeast
NM,2021,Q4,0.11682391336721532,Southwest
NM,2022,Q1,0.11682391336721532,Southwest
NY,2021,Q4,0.20717503282790817,Northeast
NY,2022,Q1,0.20717503282790817,Northeast
NC,2021,Q4,0.1795563679910942,Southeast
NC,2022,Q1,0.1795563679910942,Southeast
ND,2021,Q4,,Northern Rockies & Plains
ND,2022,Q1,,Northern Rockies & Plains
OH,2021,Q4,0.2254033307585166,Ohio Valley
OH,2022,Q1,0.2254033307585166,Ohio Valley
OK,2021,Q4,0.28010544162184303,South
OK,2022,Q1,0.28010544162184303,South
OR,2021,Q4,0.1845324006794864,Northwest
OR,2022,Q1,0.1845324006794864,Northwest
PA,2021,Q4,0.25037847059927476,Northeast
PA,2022,Q1,0.25037847059927476,Northeast
RI,2021,Q4,,Northeast
RI,2022,Q1,,Northeast
SC,2021,Q4,0.21173657746856556,Southeast
SC,2022,Q1,0.21173657746856556,Southeast
SD,2021,Q4,,Northern Rockies & Plains
SD,2022,Q1,,Northern Rockies & Plains
TN,2021,Q4,0.23154880351494656,Southeast
TN,2022,Q1,0.23154880351494656,Southeast
TX,2021,Q4,0.1531251587263519,South
TX,2022,Q1,0.1531251587263519,South
UT,2021,Q4,0.4251736784984975,Southwest
UT,2022,Q1,0.4251736784984975,Southwest
VT,2021,Q4,0.2654098819685675,Northeast
VT,2022,Q1,0.2654098819685675,Northeast
VA,2021,Q4,0.15935126428797197,Southeast
VA,2022,Q1,0.15935126428797197,Southeast
WA,2021,Q4,0.2680749452886001,Northwest
WA,2022,Q1,0.2680749452886001,Northwest
WV,2021,Q4,0.16347800201203144,Ohio Valley
WV,2022,Q1,0.16347800201203144,Ohio Valley
WI,2021,Q4,0.30511196656224593,Upper Midwest
WI,2022,Q1,0.30511196656224593,Upper Midwest
WY,2021,Q4,,Northern Rockies & Plains
WY,2022,Q1,,Northern Rockies & Plains
MSO,2021,Q4,0.18808924604268618,
MSO,2022,Q1,0.18808924604268618,
AL,2022,Q2,0.12514448719529148,Southeast
AL,2022,Q3,0.12514448719529148,Southeast
AK,2022,Q2,,Northwest
AK,2022,Q3,,Northwest
AZ,2022,Q2,,Southwest
AZ,2022,Q3,,Southwest
AR,2022,Q2,0.08169526730526311,South
AR,2022,Q3,0.08169526730526311,South
CA,2022,Q2,0.012233230584217325,West
CA,2022,Q3,0.012233230584217325,West
CO,2022,Q2,0.09223040695889029,Southwest
CO,2022,Q3,0.09223040695889029,Southwest
CT,2022,Q2,0.0837182788501295,Northeast
CT,2022,Q3,0.0837182788501295,Northeast
DC,2022,Q2,0.10388041923507607,
DC,2022,Q3,0.10388041923507607,
DE,2022,Q2,,Northeast
DE,2022,Q3,,Northeast
FL,2022,Q2,0.16147450843757882,Southeast
FL,2022,Q3,0.16147450843757882,Southeast
GA,2022,Q2,0.18669323751227984,Southeast
GA,2022,Q3,0.18669323751227984,Southeast
ID,2022,Q2,0.2799177001769043,Northwest
ID,2022,Q3,0.2799177001769043,Northwest
IL,2022,Q2,0.14573220663355713,Ohio Valley
IL,2022,Q3,0.14573220663355713,Ohio Valley
IN,2022,Q2,0.35638561063269625,Ohio Valley
IN,2022,Q3,0.35638561063269625,Ohio Valley
IA,2022,Q2,0.24606296507494807,Upper Midwest
IA,2022,Q3,0.24606296507494807,Upper Midwest
KS,2022,Q2,0.11368866330854965,South
KS,2022,Q3,0.11368866330854965,South
KY,2022,Q2,0.22051623704604295,Ohio Valley
KY,2022,Q3,0.22051623704604295,Ohio Valley
LA,2022,Q2,,South
LA,2022,Q3,,South
ME,2022,Q2,0.15757646082576804,Northeast
ME,2022,Q3,0.15757646082576804,Northeast
MD,2022,Q2,0.09517525951527517,Northeast
MD,2022,Q3,0.09517525951527517,Northeast
MA,2022,Q2,0.08149675641887066,Northeast
MA,2022,Q3,0.08149675641887066,Northeast
MI,2022,Q2,0.16035901138331643,Upper Midwest
MI,2022,Q3,0.16035901138331643,Upper Midwest
MN,2022,Q2,0.20280265055443203,Upper Midwest
MN,2022,Q3,0.20280265055443203,Upper Midwest
MS,2022,Q2,,Southeast
MS,2022,Q3,,Southeast
MO,2022,Q2,0.09021502354964228,South
MO,2022,Q3,0.09021502354964228,South
MT,2022,Q2,0.1339745962155614,Northern Rockies & Plains
MT,2022,Q3,0.1339745962155614,Northern Rockies & Plains
NE,2022,Q2,0.40329185856014493,Northern Rockies & Plains
NE,2022,Q3,0.40329185856014493,Northern Rockies & Plains
NV,2022,Q2,,Southwest
NV,2022,Q3,,Southwest
NH,2022,Q2,0.0882036691126643,Northeast
NH,2022,Q3,0.0882036691126643,Northeast
NJ,2022,Q2,0.10247253214424934,Northeast
NJ,2022,Q3,0.10247253214424934,Northeast
NM,2022,Q2,0.1376835014974237,Southwest
NM,2022,Q3,0.1376835014974237,Southwest
NY,2022,Q2,0.13712788513919316,Northeast
NY,2022,Q3,0.13712788513919316,Northeast
NC,2022,Q2,0.08698372078333139,Southeast
NC,2022,Q3,0.08698372078333139,Southeast
ND,2022,Q2,,Northern Rockies & Plains
ND,2022,Q3,,Northern Rockies & Plains
OH,2022,Q2,0.13831995932800412,Ohio Valley
OH,2022,Q3,0.13831995932800412,Ohio Valley
OK,2022,Q2,0.16693993551590092,South
OK,2022,Q3,0.16693993551590092,South
OR,2022,Q2,0.22106718428024053,Northwest
OR,2022,Q3,0.22106718428024053,Northwest
PA,2022,Q2,0.12743616744949815,Northeast
PA,2022,Q3,0.12743616744949815,Northeast
RI,2022,Q2,0.1201173098718803,Northeast
RI,2022,Q3,0.1201173098718803,Northeast
SC,2022,Q2,0.22389486454053809,Southeast
SC,2022,Q3,0.22389486454053809,Southeast
SD,2022,Q2,0.12060626944847208,Northern Rockies & Plains
SD,2022,Q3,0.12060626944847208,Northern Rockies & Plains
TN,2022,Q2,0.1580743373132828,Southeast
TN,2022,Q3,0.1580743373132828,Southeast
TX,2022,Q2,0.09886713455979723,South
TX,2022,Q3,0.09886713455979723,South
UT,2022,Q2,0.20046432573042228,Southwest
UT,2022,Q3,0.20046432573042228,Southwest
VT,2022,Q2,0.07088867015418265,Northeast
VT,2022,Q3,0.07088867015418265,Northeast
VA,2022,Q2,0.15771451099452904,Southeast
VA,2022,Q3,0.15771451099452904,Southeast
WA,2022,Q2,0.1801934875393042,Northwest
WA,2022,Q3,0.1801934875393042,Northwest
WV,2022,Q2,0.16142167295713428,Ohio Valley
WV,2022,Q3,0.16142167295713428,Ohio Valley
WI,2022,Q2,0.23988304993390808,Upper Midwest
WI,2022,Q3,0.23988304993390808,Upper Midwest
WY,2022,Q2,,Northern Rockies & Plains
WY,2022,Q3,,Northern Rockies & Plains
MSO,2022,Q2,0.1440429934440176,
MSO,2022,Q3,0.1440429934440176,
AL,2022,Q4,0.1002959066330188,Southeast
AL,2023,Q1,0.1002959066330188,Southeast
AK,2022,Q4,,Northwest
AK,2023,Q1,,Northwest
AZ,2022,Q4,,Southwest
AZ,2023,Q1,,Southwest
AR,2022,Q4,0.15418400361609175,South
AR,2023,Q1,0.15418400361609175,South
CA,2022,Q4,0.10025399889852304,West
CA,2023,Q1,0.10025399889852304,West
CO,2022,Q4,0.15876759592134249,Southwest
CO,2023,Q1,0.15876759592134249,Southwest
CT,2022,Q4,0.177082639351836,Northeast
CT,2023,Q1,0.177082639351836,Northeast
DC,2022,Q4,0.3012947857801884,
DC,2023,Q1,0.3012947857801884,
DE,2022,Q4,0.1538029882373435,Northeast
DE,2023,Q1,0.1538029882373435,Northeast
FL,2022,Q4,0.1269048837800012,Southeast
FL,2023,Q1,0.1269048837800012,Southeast
GA,2022,Q4,0.15840430530727512,Southeast
GA,2023,Q1,0.15840430530727512,Southeast
ID,2022,Q4,0.2126734851818639,Northwest
ID,2023,Q1,0.2126734851818639,Northwest
IL,2022,Q4,0.19478916675114932,Ohio Valley
IL,2023,Q1,0.19478916675114932,Ohio Valley
IN,2022,Q4,0.19456520284718937,Ohio Valley
IN,2023,Q1,0.19456520284718937,Ohio Valley
IA,2022,Q4,0.3069343005443457,Upper Midwest
IA,2023,Q1,0.3069343005443457,Upper Midwest
KS,2022,Q4,0.10464929074580864,South
KS,2023,Q1,0.10464929074580864,South
KY,2022,Q4,0.24832984249593693,Ohio Valley
KY,2023,Q1,0.24832984249593693,Ohio Valley
LA,2022,Q4,,South
LA,2023,Q1,,South
ME,2022,Q4,0.23335937783613558,Northeast
ME,2023,Q1,0.23335937783613558,Northeast
MD,2022,Q4,0.4143158724027086,Northeast
MD,2023,Q1,0.4143158724027086,Northeast
MA,2022,Q4,0.27498894791801576,Northeast
MA,2023,Q1,0.27498894791801576,Northeast
MI,2022,Q4,0.2600983638514094,Upper Midwest
MI,2023,Q1,0.2600983638514094,Upper Midwest
MN,2022,Q4,0.3796582810752751,Upper Midwest
MN,2023,Q1,0.3796582810752751,Upper Midwest
MS,2022,Q4,,Southeast
MS,2023,Q1,,Southeast
MO,2022,Q4,0.1238612851728057,South
MO,2023,Q1,0.1238612851728057,South
MT,2022,Q4,0.3287701954252549,Northern Rockies & Plains
MT,2023,Q1,0.3287701954252549,Northern Rockies & Plains
NE,2022,Q4,0.307987883114583,Northern Rockies & Plains
NE,2023,Q1,0.307987883114583,Northern Rockies & Plains
NV,2022,Q4,,Southwest
NV,2023,Q1,,Southwest
NH,2022,Q4,0.22123079061798967,Northeast
NH,2023,Q1,0.22123079061798967,Northeast
NJ,2022,Q4,0.13783792583035848,Northeast
NJ,2023,Q1,0.13783792583035848,Northeast
NM,2022,Q4,0.04197692137502129,Southwest
NM,2023,Q1,0.04197692137502129,Southwest
NY,2022,Q4,0.1666060628097571,Northeast
NY,2023,Q1,0.1666060628097571,Northeast
NC,2022,Q4,0.13710444166820246,Southeast
NC,2023,Q1,0.13710444166820246,Southeast
ND,2022,Q4,,Northern Rockies & Plains
ND,2023,Q1,,Northern Rockies & Plains
OH,2022,Q4,0.22487405384726034,Ohio Valley
OH,2023,Q1,0.22487405384726034,Ohio Valley
OK,2022,Q4,0.3542535969992422,South
OK,2023,Q1,0.3542535969992422,South
OR,2022,Q4,0.16814704996163476,Northwest
OR,2023,Q1,0.16814704996163476,Northwest
PA,2022,Q4,0.21418015096349186,Northeast
PA,2023,Q1,0.21418015096349186,Northeast
RI,2022,Q4,0.21553545944726382,Northeast
RI,2023,Q1,0.21553545944726382,Northeast
SC,2022,Q4,0.18541335521065727,Southeast
SC,2023,Q1,0.18541335521065727,Southeast
SD,2022,Q4,0.10399949698203248,Northern Rockies & Plains
SD,2023,Q1,0.10399949698203248,Northern Rockies & Plains
TN,2022,Q4,0.19881844011991145,Southeast
TN,2023,Q1,0.19881844011991145,Southeast
TX,2022,Q4,0.21424371760489047,South
TX,2023,Q1,0.21424371760489047,South
UT,2022,Q4,0.2401227210576543,Southwest
UT,2023,Q1,0.2401227210576543,Southwest
VT,2022,Q4,0.2987585630012707,Northeast
VT,2023,Q1,0.2987585630012707,Northeast
VA,2022,Q4,0.17392757927460045,Southeast
VA,2023,Q1,0.17392757927460045,Southeast
WA,2022,Q4,0.2015876781702659,Northwest
WA,2023,Q1,0.2015876781702659,Northwest
WV,2022,Q4,0.3237009112970376,Ohio Valley
WV,2023,Q1,0.3237009112970376,Ohio Valley
WI,2022,Q4,0.30588920027903177,Upper Midwest
WI,2023,Q1,0.30588920027903177,Upper Midwest
WY,2022,Q4,,Northern Rockies & Plains
WY,2023,Q1,,Northern Rockies & Plains
MSO,2022,Q4,0.11582335963364887,
MSO,2023,Q1,0.11582335963364887,
AL,2023,Q2,0.16194204429302994,Southeast
AL,2023,Q3,0.16194204429302994,Southeast
AK,2023,Q2,,Northwest
AK,2023,Q3,,Northwest
AZ,2023,Q2,,Southwest
AZ,2023,Q3,,Southwest
AR,2023,Q2,0.10162705128442184,South
AR,2023,Q3,0.10162705128442184,South
CA,2023,Q2,0.009654522221794637,West
CA,2023,Q3,0.009654522221794637,West
CO,2023,Q2,0.10072492963837087,Southwest
CO,2023,Q3,0.10072492963837087,Southwest
CT,2023,Q2,0.20806534750197958,Northeast
CT,2023,Q3,0.20806534750197958,Northeast
DC,2023,Q2,,
DC,2023,Q3,,
DE,2023,Q2,,Northeast
DE,2023,Q3,,Northeast
FL,2023,Q2,0.25626611169158264,Southeast
FL,2023,Q3,0.25626611169158264,Southeast
GA,2023,Q2,0.152556563917986,Southeast
GA,2023,Q3,0.152556563917986,Southeast
ID,2023,Q2,0.16373066226917177,Northwest
ID,2023,Q3,0.16373066226917177,Northwest
IL,2023,Q2,0.16100135710083108,Ohio Valley
IL,2023,Q3,0.16100135710083108,Ohio Valley
IN,2023,Q2,0.11742004984191223,Ohio Valley
IN,2023,Q3,0.11742004984191223,Ohio Valley
IA,2023,Q2,0.0924331529501643,Upper Midwest
IA,2023,Q3,0.0924331529501643,Upper Midwest
KS,2023,Q2,0.045136289367769034,South
KS,2023,Q3,0.045136289367769034,South
KY,2023,Q2,0.0884475686766305,Ohio Valley
KY,2023,Q3,0.0884475686766305,Ohio Valley
LA,2023,Q2,0.08866508270816187,South
LA,2023,Q3,0.08866508270816187,South
ME,2023,Q2,0.1423275134173665,Northeast
ME,2023,Q3,0.1423275134173665,Northeast
MD,2023,Q2,0.17054709236494203,Northeast
MD,2023,Q3,0.17054709236494203,Northeast
MA,2023,Q2,0.14202234618245346,Northeast
MA,2023,Q3,0.14202234618245346,Northeast
MI,2023,Q2,0.11518496184224425,Upper Midwest
MI,2023,Q3,0.11518496184224425,Upper Midwest
MN,2023,Q2,0.12470012521363083,Upper Midwest
MN,2023,Q3,0.12470012521363083,Upper Midwest
MS,2023,Q2,,Southeast
MS,2023,Q3,,Southeast
MO,2023,Q2,0.36189482228884695,South
MO,2023,Q3,0.36189482228884695,South
MT,2023,Q2,0.10774638983393914,Northern Rockies & Plains
MT,2023,Q3,0.10774638983393914,Northern Rockies & Plains
NE,2023,Q2,0.11998942923896494,Northern Rockies & Plains
NE,2023,Q3,0.11998942923896494,Northern Rockies & Plains
NV,2023,Q2,0.15484574527148343,Southwest
NV,2023,Q3,0.15484574527148343,Southwest
NH,2023,Q2,0.11676463383654934,Northeast
NH,2023,Q3,0.11676463383654934,Northeast
NJ,2023,Q2,0.09669245365623325,Northeast
NJ,2023,Q3,0.09669245365623325,Northeast
NM,2023,Q2,0.0733416745240385,Southwest
NM,2023,Q3,0.0733416745240385,Southwest
NY,2023,Q2,0.10068370806737603,Northeast
NY,2023,Q3,0.10068370806737603,Northeast
NC,2023,Q2,0.13692113337944178,Southeast
NC,2023,Q3,0.13692113337944178,Southeast
ND,2023,Q2,,Northern Rockies & Plains
ND,2023,Q3,,Northern Rockies & Plains
OH,2023,Q2,0.1298095582237887,Ohio Valley
OH,2023,Q3,0.1298095582237887,Ohio Valley
OK,2023,Q2,0.0871290708247231,South
OK,2023,Q3,0.0871290708247231,South
OR,2023,Q2,0.19978073180347478,Northwest
OR,2023,Q3,0.19978073180347478,Northwest
PA,2023,Q2,0.10747903443900164,Northeast
PA,2023,Q3,0.10747903443900164,Northeast
RI,2023,Q2,0.14719713457755823,Northeast
RI,2023,Q3,0.14719713457755823,Northeast
SC,2023,Q2,0.19067929718806775,Southeast
SC,2023,Q3,0.19067929718806775,Southeast
SD,2023,Q2,,Northern Rockies & Plains
SD,2023,Q3,,Northern Rockies & Plains
TN,2023,Q2,0.1444797526551337,Southeast
TN,2023,Q3,0.1444797526551337,Southeast
TX,2023,Q2,0.14542165911434246,South
TX,2023,Q3,0.14542165911434246,South
UT,2023,Q2,0.15289950376566241,Southwest
UT,2023,Q3,0.15289950376566241,Southwest
VT,2023,Q2,0.06481217331145683,Northeast
VT,2023,Q3,0.06481217331145683,Northeast
VA,2023,Q2,0.10347707714390575,Southeast
VA,2023,Q3,0.10347707714390575,Southeast
WA,2023,Q2,0.08476542843506274,Northwest
WA,2023,Q3,0.08476542843506274,Northwest
WV,2023,Q2,0.1280428460351304,Ohio Valley
WV,2023,Q3,0.1280428460351304,Ohio Valley
WI,2023,Q2,0.1082774634867616,Upper Midwest
WI,2023,Q3,0.1082774634867616,Upper Midwest
WY,2023,Q2,0.10182257372185632,Northern Rockies & Plains
WY,2023,Q3,0.10182257372185632,Northern Rockies & Plains
MSO,2023,Q2,0.15765868467278665,
MSO,2023,Q3,0.15765868467278665,
AL,2023,Q4,0.12691585982661935,Southeast
AL,2024,Q1,0.12691585982661935,Southeast
AK,2023,Q4,,Northwest
AK,2024,Q1,,Northwest
AZ,2023,Q4,,Southwest
AZ,2024,Q1,,Southwest
AR,2023,Q4,0.1312139089334755,South
AR,2024,Q1,0.1312139089334755,South
CA,2023,Q4,0.12840670284124578,West
CA,2024,Q1,0.12840670284124578,West
CO,2023,Q4,0.25279677791992317,Southwest
CO,2024,Q1,0.25279677791992317,Southwest
CT,2023,Q4,0.3087141646216883,Northeast
CT,2024,Q1,0.3087141646216883,Northeast
DC,2023,Q4,,
DC,2024,Q1,,
DE,2023,Q4,,Northeast
DE,2024,Q1,,Northeast
FL,2023,Q4,0.14307681606025402,Southeast
FL,2024,Q1,0.14307681606025402,Southeast
GA,2023,Q4,0.19225064754378007,Southeast
GA,2024,Q1,0.19225064754378007,Southeast
ID,2023,Q4,0.31339343767440486,Northwest
ID,2024,Q1,0.31339343767440486,Northwest
IL,2023,Q4,0.22409662379646,Ohio Valley
IL,2024,Q1,0.22409662379646,Ohio Valley
IN,2023,Q4,0.1338144139513996,Ohio Valley
IN,2024,Q1,0.1338144139513996,Ohio Valley
IA,2023,Q4,0.22681554099278922,Upper Midwest
IA,2024,Q1,0.22681554099278922,Upper Midwest
KS,2023,Q4,0.09230651924074418,South
KS,2024,Q1,0.09230651924074418,South
KY,2023,Q4,0.09047497430926965,Ohio Valley
KY,2024,Q1,0.09047497430926965,Ohio Valley
LA,2023,Q4,0.14422010410330677,South
LA,2024,Q1,0.14422010410330677,South
ME,2023,Q4,0.2849230722541396,Northeast
ME,2024,Q1,0.2849230722541396,Northeast
MD,2023,Q4,0.1817713831097879,Northeast
MD,2024,Q1,0.1817713831097879,Northeast
MA,2023,Q4,0.1944600143999553,Northeast
MA,2024,Q1,0.1944600143999553,Northeast
MI,2023,Q4,0.19208181844974537,Upper Midwest
MI,2024,Q1,0.19208181844974537,Upper Midwest
MN,2023,Q4,0.3240669730768758,Upper Midwest
MN,2024,Q1,0.3240669730768758,Upper Midwest
MS,2023,Q4,,Southeast
MS,2024,Q1,,Southeast
MO,2023,Q4,0.10982295600219016,South
MO,2024,Q1,0.10982295600219016,South
MT,2023,Q4,0.3093016431295885,Northern Rockies & Plains
MT,2024,Q1,0.3093016431295885,Northern Rockies & Plains
NE,2023,Q4,0.20943058495790512,Northern Rockies & Plains
NE,2024,Q1,0.20943058495790512,Northern Rockies & Plains
NV,2023,Q4,0.20129415021376074,Southwest
NV,2024,Q1,0.20129415021376074,Southwest
NH,2023,Q4,0.2928932188134524,Northeast
NH,2024,Q1,0.2928932188134524,Northeast
NJ,2023,Q4,0.15080455865361253,Northeast
NJ,2024,Q1,0.15080455865361253,Northeast
NM,2023,Q4,0.1674921580365185,Southwest
NM,2024,Q1,0.1674921580365185,Southwest
NY,2023,Q4,0.24604476216960303,Northeast
NY,2024,Q1,0.24604476216960303,Northeast
NC,2023,Q4,0.14517802623774256,Southeast
NC,2024,Q1,0.14517802623774256,Southeast
ND,2023,Q4,,Northern Rockies & Plains
ND,2024,Q1,,Northern Rockies & Plains
OH,2023,Q4,0.19937180987571945,Ohio Valley
OH,2024,Q1,0.19937180987571945,Ohio Valley
OK,2023,Q4,0.13008232759831995,South
OK,2024,Q1,0.13008232759831995,South
OR,2023,Q4,0.3044922577549718,Northwest
OR,2024,Q1,0.3044922577549718,Northwest
PA,2023,Q4,0.19937382137209125,Northeast
PA,2024,Q1,0.19937382137209125,Northeast
RI,2023,Q4,0.1339745962155614,Northeast
RI,2024,Q1,0.1339745962155614,Northeast
SC,2023,Q4,0.23997384811258304,Southeast
SC,2024,Q1,0.23997384811258304,Southeast
SD,2023,Q4,,Northern Rockies & Plains
SD,2024,Q1,,Northern Rockies & Plains
TN,2023,Q4,0.22403114780651923,Southeast
TN,2024,Q1,0.22403114780651923,Southeast
TX,2023,Q4,0.19767882560954475,South
TX,2024,Q1,0.19767882560954475,South
UT,2023,Q4,0.39228445649450283,Southwest
UT,2024,Q1,0.39228445649450283,Southwest
VT,2023,Q4,0.14612259179547626,Northeast
VT,2024,Q1,0.14612259179547626,Northeast
VA,2023,Q4,0.1297749333266326,Southeast
VA,2024,Q1,0.1297749333266326,Southeast
WA,2023,Q4,0.21943907200088442,Northwest
WA,2024,Q1,0.21943907200088442,Northwest
WV,2023,Q4,0.23623738417402673,Ohio Valley
WV,2024,Q1,0.23623738417402673,Ohio Valley
WI,2023,Q4,0.11233313786604604,Upper Midwest
WI,2024,Q1,0.11233313786604604,Upper Midwest
WY,2023,Q4,0.511602508102526,Northern Rockies & Plains
WY,2024,Q1,0.511602508102526,Northern Rockies & Plains
MSO,2023,Q4,0.22989810189455273,
MSO,2024,Q1,0.22989810189455273,
