sample_year,sample_month_number,state_code,sample_quarter,mean_varroa,varroa_total_samples,mean_spores,spores_total_samples,abpv_prevalence,abpv_total_samples,cbpv_prevalence,cbpv_total_samples,dwv_prevalence,dwv_total_samples,iapv_prevalence,iapv_total_samples,kbv_prevalence,kbv_total_samples,lsv2_prevalence,lsv2_total_samples,unique_counties_sampled
2015,1,CA,Q1,0.8406250000000001,16,2.496875,16,0.375,16,0.1875,16,0.875,16,0.25,16,0.1875,16,0.8125,16,5
2015,1,FL,Q1,0.372,5,0.12,5,0.2,5,0.2,5,0.8,5,0.0,5,0.0,5,0.6,5,4
2015,1,TX,Q1,0.0,2,0.0,2,0.0,2,0.0,2,0.0,2,0.0,2,0.5,2,1.0,2,1
2015,2,CA,Q1,0.0,1,1.15,1,0.0,1,0.0,1,1.0,1,0.0,1,0.0,1,1.0,1,1
2015,2,GU,Q1,0.19,2,1.075,2,,0,,0,,0,,0,,0,,0,0
2015,2,HI,Q1,0.5599999999999999,3,0.08333333333333333,3,0.0,3,0.0,3,0.3333333333333333,3,0.0,3,0.0,3,0.0,3,2
2015,2,TX,Q1,2.74,2,0.55,2,0.0,2,0.0,2,1.0,2,0.0,2,0.0,2,0.5,2,2
2015,3,GU,Q1,0.0,1,3.85,1,,0,,0,,0,,0,,0,,0,0
2015,3,HI,Q1,1.24,3,1.2666666666666666,3,0.3333333333333333,3,0.3333333333333333,3,0.6666666666666666,3,0.3333333333333333,3,0.0,3,0.0,3,1
2015,3,TX,Q1,1.35,1,0.0,1,0.0,1,0.0,1,1.0,1,0.0,1,0.0,1,0.0,1,1
2015,3,UT,Q1,0.5,1,0.0,1,0.0,1,0.0,1,0.0,1,0.0,1,0.0,1,1.0,1,1
2015,4,AL,Q2,1.8833333333333335,3,0.26666666666666666,3,0.0,3,0.3333333333333333,3,0.6666666666666666,3,0.0,3,0.0,3,1.0,3,3
2015,4,CA,Q2,0.8990909090909092,11,0.2,11,0.09090909090909091,11,0.2727272727272727,11,0.7272727272727273,11,0.18181818181818182,11,0.09090909090909091,11,0.7272727272727273,11,5
2015,4,GU,Q2,0.25833333333333336,6,1.491666666666667,6,,0,,0,,0,,0,,0,,0,1
2015,4,HI,Q2,5.85,1,0.0,1,0.0,1,0.0,1,1.0,1,0.0,1,0.0,1,0.0,1,1
2015,4,TX,Q2,1.53,2,1.7249999999999999,2,0.0,2,0.5,2,1.0,2,0.5,2,0.0,2,1.0,2,2
2015,4,UT,Q2,0.07,2,0.25,2,0.0,2,0.0,2,0.0,2,0.5,2,0.0,2,1.0,2,2
2015,5,AL,Q2,3.63,1,0.2,1,0.0,1,0.0,1,1.0,1,0.0,1,0.0,1,0.0,1,1
2015,5,AR,Q2,2.388333333333333,6,0.0,6,0.0,5,0.0,5,0.6,5,0.0,5,0.0,5,0.2,5,6
2015,5,CT,Q2,0.0,1,5.9,1,0.0,1,0.0,1,1.0,1,0.0,1,0.0,1,1.0,1,1
2015,5,MT,Q2,0.7285714285714285,7,0.20714285714285713,7,0.0,7,0.14285714285714285,7,0.8571428571428571,7,0.2857142857142857,7,0.0,7,0.7142857142857143,7,4
2015,5,PR,Q2,7.2281249999999995,16,0.253125,16,0.625,16,0.0,16,1.0,16,0.0,16,0.0,16,0.5,16,11
2015,5,TN,Q2,2.6,1,0.0,1,0.0,1,0.0,1,1.0,1,0.0,1,0.0,1,0.0,1,0
2015,5,TX,Q2,0.9233333333333333,3,0.09999999999999999,3,0.6666666666666666,3,0.0,3,0.6666666666666666,3,0.6666666666666666,3,0.3333333333333333,3,0.3333333333333333,3,2
2015,5,UT,Q2,0.08,2,0.22499999999999998,2,0.0,2,0.5,2,1.0,2,0.0,2,0.0,2,1.0,2,2
2015,5,VA,Q2,3.33,1,0.0,1,0.0,1,0.0,1,1.0,1,0.0,1,0.0,1,1.0,1,1
2015,6,AL,Q2,2.382727272727273,11,0.10454545454545455,11,0.0,11,0.18181818181818182,11,0.8181818181818182,11,0.09090909090909091,11,0.09090909090909091,11,0.36363636363636365,11,9
2015,6,AR,Q2,2.4080000000000004,5,0.030000000000000006,5,0.0,3,0.3333333333333333,3,0.6666666666666666,3,0.0,3,0.0,3,0.6666666666666666,3,5
2015,6,CT,Q2,0.78,1,0.45,1,0.0,1,0.0,1,1.0,1,0.0,1,0.0,1,0.0,1,1
2015,6,GU,Q2,0.0,1,4.15,1,,0,,0,,0,,0,,0,,0,1
2015,6,HI,Q2,0.0,2,0.0,2,0.5,2,0.0,2,0.0,2,0.0,2,0.0,2,0.0,2,1
2015,6,IA,Q2,0.35,1,0.35,1,0.0,1,0.0,1,1.0,1,1.0,1,1.0,1,1.0,1,1
2015,6,ID,Q2,2.59,1,0.0,1,0.0,1,0.0,1,1.0,1,0.0,1,0.0,1,0.0,1,1
2015,6,IN,Q2,0.23,1,0.2,1,0.0,1,0.0,1,1.0,1,0.0,1,0.0,1,0.0,1,1
2015,6,MI,Q2,1.02,3,0.16666666666666666,3,0.0,3,0.0,3,1.0,3,0.6666666666666666,3,0.0,3,1.0,3,2
2015,6,MN,Q2,0.868,10,0.16,10,0.0,10,0.0,10,0.6,10,0.8,10,0.2,10,0.6,10,9
2015,6,MT,Q2,0.8618181818181818,11,0.2791666666666666,12,0.0,12,0.0,12,0.75,12,0.16666666666666666,12,0.0,12,0.5833333333333334,12,9
2015,6,NJ,Q2,1.4166666666666667,3,0.6166666666666667,3,0.0,3,0.0,3,0.6666666666666666,3,0.0,3,0.0,3,0.3333333333333333,3,1
2015,6,NY,Q2,1.6527777777777777,18,0.375,18,0.0,17,0.17647058823529413,17,0.9411764705882353,17,0.11764705882352941,17,0.058823529411764705,17,0.7058823529411765,17,14
2015,6,PA,Q2,1.1666666666666667,6,0.15,6,0.0,6,0.0,6,0.5,6,0.16666666666666666,6,0.0,6,0.6666666666666666,6,5
2015,6,PR,Q2,5.56625,8,0.3,8,0.25,8,0.0,8,1.0,8,0.0,8,0.0,8,0.5,8,8
2015,6,SC,Q2,2.17,4,0.0,4,0.0,4,0.0,4,1.0,4,0.25,4,0.25,4,0.25,4,1
2015,6,SD,Q2,0.6633333333333333,9,1.7555555555555555,9,0.3333333333333333,9,0.0,9,0.5555555555555556,9,0.5555555555555556,9,0.0,9,0.7777777777777778,9,6
2015,6,TN,Q2,3.362142857142857,14,0.06785714285714285,14,0.0,14,0.21428571428571427,14,0.7857142857142857,14,0.21428571428571427,14,0.14285714285714285,14,0.35714285714285715,14,0
2015,6,TX,Q2,3.05,1,0.15,1,0.0,1,0.0,1,1.0,1,0.0,1,0.0,1,0.0,1,1
2015,6,UT,Q2,1.1641666666666666,12,0.03333333333333333,12,0.08333333333333333,12,0.25,12,0.6666666666666666,12,0.5,12,0.25,12,0.4166666666666667,12,7
2015,6,VA,Q2,0.185,2,0.15,2,0.0,2,0.0,2,1.0,2,0.0,2,0.0,2,0.0,2,1
2015,6,VT,Q2,5.4350000000000005,2,0.775,2,0.0,2,0.5,2,1.0,2,0.0,2,0.0,2,1.0,2,2
2015,6,WI,Q2,2.08375,8,0.1375,8,0.375,8,0.125,8,0.75,8,0.375,8,0.0,8,0.375,8,6
2015,7,AR,Q3,3.4716666666666662,6,0.008333333333333333,6,0.5,6,0.0,6,1.0,6,0.0,6,0.0,6,0.3333333333333333,6,5
2015,7,CT,Q3,2.6347058823529412,17,0.15,17,0.0,17,0.11764705882352941,17,0.7647058823529411,17,0.0,17,0.0,17,0.17647058823529413,17,8
2015,7,HI,Q3,0.0,3,0.016666666666666666,3,0.6666666666666666,3,0.0,3,0.0,3,0.0,3,0.0,3,0.0,3,2
2015,7,IA,Q3,2.3200000000000003,4,0.0,4,0.0,4,0.25,4,0.5,4,0.5,4,0.25,4,0.0,4,2
2015,7,ID,Q3,1.72,8,0.0,8,0.375,8,0.0,8,0.875,8,0.0,8,0.0,8,0.0,8,6
2015,7,IL,Q3,2.1875,8,0.00625,8,0.125,8,0.125,8,1.0,8,0.125,8,0.0,8,0.0,8,8
2015,7,IN,Q3,4.51,2,0.0,2,1.0,1,0.0,1,1.0,1,0.0,1,0.0,1,0.0,1,2
2015,7,KY,Q3,1.03,1,0.15,1,1.0,1,0.0,1,0.0,1,0.0,1,0.0,1,0.0,1,1
2015,7,MI,Q3,0.21,1,0.0,1,0.0,1,0.0,1,1.0,1,1.0,1,1.0,1,1.0,1,1
2015,7,NJ,Q3,1.87,3,0.35000000000000003,3,0.0,3,0.0,3,1.0,3,0.3333333333333333,3,0.0,3,0.3333333333333333,3,3
2015,7,NM,Q3,6.52,1,0.25,1,0.0,1,0.0,1,1.0,1,0.0,1,0.0,1,0.0,1,1
2015,7,NY,Q3,2.0916666666666663,6,0.075,6,0.16666666666666666,6,0.0,6,0.8333333333333334,6,0.16666666666666666,6,0.0,6,0.6666666666666666,6,6
2015,7,OH,Q3,3.1142857142857143,7,0.07857142857142858,7,0.0,7,0.2857142857142857,7,1.0,7,0.2857142857142857,7,0.0,7,0.14285714285714285,7,6
2015,7,PA,Q3,1.846,5,0.0,5,0.0,5,0.0,5,0.6,5,0.4,5,0.0,5,0.6,5,4
2015,7,SD,Q3,11.09,1,2.9,1,1.0,1,0.0,1,1.0,1,0.0,1,0.0,1,1.0,1,1
2015,7,TX,Q3,3.68,1,0.0,1,0.0,1,1.0,1,1.0,1,0.0,1,0.0,1,1.0,1,1
2015,7,UT,Q3,5.4,2,0.0,2,0.0,2,0.0,2,1.0,2,1.0,2,1.0,2,0.5,2,2
2015,7,VA,Q3,5.493333333333333,3,0.2833333333333333,3,0.0,3,0.0,3,1.0,3,0.3333333333333333,3,0.0,3,0.6666666666666666,3,3
2015,7,VT,Q3,2.2227272727272727,11,0.15,11,0.0,11,0.09090909090909091,11,0.7272727272727273,11,0.09090909090909091,11,0.0,11,0.2727272727272727,11,3
2015,7,WI,Q3,2.9974999999999996,4,0.5875,4,0.25,4,0.25,4,1.0,4,0.0,4,0.0,4,0.75,4,4
2015,7,WV,Q3,4.317,10,0.015000000000000003,10,0.1,10,0.1,10,1.0,10,0.1,10,0.0,10,0.3,10,9
2015,8,AR,Q3,2.723333333333333,3,0.0,3,0.3333333333333333,3,0.3333333333333333,3,1.0,3,0.0,3,0.0,3,0.3333333333333333,3,3
2015,8,CT,Q3,1.2879999999999998,5,0.07,5,0.0,4,0.0,4,1.0,4,0.0,4,0.0,4,0.5,4,4
2015,8,FL,Q3,1.26,1,0.0,1,,0,,0,,0,,0,,0,,0,1
2015,8,GA,Q3,1.0970588235294116,17,0.10588235294117646,17,0.125,16,0.125,16,1.0,16,0.0625,16,0.0,16,0.0625,16,11
2015,8,HI,Q3,3.9933333333333336,3,0.4666666666666666,3,0.5,2,0.0,2,1.0,2,0.0,2,0.0,2,0.0,2,3
2015,8,ID,Q3,5.507000000000001,10,0.019999999999999997,10,0.1,10,0.2,10,1.0,10,0.2,10,0.0,10,0.2,10,8
2015,8,IL,Q3,4.9366666666666665,15,0.06999999999999999,15,0.42857142857142855,14,0.14285714285714285,14,1.0,14,0.42857142857142855,14,0.07142857142857142,14,0.21428571428571427,14,14
2015,8,IN,Q3,5.696666666666666,3,0.09999999999999999,3,0.3333333333333333,3,0.0,3,1.0,3,0.3333333333333333,3,0.0,3,0.0,3,3
2015,8,KY,Q3,1.23,1,0.0,1,0.0,1,0.0,1,0.0,1,0.0,1,0.0,1,1.0,1,1
2015,8,MT,Q3,5.0200000000000005,10,0.025,10,0.1,10,0.1,10,0.9,10,0.2,10,0.1,10,0.5,10,7
2015,8,NC,Q3,3.9814285714285718,7,0.04285714285714286,7,0.16666666666666666,6,0.16666666666666666,6,1.0,6,0.16666666666666666,6,0.16666666666666666,6,0.5,6,7
2015,8,NJ,Q3,8.88,1,0.25,1,0.0,1,1.0,1,1.0,1,0.0,1,0.0,1,0.0,1,1
2015,8,NY,Q3,0.9,1,0.0,1,0.0,1,0.0,1,1.0,1,1.0,1,0.0,1,1.0,1,1
2015,8,OH,Q3,3.6358333333333337,12,0.029166666666666664,12,0.5833333333333334,12,0.0,12,1.0,12,0.25,12,0.08333333333333333,12,0.08333333333333333,12,11
2015,8,PA,Q3,4.51,7,0.0,7,0.0,5,0.0,5,1.0,5,0.0,5,0.0,5,0.0,5,7
2015,8,SC,Q3,3.8533333333333335,3,0.05000000000000001,3,0.3333333333333333,3,0.0,3,1.0,3,0.3333333333333333,3,0.3333333333333333,3,0.3333333333333333,3,1
2015,8,SD,Q3,1.038,5,0.39,5,0.0,5,0.4,5,1.0,5,0.0,5,0.0,5,0.4,5,3
2015,8,UT,Q3,5.045,2,0.0,2,0.0,2,0.5,2,1.0,2,0.0,2,0.0,2,0.5,2,2
2015,8,VA,Q3,6.414999999999999,6,0.38333333333333336,6,0.16666666666666666,6,0.16666666666666666,6,1.0,6,0.0,6,0.0,6,0.3333333333333333,6,4
2015,8,VT,Q3,4.738181818181818,11,0.09545454545454546,11,0.0,11,0.36363636363636365,11,1.0,11,0.09090909090909091,11,0.0,11,0.2727272727272727,11,3
2015,8,WI,Q3,5.444999999999999,2,0.0,2,0.5,2,0.5,2,1.0,2,0.5,2,0.5,2,0.0,2,2
2015,8,WV,Q3,4.655454545454545,11,0.02727272727272727,11,0.09090909090909091,11,0.18181818181818182,11,0.9090909090909091,11,0.0,11,0.0,11,0.18181818181818182,11,11
2015,9,AL,Q3,4.143,10,0.09,10,0.125,8,0.0,8,1.0,8,0.0,8,0.125,8,0.375,8,8
2015,9,AR,Q3,5.326666666666667,3,0.06666666666666667,3,0.3333333333333333,3,0.0,3,0.6666666666666666,3,0.3333333333333333,3,0.0,3,0.3333333333333333,3,2
2015,9,FL,Q3,2.52,2,0.0,2,0.0,2,0.0,2,1.0,2,0.0,2,0.0,2,0.0,2,2
2015,9,GA,Q3,0.39666666666666667,3,0.0,3,0.3333333333333333,3,0.0,3,1.0,3,0.0,3,0.0,3,0.6666666666666666,3,3
2015,9,GU,Q3,0.0,5,1.01,5,,0,,0,,0,,0,,0,,0,3
2015,9,HI,Q3,4.195,2,0.05,2,0.0,2,0.0,2,1.0,2,0.0,2,0.0,2,0.0,2,2
2015,9,ID,Q3,2.2325,4,0.0,4,0.5,4,0.25,4,0.5,4,0.0,4,0.0,4,0.5,4,4
2015,9,IL,Q3,9.37,1,0.0,1,1.0,1,0.0,1,1.0,1,0.0,1,0.0,1,0.0,1,1
2015,9,IN,Q3,7.073888888888889,18,0.05555555555555555,18,0.35294117647058826,17,0.11764705882352941,17,1.0,17,0.17647058823529413,17,0.058823529411764705,17,0.35294117647058826,17,9
2015,9,KY,Q3,5.781666666666666,6,0.024999999999999998,6,0.3333333333333333,6,0.0,6,1.0,6,0.16666666666666666,6,0.0,6,0.8333333333333334,6,6
2015,9,MN,Q3,7.745,4,0.0375,4,0.5,4,0.25,4,1.0,4,0.5,4,0.25,4,0.25,4,3
2015,9,MT,Q3,10.6,1,0.0,1,0.0,1,1.0,1,1.0,1,0.0,1,0.0,1,0.0,1,1
2015,9,NC,Q3,5.9625,4,0.3875,4,0.0,4,0.0,4,1.0,4,0.0,4,0.0,4,0.25,4,3
2015,9,ND,Q3,0.77,8,0.00625,8,0.0,9,0.0,9,0.7777777777777778,9,0.2222222222222222,9,0.3333333333333333,9,0.0,9,7
2015,9,NJ,Q3,4.356315789473684,19,0.22894736842105262,19,0.15789473684210525,19,0.10526315789473684,19,0.9473684210526315,19,0.21052631578947367,19,0.10526315789473684,19,0.05263157894736842,19,12
2015,9,NM,Q3,15.10625,8,0.03125,8,0.0,8,0.125,8,1.0,8,0.25,8,0.0,8,0.0,8,4
2015,9,OH,Q3,4.783333333333333,3,0.016666666666666666,3,0.6666666666666666,3,0.0,3,1.0,3,0.0,3,0.0,3,0.0,3,3
2015,9,PA,Q3,4.09,4,0.325,4,0.0,4,0.5,4,1.0,4,0.25,4,0.0,4,0.25,4,4
2015,9,SC,Q3,0.66,1,0.0,1,0.0,1,1.0,1,0.0,1,0.0,1,0.0,1,1.0,1,1
2015,9,SD,Q3,0.62,2,0.0,2,0.0,2,0.0,2,0.5,2,0.0,2,0.0,2,0.0,2,2
2015,9,TX,Q3,3.44,5,0.01,5,0.8,5,0.0,5,1.0,5,0.2,5,0.0,5,0.4,5,5
2015,9,UT,Q3,7.046666666666667,3,0.45,3,0.0,3,0.0,3,1.0,3,0.0,3,0.3333333333333333,3,0.0,3,2
2015,9,VA,Q3,5.586666666666666,3,0.4166666666666667,3,0.0,3,0.0,3,1.0,3,0.0,3,0.0,3,0.0,3,2
2015,9,WI,Q3,20.992857142857144,7,0.014285714285714287,7,0.2857142857142857,7,0.14285714285714285,7,1.0,7,0.42857142857142855,7,0.2857142857142857,7,0.14285714285714285,7,7
2015,9,WV,Q3,5.003333333333333,3,0.0,3,0.0,3,0.6666666666666666,3,1.0,3,0.3333333333333333,3,0.0,3,0.3333333333333333,3,3
2015,10,AL,Q4,9.085,2,0.0,2,0.0,2,0.0,2,1.0,2,0.0,2,0.0,2,0.5,2,2
2015,10,CA,Q4,1.95,15,0.11666666666666667,15,0.5333333333333333,15,0.0,15,0.9333333333333333,15,0.06666666666666667,15,0.06666666666666667,15,0.3333333333333333,15,3
2015,10,FL,Q4,6.38,6,0.21666666666666667,6,0.16666666666666666,6,0.0,6,1.0,6,0.16666666666666666,6,0.0,6,0.3333333333333333,6,4
2015,10,IA,Q4,7.4825,4,0.2875,4,0.0,4,0.0,4,0.75,4,0.0,4,0.0,4,0.0,4,4
2015,10,ID,Q4,1.69,1,0.0,1,1.0,1,0.0,1,1.0,1,0.0,1,0.0,1,0.0,1,1
2015,10,KY,Q4,4.28,4,0.037500000000000006,4,0.75,4,0.5,4,1.0,4,0.0,4,0.0,4,1.0,4,4
2015,10,MD,Q4,7.623333333333334,3,0.21666666666666667,3,0.3333333333333333,3,0.0,3,1.0,3,0.0,3,0.0,3,0.0,3,2
2015,10,MI,Q4,6.2,22,0.125,22,0.5909090909090909,22,0.2727272727272727,22,1.0,22,0.4090909090909091,22,0.3181818181818182,22,0.36363636363636365,22,15
2015,10,MN,Q4,13.23,4,0.05,4,0.5,4,0.25,4,1.0,4,0.75,4,0.25,4,0.25,4,3
2015,10,ND,Q4,,0,,0,0.0,1,0.0,1,1.0,1,0.0,1,0.0,1,1.0,1,1
2015,10,NJ,Q4,5.2625,4,0.0,4,1.0,4,0.25,4,1.0,4,0.25,4,0.0,4,0.0,4,3
2015,10,NM,Q4,14.52875,8,0.0,8,0.375,8,0.0,8,1.0,8,0.0,8,0.125,8,0.0,8,5
2015,10,OH,Q4,7.11,1,0.0,1,1.0,1,0.0,1,1.0,1,0.0,1,0.0,1,0.0,1,1
2015,10,PA,Q4,18.4,1,0.5,1,1.0,1,0.0,1,1.0,1,0.0,1,0.0,1,1.0,1,1
2015,10,SD,Q4,2.925,14,0.12142857142857143,14,0.5384615384615384,13,0.07692307692307693,13,1.0,13,0.23076923076923078,13,0.07692307692307693,13,0.15384615384615385,13,9
2015,10,TX,Q4,1.91,1,0.0,1,0.0,1,0.0,1,1.0,1,0.0,1,0.0,1,0.0,1,1
2015,10,VA,Q4,6.848571428571428,7,0.14285714285714285,7,0.14285714285714285,7,0.14285714285714285,7,1.0,7,0.0,7,0.14285714285714285,7,0.14285714285714285,7,6
2015,10,WI,Q4,13.555,2,0.30000000000000004,2,0.5,2,0.0,2,1.0,2,0.5,2,0.5,2,0.5,2,2
2015,11,FL,Q4,10.696666666666665,3,0.09999999999999999,3,1.0,2,0.0,2,1.0,2,0.5,2,0.0,2,0.5,2,3
2015,11,GA,Q4,7.89,1,0.0,1,0.0,1,0.0,1,1.0,1,0.0,1,0.0,1,0.0,1,1
2015,11,HI,Q4,0.0,4,0.5625,4,0.5,4,0.0,4,0.0,4,0.0,4,0.25,4,0.25,4,1
2015,11,MI,Q4,1.45,1,0.45,1,0.0,1,0.0,1,1.0,1,0.0,1,0.0,1,1.0,1,1
2015,11,NM,Q4,8.185714285714287,7,0.0,7,0.0,7,0.0,7,1.0,7,0.0,7,0.0,7,0.14285714285714285,7,3
2015,11,SD,Q4,11.96,1,0.0,1,1.0,1,0.0,1,1.0,1,1.0,1,1.0,1,1.0,1,1
2015,11,TX,Q4,0.195,2,0.05,2,0.0,1,0.0,1,1.0,1,0.0,1,0.0,1,0.0,1,2
2015,11,VA,Q4,0.95,2,0.0,2,1.0,2,0.0,2,1.0,2,0.5,2,0.5,2,0.0,2,2
2015,12,FL,Q4,5.329999999999999,3,0.6,3,0.6666666666666666,3,0.0,3,0.6666666666666666,3,0.0,3,0.0,3,0.0,3,3
2015,12,TX,Q4,0.0,2,0.025,2,0.0,2,0.0,2,1.0,2,0.0,2,0.0,2,0.5,2,1
2016,1,FL,Q1,5.154999999999999,2,1.45,2,1.0,2,0.0,2,1.0,2,0.5,2,0.5,2,0.5,2,2
2016,1,HI,Q1,3.43,2,0.025,2,1.0,2,0.0,2,0.5,2,0.0,2,0.0,2,0.0,2,2
2016,1,SC,Q1,0.45,2,0.1,2,0.0,2,0.5,2,1.0,2,0.0,2,0.0,2,1.0,2,1
2016,1,TX,Q1,4.68,1,0.0,1,1.0,1,0.0,1,1.0,1,1.0,1,0.0,1,0.0,1,1
2016,2,CA,Q1,0.4853846153846154,13,0.6230769230769231,13,0.15384615384615385,13,0.15384615384615385,13,0.8461538461538461,13,0.07692307692307693,13,0.0,13,1.0,13,6
2016,2,FL,Q1,6.265000000000001,4,0.32499999999999996,4,0.75,4,0.25,4,1.0,4,0.25,4,0.0,4,0.5,4,3
2016,2,HI,Q1,0.23,4,2.2,4,0.0,2,0.0,2,0.5,2,0.0,2,0.0,2,0.0,2,2
2016,2,KY,Q1,5.06,1,0.0,1,,0,,0,,0,,0,,0,,0,1
2016,2,TX,Q1,6.74,1,0.65,1,0.0,1,0.0,1,1.0,1,1.0,1,0.0,1,0.0,1,1
2016,3,AL,Q1,2.0020000000000002,5,0.030000000000000006,5,0.0,4,0.0,4,1.0,4,0.25,4,0.0,4,0.5,4,5
2016,3,FL,Q1,5.615,2,0.2,2,0.0,2,0.0,2,1.0,2,0.0,2,0.0,2,0.5,2,2
2016,3,HI,Q1,0.62,7,0.05714285714285715,7,0.5,4,0.0,4,0.75,4,0.0,4,0.0,4,0.0,4,2
2016,3,KY,Q1,1.205,2,0.0,2,0.0,2,0.0,2,1.0,2,0.0,2,0.0,2,0.5,2,2
2016,3,MD,Q1,0.95,1,0.25,1,0.0,1,0.0,1,1.0,1,0.0,1,0.0,1,0.0,1,1
2016,3,MS,Q1,2.0725,4,0.0125,4,0.25,4,0.25,4,0.5,4,0.0,4,0.0,4,0.25,4,4
2016,3,OR,Q1,1.6733333333333331,3,2.533333333333333,3,0.3333333333333333,3,1.0,3,1.0,3,0.3333333333333333,3,0.0,3,1.0,3,1
2016,3,SC,Q1,4.2325,4,0.3,4,0.0,4,0.25,4,0.75,4,0.0,4,0.0,4,0.25,4,4
2016,3,TX,Q1,3.14,3,0.19999999999999998,3,0.3333333333333333,3,0.3333333333333333,3,0.6666666666666666,3,1.0,3,0.0,3,0.3333333333333333,3,3
2016,3,VA,Q1,0.2,1,0.0,1,0.0,1,0.0,1,1.0,1,0.0,1,0.0,1,0.0,1,1
2016,4,AL,Q2,1.6157142857142859,7,0.19285714285714287,7,0.0,7,0.2857142857142857,7,0.5714285714285714,7,0.14285714285714285,7,0.0,7,0.5714285714285714,7,7
2016,4,CA,Q2,0.2675,4,0.41250000000000003,4,0.0,4,0.0,4,0.75,4,0.25,4,0.0,4,0.5,4,3
2016,4,GA,Q2,3.103333333333333,3,0.9499999999999998,3,0.0,3,0.0,3,1.0,3,0.3333333333333333,3,0.0,3,0.3333333333333333,3,2
2016,4,HI,Q2,0.7549999999999999,8,1.05,8,0.5,4,0.25,4,0.75,4,0.0,4,0.0,4,0.0,4,3
2016,4,KY,Q2,2.1166666666666667,3,0.08333333333333333,3,0.0,3,0.3333333333333333,3,1.0,3,0.0,3,0.0,3,0.3333333333333333,3,3
2016,4,MS,Q2,4.225,2,0.025,2,0.0,2,0.0,2,1.0,2,0.0,2,0.0,2,0.0,2,2
2016,4,NC,Q2,0.62,1,4.25,1,0.0,1,0.0,1,1.0,1,0.0,1,0.0,1,1.0,1,1
2016,4,OR,Q2,0.3833333333333333,6,1.5083333333333335,6,0.16666666666666666,6,0.0,6,0.6666666666666666,6,0.5,6,0.0,6,0.8333333333333334,6,6
2016,4,PA,Q2,0.0,1,0.25,1,0.0,1,0.0,1,1.0,1,0.0,1,0.0,1,1.0,1,1
2016,4,SC,Q2,2.543,10,0.255,10,0.0,10,0.2,10,1.0,10,0.3,10,0.0,10,0.8,10,6
2016,4,TX,Q2,0.945,2,0.35,2,0.0,2,0.0,2,1.0,2,0.5,2,0.5,2,1.0,2,2
2016,4,UT,Q2,0.79,6,0.19166666666666668,6,0.0,6,0.3333333333333333,6,0.8333333333333334,6,0.16666666666666666,6,0.0,6,0.6666666666666666,6,2
2016,4,VA,Q2,2.5,6,0.05000000000000001,6,0.16666666666666666,6,0.0,6,1.0,6,0.16666666666666666,6,0.16666666666666666,6,0.16666666666666666,6,4
2016,5,CA,Q2,0.20333333333333334,3,0.8166666666666668,3,0.3333333333333333,3,0.6666666666666666,3,0.3333333333333333,3,0.0,3,0.0,3,0.3333333333333333,3,2
2016,5,HI,Q2,0.34,2,0.95,2,0.0,2,0.0,2,0.5,2,0.0,2,0.0,2,0.0,2,2
2016,5,KY,Q2,4.57,3,0.016666666666666666,3,0.0,3,0.0,3,1.0,3,0.0,3,0.0,3,0.6666666666666666,3,3
2016,5,MD,Q2,2.5366666666666666,3,0.11666666666666665,3,0.0,3,0.3333333333333333,3,0.6666666666666666,3,0.3333333333333333,3,0.0,3,0.3333333333333333,3,1
2016,5,MN,Q2,1.1783333333333335,6,0.2833333333333333,6,0.16666666666666666,6,0.0,6,1.0,6,0.6666666666666666,6,0.0,6,0.6666666666666666,6,6
2016,5,MS,Q2,3.5460000000000003,5,0.18,5,0.0,5,0.0,5,0.8,5,0.0,5,0.0,5,0.4,5,3
2016,5,PA,Q2,0.16,1,7.9,1,0.0,1,0.0,1,0.0,1,0.0,1,0.0,1,0.0,1,1
2016,5,PR,Q2,6.753888888888889,18,0.10277777777777779,18,0.7777777777777778,18,0.0,18,1.0,18,0.0,18,0.0,18,0.5,18,15
2016,5,TN,Q2,3.0159999999999996,15,0.02,15,0.06666666666666667,15,0.26666666666666666,15,0.9333333333333333,15,0.06666666666666667,15,0.06666666666666667,15,0.4666666666666667,15,14
2016,5,TX,Q2,1.376,5,0.3,5,0.2,5,0.2,5,0.6,5,0.0,5,0.0,5,0.8,5,4
2016,5,UT,Q2,1.7200000000000002,2,0.225,2,0.0,1,1.0,1,1.0,1,1.0,1,0.0,1,1.0,1,2
2016,5,VA,Q2,4.042,5,0.02,5,0.0,5,0.2,5,0.8,5,0.4,5,0.2,5,0.4,5,5
2016,5,WA,Q2,1.3476923076923077,13,0.6846153846153846,13,0.15384615384615385,13,0.15384615384615385,13,0.9230769230769231,13,0.3076923076923077,13,0.15384615384615385,13,0.6923076923076923,13,7
2016,6,CA,Q2,1.03,2,1.1,2,1.0,2,0.5,2,1.0,2,0.0,2,0.0,2,1.0,2,2
2016,6,CO,Q2,1.37,4,0.675,4,0.5,4,0.0,4,0.5,4,0.25,4,0.0,4,0.25,4,3
2016,6,CT,Q2,0.615,4,0.0625,4,0.0,4,0.25,4,1.0,4,0.0,4,0.0,4,0.25,4,2
2016,6,DE,Q2,2.1033333333333335,3,0.0,3,0.6666666666666666,3,0.0,3,1.0,3,0.0,3,0.0,3,0.3333333333333333,3,3
2016,6,HI,Q2,5.045,2,2.125,2,0.5,2,0.0,2,1.0,2,0.5,2,0.0,2,0.0,2,2
2016,6,IA,Q2,2.417333333333333,15,0.24000000000000002,15,0.06666666666666667,15,0.26666666666666666,15,1.0,15,0.4,15,0.13333333333333333,15,0.5333333333333333,15,11
2016,6,ID,Q2,0.85,7,0.22142857142857145,7,0.0,7,0.14285714285714285,7,0.7142857142857143,7,0.0,7,0.0,7,0.5714285714285714,7,7
2016,6,IL,Q2,1.14,1,0.0,1,1.0,1,0.0,1,1.0,1,1.0,1,1.0,1,1.0,1,1
2016,6,KY,Q2,1.9799999999999998,3,0.0,3,0.3333333333333333,3,0.3333333333333333,3,0.6666666666666666,3,0.3333333333333333,3,0.0,3,0.6666666666666666,3,3
2016,6,LA,Q2,2.06,1,0.35,1,0.0,1,0.0,1,0.0,1,0.0,1,0.0,1,0.0,1,1
2016,6,MD,Q2,0.978,5,0.01,5,0.2,5,0.2,5,1.0,5,0.2,5,0.0,5,0.6,5,3
2016,6,MN,Q2,1.2790000000000001,10,0.29500000000000004,10,0.0,10,0.2,10,0.9,10,0.3,10,0.2,10,0.8,10,8
2016,6,MS,Q2,1.02,1,3.05,1,0.0,1,0.0,1,1.0,1,0.0,1,1.0,1,0.0,1,1
2016,6,MT,Q2,0.762,10,0.315,10,0.0,10,0.2,10,0.8,10,0.6,10,0.1,10,0.7,10,6
2016,6,NC,Q2,4.895,2,0.05,2,0.0,2,0.0,2,1.0,2,0.0,2,0.0,2,0.0,2,1
2016,6,ND,Q2,0.45,5,0.9,5,0.0,5,0.2,5,0.8,5,0.2,5,0.0,5,0.6,5,4
2016,6,NE,Q2,2.1942857142857144,7,0.014285714285714287,7,0.7142857142857143,7,0.2857142857142857,7,0.8571428571428571,7,0.2857142857142857,7,0.14285714285714285,7,0.42857142857142855,7,3
2016,6,NY,Q2,2.6887499999999998,16,0.24062499999999998,16,0.0625,16,0.1875,16,0.9375,16,0.25,16,0.0,16,0.4375,16,13
2016,6,OH,Q2,3.69,1,0.0,1,1.0,1,0.0,1,1.0,1,1.0,1,1.0,1,1.0,1,1
2016,6,OR,Q2,0.5780000000000001,5,0.030000000000000006,5,0.2,5,0.0,5,0.6,5,0.0,5,0.0,5,1.0,5,5
2016,6,PA,Q2,1.386,5,0.18,5,0.0,5,0.0,5,1.0,5,0.0,5,0.0,5,0.2,5,4
2016,6,PR,Q2,4.42,6,0.43333333333333335,6,0.6666666666666666,6,0.0,6,1.0,6,0.0,6,0.0,6,0.5,6,6
2016,6,TN,Q2,1.68,6,0.0,6,0.0,6,0.3333333333333333,6,1.0,6,0.0,6,0.0,6,0.3333333333333333,6,6
2016,6,TX,Q2,1.165,2,0.075,2,0.0,2,0.0,2,1.0,2,0.0,2,0.0,2,0.5,2,2
2016,6,UT,Q2,0.8869999999999999,10,0.20500000000000002,10,0.1,10,0.0,10,0.7,10,0.5,10,0.3,10,0.3,10,5
2016,6,VT,Q2,2.1666666666666665,3,0.35000000000000003,3,0.0,3,0.0,3,1.0,3,0.0,3,0.0,3,0.3333333333333333,3,1
2016,6,WA,Q2,5.235714285714286,7,0.12142857142857143,7,0.14285714285714285,7,0.2857142857142857,7,1.0,7,0.14285714285714285,7,0.0,7,0.42857142857142855,7,2
2016,6,WI,Q2,3.0785714285714287,7,0.014285714285714287,7,0.14285714285714285,7,0.0,7,1.0,7,0.14285714285714285,7,0.0,7,0.5714285714285714,7,5
2016,6,WV,Q2,0.37,1,0.0,1,0.0,1,0.0,1,1.0,1,0.0,1,0.0,1,0.0,1,1
2016,7,AL,Q3,5.37,1,0.05,1,0.0,1,0.0,1,1.0,1,0.0,1,1.0,1,0.0,1,1
2016,7,CA,Q3,0.765,2,0.0,2,0.5,2,1.0,2,1.0,2,0.0,2,0.0,2,0.5,2,2
2016,7,CO,Q3,1.3666666666666667,9,0.027777777777777776,9,0.1111111111111111,9,0.1111111111111111,9,0.7777777777777778,9,0.1111111111111111,9,0.0,9,0.2222222222222222,9,7
2016,7,CT,Q3,1.0933333333333335,3,0.06666666666666667,3,0.3333333333333333,3,0.0,3,0.6666666666666666,3,0.0,3,0.0,3,0.0,3,2
2016,7,DE,Q3,0.34142857142857147,7,0.1,7,0.5714285714285714,7,0.14285714285714285,7,0.7142857142857143,7,0.14285714285714285,7,0.0,7,0.7142857142857143,7,3
2016,7,HI,Q3,2.685,2,0.85,2,1.0,2,0.5,2,1.0,2,0.5,2,0.5,2,0.0,2,1
2016,7,ID,Q3,1.2485714285714287,7,0.0,7,0.14285714285714285,7,0.0,7,0.5714285714285714,7,0.14285714285714285,7,0.0,7,0.14285714285714285,7,5
2016,7,IL,Q3,3.6750000000000003,6,0.20833333333333334,6,0.16666666666666666,6,0.16666666666666666,6,1.0,6,0.16666666666666666,6,0.0,6,0.3333333333333333,6,6
2016,7,KY,Q3,1.36,3,0.016666666666666666,3,0.6666666666666666,3,0.0,3,1.0,3,0.3333333333333333,3,0.0,3,0.6666666666666666,3,3
2016,7,LA,Q3,2.14,1,0.0,1,0.0,1,0.0,1,1.0,1,0.0,1,0.0,1,0.0,1,1
2016,7,MA,Q3,0.97,2,0.0,2,0.0,2,0.5,2,0.5,2,0.0,2,0.0,2,1.0,2,1
2016,7,MD,Q3,3.6233333333333335,3,0.35000000000000003,3,0.0,3,0.3333333333333333,3,1.0,3,0.0,3,0.0,3,0.3333333333333333,3,2
2016,7,MT,Q3,1.1033333333333333,12,0.07083333333333335,12,0.16666666666666666,12,0.25,12,0.6666666666666666,12,0.08333333333333333,12,0.0,12,0.6666666666666666,12,8
2016,7,ND,Q3,2.23,1,0.0,1,0.0,1,0.0,1,1.0,1,1.0,1,1.0,1,0.0,1,1
2016,7,NE,Q3,1.1658823529411766,17,0.05588235294117647,17,0.38461538461538464,13,0.0,13,0.7692307692307693,13,0.5384615384615384,13,0.23076923076923078,13,0.6153846153846154,13,7
2016,7,NY,Q3,2.6383333333333336,6,0.05000000000000001,6,0.16666666666666666,6,0.3333333333333333,6,1.0,6,0.3333333333333333,6,0.16666666666666666,6,0.16666666666666666,6,4
2016,7,OR,Q3,2.6900000000000004,2,0.05,2,0.5,2,0.0,2,1.0,2,0.0,2,0.0,2,0.0,2,2
2016,7,PA,Q3,0.7275,4,0.0125,4,0.25,4,0.0,4,0.25,4,0.0,4,0.0,4,0.5,4,4
2016,7,UT,Q3,0.75,1,0.0,1,0.0,1,0.0,1,0.0,1,0.0,1,0.0,1,0.0,1,1
2016,7,VT,Q3,3.513333333333333,3,0.7000000000000001,3,0.0,3,0.0,3,1.0,3,0.6666666666666666,3,0.0,3,0.3333333333333333,3,2
2016,7,WA,Q3,0.955,4,0.025,4,0.0,4,0.25,4,0.75,4,0.0,4,0.0,4,0.0,4,2
2016,7,WI,Q3,2.72,3,0.016666666666666666,3,0.3333333333333333,3,0.0,3,1.0,3,0.6666666666666666,3,0.0,3,0.3333333333333333,3,3
2016,7,WV,Q3,2.81,4,0.0,4,0.0,4,0.0,4,1.0,4,0.0,4,0.0,4,0.0,4,4
2016,8,AL,Q3,3.941111111111111,9,0.16111111111111112,9,0.2222222222222222,9,0.1111111111111111,9,0.8888888888888888,9,0.1111111111111111,9,0.0,9,0.1111111111111111,9,8
2016,8,CA,Q3,3.4159999999999995,5,0.39,5,0.0,3,0.0,3,1.0,3,0.0,3,0.0,3,0.3333333333333333,3,2
2016,8,CO,Q3,3.44,3,0.0,3,0.0,3,0.0,3,0.6666666666666666,3,0.3333333333333333,3,0.0,3,0.0,3,2
2016,8,CT,Q3,4.12,5,0.30999999999999994,5,0.0,4,0.0,4,1.0,4,0.0,4,0.25,4,0.25,4,3
2016,8,DE,Q3,3.203333333333333,6,0.18333333333333335,6,1.0,5,0.0,5,1.0,5,0.0,5,0.0,5,0.0,5,2
2016,8,GA,Q3,2.292222222222222,9,0.061111111111111116,9,0.4444444444444444,9,0.0,9,1.0,9,0.1111111111111111,9,0.0,9,0.1111111111111111,9,8
2016,8,HI,Q3,0.0,1,0.0,1,1.0,1,0.0,1,0.0,1,0.0,1,0.0,1,1.0,1,1
2016,8,ID,Q3,4.056,10,0.01,10,0.4,10,0.1,10,0.7,10,0.2,10,0.0,10,0.1,10,9
2016,8,IL,Q3,3.1525,12,0.04583333333333333,12,0.75,12,0.16666666666666666,12,0.8333333333333334,12,0.16666666666666666,12,0.08333333333333333,12,0.16666666666666666,12,12
2016,8,KY,Q3,1.355,2,0.0,2,0.0,2,0.5,2,0.5,2,0.0,2,0.0,2,0.0,2,2
2016,8,LA,Q3,6.23,2,0.225,2,0.5,2,0.0,2,1.0,2,0.0,2,0.0,2,0.0,2,2
2016,8,MA,Q3,2.876818181818182,22,0.04772727272727273,22,0.18181818181818182,22,0.045454545454545456,22,1.0,22,0.13636363636363635,22,0.0,22,0.18181818181818182,22,9
2016,8,MI,Q3,1.9400000000000002,2,0.0,2,0.0,2,0.5,2,0.5,2,0.0,2,0.0,2,0.5,2,2
2016,8,MT,Q3,5.542,10,0.045,10,0.1,10,0.0,10,1.0,10,0.3,10,0.0,10,0.4,10,8
2016,8,ND,Q3,3.4294736842105262,19,0.7404761904761905,21,0.23809523809523808,21,0.19047619047619047,21,1.0,21,0.3333333333333333,21,0.09523809523809523,21,0.19047619047619047,21,18
2016,8,NM,Q3,1.7585714285714285,7,0.14285714285714285,7,0.14285714285714285,7,0.14285714285714285,7,1.0,7,0.14285714285714285,7,0.0,7,0.0,7,5
2016,8,NY,Q3,1.42,1,0.0,1,0.0,1,0.0,1,1.0,1,0.0,1,0.0,1,0.0,1,1
2016,8,PA,Q3,2.3466666666666667,9,0.03333333333333333,9,0.4444444444444444,9,0.1111111111111111,9,1.0,9,0.0,9,0.0,9,0.1111111111111111,9,8
2016,8,SD,Q3,2.004285714285714,14,0.010714285714285714,14,0.42857142857142855,14,0.0,14,0.7857142857142857,14,0.07142857142857142,14,0.0,14,0.5,14,11
2016,8,UT,Q3,3.8025,4,0.0,4,0.0,4,0.0,4,0.75,4,0.5,4,0.25,4,0.5,4,2
2016,8,VA,Q3,7.99,1,0.0,1,0.0,1,0.0,1,1.0,1,0.0,1,0.0,1,0.0,1,1
2016,8,VT,Q3,3.894444444444444,9,0.03333333333333333,9,0.3333333333333333,9,0.0,9,1.0,9,0.3333333333333333,9,0.1111111111111111,9,0.2222222222222222,9,5
2016,8,WI,Q3,0.9225,4,0.3375,4,0.0,3,0.0,3,1.0,3,1.0,3,0.3333333333333333,3,0.3333333333333333,3,4
2016,8,WV,Q3,3.431111111111111,9,0.10555555555555557,9,0.5555555555555556,9,0.1111111111111111,9,0.7777777777777778,9,0.0,9,0.0,9,0.2222222222222222,9,8
2016,9,AL,Q3,4.33,5,0.15,5,0.0,5,0.4,5,1.0,5,0.0,5,0.0,5,0.0,5,5
2016,9,CO,Q3,8.785,2,0.0,2,0.5,2,0.5,2,1.0,2,0.0,2,0.0,2,0.5,2,2
2016,9,CT,Q3,4.28,4,0.175,4,0.25,4,0.0,4,1.0,4,0.0,4,0.0,4,0.0,4,4
2016,9,DE,Q3,3.1966666666666668,3,0.15,3,1.0,2,0.5,2,0.5,2,0.0,2,0.0,2,0.5,2,2
2016,9,GA,Q3,3.704444444444445,9,0.022222222222222223,9,0.1111111111111111,9,0.0,9,0.8888888888888888,9,0.1111111111111111,9,0.0,9,0.1111111111111111,9,7
2016,9,HI,Q3,2.2566666666666664,3,1.3499999999999999,3,0.6666666666666666,3,0.0,3,0.3333333333333333,3,0.0,3,0.0,3,0.0,3,2
2016,9,IA,Q3,15.18,1,0.0,1,1.0,1,0.0,1,1.0,1,0.0,1,0.0,1,0.0,1,1
2016,9,IL,Q3,1.8366666666666667,3,0.0,3,0.6666666666666666,3,0.0,3,1.0,3,0.0,3,0.0,3,0.3333333333333333,3,3
2016,9,IN,Q3,2.6375,8,0.06875,8,0.5,8,0.125,8,1.0,8,0.0,8,0.0,8,0.0,8,4
2016,9,KY,Q3,5.406666666666666,3,0.09999999999999999,3,0.6666666666666666,3,0.0,3,1.0,3,0.0,3,0.0,3,0.3333333333333333,3,3
2016,9,MD,Q3,6.19,1,0.05,1,0.0,1,0.0,1,1.0,1,1.0,1,1.0,1,0.0,1,1
2016,9,MN,Q3,9.81,2,0.0,2,1.0,2,1.0,2,1.0,2,0.5,2,0.0,2,0.0,2,2
2016,9,MT,Q3,1.53,1,0.0,1,0.0,1,0.0,1,1.0,1,0.0,1,0.0,1,0.0,1,1
2016,9,ND,Q3,0.285,2,0.05,2,0.0,2,0.0,2,1.0,2,0.0,2,0.0,2,1.0,2,2
2016,9,NJ,Q3,3.7646666666666664,15,0.16333333333333336,15,0.4666666666666667,15,0.06666666666666667,15,1.0,15,0.3333333333333333,15,0.13333333333333333,15,0.13333333333333333,15,9
2016,9,NM,Q3,1.29,6,0.0,6,0.0,6,0.0,6,1.0,6,0.16666666666666666,6,0.0,6,0.16666666666666666,6,3
2016,9,NV,Q3,1.9775,4,0.0,5,0.4,5,0.0,5,0.8,5,0.0,5,0.0,5,0.2,5,2
2016,9,PA,Q3,4.38,5,0.15,5,0.2,5,0.4,5,1.0,5,0.2,5,0.0,5,0.2,5,5
2016,9,SD,Q3,2.686,5,0.0,5,0.2,5,0.0,5,0.8,5,0.0,5,0.0,5,0.0,5,4
2016,9,UT,Q3,6.42,1,0.0,1,0.0,1,0.0,1,1.0,1,0.0,1,0.0,1,1.0,1,1
2016,9,VA,Q3,3.52,1,0.0,1,,0,,0,,0,,0,,0,,0,1
2016,9,VT,Q3,2.608888888888889,9,0.049999999999999996,9,0.75,8,0.375,8,0.875,8,0.125,8,0.0,8,0.375,8,2
2016,9,WI,Q3,6.255714285714285,7,0.05,7,0.5714285714285714,7,0.0,7,0.8571428571428571,7,0.14285714285714285,7,0.0,7,0.0,7,7
2016,9,WV,Q3,6.398571428571429,7,0.0071428571428571435,7,0.0,7,0.2857142857142857,7,1.0,7,0.0,7,0.0,7,0.14285714285714285,7,7
2016,10,CO,Q4,14.66,1,0.0,1,1.0,1,0.0,1,1.0,1,0.0,1,0.0,1,0.0,1,1
2016,10,CT,Q4,6.40125,8,0.1125,8,0.0,8,0.125,8,1.0,8,0.125,8,0.125,8,0.25,8,6
2016,10,DE,Q4,0.99,1,0.05,1,1.0,1,0.0,1,1.0,1,0.0,1,0.0,1,0.0,1,1
2016,10,GA,Q4,2.0733333333333333,3,0.09999999999999999,3,0.0,3,0.3333333333333333,3,1.0,3,0.0,3,0.0,3,0.3333333333333333,3,3
2016,10,GU,Q4,3.4050000000000002,4,0.05,4,,0,,0,,0,,0,,0,,0,2
2016,10,IA,Q4,2.1625,4,0.8125,4,0.6666666666666666,3,0.0,3,1.0,3,0.6666666666666666,3,0.6666666666666666,3,0.6666666666666666,3,4
2016,10,IN,Q4,16.0225,4,0.0625,4,1.0,4,0.25,4,1.0,4,0.0,4,0.0,4,0.25,4,4
2016,10,KY,Q4,6.15,4,0.0,4,0.75,4,0.0,4,1.0,4,0.0,4,0.0,4,0.25,4,4
2016,10,LA,Q4,5.683333333333334,6,0.2833333333333334,6,0.3333333333333333,6,0.16666666666666666,6,1.0,6,0.16666666666666666,6,0.0,6,0.3333333333333333,6,6
2016,10,MD,Q4,23.43,1,0.0,1,0.0,1,0.0,1,1.0,1,0.0,1,0.0,1,0.0,1,1
2016,10,MI,Q4,4.578,15,0.25666666666666665,15,0.7333333333333333,15,0.13333333333333333,15,1.0,15,0.4,15,0.13333333333333333,15,0.6666666666666666,15,10
2016,10,MN,Q4,7.234999999999999,4,0.15,4,1.0,4,0.0,4,1.0,4,0.25,4,0.25,4,0.25,4,4
2016,10,NC,Q4,0.75,1,0.4,1,0.0,1,0.0,1,1.0,1,0.0,1,0.0,1,0.0,1,1
2016,10,NJ,Q4,9.528888888888888,9,0.14444444444444446,9,0.625,8,0.25,8,1.0,8,0.125,8,0.0,8,0.0,8,7
2016,10,NM,Q4,5.918000000000001,5,0.02,5,0.0,5,0.4,5,1.0,5,0.2,5,0.0,5,0.0,5,5
2016,10,NV,Q4,3.20625,16,0.09375,16,0.625,16,0.0625,16,1.0,16,0.125,16,0.0625,16,0.25,16,5
2016,10,PA,Q4,11.04,1,0.45,1,1.0,1,1.0,1,1.0,1,0.0,1,0.0,1,1.0,1,1
2016,10,SD,Q4,6.505000000000001,4,0.0,4,0.25,4,0.5,4,0.75,4,0.25,4,0.0,4,0.25,4,4
2016,10,TX,Q4,3.32,3,0.0,3,0.3333333333333333,3,0.0,3,1.0,3,0.0,3,0.0,3,0.3333333333333333,3,3
2016,10,UT,Q4,12.44,2,0.0,2,1.0,2,0.0,2,1.0,2,0.5,2,0.0,2,0.0,2,1
2016,10,VA,Q4,12.86,1,0.0,1,0.0,1,1.0,1,1.0,1,0.0,1,0.0,1,0.0,1,1
2016,10,WI,Q4,2.223333333333333,3,0.016666666666666666,3,1.0,3,0.0,3,1.0,3,0.6666666666666666,3,0.0,3,0.3333333333333333,3,3
2016,10,WV,Q4,5.433333333333334,3,0.016666666666666666,3,0.6666666666666666,3,0.0,3,1.0,3,0.0,3,0.0,3,0.3333333333333333,3,3
2016,11,CA,Q4,0.17333333333333334,3,0.049999999999999996,3,0.0,3,0.0,3,0.6666666666666666,3,0.0,3,0.0,3,0.6666666666666666,3,1
2016,11,FL,Q4,6.17375,8,0.5125,8,0.375,8,0.25,8,0.75,8,0.125,8,0.125,8,0.25,8,5
2016,11,GA,Q4,4.515,2,0.2,2,0.5,2,1.0,2,1.0,2,0.0,2,0.0,2,0.0,2,2
2016,11,GU,Q4,0.35833333333333334,6,0.3,6,0.0,4,0.0,4,0.0,4,0.0,4,0.0,4,0.25,4,2
2016,11,HI,Q4,0.0,3,1.5833333333333333,3,1.0,3,0.0,3,0.0,3,0.0,3,0.0,3,0.0,3,1
2016,11,LA,Q4,3.15875,8,0.25625000000000003,8,0.25,8,0.0,8,1.0,8,0.0,8,0.0,8,0.375,8,7
2016,11,MI,Q4,1.448,5,0.18,5,0.4,5,0.2,5,1.0,5,0.6,5,0.2,5,0.6,5,3
2016,11,NM,Q4,7.07,6,0.0,6,0.16666666666666666,6,0.0,6,1.0,6,0.16666666666666666,6,0.0,6,0.0,6,2
2016,11,SD,Q4,2.05,1,0.0,1,1.0,1,0.0,1,1.0,1,1.0,1,1.0,1,0.0,1,1
2016,11,TX,Q4,2.2133333333333334,6,0.30833333333333335,6,0.3333333333333333,6,0.0,6,1.0,6,0.16666666666666666,6,0.0,6,0.6666666666666666,6,5
2016,11,VA,Q4,3.59,1,0.0,1,0.0,1,0.0,1,1.0,1,0.0,1,0.0,1,0.0,1,1
2016,12,CA,Q4,1.9124999999999999,12,1.3499999999999999,12,0.6666666666666666,12,0.0,12,1.0,12,0.3333333333333333,12,0.16666666666666666,12,0.3333333333333333,12,4
2016,12,FL,Q4,1.12,2,0.9500000000000001,2,0.5,2,0.0,2,1.0,2,0.0,2,0.0,2,0.5,2,2
2016,12,GA,Q4,0.0,1,0.2,1,0.0,1,1.0,1,0.0,1,0.0,1,0.0,1,1.0,1,1
2016,12,GU,Q4,0.0,2,0.6749999999999999,2,0.0,1,0.0,1,0.0,1,0.0,1,0.0,1,1.0,1,1
2016,12,HI,Q4,0.0,1,1.55,1,0.0,1,0.0,1,0.0,1,0.0,1,0.0,1,0.0,1,1
2016,12,LA,Q4,3.938333333333334,6,0.13333333333333333,6,0.0,6,0.16666666666666666,6,1.0,6,0.0,6,0.0,6,0.0,6,6
2017,1,FL,Q1,4.205,2,2.15,2,1.0,1,1.0,1,1.0,1,0.0,1,0.0,1,0.0,1,2
2017,1,TN,Q1,7.68,1,0.0,1,0.0,1,1.0,1,1.0,1,0.0,1,0.0,1,0.0,1,1
2017,1,TX,Q1,2.37,1,0.0,1,0.0,1,0.0,1,1.0,1,0.0,1,0.0,1,0.0,1,1
2017,2,CA,Q1,0.47923076923076924,13,1.073076923076923,13,0.15384615384615385,13,0.15384615384615385,13,0.7692307692307693,13,0.46153846153846156,13,0.07692307692307693,13,0.9230769230769231,13,6
2017,2,FL,Q1,0.0,1,0.55,1,1.0,1,0.0,1,1.0,1,0.0,1,0.0,1,1.0,1,1
2017,3,AL,Q1,5.1375,4,0.1375,4,0.0,4,0.25,4,1.0,4,0.0,4,0.0,4,0.5,4,4
2017,3,FL,Q1,2.51,1,0.1,1,0.0,1,0.0,1,1.0,1,0.0,1,0.0,1,0.0,1,1
2017,3,KY,Q1,0.08,1,0.0,1,0.0,1,0.0,1,1.0,1,1.0,1,0.0,1,1.0,1,1
2017,3,MS,Q1,1.2023076923076923,13,0.21923076923076923,13,0.0,13,0.07692307692307693,13,0.7692307692307693,13,0.0,13,0.0,13,0.3076923076923077,13,7
2017,3,SC,Q1,1.2185714285714284,14,0.075,14,0.07142857142857142,14,0.21428571428571427,14,1.0,14,0.21428571428571427,14,0.14285714285714285,14,0.7142857142857143,14,6
2017,3,TX,Q1,0.06,2,0.275,2,0.5,2,0.0,2,0.5,2,0.5,2,0.0,2,1.0,2,2
2017,4,AL,Q2,0.885,2,0.0,2,0.0,2,0.5,2,0.5,2,0.0,2,0.0,2,0.5,2,1
2017,4,FL,Q2,3.49,3,0.5333333333333333,3,0.6666666666666666,3,0.0,3,1.0,3,0.0,3,0.0,3,0.6666666666666666,3,3
2017,4,GU,Q2,0.0,1,0.0,1,0.0,1,0.0,1,0.0,1,0.0,1,0.0,1,1.0,1,1
2017,4,IN,Q2,2.79,1,0.0,1,0.0,1,0.0,1,1.0,1,0.0,1,0.0,1,0.0,1,1
2017,4,KY,Q2,1.396,5,0.02,5,0.0,5,0.2,5,0.8,5,0.2,5,0.0,5,0.8,5,5
2017,4,SC,Q2,2.645,10,0.295,10,0.0,10,0.3,10,0.9,10,0.3,10,0.2,10,0.7,10,6
2017,4,TN,Q2,0.20500000000000002,2,0.125,2,0.0,2,0.5,2,0.5,2,0.0,2,0.0,2,1.0,2,2
2017,4,TX,Q2,0.3133333333333333,6,0.6833333333333332,6,0.5,6,0.6666666666666666,6,0.5,6,0.16666666666666666,6,0.0,6,1.0,6,5
2017,4,UT,Q2,0.3425,4,0.25,4,0.0,4,0.5,4,0.5,4,0.5,4,0.0,4,0.5,4,3
2017,4,VA,Q2,0.98875,8,0.525,8,0.0,8,0.25,8,0.75,8,0.125,8,0.0,8,0.25,8,7
2017,5,AL,Q2,3.5949999999999998,2,0.0,2,0.0,2,0.5,2,1.0,2,0.5,2,0.0,2,0.0,2,2
2017,5,CA,Q2,0.5025,4,0.7,4,0.5,4,0.25,4,1.0,4,0.25,4,0.0,4,0.75,4,3
2017,5,CT,Q2,1.82,2,0.0,2,0.0,2,0.5,2,0.5,2,0.0,2,0.0,2,0.0,2,2
2017,5,IA,Q2,0.5071428571428572,7,0.45000000000000007,7,0.14285714285714285,7,0.14285714285714285,7,0.7142857142857143,7,0.14285714285714285,7,0.0,7,0.7142857142857143,7,5
2017,5,IN,Q2,1.079090909090909,11,0.1,11,0.09090909090909091,11,0.36363636363636365,11,0.8181818181818182,11,0.2727272727272727,11,0.0,11,0.9090909090909091,11,7
2017,5,KY,Q2,1.8466666666666667,3,0.09999999999999999,3,0.3333333333333333,3,0.0,3,0.6666666666666666,3,0.0,3,0.0,3,0.6666666666666666,3,3
2017,5,MD,Q2,1.49,3,0.35000000000000003,3,0.0,3,0.3333333333333333,3,0.6666666666666666,3,0.0,3,0.0,3,0.3333333333333333,3,3
2017,5,MI,Q2,0.46,2,0.825,2,0.0,2,0.0,2,0.5,2,0.5,2,0.0,2,0.5,2,2
2017,5,MN,Q2,0.42000000000000004,2,0.2,2,0.5,2,0.0,2,1.0,2,0.5,2,0.0,2,0.5,2,2
2017,5,NC,Q2,0.9049999999999999,2,0.125,2,0.0,2,0.0,2,0.5,2,0.5,2,0.0,2,1.0,2,2
2017,5,ND,Q2,,0,,0,0.0,1,1.0,1,1.0,1,1.0,1,0.0,1,1.0,1,1
2017,5,OR,Q2,0.08,1,0.95,1,0.0,1,0.0,1,0.0,1,1.0,1,0.0,1,1.0,1,1
2017,5,PA,Q2,0.1,1,0.8,1,0.0,1,0.0,1,1.0,1,1.0,1,0.0,1,1.0,1,1
2017,5,PR,Q2,5.558571428571428,14,0.20714285714285716,14,0.9285714285714286,14,0.0,14,1.0,14,0.0,14,0.0,14,0.6428571428571429,14,12
2017,5,TN,Q2,3.746923076923077,13,0.18846153846153849,13,0.07692307692307693,13,0.46153846153846156,13,1.0,13,0.23076923076923078,13,0.07692307692307693,13,0.46153846153846156,13,13
2017,5,TX,Q2,2.455,4,0.1,4,0.25,4,0.25,4,1.0,4,0.0,4,0.0,4,0.25,4,3
2017,5,UT,Q2,0.39333333333333337,6,1.45,6,0.3333333333333333,6,0.16666666666666666,6,0.16666666666666666,6,0.16666666666666666,6,0.0,6,0.8333333333333334,6,4
2017,5,VA,Q2,2.244,5,0.22999999999999998,5,0.0,5,0.4,5,1.0,5,0.2,5,0.0,5,0.8,5,4
2017,5,VT,Q2,0.49333333333333335,3,0.6666666666666666,3,0.0,3,0.0,3,0.6666666666666666,3,0.0,3,0.0,3,0.6666666666666666,3,2
2017,5,WI,Q2,0.815,2,0.75,2,0.0,2,0.0,2,0.5,2,0.5,2,0.0,2,1.0,2,2
2017,5,WV,Q2,0.6866666666666666,3,0.0,3,0.0,3,0.3333333333333333,3,0.3333333333333333,3,0.3333333333333333,3,0.0,3,0.3333333333333333,3,3
2017,6,AR,Q2,2.46,5,0.0,5,0.0,5,0.2,5,0.8,5,0.4,5,0.0,5,0.4,5,4
2017,6,CT,Q2,0.33999999999999997,5,0.5,5,0.0,5,0.0,5,0.6,5,0.0,5,0.0,5,0.2,5,5
2017,6,DE,Q2,2.34,2,0.025,2,0.0,2,0.0,2,1.0,2,0.5,2,0.5,2,0.5,2,2
2017,6,IA,Q2,1.4583333333333333,12,0.3,12,0.16666666666666666,12,0.0,12,0.4166666666666667,12,0.4166666666666667,12,0.0,12,0.6666666666666666,12,8
2017,6,ID,Q2,0.274,5,0.05,5,0.0,5,0.0,5,0.8,5,0.2,5,0.0,5,0.6,5,5
2017,6,IL,Q2,2.6475,4,0.05,4,0.25,4,0.0,4,1.0,4,0.0,4,0.0,4,0.5,4,4
2017,6,KS,Q2,3.74,2,0.0,2,0.0,2,0.0,2,1.0,2,0.0,2,0.0,2,0.5,2,2
2017,6,KY,Q2,0.98,3,0.0,3,0.0,3,0.0,3,0.6666666666666666,3,0.3333333333333333,3,0.0,3,0.6666666666666666,3,3
2017,6,MA,Q2,0.79,1,0.05,1,0.0,1,0.0,1,1.0,1,0.0,1,0.0,1,1.0,1,1
2017,6,MD,Q2,1.2614285714285713,7,0.2642857142857143,7,0.0,7,0.14285714285714285,7,0.8571428571428571,7,0.0,7,0.0,7,0.14285714285714285,7,4
2017,6,MN,Q2,1.444375,16,0.05,16,0.1875,16,0.0625,16,0.6875,16,0.4375,16,0.125,16,0.75,16,12
2017,6,MT,Q2,0.0,1,0.0,1,0.0,1,0.0,1,0.0,1,0.0,1,0.0,1,0.0,1,1
2017,6,NC,Q2,3.7531578947368422,19,0.06315789473684211,19,0.0,19,0.05263157894736842,19,0.9473684210526315,19,0.21052631578947367,19,0.10526315789473684,19,0.3684210526315789,19,16
2017,6,NE,Q2,2.983333333333333,3,0.25,3,0.3333333333333333,3,0.3333333333333333,3,1.0,3,0.0,3,0.0,3,0.3333333333333333,3,2
2017,6,NY,Q2,0.755,2,0.025,2,0.0,2,0.5,2,1.0,2,0.5,2,0.0,2,0.5,2,2
2017,6,OH,Q2,1.3914285714285715,7,0.09285714285714285,7,0.2857142857142857,7,0.0,7,1.0,7,0.14285714285714285,7,0.0,7,0.8571428571428571,7,7
2017,6,OR,Q2,1.2695,20,0.25,20,0.1,20,0.4,20,0.65,20,0.55,20,0.2,20,0.8,20,12
2017,6,PA,Q2,0.11750000000000001,4,0.3375,4,0.0,4,0.0,4,0.5,4,0.25,4,0.25,4,0.75,4,4
2017,6,PR,Q2,5.1259999999999994,10,0.15499999999999997,10,1.0,10,0.0,10,1.0,10,0.0,10,0.0,10,0.4,10,7
2017,6,TN,Q2,1.9425000000000001,8,0.0375,8,0.375,8,0.375,8,0.75,8,0.125,8,0.125,8,0.25,8,5
2017,6,TX,Q2,2.8249999999999997,2,0.0,2,1.0,2,0.5,2,1.0,2,0.0,2,0.0,2,0.5,2,2
2017,6,UT,Q2,0.6633333333333333,6,0.20833333333333334,6,0.0,6,0.0,6,0.3333333333333333,6,0.6666666666666666,6,0.0,6,0.5,6,3
2017,6,VA,Q2,1.3175,4,0.2375,4,0.25,4,0.25,4,1.0,4,0.5,4,0.25,4,0.0,4,3
2017,6,VT,Q2,1.0183333333333335,18,0.5194444444444444,18,0.05555555555555555,18,0.0,18,0.5555555555555556,18,0.16666666666666666,18,0.1111111111111111,18,0.3888888888888889,18,5
2017,6,WA,Q2,3.9800000000000004,3,0.5166666666666667,3,0.0,3,0.3333333333333333,3,1.0,3,0.3333333333333333,3,0.0,3,0.6666666666666666,3,2
2017,6,WI,Q2,1.2985714285714285,7,0.2,7,0.0,7,0.14285714285714285,7,0.8571428571428571,7,0.14285714285714285,7,0.0,7,0.8571428571428571,7,5
2017,6,WV,Q2,2.5955555555555554,9,0.2111111111111111,9,0.1111111111111111,9,0.5555555555555556,9,0.8888888888888888,9,0.0,9,0.0,9,0.4444444444444444,9,9
2017,7,AR,Q3,3.424545454545455,11,0.0,11,0.09090909090909091,11,0.09090909090909091,11,1.0,11,0.09090909090909091,11,0.09090909090909091,11,0.36363636363636365,11,10
2017,7,CO,Q3,0.595,10,0.01,10,0.1,10,0.0,10,0.8,10,0.1,10,0.0,10,0.5,10,6
2017,7,CT,Q3,0.98,2,0.125,2,0.0,2,0.5,2,0.5,2,0.0,2,0.0,2,0.0,2,2
2017,7,GU,Q3,0.03666666666666667,9,1.2166666666666666,9,0.0,9,0.0,9,0.0,9,0.0,9,0.0,9,0.2222222222222222,9,2
2017,7,ID,Q3,0.3033333333333333,6,0.26666666666666666,6,0.0,6,0.16666666666666666,6,0.5,6,0.16666666666666666,6,0.0,6,0.3333333333333333,6,5
2017,7,IL,Q3,2.95,8,0.15625,8,0.25,8,0.0,8,0.75,8,0.0,8,0.0,8,0.125,8,8
2017,7,IN,Q3,2.45,2,0.0,2,0.0,2,0.0,2,0.5,2,0.5,2,0.5,2,0.5,2,1
2017,7,KS,Q3,1.5541666666666665,12,0.041666666666666664,12,0.0,12,0.0,12,0.6666666666666666,12,0.16666666666666666,12,0.0,12,0.25,12,9
2017,7,KY,Q3,2.944,5,0.039999999999999994,5,0.2,5,0.0,5,1.0,5,0.2,5,0.2,5,0.2,5,5
2017,7,MA,Q3,2.0866666666666664,3,0.16666666666666666,3,0.0,3,0.3333333333333333,3,1.0,3,1.0,3,0.3333333333333333,3,0.3333333333333333,3,2
2017,7,MI,Q3,2.05,1,0.0,1,0.0,1,0.0,1,1.0,1,0.0,1,0.0,1,0.0,1,1
2017,7,MT,Q3,2.182,5,0.13999999999999999,5,0.0,5,0.0,5,0.6,5,0.4,5,0.0,5,0.8,5,3
2017,7,NC,Q3,2.59,3,0.0,3,0.0,3,0.3333333333333333,3,0.6666666666666666,3,0.0,3,0.0,3,0.0,3,2
2017,7,ND,Q3,,0,,0,0.0,2,0.5,2,0.5,2,1.0,2,0.5,2,0.5,2,2
2017,7,NE,Q3,1.3119999999999998,10,0.08499999999999999,10,0.0,10,0.0,10,0.9,10,0.5,10,0.2,10,0.3,10,7
2017,7,NV,Q3,0.3744444444444445,9,0.3,9,0.1111111111111111,9,0.0,9,0.2222222222222222,9,0.2222222222222222,9,0.1111111111111111,9,0.7777777777777778,9,3
2017,7,NY,Q3,1.02,13,0.13076923076923078,13,0.15384615384615385,13,0.07692307692307693,13,0.9230769230769231,13,0.23076923076923078,13,0.0,13,0.6923076923076923,13,12
2017,7,OH,Q3,2.473333333333333,3,0.0,3,0.0,3,0.0,3,1.0,3,0.0,3,0.0,3,0.0,3,3
2017,7,PA,Q3,1.18,1,0.0,1,0.0,1,1.0,1,1.0,1,1.0,1,0.0,1,1.0,1,1
2017,7,SD,Q3,0.8375,4,0.17500000000000002,4,0.0,4,0.0,4,0.75,4,0.25,4,0.0,4,0.0,4,2
2017,7,UT,Q3,0.525,2,0.05,2,0.0,2,0.0,2,0.5,2,0.0,2,0.5,2,0.0,2,2
2017,7,VA,Q3,1.7833333333333332,3,0.09999999999999999,3,0.0,3,0.3333333333333333,3,0.6666666666666666,3,0.0,3,0.0,3,0.0,3,3
2017,7,VT,Q3,0.9666666666666667,3,0.6333333333333333,3,0.0,3,0.0,3,0.3333333333333333,3,0.3333333333333333,3,0.0,3,0.3333333333333333,3,3
2017,7,WA,Q3,1.4125,4,0.0,4,0.0,4,0.0,4,0.5,4,0.0,4,0.0,4,0.5,4,3
2017,7,WI,Q3,3.7025,4,0.0,4,0.0,4,0.0,4,0.75,4,0.5,4,0.0,4,0.25,4,4
2017,7,WV,Q3,7.24,2,0.025,2,0.5,2,0.0,2,1.0,2,0.0,2,0.0,2,0.0,2,2
2017,8,AL,Q3,3.2466666666666666,3,0.0,3,0.0,3,0.0,3,1.0,3,0.0,3,0.0,3,0.0,3,3
2017,8,AR,Q3,2.212,5,0.0,5,0.6,5,0.0,5,0.8,5,0.0,5,0.0,5,0.2,5,5
2017,8,CA,Q3,0.0,1,0.25,1,0.0,1,0.0,1,0.0,1,1.0,1,0.0,1,0.0,1,1
2017,8,CO,Q3,1.905,2,0.0,2,0.0,2,0.0,2,0.5,2,0.0,2,0.0,2,0.0,2,2
2017,8,CT,Q3,4.5725,4,0.025,4,0.0,4,0.5,4,0.75,4,0.0,4,0.0,4,0.5,4,2
2017,8,DE,Q3,0.74,1,0.05,1,1.0,1,0.0,1,1.0,1,0.0,1,0.0,1,0.0,1,1
2017,8,GA,Q3,1.891111111111111,18,0.15555555555555556,18,0.3333333333333333,18,0.1111111111111111,18,1.0,18,0.05555555555555555,18,0.0,18,0.2777777777777778,18,12
2017,8,ID,Q3,2.803846153846154,13,0.11153846153846153,13,0.0,13,0.0,13,0.6923076923076923,13,0.23076923076923078,13,0.0,13,0.46153846153846156,13,8
2017,8,IL,Q3,4.185714285714286,7,0.0,7,0.5714285714285714,7,0.2857142857142857,7,0.8571428571428571,7,0.14285714285714285,7,0.14285714285714285,7,0.14285714285714285,7,5
2017,8,IN,Q3,3.66,3,0.0,3,0.3333333333333333,3,0.3333333333333333,3,1.0,3,0.0,3,0.0,3,0.3333333333333333,3,3
2017,8,KS,Q3,3.851,10,0.035,10,0.3,10,0.0,10,1.0,10,0.4,10,0.2,10,0.1,10,6
2017,8,KY,Q3,6.52,1,0.0,1,1.0,1,0.0,1,1.0,1,0.0,1,0.0,1,0.0,1,1
2017,8,MA,Q3,2.4257142857142857,14,0.12142857142857143,14,0.07142857142857142,14,0.2857142857142857,14,0.7857142857142857,14,0.2857142857142857,14,0.0,14,0.14285714285714285,14,7
2017,8,MT,Q3,3.025,8,0.06875,8,0.0,8,0.0,8,0.75,8,0.125,8,0.0,8,0.5,8,5
2017,8,NC,Q3,6.61,1,1.2,1,0.0,1,1.0,1,1.0,1,0.0,1,0.0,1,0.0,1,1
2017,8,ND,Q3,,0,,0,0.0,20,0.1,20,0.85,20,0.25,20,0.05,20,0.3,20,14
2017,8,NE,Q3,3.1927272727272724,11,0.08181818181818182,11,0.18181818181818182,11,0.0,11,0.9090909090909091,11,0.36363636363636365,11,0.0,11,0.18181818181818182,11,5
2017,8,NJ,Q3,5.696666666666666,3,0.049999999999999996,3,0.3333333333333333,3,0.3333333333333333,3,1.0,3,0.3333333333333333,3,0.0,3,0.3333333333333333,3,3
2017,8,NM,Q3,3.5612500000000002,8,0.00625,8,0.0,8,0.125,8,1.0,8,0.125,8,0.0,8,0.0,8,5
2017,8,NV,Q3,1.5250000000000001,6,0.0,6,0.0,6,0.0,6,0.8333333333333334,6,0.0,6,0.0,6,0.8333333333333334,6,3
2017,8,NY,Q3,2.685,8,0.23124999999999998,8,0.375,8,0.125,8,0.875,8,0.25,8,0.125,8,0.5,8,6
2017,8,OH,Q3,3.7439999999999998,10,0.015000000000000003,10,0.5,10,0.0,10,1.0,10,0.2,10,0.1,10,0.1,10,10
2017,8,PA,Q3,2.2071428571428573,7,0.028571428571428574,7,0.14285714285714285,7,0.2857142857142857,7,0.7142857142857143,7,0.0,7,0.0,7,0.2857142857142857,7,7
2017,8,SD,Q3,0.7933333333333333,3,0.06666666666666667,3,0.0,3,0.0,3,1.0,3,0.0,3,0.0,3,0.3333333333333333,3,3
2017,8,UT,Q3,0.61,1,0.0,1,0.0,1,0.0,1,0.0,1,0.0,1,0.0,1,1.0,1,1
2017,8,WA,Q3,7.961,10,0.025,10,0.1,10,0.3,10,0.8,10,0.0,10,0.0,10,0.2,10,4
2017,8,WI,Q3,3.295,4,0.0,4,0.25,4,0.5,4,0.75,4,0.25,4,0.0,4,0.25,4,4
2017,9,AL,Q3,5.6425,4,0.05,4,0.0,4,0.0,4,0.75,4,0.0,4,0.0,4,0.0,4,3
2017,9,AR,Q3,1.64,3,0.0,3,0.0,3,0.3333333333333333,3,0.6666666666666666,3,0.0,3,0.0,3,0.3333333333333333,3,3
2017,9,CO,Q3,3.6900000000000004,2,0.0,2,0.0,2,0.5,2,1.0,2,0.0,2,0.0,2,0.0,2,2
2017,9,CT,Q3,3.9620000000000006,5,0.42000000000000004,5,0.2,5,0.2,5,1.0,5,0.0,5,0.0,5,0.0,5,4
2017,9,GA,Q3,3.62,2,0.125,2,0.0,2,0.5,2,1.0,2,0.0,2,0.0,2,0.0,2,2
2017,9,IA,Q3,0.24,1,0.0,1,1.0,1,0.0,1,1.0,1,0.0,1,0.0,1,0.0,1,1
2017,9,IL,Q3,6.642,5,0.01,5,0.6,5,0.4,5,1.0,5,0.2,5,0.0,5,0.0,5,5
2017,9,IN,Q3,5.845,8,0.08124999999999999,8,0.5,8,0.125,8,1.0,8,0.125,8,0.25,8,0.5,8,7
2017,9,KY,Q3,7.925000000000001,2,0.05,2,0.5,2,0.5,2,1.0,2,0.5,2,0.0,2,0.5,2,2
2017,9,MA,Q3,3.3833333333333333,3,0.0,3,0.3333333333333333,3,0.3333333333333333,3,1.0,3,0.3333333333333333,3,0.0,3,0.6666666666666666,3,3
2017,9,MI,Q3,10.32,3,0.0,3,0.0,3,0.0,3,1.0,3,0.3333333333333333,3,0.0,3,0.3333333333333333,3,3
2017,9,MN,Q3,7.882,5,0.0,5,1.0,5,0.0,5,1.0,5,0.4,5,0.2,5,0.2,5,4
2017,9,MO,Q3,4.056,10,0.05,10,0.4,10,0.0,10,1.0,10,0.3,10,0.1,10,0.4,10,10
2017,9,MT,Q3,8.25,5,0.24,5,0.0,5,0.0,5,0.6,5,0.2,5,0.0,5,0.4,5,5
2017,9,NC,Q3,6.3066666666666675,3,0.18333333333333335,3,0.0,3,0.3333333333333333,3,1.0,3,0.3333333333333333,3,0.3333333333333333,3,0.3333333333333333,3,2
2017,9,NJ,Q3,2.8822222222222225,9,0.1611111111111111,9,0.2222222222222222,9,0.1111111111111111,9,1.0,9,0.4444444444444444,9,0.2222222222222222,9,0.2222222222222222,9,6
2017,9,NM,Q3,7.035833333333333,12,0.0375,12,0.0,12,0.0,12,0.8333333333333334,12,0.16666666666666666,12,0.08333333333333333,12,0.16666666666666666,12,7
2017,9,NV,Q3,5.745,4,0.0125,4,0.0,4,0.0,4,1.0,4,0.0,4,0.0,4,0.25,4,3
2017,9,NY,Q3,2.72,1,0.0,1,0.0,1,1.0,1,1.0,1,0.0,1,0.0,1,0.0,1,1
2017,9,OH,Q3,10.92,1,0.0,1,1.0,1,0.0,1,1.0,1,0.0,1,0.0,1,0.0,1,1
2017,9,PA,Q3,2.554,5,0.08,5,0.0,5,0.0,5,1.0,5,0.2,5,0.0,5,0.4,5,5
2017,9,SD,Q3,2.7157142857142857,7,0.014285714285714287,7,0.14285714285714285,7,0.2857142857142857,7,1.0,7,0.14285714285714285,7,0.0,7,0.0,7,7
2017,9,UT,Q3,0.4,1,0.0,1,0.0,1,0.0,1,0.0,1,0.0,1,0.0,1,0.0,1,1
2017,9,WA,Q3,5.115,2,0.0,2,0.0,2,0.0,2,0.5,2,0.0,2,0.0,2,0.5,2,2
2017,9,WI,Q3,3.2675,4,0.0125,4,0.75,4,0.0,4,1.0,4,0.0,4,0.25,4,0.5,4,4
2017,9,WV,Q3,6.607142857142857,7,0.2785714285714286,7,0.0,7,0.14285714285714285,7,1.0,7,0.14285714285714285,7,0.14285714285714285,7,0.2857142857142857,7,7
2017,10,AL,Q4,7.248,5,0.0,5,0.2,5,0.4,5,1.0,5,0.0,5,0.0,5,0.0,5,5
2017,10,CT,Q4,6.758333333333333,6,0.075,6,0.0,6,0.16666666666666666,6,0.8333333333333334,6,0.16666666666666666,6,0.16666666666666666,6,0.0,6,4
2017,10,DE,Q4,8.38,1,0.0,1,1.0,1,0.0,1,1.0,1,0.0,1,0.0,1,0.0,1,1
2017,10,FL,Q4,8.065,2,0.22499999999999998,2,0.0,2,0.0,2,1.0,2,0.0,2,0.0,2,0.0,2,2
2017,10,GA,Q4,0.395,2,0.0,2,0.0,2,0.0,2,1.0,2,0.0,2,0.0,2,0.0,2,2
2017,10,IN,Q4,12.025714285714287,7,0.09999999999999999,7,1.0,7,0.14285714285714285,7,1.0,7,0.2857142857142857,7,0.0,7,0.14285714285714285,7,4
2017,10,KY,Q4,7.84,4,0.15,4,0.0,4,0.0,4,1.0,4,0.0,4,0.0,4,0.25,4,4
2017,10,MA,Q4,10.876666666666667,3,0.13333333333333333,3,0.0,3,0.0,3,1.0,3,0.0,3,0.0,3,0.0,3,3
2017,10,MD,Q4,9.04,1,0.35,1,1.0,1,0.0,1,1.0,1,1.0,1,0.0,1,0.0,1,1
2017,10,MI,Q4,7.272631578947369,19,0.7789473684210527,19,0.7368421052631579,19,0.15789473684210525,19,1.0,19,0.5263157894736842,19,0.15789473684210525,19,0.42105263157894735,19,13
2017,10,MN,Q4,9.392,5,0.0,5,1.0,5,0.0,5,1.0,5,0.4,5,0.0,5,0.2,5,3
2017,10,MO,Q4,5.19,2,0.025,2,1.0,2,0.0,2,1.0,2,0.0,2,0.0,2,0.0,2,2
2017,10,MT,Q4,2.91,1,0.0,1,0.0,1,0.0,1,1.0,1,0.0,1,0.0,1,0.0,1,1
2017,10,NJ,Q4,6.510000000000001,6,0.31666666666666665,6,0.3333333333333333,6,0.3333333333333333,6,1.0,6,0.16666666666666666,6,0.0,6,0.5,6,5
2017,10,NM,Q4,11.9025,4,0.0,4,0.25,4,0.0,4,0.75,4,0.0,4,0.0,4,0.0,4,3
2017,10,OH,Q4,2.78,1,0.0,1,0.0,1,0.0,1,1.0,1,0.0,1,0.0,1,0.0,1,1
2017,10,PA,Q4,8.94,1,0.0,1,0.0,1,0.0,1,0.0,1,0.0,1,0.0,1,0.0,1,1
2017,10,SD,Q4,3.3549999999999995,10,0.08,10,0.2,10,0.0,10,0.8,10,0.2,10,0.1,10,0.0,10,7
2017,10,TX,Q4,3.9225,4,0.0125,4,0.5,4,0.0,4,1.0,4,0.25,4,0.0,4,0.0,4,4
2017,10,UT,Q4,11.9,3,0.016666666666666666,3,0.6666666666666666,3,0.0,3,1.0,3,0.3333333333333333,3,0.0,3,0.6666666666666666,3,3
2017,10,VA,Q4,6.6075,8,0.9125,8,0.25,8,0.125,8,1.0,8,0.5,8,0.375,8,0.5,8,5
2017,10,WA,Q4,1.105,4,0.0,4,0.5,4,0.5,4,1.0,4,0.0,4,0.0,4,0.25,4,1
2017,10,WI,Q4,2.41,1,0.0,1,0.0,1,1.0,1,1.0,1,0.0,1,0.0,1,0.0,1,1
2017,10,WV,Q4,12.033333333333333,3,0.43333333333333335,3,0.3333333333333333,3,0.0,3,1.0,3,0.0,3,0.0,3,0.0,3,3
2017,11,CA,Q4,2.335,12,0.5041666666666667,12,0.5833333333333334,12,0.0,12,1.0,12,0.16666666666666666,12,0.08333333333333333,12,0.5,12,4
2017,11,FL,Q4,6.3149999999999995,8,0.35625,8,0.625,8,0.125,8,0.875,8,0.125,8,0.0,8,0.25,8,6
2017,11,GU,Q4,0.0,3,0.31666666666666665,3,,0,,0,,0,,0,,0,,0,1
2017,11,IN,Q4,7.485,4,0.025,4,1.0,4,0.25,4,1.0,4,0.5,4,0.0,4,0.25,4,1
2017,11,MI,Q4,24.16,1,0.0,1,1.0,1,1.0,1,1.0,1,1.0,1,1.0,1,0.0,1,1
2017,11,ND,Q4,,0,,0,0.0,1,0.0,1,1.0,1,0.0,1,0.0,1,0.0,1,1
2017,11,TX,Q4,3.935,4,0.11249999999999999,4,0.25,4,0.0,4,0.75,4,0.0,4,0.0,4,0.5,4,2
2017,11,UT,Q4,0.0,1,0.0,1,0.0,1,0.0,1,1.0,1,0.0,1,0.0,1,0.0,1,1
2017,11,VA,Q4,8.049999999999999,3,0.4166666666666667,3,0.6666666666666666,3,0.3333333333333333,3,1.0,3,0.0,3,0.0,3,0.3333333333333333,3,2
2017,12,FL,Q4,5.715,2,0.2,2,0.0,1,0.0,1,1.0,1,0.0,1,0.0,1,0.0,1,2
2017,12,TX,Q4,0.02,3,0.13333333333333333,3,0.0,3,0.0,3,1.0,3,0.0,3,0.0,3,1.0,3,2
2018,1,GU,Q1,0.0,4,0.7625,4,,0,,0,,0,,0,,0,,0,1
2018,2,FL,Q1,1.755,2,0.45,2,0.0,2,0.5,2,1.0,2,0.0,2,0.0,2,0.5,2,1
2018,2,GU,Q1,0.0,2,1.175,2,,0,,0,,0,,0,,0,,0,1
2018,2,UT,Q1,0.0,1,0.0,1,0.0,1,0.0,1,1.0,1,0.0,1,0.0,1,0.0,1,1
2018,3,AL,Q1,0.9,2,0.0,2,0.0,2,0.5,2,1.0,2,0.0,2,0.0,2,0.0,2,2
2018,3,CA,Q1,1.6285714285714283,14,0.3321428571428572,14,0.07142857142857142,14,0.14285714285714285,14,0.7857142857142857,14,0.14285714285714285,14,0.0,14,0.5714285714285714,14,2
2018,3,FL,Q1,2.1457142857142855,7,0.5642857142857143,7,0.0,6,0.16666666666666666,6,1.0,6,0.16666666666666666,6,0.0,6,0.16666666666666666,6,7
2018,3,KY,Q1,0.6166666666666667,3,0.19999999999999998,3,0.0,3,0.3333333333333333,3,1.0,3,0.0,3,0.0,3,0.3333333333333333,3,3
2018,3,SC,Q1,1.3,5,0.03,5,0.2,5,0.0,5,1.0,5,0.6,5,0.0,5,0.6,5,3
2018,3,TX,Q1,0.045,2,0.0,2,0.0,2,0.0,2,0.5,2,0.5,2,0.0,2,1.0,2,2
2018,4,AL,Q2,4.355,2,0.0,2,0.0,3,0.6666666666666666,3,1.0,3,0.0,3,0.0,3,0.0,3,3
2018,4,FL,Q2,2.69,3,0.16666666666666666,3,0.0,3,0.0,3,1.0,3,0.0,3,0.0,3,0.6666666666666666,3,2
2018,4,IA,Q2,0.46,2,0.775,2,0.0,1,0.0,1,1.0,1,1.0,1,0.0,1,1.0,1,2
2018,4,KY,Q2,1.155,2,0.0,2,0.0,2,0.0,2,0.5,2,0.0,2,0.0,2,1.0,2,2
2018,4,NC,Q2,6.07,1,0.0,1,0.0,1,0.0,1,0.0,1,0.0,1,0.0,1,1.0,1,1
2018,4,OH,Q2,0.0,1,0.1,1,0.0,1,0.0,1,0.0,1,0.0,1,0.0,1,1.0,1,1
2018,4,PR,Q2,3.59,1,0.0,1,1.0,1,0.0,1,1.0,1,0.0,1,0.0,1,0.0,1,1
2018,4,SC,Q2,2.4810526315789474,19,0.2131578947368421,19,0.0,19,0.21052631578947367,19,0.631578947368421,19,0.15789473684210525,19,0.05263157894736842,19,0.7368421052631579,19,11
2018,4,TN,Q2,0.16,1,0.0,1,0.0,1,0.0,1,1.0,1,0.0,1,0.0,1,0.0,1,1
2018,4,TX,Q2,0.27999999999999997,3,0.3,3,0.0,3,0.3333333333333333,3,0.6666666666666666,3,0.0,3,0.0,3,0.6666666666666666,3,2
2018,4,UT,Q2,0.0,2,0.3,2,0.0,2,0.0,2,0.0,2,1.0,2,0.0,2,0.5,2,2
2018,4,VA,Q2,0.28,1,0.1,1,0.0,1,0.0,1,1.0,1,0.0,1,0.0,1,0.0,1,1
2018,5,AL,Q2,2.3750000000000004,6,0.5083333333333333,6,0.0,6,0.16666666666666666,6,0.5,6,0.0,6,0.0,6,0.16666666666666666,6,6
2018,5,CO,Q2,1.94,1,0.0,1,0.0,1,0.0,1,0.0,1,0.0,1,0.0,1,1.0,1,1
2018,5,DE,Q2,0.5399999999999999,7,0.3,7,0.0,7,0.2857142857142857,7,0.8571428571428571,7,0.42857142857142855,7,0.0,7,1.0,7,2
2018,5,IA,Q2,0.32,4,1.8875,4,0.25,4,0.0,4,0.5,4,0.25,4,0.25,4,0.5,4,4
2018,5,KY,Q2,0.958,5,0.06999999999999999,5,0.0,5,0.0,5,0.8,5,0.2,5,0.0,5,0.6,5,5
2018,5,MD,Q2,0.09,1,0.35,1,0.0,1,1.0,1,1.0,1,1.0,1,0.0,1,0.0,1,1
2018,5,MN,Q2,1.362142857142857,14,1.1892857142857143,14,0.07142857142857142,14,0.0,14,0.5,14,0.5714285714285714,14,0.21428571428571427,14,1.0,14,11
2018,5,MO,Q2,1.458181818181818,11,0.06363636363636364,11,0.0,11,0.18181818181818182,11,0.8181818181818182,11,0.2727272727272727,11,0.0,11,0.45454545454545453,11,11
2018,5,MT,Q2,1.48,1,0.0,1,0.0,1,0.0,1,1.0,1,1.0,1,0.0,1,1.0,1,1
2018,5,NC,Q2,0.9066666666666667,6,0.35833333333333334,6,0.0,6,0.0,6,0.6666666666666666,6,0.3333333333333333,6,0.16666666666666666,6,0.5,6,6
2018,5,NJ,Q2,0.332,5,0.27,5,0.0,5,0.2,5,0.8,5,0.0,5,0.2,5,0.6,5,4
2018,5,OH,Q2,0.32,1,0.9,1,0.0,1,0.0,1,1.0,1,0.0,1,0.0,1,1.0,1,1
2018,5,OR,Q2,0.78875,8,0.4125,8,0.0,8,0.375,8,0.5,8,0.125,8,0.25,8,0.75,8,5
2018,5,PA,Q2,0.8333333333333334,3,0.43333333333333335,3,0.0,3,0.0,3,0.3333333333333333,3,0.3333333333333333,3,0.0,3,0.6666666666666666,3,2
2018,5,PR,Q2,3.1425,16,0.009375000000000001,16,0.4375,16,0.0,16,1.0,16,0.0,16,0.0625,16,0.1875,16,13
2018,5,TN,Q2,3.5075000000000003,4,0.32499999999999996,4,0.0,4,0.25,4,1.0,4,0.25,4,0.0,4,0.75,4,4
2018,5,TX,Q2,0.8871428571428571,7,0.17857142857142858,7,0.0,7,0.0,7,0.42857142857142855,7,0.5714285714285714,7,0.14285714285714285,7,0.8571428571428571,7,6
2018,5,UT,Q2,0.5271428571428572,7,0.34285714285714286,7,0.0,7,0.14285714285714285,7,0.7142857142857143,7,0.42857142857142855,7,0.14285714285714285,7,0.8571428571428571,7,5
2018,5,VA,Q2,0.36,2,0.275,2,0.0,2,0.0,2,0.5,2,0.0,2,0.0,2,0.5,2,1
2018,6,AL,Q2,1.63,1,0.0,1,0.0,1,0.0,1,1.0,1,0.0,1,1.0,1,0.0,1,1
2018,6,AR,Q2,1.9075,8,0.037500000000000006,8,0.0,8,0.0,8,0.875,8,0.125,8,0.0,8,0.25,8,8
2018,6,CO,Q2,1.485,2,0.15,2,0.5,2,0.0,2,1.0,2,1.0,2,0.0,2,0.0,2,2
2018,6,DC,Q2,1.09,4,0.725,4,0.0,4,0.0,4,0.5,4,0.25,4,0.0,4,0.0,4,2
2018,6,DE,Q2,1.225,18,0.16944444444444443,18,0.0,18,0.16666666666666666,18,0.6666666666666666,18,0.2222222222222222,18,0.0,18,0.5,18,3
2018,6,IA,Q2,0.5488235294117647,17,0.20882352941176469,17,0.11764705882352941,17,0.0,17,0.4117647058823529,17,0.5294117647058824,17,0.0,17,0.5294117647058824,17,9
2018,6,ID,Q2,1.0779999999999998,5,0.06999999999999999,5,0.0,4,0.0,4,0.25,4,0.5,4,0.0,4,0.5,4,3
2018,6,IN,Q2,0.0,3,0.20000000000000004,3,0.0,3,0.3333333333333333,3,0.3333333333333333,3,0.0,3,0.0,3,0.6666666666666666,3,3
2018,6,KY,Q2,0.625,2,0.0,2,0.0,2,0.0,2,0.5,2,0.0,2,0.0,2,1.0,2,2
2018,6,MA,Q2,0.675,4,0.35,4,0.0,4,0.25,4,0.5,4,0.0,4,0.0,4,0.5,4,3
2018,6,MD,Q2,0.8994117647058824,17,0.526470588235294,17,0.058823529411764705,17,0.11764705882352941,17,0.5882352941176471,17,0.11764705882352941,17,0.058823529411764705,17,0.29411764705882354,17,9
2018,6,ME,Q2,0.47428571428571425,7,0.3642857142857143,7,0.0,7,0.14285714285714285,7,0.7142857142857143,7,0.0,7,0.0,7,0.7142857142857143,7,7
2018,6,MI,Q2,0.7733333333333333,6,1.1416666666666666,6,0.0,6,0.0,6,0.8333333333333334,6,0.3333333333333333,6,0.0,6,0.6666666666666666,6,6
2018,6,MN,Q2,0.3422222222222222,9,0.23333333333333334,9,0.0,9,0.1111111111111111,9,0.1111111111111111,9,0.4444444444444444,9,0.0,9,0.6666666666666666,9,7
2018,6,MO,Q2,1.39,1,0.0,1,,0,,0,,0,,0,,0,,0,1
2018,6,MT,Q2,0.2714285714285714,7,0.1142857142857143,7,0.0,7,0.0,7,0.42857142857142855,7,0.8571428571428571,7,0.0,7,0.8571428571428571,7,5
2018,6,NC,Q2,0.5411111111111111,9,0.12777777777777777,9,0.0,9,0.0,9,0.6666666666666666,9,0.1111111111111111,9,0.0,9,0.4444444444444444,9,9
2018,6,ND,Q2,0.52,6,0.3333333333333333,6,0.0,6,0.16666666666666666,6,0.6666666666666666,6,0.16666666666666666,6,0.16666666666666666,6,0.6666666666666666,6,6
2018,6,NE,Q2,0.795,4,0.1375,4,0.0,4,0.0,4,0.25,4,0.25,4,0.0,4,0.75,4,2
2018,6,NY,Q2,0.44499999999999995,2,0.0,2,0.0,2,0.0,2,0.5,2,0.0,2,0.0,2,0.5,2,2
2018,6,OK,Q2,2.183333333333333,3,0.0,3,0.6666666666666666,3,0.0,3,0.6666666666666666,3,0.3333333333333333,3,0.0,3,0.0,3,3
2018,6,OR,Q2,1.6922222222222223,9,0.8777777777777778,9,0.0,9,0.2222222222222222,9,0.7777777777777778,9,0.7777777777777778,9,0.0,9,0.5555555555555556,9,4
2018,6,PA,Q2,1.3414285714285714,7,0.14285714285714285,7,0.0,7,0.42857142857142855,7,0.14285714285714285,7,0.0,7,0.14285714285714285,7,0.42857142857142855,7,6
2018,6,PR,Q2,4.988571428571428,7,0.03571428571428571,7,0.5714285714285714,7,0.0,7,1.0,7,0.0,7,0.0,7,0.2857142857142857,7,5
2018,6,TN,Q2,1.6216666666666668,6,0.041666666666666664,6,0.0,6,0.16666666666666666,6,1.0,6,0.16666666666666666,6,0.0,6,0.3333333333333333,6,4
2018,6,TX,Q2,0.34,1,0.0,1,0.0,1,0.0,1,1.0,1,0.0,1,0.0,1,0.0,1,1
2018,6,UT,Q2,1.369090909090909,11,0.1272727272727273,11,0.0,11,0.09090909090909091,11,0.18181818181818182,11,0.6363636363636364,11,0.09090909090909091,11,0.36363636363636365,11,8
2018,6,VA,Q2,0.8975,4,0.3125,4,0.0,4,0.25,4,0.5,4,0.0,4,0.0,4,0.25,4,4
2018,6,VT,Q2,0.7055555555555555,9,0.6722222222222222,9,0.0,9,0.0,9,0.3333333333333333,9,0.0,9,0.0,9,0.4444444444444444,9,4
2018,6,WI,Q2,0.3875,8,0.2,8,0.0,8,0.0,8,0.5,8,0.25,8,0.0,8,0.625,8,8
2018,6,WV,Q2,0.9375,8,0.11249999999999999,8,0.0,8,0.0,8,0.5,8,0.0,8,0.0,8,0.75,8,7
2018,7,AK,Q3,1.176,10,0.7,10,0.0,10,0.1,10,0.3,10,0.0,10,0.0,10,0.4,10,3
2018,7,AR,Q3,5.82,2,0.075,2,0.0,2,0.0,2,1.0,2,0.5,2,0.0,2,0.0,2,2
2018,7,CO,Q3,0.35571428571428576,7,0.049999999999999996,7,0.0,7,0.0,7,0.14285714285714285,7,0.0,7,0.0,7,0.14285714285714285,7,4
2018,7,DC,Q3,0.7433333333333333,3,0.3,3,0.0,3,0.0,3,0.3333333333333333,3,0.3333333333333333,3,0.0,3,0.0,3,1
2018,7,DE,Q3,0.54,1,0.4,1,0.0,1,0.0,1,0.0,1,0.0,1,0.0,1,1.0,1,1
2018,7,FL,Q3,0.29,1,0.0,1,1.0,1,0.0,1,1.0,1,0.0,1,0.0,1,0.0,1,1
2018,7,ID,Q3,1.2675,12,0.07083333333333333,12,0.0,12,0.08333333333333333,12,0.5833333333333334,12,0.16666666666666666,12,0.0,12,0.4166666666666667,12,9
2018,7,IN,Q3,2.183333333333333,3,0.03333333333333333,3,0.0,3,0.0,3,1.0,3,0.0,3,0.0,3,0.3333333333333333,3,3
2018,7,KY,Q3,1.6,4,0.0,4,0.0,4,0.0,4,0.75,4,0.5,4,0.0,4,0.25,4,4
2018,7,LA,Q3,3.5411111111111113,9,0.022222222222222223,9,0.1111111111111111,9,0.0,9,0.7777777777777778,9,0.0,9,0.0,9,0.0,9,6
2018,7,MA,Q3,0.6628571428571428,7,0.014285714285714287,7,0.0,7,0.0,7,0.42857142857142855,7,0.14285714285714285,7,0.0,7,0.2857142857142857,7,6
2018,7,ME,Q3,0.8925000000000001,4,0.075,4,0.0,4,0.0,4,0.5,4,0.0,4,0.0,4,0.25,4,4
2018,7,MI,Q3,0.53,1,0.0,1,0.0,1,0.0,1,1.0,1,0.0,1,0.0,1,0.0,1,1
2018,7,MT,Q3,0.49857142857142855,7,0.03571428571428571,7,0.0,7,0.0,7,1.0,7,0.5714285714285714,7,0.14285714285714285,7,0.42857142857142855,7,7
2018,7,ND,Q3,0.51875,8,0.30625,8,0.0,8,0.0,8,0.75,8,0.625,8,0.125,8,0.875,8,4
2018,7,NE,Q3,1.10875,8,0.15625,8,0.0,8,0.0,8,0.5,8,0.25,8,0.125,8,0.25,8,3
2018,7,NJ,Q3,0.66,1,0.0,1,0.0,1,0.0,1,0.0,1,0.0,1,0.0,1,0.0,1,1
2018,7,NY,Q3,1.3142857142857143,7,0.10714285714285714,7,0.0,7,0.14285714285714285,7,0.42857142857142855,7,0.42857142857142855,7,0.0,7,0.2857142857142857,7,7
2018,7,OH,Q3,2.1825,8,0.0,8,0.25,8,0.0,8,0.875,8,0.25,8,0.0,8,0.25,8,6
2018,7,OK,Q3,2.6555555555555554,9,0.044444444444444446,9,0.3333333333333333,9,0.0,9,0.4444444444444444,9,0.0,9,0.0,9,0.1111111111111111,9,6
2018,7,PA,Q3,2.329166666666667,12,0.15,12,0.0,12,0.08333333333333333,12,0.75,12,0.16666666666666666,12,0.08333333333333333,12,0.25,12,10
2018,7,SD,Q3,0.5499999999999999,6,0.2333333333333333,6,0.3333333333333333,6,0.16666666666666666,6,0.6666666666666666,6,0.16666666666666666,6,0.0,6,0.3333333333333333,6,6
2018,7,UT,Q3,0.7275,4,0.0125,4,0.0,4,0.25,4,0.0,4,0.25,4,0.0,4,0.5,4,3
2018,7,VA,Q3,1.36,5,0.1,5,0.0,5,0.0,5,0.4,5,0.0,5,0.0,5,0.4,5,5
2018,7,WA,Q3,3.605,2,0.05,2,0.0,2,0.0,2,1.0,2,0.5,2,0.0,2,1.0,2,1
2018,7,WI,Q3,0.866,5,0.39,5,0.0,5,0.0,5,0.4,5,0.2,5,0.0,5,0.6,5,5
2018,7,WV,Q3,2.202,5,0.06000000000000001,5,0.0,5,0.0,5,0.8,5,0.2,5,0.0,5,0.2,5,5
2018,8,AL,Q3,4.193333333333333,9,0.1388888888888889,9,0.0,9,0.1111111111111111,9,1.0,9,0.0,9,0.0,9,0.3333333333333333,9,8
2018,8,AR,Q3,2.635,2,0.0,2,0.0,2,0.5,2,0.5,2,0.0,2,0.0,2,0.0,2,2
2018,8,CO,Q3,2.318,5,0.0,5,0.0,5,0.2,5,0.0,5,0.0,5,0.0,5,0.2,5,4
2018,8,DC,Q3,3.27,1,0.15,1,0.0,1,0.0,1,1.0,1,0.0,1,0.0,1,0.0,1,1
2018,8,DE,Q3,1.3244444444444445,9,0.027777777777777776,9,0.2222222222222222,9,0.1111111111111111,9,0.5555555555555556,9,0.0,9,0.0,9,0.2222222222222222,9,3
2018,8,FL,Q3,2.194,5,0.22000000000000003,5,0.5,4,0.0,4,1.0,4,0.75,4,0.25,4,0.25,4,5
2018,8,GA,Q3,1.448125,16,0.00625,16,0.1875,16,0.0,16,1.0,16,0.0,16,0.0,16,0.25,16,11
2018,8,GU,Q3,0.0,11,1.2227272727272729,11,0.0,11,0.0,11,0.0,11,0.0,11,0.0,11,0.0,11,1
2018,8,ID,Q3,1.85,1,0.0,1,0.0,1,0.0,1,1.0,1,0.0,1,0.0,1,0.0,1,1
2018,8,IN,Q3,2.2199999999999998,7,0.05714285714285715,7,0.0,7,0.0,7,0.7142857142857143,7,0.2857142857142857,7,0.14285714285714285,7,0.2857142857142857,7,4
2018,8,KY,Q3,2.73,4,0.0,4,0.0,4,0.0,4,1.0,4,0.0,4,0.0,4,0.25,4,4
2018,8,LA,Q3,3.184,5,0.01,5,0.0,5,0.0,5,1.0,5,0.4,5,0.0,5,0.0,5,4
2018,8,MA,Q3,3.13,4,0.025,4,0.0,4,0.0,4,1.0,4,0.5,4,0.0,4,0.5,4,4
2018,8,MD,Q3,2.605,8,0.0,8,0.0,8,0.0,8,0.625,8,0.125,8,0.0,8,0.0,8,5
2018,8,ME,Q3,1.4125,4,0.037500000000000006,4,0.0,4,0.25,4,1.0,4,0.5,4,0.0,4,0.0,4,4
2018,8,MI,Q3,3.206666666666667,3,0.0,3,0.0,3,0.0,3,1.0,3,0.3333333333333333,3,0.0,3,0.0,3,3
2018,8,MN,Q3,1.765,4,0.16249999999999998,4,0.0,4,0.0,4,0.75,4,0.0,4,0.0,4,0.25,4,3
2018,8,MT,Q3,1.45,5,0.08,5,0.0,5,0.4,5,0.4,5,0.2,5,0.0,5,0.6,5,3
2018,8,NE,Q3,3.9483333333333337,6,0.18333333333333335,6,0.0,5,0.0,5,0.6,5,0.4,5,0.2,5,0.0,5,2
2018,8,NV,Q3,4.341666666666666,6,0.5571428571428572,7,0.14285714285714285,7,0.0,7,1.0,7,0.14285714285714285,7,0.0,7,0.42857142857142855,7,3
2018,8,NY,Q3,2.5366666666666666,6,0.05833333333333333,6,0.3333333333333333,6,0.16666666666666666,6,0.6666666666666666,6,0.5,6,0.0,6,0.3333333333333333,6,6
2018,8,OH,Q3,1.9400000000000002,6,0.09166666666666667,6,0.0,6,0.0,6,1.0,6,0.16666666666666666,6,0.16666666666666666,6,0.0,6,5
2018,8,OK,Q3,2.44,2,0.1,2,0.0,2,0.0,2,0.5,2,0.0,2,0.0,2,0.0,2,2
2018,8,OR,Q3,5.092307692307693,13,0.019230769230769232,13,0.38461538461538464,13,0.07692307692307693,13,0.8461538461538461,13,0.3076923076923077,13,0.0,13,0.23076923076923078,13,5
2018,8,PA,Q3,2.0100000000000002,3,0.03333333333333333,3,0.0,3,0.3333333333333333,3,0.3333333333333333,3,0.0,3,0.0,3,0.0,3,3
2018,8,SD,Q3,3.285,2,0.025,2,0.0,2,0.0,2,0.5,2,0.0,2,0.0,2,0.0,2,1
2018,8,TX,Q3,0.9540000000000001,5,0.0,5,0.0,5,0.0,5,0.8,5,0.0,5,0.0,5,0.0,5,5
2018,8,UT,Q3,3.026666666666667,3,0.0,3,0.0,3,0.3333333333333333,3,0.6666666666666666,3,0.0,3,0.0,3,0.3333333333333333,3,2
2018,8,VT,Q3,2.6125,4,0.07500000000000001,4,0.25,4,0.25,4,0.5,4,0.0,4,0.0,4,0.0,4,1
2018,8,WA,Q3,5.0,1,0.0,1,0.0,1,0.0,1,1.0,1,0.0,1,0.0,1,0.0,1,1
2018,8,WI,Q3,2.42,4,0.4875,4,0.0,4,0.0,4,0.75,4,0.5,4,0.25,4,0.0,4,4
2018,8,WV,Q3,1.7685714285714285,7,0.19999999999999998,7,0.14285714285714285,7,0.0,7,0.7142857142857143,7,0.14285714285714285,7,0.0,7,0.0,7,6
2018,9,AL,Q3,3.3175,4,0.0,4,0.0,4,0.25,4,1.0,4,0.25,4,0.25,4,0.0,4,4
2018,9,AR,Q3,5.035,2,0.025,2,0.0,2,0.0,2,1.0,2,0.0,2,0.0,2,0.0,2,2
2018,9,CA,Q3,1.904,10,0.034999999999999996,10,0.125,8,0.0,8,1.0,8,0.0,8,0.0,8,0.0,8,3
2018,9,CO,Q3,8.96,2,0.0,2,0.0,2,0.0,2,0.5,2,0.0,2,0.0,2,0.0,2,2
2018,9,DC,Q3,5.585,2,0.05,2,0.5,2,0.0,2,1.0,2,0.5,2,0.0,2,0.0,2,1
2018,9,DE,Q3,2.494,5,0.18,5,0.4,5,0.2,5,1.0,5,0.2,5,0.0,5,0.2,5,3
2018,9,FL,Q3,0.7455555555555555,9,0.18888888888888888,9,0.0,9,0.1111111111111111,9,0.8888888888888888,9,0.2222222222222222,9,0.0,9,0.4444444444444444,9,8
2018,9,GA,Q3,3.8757142857142854,7,0.05714285714285715,7,0.42857142857142855,7,0.0,7,0.8571428571428571,7,0.42857142857142855,7,0.14285714285714285,7,0.2857142857142857,7,7
2018,9,ID,Q3,5.346666666666667,6,0.0,6,0.0,6,0.16666666666666666,6,0.5,6,0.0,6,0.0,6,0.0,6,6
2018,9,IN,Q3,2.5875,4,0.175,4,0.25,4,0.0,4,0.75,4,0.0,4,0.0,4,0.25,4,3
2018,9,KY,Q3,3.165,2,0.025,2,0.5,2,0.0,2,1.0,2,0.0,2,0.0,2,0.5,2,2
2018,9,LA,Q3,3.6149999999999998,2,0.475,2,0.0,2,0.5,2,1.0,2,0.0,2,0.0,2,0.0,2,2
2018,9,MA,Q3,4.071111111111112,9,0.027777777777777776,9,0.0,9,0.3333333333333333,9,1.0,9,0.0,9,0.0,9,0.1111111111111111,9,6
2018,9,MD,Q3,3.9899999999999998,7,0.05714285714285715,7,0.42857142857142855,7,0.0,7,0.8571428571428571,7,0.42857142857142855,7,0.0,7,0.0,7,4
2018,9,ME,Q3,2.9811111111111113,9,0.23333333333333334,9,0.0,9,0.1111111111111111,9,1.0,9,0.1111111111111111,9,0.0,9,0.4444444444444444,9,8
2018,9,MI,Q3,8.315999999999999,5,0.09,5,0.0,5,0.2,5,1.0,5,0.2,5,0.0,5,0.4,5,5
2018,9,MN,Q3,3.7249999999999996,6,0.29166666666666663,6,0.5,6,0.0,6,0.8333333333333334,6,0.0,6,0.0,6,0.16666666666666666,6,6
2018,9,MT,Q3,3.3775,8,0.0,8,0.0,8,0.0,8,1.0,8,0.125,8,0.0,8,0.25,8,7
2018,9,ND,Q3,7.002,10,0.255,10,0.0,9,0.1111111111111111,9,1.0,9,0.0,9,0.0,9,0.1111111111111111,9,6
2018,9,NE,Q3,4.378333333333333,6,0.025000000000000005,6,0.0,6,0.0,6,1.0,6,0.0,6,0.0,6,0.0,6,5
2018,9,NV,Q3,2.617272727272727,11,0.018181818181818184,11,0.2727272727272727,11,0.09090909090909091,11,0.8181818181818182,11,0.0,11,0.0,11,0.45454545454545453,11,4
2018,9,NY,Q3,6.01,4,0.2,4,0.25,4,0.0,4,1.0,4,0.5,4,0.0,4,0.0,4,4
2018,9,OH,Q3,13.126666666666665,3,0.0,3,1.0,3,0.3333333333333333,3,1.0,3,0.0,3,0.0,3,0.3333333333333333,3,3
2018,9,OK,Q3,3.2275,4,0.075,4,0.25,4,0.0,4,1.0,4,0.0,4,0.0,4,0.0,4,4
2018,9,OR,Q3,6.1240000000000006,10,0.03,10,0.1,10,0.1,10,0.9,10,0.1,10,0.0,10,0.5,10,7
2018,9,PA,Q3,9.395,2,0.15,2,0.0,2,0.0,2,1.0,2,0.5,2,0.0,2,0.5,2,2
2018,9,SD,Q3,8.998750000000001,8,0.1125,8,0.25,8,0.375,8,0.75,8,0.375,8,0.0,8,0.0,8,6
2018,9,UT,Q3,4.256,5,0.0,5,0.0,5,0.0,5,0.8,5,0.2,5,0.0,5,0.0,5,3
2018,9,VT,Q3,4.492,5,0.2,5,0.6,5,0.2,5,1.0,5,0.0,5,0.0,5,0.0,5,3
2018,9,WA,Q3,3.1875,8,0.05625,8,0.3333333333333333,9,0.1111111111111111,9,0.6666666666666666,9,0.0,9,0.0,9,0.2222222222222222,9,6
2018,9,WI,Q3,3.058,5,0.04,5,0.2,5,0.0,5,0.6,5,0.2,5,0.0,5,0.0,5,4
2018,9,WV,Q3,3.9625000000000004,4,0.049999999999999996,4,0.0,4,0.0,4,0.75,4,0.0,4,0.0,4,0.25,4,4
2018,10,AL,Q4,5.78375,8,0.0375,8,0.0,7,0.14285714285714285,7,1.0,7,0.0,7,0.0,7,0.0,7,8
2018,10,AR,Q4,9.468571428571428,7,0.028571428571428574,7,0.14285714285714285,7,0.0,7,1.0,7,0.0,7,0.0,7,0.14285714285714285,7,7
2018,10,CA,Q4,0.9500000000000001,3,0.016666666666666666,3,0.6666666666666666,3,0.0,3,1.0,3,0.0,3,0.0,3,0.6666666666666666,3,0
2018,10,DC,Q4,9.013571428571428,14,0.1392857142857143,14,0.5714285714285714,14,0.07142857142857142,14,1.0,14,0.35714285714285715,14,0.0,14,0.0,14,1
2018,10,DE,Q4,5.895,6,0.2916666666666667,6,0.3333333333333333,6,0.0,6,0.8333333333333334,6,0.0,6,0.0,6,0.0,6,3
2018,10,FL,Q4,1.3385714285714285,7,0.32142857142857145,7,0.42857142857142855,7,0.0,7,1.0,7,0.5714285714285714,7,0.0,7,0.2857142857142857,7,7
2018,10,GA,Q4,1.435,4,0.037500000000000006,4,0.0,4,0.0,4,1.0,4,0.25,4,0.0,4,0.0,4,4
2018,10,IN,Q4,4.909999999999999,7,0.19285714285714287,7,0.42857142857142855,7,0.0,7,1.0,7,0.42857142857142855,7,0.14285714285714285,7,0.2857142857142857,7,6
2018,10,KY,Q4,3.8033333333333332,3,0.0,3,0.0,3,0.3333333333333333,3,1.0,3,0.0,3,0.0,3,1.0,3,3
2018,10,LA,Q4,2.1037500000000002,8,0.05,8,0.0,8,0.125,8,0.625,8,0.0,8,0.0,8,0.5,8,6
2018,10,MD,Q4,4.75,4,0.09999999999999999,3,0.25,4,0.25,4,0.75,4,0.0,4,0.0,4,0.0,4,3
2018,10,MI,Q4,7.338888888888889,9,0.11666666666666667,9,0.0,8,0.375,8,0.875,8,0.375,8,0.0,8,0.125,8,9
2018,10,MN,Q4,9.065999999999999,5,0.06,5,0.8,5,0.0,5,0.4,5,0.4,5,0.0,5,0.0,5,5
2018,10,NV,Q4,2.835,4,0.0,4,0.0,4,0.0,4,0.75,4,0.0,4,0.0,4,0.0,4,3
2018,10,NY,Q4,2.0324999999999998,4,0.025,4,0.75,4,0.0,4,1.0,4,0.25,4,0.25,4,0.0,4,4
2018,10,OH,Q4,6.275,4,0.29,5,0.2,5,0.0,5,1.0,5,0.4,5,0.0,5,0.2,5,4
2018,10,OK,Q4,2.483333333333333,6,0.049999999999999996,6,0.2,5,0.0,5,0.8,5,0.2,5,0.0,5,0.2,5,6
2018,10,OR,Q4,1.18,1,0.0,1,1.0,1,0.0,1,1.0,1,0.0,1,0.0,1,1.0,1,1
2018,10,PA,Q4,5.233333333333333,6,0.016666666666666666,6,0.3333333333333333,6,0.0,6,1.0,6,0.0,6,0.0,6,0.5,6,6
2018,10,SC,Q4,2.56,1,0.05,1,0.0,1,0.0,1,1.0,1,0.0,1,0.0,1,0.0,1,1
2018,10,SD,Q4,10.02875,8,0.38749999999999996,8,0.25,8,0.125,8,1.0,8,0.375,8,0.0,8,0.125,8,8
2018,10,TX,Q4,2.162,5,0.24,5,0.25,4,0.0,4,0.5,4,0.0,4,0.0,4,0.0,4,3
2018,10,UT,Q4,12.3125,4,0.0375,4,0.5,4,0.0,4,0.75,4,0.0,4,0.0,4,0.0,4,4
2018,10,VT,Q4,2.3000000000000003,6,0.0,6,0.3333333333333333,6,0.5,6,1.0,6,0.0,6,0.0,6,0.0,6,2
2018,10,WA,Q4,7.54,3,0.016666666666666666,3,0.0,3,0.0,3,0.6666666666666666,3,0.3333333333333333,3,0.0,3,0.0,3,1
2018,10,WI,Q4,4.535,2,0.0,2,1.0,2,0.0,2,1.0,2,0.0,2,0.0,2,0.0,2,2
2018,11,AL,Q4,3.025,2,0.05,2,0.0,2,0.0,2,0.5,2,0.0,2,0.0,2,0.0,2,2
2018,11,FL,Q4,2.49,1,0.25,1,0.0,1,0.0,1,1.0,1,0.0,1,0.0,1,0.0,1,1
2018,11,NY,Q4,3.29,1,0.0,1,1.0,1,0.0,1,1.0,1,0.0,1,0.0,1,0.0,1,1
2018,11,PA,Q4,1.41,1,0.0,1,0.0,1,0.0,1,1.0,1,0.0,1,0.0,1,1.0,1,1
2018,11,TX,Q4,2.05,7,0.07857142857142858,7,0.2857142857142857,7,0.0,7,0.42857142857142855,7,0.0,7,0.0,7,0.42857142857142855,7,6
2018,11,UT,Q4,9.465,2,0.0,2,0.0,2,0.0,2,1.0,2,0.5,2,0.0,2,0.5,2,2
2018,12,FL,Q4,3.25,1,2.7,1,1.0,1,0.0,1,1.0,1,0.0,1,0.0,1,0.0,1,1
2018,12,GU,Q4,0.0,1,0.85,1,,0,,0,,0,,0,,0,,0,1
2018,12,TX,Q4,0.0,2,0.0,2,0.0,2,0.0,2,0.0,2,0.0,2,0.0,2,1.0,2,1
2019,1,AR,Q1,0.47,1,0.0,1,0.0,1,0.0,1,1.0,1,0.0,1,0.0,1,0.0,1,1
2019,1,CA,Q1,0.8450000000000001,4,0.1,4,0.25,4,0.0,4,0.5,4,0.0,4,0.0,4,0.25,4,2
2019,1,GU,Q1,0.027000000000000003,10,0.05500000000000001,10,0.0,10,0.0,10,0.0,10,0.0,10,0.0,10,0.0,10,8
2019,1,TX,Q1,0.19,1,0.0,1,0.0,1,0.0,1,1.0,1,1.0,1,0.0,1,1.0,1,1
2019,2,AR,Q1,4.01,2,0.0,2,0.0,2,0.0,2,0.5,2,0.0,2,0.0,2,0.0,2,2
2019,2,CA,Q1,0.4795,20,1.5150000000000001,20,0.1,20,0.1,20,0.55,20,0.5,20,0.0,20,0.8,20,7
2019,2,SC,Q1,1.8325,4,0.125,4,0.0,4,0.0,4,0.25,4,0.0,4,0.0,4,0.0,4,4
2019,3,HI,Q1,1.3487500000000001,8,1.05625,8,0.25,8,0.0,8,0.375,8,0.125,8,0.0,8,0.0,8,3
2019,3,SC,Q1,2.78,1,0.4,1,0.0,1,0.0,1,1.0,1,0.0,1,0.0,1,0.0,1,1
2019,3,TX,Q1,0.76,2,0.975,2,0.0,2,0.0,2,0.0,2,1.0,2,0.0,2,0.5,2,2
2019,4,AL,Q2,4.932,5,0.06999999999999999,5,0.0,5,0.0,5,1.0,5,0.4,5,0.0,5,0.2,5,5
2019,4,DC,Q2,0.21,1,0.2,1,0.0,1,0.0,1,1.0,1,1.0,1,0.0,1,1.0,1,1
2019,4,GU,Q2,0.0,2,0.575,2,,0,,0,,0,,0,,0,,0,2
2019,4,HI,Q2,0.9366666666666666,3,0.8999999999999999,3,0.0,3,0.0,3,0.3333333333333333,3,0.0,3,0.0,3,0.0,3,2
2019,4,KY,Q2,0.8083333333333332,6,0.42500000000000004,6,0.0,6,0.3333333333333333,6,0.5,6,0.5,6,0.0,6,0.5,6,6
2019,4,SC,Q2,2.4628571428571426,7,0.3071428571428571,7,0.0,7,0.14285714285714285,7,0.5714285714285714,7,0.5714285714285714,7,0.0,7,0.7142857142857143,7,7
2019,4,TN,Q2,1.0466666666666666,3,0.16666666666666666,3,0.0,3,0.0,3,0.0,3,0.0,3,0.0,3,0.6666666666666666,3,3
2019,4,TX,Q2,0.305,2,0.125,2,0.0,2,0.0,2,0.0,2,0.0,2,0.0,2,1.0,2,2
2019,4,UT,Q2,0.69,2,0.525,2,1.0,2,0.0,2,0.5,2,0.5,2,0.0,2,1.0,2,2
2019,5,AL,Q2,3.8533333333333335,3,0.03333333333333333,3,0.0,2,0.0,2,1.0,2,0.0,2,0.0,2,0.0,2,3
2019,5,DC,Q2,1.7766666666666666,3,0.13333333333333333,3,0.0,3,0.3333333333333333,3,0.3333333333333333,3,0.0,3,0.0,3,0.0,3,1
2019,5,DE,Q2,0.73,2,0.22499999999999998,2,0.0,2,0.0,2,0.5,2,0.5,2,0.0,2,1.0,2,1
2019,5,GA,Q2,3.2800000000000002,2,0.5,2,0.0,2,0.0,2,1.0,2,0.5,2,0.0,2,0.0,2,2
2019,5,KY,Q2,0.6066666666666667,3,0.16666666666666666,3,0.0,3,0.0,3,0.6666666666666666,3,0.3333333333333333,3,0.0,3,1.0,3,3
2019,5,MD,Q2,1.23,5,0.09,5,0.0,5,0.0,5,0.0,5,0.0,5,0.0,5,0.4,5,1
2019,5,ME,Q2,0.25333333333333335,6,3.4166666666666665,6,0.0,6,0.16666666666666666,6,0.5,6,0.0,6,0.0,6,0.6666666666666666,6,5
2019,5,MT,Q2,2.08,1,2.0,1,0.0,1,0.0,1,1.0,1,0.0,1,0.0,1,0.0,1,1
2019,5,NY,Q2,0.8133333333333334,6,0.8250000000000001,6,0.0,6,0.16666666666666666,6,0.6666666666666666,6,0.16666666666666666,6,0.0,6,0.5,6,5
2019,5,OH,Q2,0.09,1,0.05,1,0.0,1,0.0,1,1.0,1,0.0,1,0.0,1,1.0,1,1
2019,5,OR,Q2,0.3475,4,0.8125,4,0.0,4,0.0,4,0.25,4,0.25,4,0.0,4,0.75,4,3
2019,5,PA,Q2,0.3825,4,1.3125,4,0.0,4,0.0,4,0.75,4,0.25,4,0.0,4,0.75,4,4
2019,5,SC,Q2,3.887272727272727,11,0.05454545454545456,11,0.0,11,0.09090909090909091,11,0.7272727272727273,11,0.18181818181818182,11,0.0,11,0.6363636363636364,11,9
2019,5,TN,Q2,1.8336363636363637,11,0.2727272727272727,11,0.08333333333333333,12,0.0,12,0.8333333333333334,12,0.25,12,0.08333333333333333,12,0.3333333333333333,12,9
2019,5,TX,Q2,0.2475,4,0.425,4,0.0,4,0.0,4,0.75,4,0.0,4,0.0,4,0.75,4,4
2019,5,UT,Q2,0.39,1,0.65,1,0.0,1,0.0,1,0.0,1,1.0,1,0.0,1,1.0,1,1
2019,5,VA,Q2,4.48,4,0.35000000000000003,4,0.0,4,0.0,4,1.0,4,0.25,4,0.0,4,0.0,4,4
2019,5,WI,Q2,2.6799999999999997,2,2.025,2,0.0,2,0.0,2,0.5,2,0.5,2,0.0,2,0.5,2,2
2019,6,AK,Q2,0.6539999999999999,5,0.32,5,0.0,5,0.0,5,0.4,5,0.2,5,0.0,5,0.6,5,3
2019,6,AL,Q2,2.61,3,0.016666666666666666,3,0.0,3,0.0,3,1.0,3,0.0,3,0.0,3,0.0,3,3
2019,6,AR,Q2,4.141111111111111,9,0.011111111111111112,9,0.1111111111111111,9,0.0,9,0.8888888888888888,9,0.3333333333333333,9,0.1111111111111111,9,0.2222222222222222,9,9
2019,6,DC,Q2,2.7424999999999997,4,0.7375,4,0.0,4,0.0,4,0.5,4,0.25,4,0.0,4,0.25,4,1
2019,6,DE,Q2,2.07,3,0.09999999999999999,3,0.0,3,0.0,3,0.3333333333333333,3,0.6666666666666666,3,0.0,3,0.0,3,2
2019,6,GA,Q2,2.2183333333333333,6,0.049999999999999996,6,0.0,6,0.0,6,0.5,6,0.0,6,0.0,6,0.16666666666666666,6,6
2019,6,HI,Q2,0.6514285714285714,7,0.6,7,0.0,7,0.14285714285714285,7,0.8571428571428571,7,0.14285714285714285,7,0.0,7,0.7142857142857143,7,4
2019,6,ID,Q2,0.658125,16,0.384375,16,0.125,16,0.0,16,0.3125,16,0.6875,16,0.0,16,0.5625,16,10
2019,6,IN,Q2,3.7275,4,0.125,4,0.25,4,0.0,4,0.5,4,0.25,4,0.0,4,0.5,4,4
2019,6,KY,Q2,5.97,2,0.25,2,0.0,2,0.0,2,0.5,2,0.0,2,0.0,2,0.5,2,2
2019,6,MA,Q2,0.5583333333333333,6,0.11666666666666668,6,0.0,6,0.16666666666666666,6,0.5,6,0.6666666666666666,6,0.0,6,0.5,6,3
2019,6,MD,Q2,1.155,6,0.08333333333333333,6,0.0,6,0.16666666666666666,6,0.6666666666666666,6,0.16666666666666666,6,0.0,6,0.5,6,4
2019,6,ME,Q2,1.0999999999999999,3,0.049999999999999996,3,0.3333333333333333,3,0.0,3,1.0,3,0.0,3,0.0,3,0.0,3,3
2019,6,MI,Q2,0.43555555555555553,9,0.26666666666666666,9,0.0,9,0.1111111111111111,9,0.4444444444444444,9,0.3333333333333333,9,0.0,9,0.5555555555555556,9,9
2019,6,MN,Q2,0.914,10,0.5700000000000001,10,0.0,10,0.0,10,0.1,10,0.3,10,0.0,10,0.7,10,8
2019,6,MT,Q2,0.45875000000000005,8,0.55,8,0.0,8,0.0,8,0.625,8,0.25,8,0.0,8,0.75,8,5
2019,6,ND,Q2,0.0,4,0.775,4,0.0,5,0.0,5,0.2,5,0.2,5,0.0,5,0.6,5,5
2019,6,NE,Q2,1.6483333333333334,6,0.21666666666666667,6,0.0,6,0.0,6,0.5,6,0.5,6,0.0,6,0.5,6,3
2019,6,NY,Q2,0.72,1,0.4,1,0.0,1,0.0,1,0.0,1,0.0,1,0.0,1,0.0,1,1
2019,6,OH,Q2,0.11,1,0.15,1,0.0,1,0.0,1,0.0,1,0.0,1,0.0,1,0.0,1,1
2019,6,OR,Q2,1.0,3,0.43333333333333335,3,0.0,3,0.0,3,0.3333333333333333,3,0.3333333333333333,3,0.0,3,1.0,3,2
2019,6,PA,Q2,0.33399999999999996,5,0.11000000000000001,5,0.0,5,0.2,5,0.4,5,0.2,5,0.0,5,0.4,5,4
2019,6,TN,Q2,2.1766666666666667,3,0.016666666666666666,3,0.0,4,0.0,4,1.0,4,0.0,4,0.0,4,0.25,4,3
2019,6,TX,Q2,0.31,2,0.2,2,0.0,2,0.5,2,0.5,2,0.5,2,0.0,2,0.0,2,2
2019,6,UT,Q2,0.38875,8,0.05,8,0.0,8,0.125,8,0.375,8,0.75,8,0.0,8,0.5,8,6
2019,6,VA,Q2,3.322,5,0.0,5,0.0,5,0.0,5,0.8,5,0.4,5,0.0,5,0.4,5,4
2019,6,VT,Q2,0.392,10,0.24500000000000002,10,0.0,10,0.1,10,0.1,10,0.0,10,0.0,10,0.1,10,4
2019,6,WI,Q2,1.4342857142857142,7,0.6214285714285716,7,0.14285714285714285,7,0.14285714285714285,7,0.42857142857142855,7,0.14285714285714285,7,0.0,7,0.7142857142857143,7,7
2019,6,WV,Q2,1.6862499999999998,8,0.49375,8,0.0,8,0.125,8,0.5,8,0.0,8,0.0,8,0.25,8,8
2019,7,AK,Q3,2.0,1,0.0,1,0.0,1,0.0,1,1.0,1,0.0,1,0.0,1,1.0,1,1
2019,7,AL,Q3,7.3500000000000005,3,0.049999999999999996,3,0.3333333333333333,3,0.3333333333333333,3,1.0,3,0.3333333333333333,3,0.0,3,0.0,3,3
2019,7,CA,Q3,2.746,15,0.26,15,0.13333333333333333,15,0.06666666666666667,15,0.6666666666666666,15,0.06666666666666667,15,0.0,15,0.26666666666666666,15,7
2019,7,DC,Q3,3.565,2,0.15,2,0.0,2,0.0,2,0.5,2,0.0,2,0.0,2,0.0,2,1
2019,7,DE,Q3,2.373333333333333,3,0.2833333333333333,3,0.0,3,0.0,3,0.6666666666666666,3,1.0,3,0.0,3,0.3333333333333333,3,3
2019,7,GA,Q3,1.8359999999999999,5,0.32,5,0.2,5,0.0,5,0.8,5,0.0,5,0.0,5,0.2,5,4
2019,7,HI,Q3,0.44,1,0.15,1,0.0,1,0.0,1,1.0,1,0.0,1,0.0,1,0.0,1,1
2019,7,ID,Q3,2.3433333333333333,3,0.049999999999999996,3,0.0,3,0.0,3,0.6666666666666666,3,0.0,3,0.0,3,0.0,3,2
2019,7,IN,Q3,0.8099999999999999,8,0.14375,8,0.0,8,0.125,8,0.375,8,0.0,8,0.0,8,0.375,8,5
2019,7,KY,Q3,2.19,4,0.0625,4,0.0,4,0.25,4,0.75,4,0.0,4,0.0,4,0.0,4,4
2019,7,MA,Q3,2.776,5,0.18,5,0.0,5,0.0,5,0.8,5,0.2,5,0.0,5,0.0,5,4
2019,7,MD,Q3,1.55,1,0.05,1,0.0,1,0.0,1,1.0,1,0.0,1,0.0,1,0.0,1,1
2019,7,ME,Q3,0.0,1,1.45,1,0.0,1,0.0,1,0.0,1,0.0,1,0.0,1,0.0,1,1
2019,7,MI,Q3,2.435,2,0.375,2,0.0,2,0.0,2,1.0,2,1.0,2,0.0,2,0.0,2,2
2019,7,MN,Q3,0.15,1,0.3,1,0.0,1,0.0,1,0.0,1,0.0,1,0.0,1,0.0,1,1
2019,7,MT,Q3,0.06,2,0.075,2,0.0,2,0.0,2,0.5,2,0.0,2,0.0,2,0.0,2,2
2019,7,NE,Q3,3.0516666666666663,6,0.09999999999999999,6,0.0,6,0.0,6,0.6666666666666666,6,0.0,6,0.0,6,0.16666666666666666,6,2
2019,7,NV,Q3,0.7175,8,0.10625,8,0.0,8,0.125,8,0.375,8,0.375,8,0.0,8,0.875,8,3
2019,7,NY,Q3,4.383333333333334,3,0.5,3,0.3333333333333333,3,0.0,3,1.0,3,0.0,3,0.0,3,0.0,3,3
2019,7,OR,Q3,1.204,5,0.06000000000000001,5,0.2,5,0.0,5,0.8,5,0.0,5,0.0,5,0.8,5,5
2019,7,PA,Q3,0.26,1,0.0,1,0.0,1,0.0,1,0.0,1,0.0,1,0.0,1,0.0,1,1
2019,7,TN,Q3,3.685,2,0.025,2,0.0,2,0.0,2,1.0,2,0.0,2,0.0,2,0.0,2,1
2019,7,TX,Q3,0.47,1,0.0,1,0.0,1,0.0,1,1.0,1,0.0,1,0.0,1,0.0,1,1
2019,7,UT,Q3,0.8466666666666667,3,0.0,3,0.0,3,0.0,3,0.6666666666666666,3,0.0,3,0.0,3,0.0,3,2
2019,7,VA,Q3,2.415,2,0.25,2,0.0,2,0.5,2,1.0,2,0.0,2,0.0,2,0.5,2,2
2019,7,VT,Q3,0.9675,4,0.1625,4,0.0,4,0.0,4,0.25,4,0.25,4,0.0,4,0.25,4,2
2019,7,WA,Q3,0.6142857142857142,7,0.021428571428571432,7,0.0,7,0.0,7,0.2857142857142857,7,0.2857142857142857,7,0.0,7,0.2857142857142857,7,3
2019,7,WI,Q3,0.66,7,0.3071428571428571,7,0.0,7,0.0,7,0.2857142857142857,7,0.5714285714285714,7,0.0,7,0.7142857142857143,7,6
2019,8,AL,Q3,5.19,3,0.0,3,0.0,3,0.0,3,1.0,3,0.3333333333333333,3,0.0,3,0.0,3,3
2019,8,AR,Q3,4.7575,4,0.075,4,0.25,4,0.0,4,0.75,4,0.0,4,0.0,4,0.0,4,4
2019,8,CA,Q3,2.255,2,0.0,2,0.0,2,0.0,2,1.0,2,0.5,2,0.0,2,0.5,2,2
2019,8,DC,Q3,5.4262500000000005,8,0.06875,8,0.0,8,0.0,8,0.5,8,0.0,8,0.0,8,0.0,8,2
2019,8,DE,Q3,1.6280000000000001,5,0.15000000000000002,5,0.0,5,0.2,5,1.0,5,0.4,5,0.0,5,0.2,5,2
2019,8,FL,Q3,0.22,2,0.05,2,0.0,2,0.0,2,0.5,2,0.0,2,0.0,2,0.0,2,2
2019,8,GA,Q3,4.123333333333334,6,0.06666666666666667,6,0.0,6,0.0,6,1.0,6,0.3333333333333333,6,0.0,6,0.0,6,6
2019,8,IN,Q3,9.67,2,0.025,2,0.0,2,0.0,2,1.0,2,0.0,2,0.0,2,0.0,2,1
2019,8,KY,Q3,2.234,5,0.15,5,0.0,5,0.2,5,0.8,5,0.2,5,0.0,5,0.2,5,4
2019,8,MA,Q3,6.506666666666667,3,0.0,3,0.3333333333333333,3,0.0,3,1.0,3,0.3333333333333333,3,0.0,3,0.0,3,3
2019,8,MD,Q3,6.21,1,0.0,1,0.0,1,0.0,1,0.0,1,0.0,1,0.0,1,0.0,1,1
2019,8,ME,Q3,0.514,5,0.39,5,0.2,5,0.0,5,0.4,5,0.2,5,0.0,5,0.2,5,5
2019,8,MI,Q3,2.0233333333333334,3,0.2833333333333334,3,0.6666666666666666,3,0.0,3,1.0,3,0.3333333333333333,3,0.0,3,0.6666666666666666,3,3
2019,8,MN,Q3,1.9775,4,0.1375,4,0.0,4,0.0,4,0.0,4,0.25,4,0.0,4,0.0,4,3
2019,8,NE,Q3,2.03,3,0.0,3,0.3333333333333333,3,0.0,3,0.3333333333333333,3,0.0,3,0.0,3,0.0,3,3
2019,8,NV,Q3,1.997142857142857,7,0.07857142857142858,7,0.0,7,0.0,7,0.0,7,0.14285714285714285,7,0.0,7,0.14285714285714285,7,3
2019,8,NY,Q3,2.418,5,0.14,5,0.2,5,0.0,5,0.8,5,0.4,5,0.0,5,0.2,5,5
2019,8,OR,Q3,6.73,1,0.15,1,0.0,1,0.0,1,1.0,1,1.0,1,0.0,1,0.0,1,1
2019,8,PA,Q3,0.39666666666666667,3,0.0,3,0.0,3,0.0,3,0.3333333333333333,3,0.0,3,0.0,3,0.0,3,3
2019,8,PR,Q3,1.9633333333333332,3,0.05000000000000001,3,0.6666666666666666,3,0.0,3,1.0,3,0.0,3,0.0,3,0.6666666666666666,3,3
2019,8,SD,Q3,1.4042857142857144,7,0.19999999999999998,7,0.0,7,0.0,7,0.2857142857142857,7,0.42857142857142855,7,0.0,7,0.5714285714285714,7,6
2019,8,TN,Q3,1.965,4,0.0,4,0.0,4,0.0,4,0.75,4,0.0,4,0.0,4,0.0,4,2
2019,8,UT,Q3,0.2,1,0.1,1,0.0,1,0.0,1,0.0,1,1.0,1,0.0,1,1.0,1,1
2019,8,VA,Q3,3.6550000000000002,2,0.025,2,0.0,2,0.0,2,1.0,2,0.0,2,0.0,2,0.0,2,1
2019,8,WA,Q3,2.516,10,0.015,10,0.0,10,0.1,10,0.5,10,0.2,10,0.1,10,0.0,10,5
2019,8,WV,Q3,2.54,4,0.0125,4,0.0,4,0.25,4,0.5,4,0.0,4,0.0,4,0.0,4,4
2019,9,AL,Q3,5.505000000000001,2,0.0,2,0.0,2,0.5,2,1.0,2,0.0,2,0.0,2,0.0,2,2
2019,9,AR,Q3,5.109999999999999,4,0.0125,4,0.0,4,0.25,4,1.0,4,0.0,4,0.0,4,0.0,4,4
2019,9,DE,Q3,2.16,2,0.05,2,0.5,2,0.5,2,0.5,2,0.0,2,0.0,2,0.5,2,1
2019,9,FL,Q3,5.215,2,0.0,2,0.0,2,0.0,2,1.0,2,0.0,2,0.0,2,0.0,2,1
2019,9,GA,Q3,1.716,5,0.78,5,0.2,5,0.0,5,1.0,5,0.4,5,0.0,5,0.0,5,5
2019,9,GU,Q3,0.0,2,0.0,2,0.0,2,0.0,2,0.0,2,0.0,2,0.0,2,0.0,2,1
2019,9,ID,Q3,1.058,5,0.06,5,0.2,5,0.0,5,0.4,5,0.4,5,0.0,5,0.2,5,5
2019,9,IN,Q3,3.6379999999999995,5,0.0,5,0.4,5,0.0,5,0.8,5,0.0,5,0.0,5,0.0,5,3
2019,9,KY,Q3,5.69,1,0.05,1,0.0,1,0.0,1,1.0,1,0.0,1,0.0,1,1.0,1,1
2019,9,MA,Q3,6.513333333333333,9,0.03888888888888889,9,0.0,9,0.2222222222222222,9,0.8888888888888888,9,0.3333333333333333,9,0.0,9,0.1111111111111111,9,7
2019,9,MD,Q3,3.597,10,0.015,10,0.2,10,0.3,10,0.9,10,0.1,10,0.0,10,0.1,10,5
2019,9,ME,Q3,5.495,6,0.13333333333333333,6,0.0,6,0.5,6,0.8333333333333334,6,0.16666666666666666,6,0.0,6,0.16666666666666666,6,5
2019,9,MI,Q3,14.536666666666667,3,0.18333333333333335,3,0.0,3,0.3333333333333333,3,1.0,3,0.6666666666666666,3,0.0,3,0.6666666666666666,3,3
2019,9,MN,Q3,15.012,5,0.01,5,0.2,5,0.0,5,1.0,5,0.8,5,0.0,5,0.2,5,5
2019,9,MT,Q3,10.245000000000001,4,0.1,4,0.25,4,0.0,4,1.0,4,0.5,4,0.0,4,0.25,4,3
2019,9,ND,Q3,0.245,2,0.45,2,1.0,2,0.0,2,1.0,2,0.5,2,0.0,2,0.5,2,2
2019,9,NE,Q3,5.998571428571429,7,0.021428571428571432,7,0.0,7,0.0,7,0.8571428571428571,7,0.14285714285714285,7,0.0,7,0.0,7,4
2019,9,NV,Q3,2.6799999999999997,6,0.041666666666666664,6,0.0,6,0.0,6,0.6666666666666666,6,0.0,6,0.0,6,0.3333333333333333,6,4
2019,9,NY,Q3,6.151999999999999,5,0.1,5,0.4,5,0.6,5,1.0,5,0.4,5,0.0,5,0.2,5,5
2019,9,OR,Q3,4.885833333333333,12,0.1875,12,0.3333333333333333,12,0.08333333333333333,12,0.5833333333333334,12,0.4166666666666667,12,0.0,12,0.16666666666666666,12,7
2019,9,PA,Q3,1.0999999999999999,3,0.0,3,0.0,3,0.0,3,0.3333333333333333,3,0.0,3,0.0,3,0.0,3,2
2019,9,PR,Q3,0.6333333333333333,3,0.5666666666666667,3,0.3333333333333333,3,0.0,3,1.0,3,0.0,3,0.0,3,0.3333333333333333,3,3
2019,9,SD,Q3,3.0216666666666665,6,0.03333333333333333,6,0.16666666666666666,6,0.16666666666666666,6,0.8333333333333334,6,0.8333333333333334,6,0.16666666666666666,6,0.16666666666666666,6,5
2019,9,TN,Q3,10.57,1,0.0,1,0.0,1,0.0,1,1.0,1,0.0,1,0.0,1,0.0,1,0
2019,9,TX,Q3,5.845,2,0.0,2,0.0,2,0.0,2,1.0,2,0.0,2,0.0,2,0.0,2,2
2019,9,UT,Q3,4.096,5,0.01,5,0.2,5,0.2,5,0.2,5,0.2,5,0.0,5,0.6,5,5
2019,9,VA,Q3,3.485,4,0.7,4,0.25,4,0.25,4,1.0,4,0.5,4,0.0,4,0.25,4,4
2019,9,VT,Q3,6.348,5,0.11000000000000001,5,0.5,4,0.0,4,0.75,4,0.0,4,0.0,4,0.0,4,4
2019,9,WA,Q3,6.795000000000001,4,0.025,4,0.0,4,0.25,4,0.75,4,0.25,4,0.0,4,0.0,4,3
2019,9,WI,Q3,0.685,4,0.0,4,0.0,4,0.0,4,1.0,4,0.25,4,0.0,4,0.5,4,4
2019,9,WV,Q3,3.716666666666667,6,0.049999999999999996,6,0.16666666666666666,6,0.5,6,0.8333333333333334,6,0.16666666666666666,6,0.0,6,0.6666666666666666,6,6
2019,10,AL,Q4,6.794,5,0.06,5,0.0,5,0.0,5,1.0,5,0.0,5,0.0,5,0.2,5,5
2019,10,AR,Q4,4.098000000000001,5,0.5,5,0.0,5,0.0,5,1.0,5,0.2,5,0.0,5,0.0,5,5
2019,10,DC,Q4,12.246666666666668,6,0.0,6,0.5,6,0.0,6,1.0,6,0.16666666666666666,6,0.0,6,0.16666666666666666,6,1
2019,10,DE,Q4,9.092500000000001,8,0.00625,8,0.875,8,0.0,8,1.0,8,0.25,8,0.0,8,0.0,8,3
2019,10,FL,Q4,0.564,5,0.28,5,0.4,5,0.0,5,0.8,5,0.2,5,0.0,5,0.2,5,5
2019,10,IN,Q4,8.068000000000001,5,0.01,5,0.4,5,0.2,5,1.0,5,0.4,5,0.0,5,0.2,5,5
2019,10,KY,Q4,8.129999999999999,2,0.025,2,0.0,2,0.0,2,1.0,2,0.0,2,0.0,2,0.5,2,2
2019,10,MA,Q4,4.16,1,0.15,1,0.0,1,0.0,1,1.0,1,0.0,1,0.0,1,0.0,1,1
2019,10,MD,Q4,1.05,1,0.0,1,0.0,1,1.0,1,1.0,1,0.0,1,0.0,1,1.0,1,1
2019,10,ME,Q4,6.426666666666667,3,0.0,3,0.0,3,0.3333333333333333,3,1.0,3,0.0,3,0.0,3,0.0,3,3
2019,10,MI,Q4,5.987142857142857,7,0.22142857142857145,7,0.0,7,0.0,7,1.0,7,0.42857142857142855,7,0.0,7,0.5714285714285714,7,7
2019,10,MN,Q4,4.1275,4,0.47500000000000003,4,0.5,4,0.0,4,0.75,4,0.5,4,0.0,4,0.25,4,4
2019,10,MT,Q4,4.0200000000000005,2,0.025,2,0.0,2,0.0,2,1.0,2,0.0,2,0.0,2,0.5,2,2
2019,10,NE,Q4,4.2299999999999995,2,0.0,2,0.0,2,0.0,2,1.0,2,0.5,2,0.0,2,0.5,2,2
2019,10,NY,Q4,1.52,4,0.075,4,0.5,4,0.25,4,1.0,4,0.5,4,0.0,4,0.0,4,4
2019,10,PA,Q4,4.3100000000000005,4,0.07500000000000001,4,0.0,4,0.0,4,0.75,4,0.5,4,0.0,4,0.5,4,4
2019,10,PR,Q4,0.99,2,0.025,2,1.0,2,0.0,2,1.0,2,0.0,2,0.0,2,0.0,2,2
2019,10,SD,Q4,11.435,6,0.35833333333333334,6,0.3333333333333333,6,0.0,6,1.0,6,0.5,6,0.0,6,0.0,6,5
2019,10,TN,Q4,5.36,1,0.0,1,0.0,1,0.0,1,1.0,1,0.0,1,0.0,1,0.0,1,0
2019,10,TX,Q4,2.235,4,0.425,4,0.25,4,0.0,4,0.5,4,0.25,4,0.0,4,0.0,4,4
2019,10,UT,Q4,0.7875,4,0.025,4,0.25,4,0.0,4,0.5,4,0.25,4,0.0,4,0.25,4,4
2019,10,VA,Q4,9.875714285714285,7,0.3642857142857143,7,0.14285714285714285,7,0.42857142857142855,7,1.0,7,0.14285714285714285,7,0.0,7,0.14285714285714285,7,6
2019,10,VT,Q4,5.3525,4,0.0125,4,0.5,4,0.25,4,1.0,4,0.25,4,0.0,4,0.0,4,2
2019,10,WA,Q4,3.473333333333333,3,0.016666666666666666,3,0.0,3,0.3333333333333333,3,0.6666666666666666,3,0.6666666666666666,3,0.0,3,0.0,3,2
2019,10,WI,Q4,3.335,4,0.0,4,0.0,4,0.0,4,0.75,4,0.25,4,0.0,4,0.25,4,4
2019,10,WV,Q4,10.476666666666667,6,0.125,6,0.0,6,0.0,6,1.0,6,0.3333333333333333,6,0.0,6,0.16666666666666666,6,6
2019,11,AL,Q4,5.35,1,0.15,1,0.0,1,0.0,1,1.0,1,0.0,1,0.0,1,0.0,1,1
2019,11,FL,Q4,0.9199999999999999,6,0.6166666666666667,6,0.5,6,0.0,6,0.8333333333333334,6,0.16666666666666666,6,0.0,6,0.0,6,5
2019,11,KY,Q4,12.43,1,0.0,1,0.0,1,0.0,1,1.0,1,1.0,1,0.0,1,0.0,1,1
2019,11,PR,Q4,1.4633333333333332,3,0.75,3,0.6666666666666666,3,0.0,3,1.0,3,0.0,3,0.0,3,0.6666666666666666,3,3
2019,11,TX,Q4,1.5,2,0.2,2,0.0,2,0.0,2,1.0,2,0.0,2,0.0,2,0.0,2,1
2019,12,AR,Q4,4.595000000000001,2,0.0,2,0.0,2,0.0,2,1.0,2,0.0,2,0.0,2,0.5,2,2
2019,12,FL,Q4,1.3816666666666666,6,0.7666666666666666,6,0.5,6,0.0,6,0.8333333333333334,6,0.16666666666666666,6,0.0,6,0.16666666666666666,6,4
2019,12,PR,Q4,2.3225,4,1.0625,4,0.75,4,0.0,4,1.0,4,0.0,4,0.0,4,0.75,4,4
2019,12,TN,Q4,2.43,1,0.0,1,0.0,1,0.0,1,1.0,1,0.0,1,0.0,1,0.0,1,1
2019,12,TX,Q4,0.12,4,0.4,4,0.0,4,0.0,4,0.5,4,0.0,4,0.0,4,0.25,4,3
2020,1,FL,Q1,0.9,1,1.5,1,0.0,1,0.0,1,1.0,1,0.0,1,0.0,1,0.0,1,1
2020,1,GU,Q1,0.0,5,0.04,5,0.0,5,0.0,5,0.0,5,0.0,5,0.0,5,0.2,5,1
2020,1,HI,Q1,0.0,1,0.5,1,0.0,1,0.0,1,0.0,1,0.0,1,0.0,1,0.0,1,1
2020,1,TX,Q1,1.04,1,0.0,1,0.0,1,0.0,1,1.0,1,0.0,1,0.0,1,0.0,1,1
2020,2,CA,Q1,0.3442857142857143,7,1.7333333333333332,6,0.0,7,0.14285714285714285,7,0.7142857142857143,7,0.42857142857142855,7,0.14285714285714285,7,1.0,7,4
2020,2,FL,Q1,3.555,2,1.2,2,0.5,2,0.0,2,1.0,2,0.5,2,0.0,2,0.0,2,2
2020,2,GU,Q1,0.0,3,0.08333333333333333,3,0.0,3,0.0,3,0.0,3,0.0,3,0.0,3,0.6666666666666666,3,1
2020,2,HI,Q1,0.9033333333333333,3,2.766666666666666,3,0.3333333333333333,3,0.0,3,0.6666666666666666,3,0.0,3,0.0,3,0.0,3,2
2020,2,SC,Q1,1.115,2,0.3,2,0.5,2,0.0,2,0.5,2,0.5,2,0.0,2,1.0,2,1
2020,2,TX,Q1,14.93,1,0.0,1,1.0,1,0.0,1,1.0,1,0.0,1,0.0,1,0.0,1,1
2020,3,CA,Q1,0.43454545454545457,11,0.9136363636363637,11,0.09090909090909091,11,0.2727272727272727,11,0.9090909090909091,11,0.0,11,0.0,11,0.6363636363636364,11,5
2020,3,SC,Q1,1.92,1,1.05,1,0.0,1,1.0,1,1.0,1,0.0,1,0.0,1,0.0,1,1
2020,3,TN,Q1,0.0,1,0.0,1,0.0,1,0.0,1,1.0,1,0.0,1,0.0,1,0.0,1,0
2020,3,TX,Q1,0.135,2,0.25,2,0.0,2,0.0,2,0.5,2,0.5,2,0.0,2,0.5,2,2
2020,4,KY,Q2,0.19333333333333333,3,0.35000000000000003,3,0.0,3,0.3333333333333333,3,0.0,3,0.0,3,0.0,3,0.6666666666666666,3,3
2020,4,SC,Q2,2.1573333333333333,15,0.5133333333333333,15,0.0,15,0.4666666666666667,15,0.9333333333333333,15,0.6666666666666666,15,0.0,15,0.9333333333333333,15,9
2020,4,TX,Q2,0.09,1,0.0,1,0.0,1,0.0,1,1.0,1,0.0,1,0.0,1,1.0,1,1
2020,4,UT,Q2,0.6,1,0.3,1,0.0,1,0.0,1,1.0,1,0.0,1,0.0,1,1.0,1,1
2020,5,AL,Q2,3.48375,8,0.056249999999999994,8,0.0,8,0.0,8,0.875,8,0.125,8,0.125,8,0.125,8,8
2020,5,CA,Q2,1.93,1,4.0,1,0.0,1,0.0,1,1.0,1,0.0,1,0.0,1,0.0,1,1
2020,5,ID,Q2,0.0,1,2.2,1,0.0,1,0.0,1,0.0,1,0.0,1,0.0,1,1.0,1,1
2020,5,KY,Q2,1.9675,4,0.2375,4,0.0,4,0.0,4,1.0,4,0.25,4,0.0,4,0.5,4,4
2020,5,LA,Q2,0.485,2,2.525,2,0.0,2,0.5,2,1.0,2,0.5,2,0.0,2,0.5,2,1
2020,5,MN,Q2,0.23,2,1.6749999999999998,2,0.0,2,0.0,2,0.0,2,0.5,2,0.0,2,0.5,2,2
2020,5,MT,Q2,0.15666666666666668,3,3.716666666666667,3,0.0,3,0.0,3,0.6666666666666666,3,0.3333333333333333,3,0.0,3,1.0,3,2
2020,5,NE,Q2,2.19,3,0.21666666666666667,3,0.0,3,0.0,3,0.3333333333333333,3,0.6666666666666666,3,0.0,3,0.3333333333333333,3,2
2020,5,SC,Q2,4.278333333333333,6,0.18333333333333335,6,0.0,6,0.3333333333333333,6,1.0,6,0.6666666666666666,6,0.16666666666666666,6,0.6666666666666666,6,4
2020,5,TX,Q2,6.15,1,0.85,1,0.0,1,0.0,1,1.0,1,0.0,1,0.0,1,1.0,1,1
2020,5,UT,Q2,0.84,3,0.19999999999999998,3,0.0,3,0.0,3,0.3333333333333333,3,0.3333333333333333,3,0.0,3,1.0,3,2
2020,5,WV,Q2,0.3875,4,0.3125,4,0.0,4,0.25,4,0.5,4,0.0,4,0.0,4,0.5,4,4
2020,6,AK,Q2,0.0275,4,1.5374999999999999,4,0.0,4,0.0,4,0.75,4,0.25,4,0.0,4,0.5,4,3
2020,6,AL,Q2,3.0666666666666664,3,0.03333333333333333,3,0.0,3,0.0,3,1.0,3,0.0,3,0.0,3,0.0,3,2
2020,6,AR,Q2,2.8049999999999997,6,0.025000000000000005,6,0.16666666666666666,6,0.16666666666666666,6,1.0,6,0.3333333333333333,6,0.0,6,0.16666666666666666,6,6
2020,6,CA,Q2,1.1041176470588234,17,0.29411764705882354,17,0.11764705882352941,17,0.058823529411764705,17,0.9411764705882353,17,0.4117647058823529,17,0.0,17,0.8235294117647058,17,9
2020,6,DE,Q2,1.9688888888888887,9,0.0,9,0.1111111111111111,9,0.3333333333333333,9,0.7777777777777778,9,0.1111111111111111,9,0.0,9,0.3333333333333333,9,3
2020,6,KY,Q2,0.5325,4,0.05,4,0.0,4,0.25,4,0.25,4,0.25,4,0.0,4,1.0,4,4
2020,6,MI,Q2,0.0,1,0.0,1,0.0,1,0.0,1,1.0,1,0.0,1,0.0,1,0.0,1,1
2020,6,MN,Q2,0.265,8,0.19375,8,0.0,8,0.0,8,0.5,8,0.625,8,0.0,8,0.625,8,7
2020,6,MT,Q2,0.0,3,0.3833333333333333,3,0.0,3,0.0,3,0.6666666666666666,3,0.6666666666666666,3,0.0,3,1.0,3,3
2020,6,ND,Q2,0.43466666666666665,15,0.4033333333333333,15,0.06666666666666667,15,0.13333333333333333,15,0.4,15,0.13333333333333333,15,0.0,15,0.4666666666666667,15,12
2020,6,NE,Q2,0.5266666666666667,6,1.2916666666666667,6,0.0,6,0.16666666666666666,6,0.6666666666666666,6,0.5,6,0.0,6,0.5,6,4
2020,6,NY,Q2,0.57,1,0.15,1,0.0,1,0.0,1,1.0,1,1.0,1,0.0,1,1.0,1,1
2020,6,OR,Q2,1.90375,8,0.17500000000000002,8,0.0,8,0.0,8,0.375,8,0.375,8,0.0,8,0.875,8,6
2020,6,PA,Q2,0.6675,4,0.425,4,0.0,4,0.25,4,0.5,4,0.25,4,0.0,4,0.25,4,3
2020,6,PR,Q2,2.29,1,0.1,1,1.0,1,0.0,1,1.0,1,0.0,1,0.0,1,1.0,1,1
2020,6,TX,Q2,1.064,5,0.29,5,0.0,5,0.2,5,0.8,5,0.0,5,0.0,5,0.4,5,5
2020,6,UT,Q2,0.73,3,0.06666666666666667,3,0.0,3,0.0,3,0.6666666666666666,3,0.3333333333333333,3,0.0,3,0.6666666666666666,3,3
2020,6,VT,Q2,0.7133333333333334,3,0.16666666666666666,3,0.0,3,0.0,3,0.6666666666666666,3,0.3333333333333333,3,0.0,3,0.0,3,2
2020,6,WI,Q2,2.005,2,0.0,2,0.0,2,0.0,2,1.0,2,0.5,2,0.0,2,0.0,2,2
2020,6,WV,Q2,0.43250000000000005,4,0.4875,4,0.0,4,0.0,4,0.75,4,0.75,4,0.0,4,0.75,4,4
2020,7,AK,Q3,0.1,1,0.65,1,0.0,1,0.0,1,0.0,1,0.0,1,0.0,1,0.0,1,1
2020,7,AL,Q3,2.9050000000000002,2,0.275,2,0.0,2,0.0,2,1.0,2,0.0,2,0.0,2,0.5,2,2
2020,7,AR,Q3,2.415,4,0.0,4,0.25,4,0.0,4,0.75,4,0.0,4,0.0,4,0.5,4,4
2020,7,CA,Q3,2.0925000000000002,4,0.425,4,0.25,4,0.0,4,1.0,4,0.5,4,0.0,4,0.5,4,3
2020,7,DC,Q3,1.95,6,0.08333333333333333,6,0.0,6,0.0,6,0.8333333333333334,6,0.0,6,0.0,6,0.0,6,1
2020,7,DE,Q3,1.735,6,0.008333333333333333,6,0.0,6,0.0,6,1.0,6,0.16666666666666666,6,0.0,6,0.3333333333333333,6,3
2020,7,GA,Q3,0.96,1,0.0,1,1.0,1,0.0,1,1.0,1,0.0,1,0.0,1,0.0,1,1
2020,7,HI,Q3,0.0,1,0.0,1,0.0,1,0.0,1,1.0,1,0.0,1,0.0,1,0.0,1,1
2020,7,ID,Q3,0.76,2,0.375,2,0.0,2,0.5,2,1.0,2,0.5,2,0.0,2,0.0,2,1
2020,7,IN,Q3,2.4214285714285713,7,0.05714285714285714,7,0.0,7,0.0,7,0.8571428571428571,7,0.2857142857142857,7,0.0,7,0.42857142857142855,7,7
2020,7,KY,Q3,1.76,2,0.0,2,0.5,2,0.0,2,0.0,2,0.0,2,0.0,2,0.0,2,2
2020,7,LA,Q3,2.27,1,0.05,1,0.0,1,0.0,1,1.0,1,1.0,1,0.0,1,0.0,1,1
2020,7,MD,Q3,0.6140000000000001,5,0.02,5,0.0,5,0.0,5,0.4,5,0.2,5,0.0,5,0.4,5,3
2020,7,MT,Q3,0.31714285714285717,7,0.2571428571428572,7,0.0,7,0.0,7,0.2857142857142857,7,0.5714285714285714,7,0.14285714285714285,7,0.42857142857142855,7,6
2020,7,NE,Q3,2.118181818181818,11,0.022727272727272728,11,0.0,11,0.18181818181818182,11,0.7272727272727273,11,0.45454545454545453,11,0.0,11,0.6363636363636364,11,5
2020,7,NV,Q3,3.322,5,0.15,5,0.0,7,0.0,7,0.8571428571428571,7,0.14285714285714285,7,0.0,7,0.5714285714285714,7,3
2020,7,NY,Q3,1.7444444444444445,9,0.43333333333333335,9,0.0,7,0.2857142857142857,7,0.7142857142857143,7,0.14285714285714285,7,0.0,7,0.5714285714285714,7,8
2020,7,OR,Q3,2.88,4,0.175,4,0.0,4,0.5,4,0.75,4,0.25,4,0.0,4,0.5,4,4
2020,7,PA,Q3,1.0866666666666667,3,0.7166666666666667,3,0.0,3,0.3333333333333333,3,1.0,3,0.3333333333333333,3,0.0,3,0.0,3,3
2020,7,TX,Q3,0.17,1,0.0,1,0.0,1,0.0,1,1.0,1,1.0,1,0.0,1,1.0,1,1
2020,7,UT,Q3,1.6749999999999998,2,0.325,2,0.0,2,0.0,2,1.0,2,0.0,2,0.0,2,0.0,2,2
2020,7,VA,Q3,0.8049999999999999,2,0.075,2,0.0,2,0.0,2,0.5,2,0.0,2,0.0,2,0.0,2,2
2020,7,VT,Q3,2.42625,8,0.28125,8,0.0,8,0.0,8,0.375,8,0.25,8,0.0,8,0.25,8,3
2020,7,WI,Q3,1.141111111111111,9,0.044444444444444446,9,0.1111111111111111,9,0.0,9,0.5555555555555556,9,0.5555555555555556,9,0.0,9,0.4444444444444444,9,6
2020,7,WV,Q3,1.128,5,0.03,5,0.0,4,0.0,4,0.5,4,0.5,4,0.0,4,0.25,4,5
2020,8,AK,Q3,1.88,4,0.0,4,0.0,4,0.25,4,0.25,4,0.0,4,0.0,4,0.5,4,2
2020,8,AL,Q3,2.333333333333333,3,0.0,3,0.0,3,0.0,3,0.6666666666666666,3,0.0,3,0.0,3,0.0,3,3
2020,8,AR,Q3,3.1,6,0.075,6,0.0,6,0.0,6,0.8333333333333334,6,0.0,6,0.0,6,0.16666666666666666,6,5
2020,8,DC,Q3,1.99,2,0.2,2,0.5,2,0.0,2,1.0,2,0.0,2,0.0,2,0.0,2,1
2020,8,DE,Q3,2.162,5,0.0,5,0.0,5,0.4,5,0.6,5,0.2,5,0.0,5,0.2,5,2
2020,8,GA,Q3,1.1916666666666667,12,0.11666666666666665,12,0.25,12,0.0,12,0.75,12,0.16666666666666666,12,0.0,12,0.08333333333333333,12,10
2020,8,GU,Q3,0.0,12,0.8333333333333334,12,0.0,12,0.0,12,0.0,12,0.0,12,0.0,12,0.25,12,1
2020,8,ID,Q3,1.7166666666666668,9,0.06666666666666667,9,0.0,9,0.0,9,0.6666666666666666,9,0.0,9,0.0,9,0.0,9,9
2020,8,IL,Q3,3.117142857142857,7,0.03571428571428571,7,0.14285714285714285,7,0.14285714285714285,7,0.7142857142857143,7,0.0,7,0.0,7,0.0,7,7
2020,8,IN,Q3,5.74,1,0.0,1,0.0,1,0.0,1,1.0,1,0.0,1,0.0,1,0.0,1,1
2020,8,KY,Q3,2.1999999999999997,3,0.0,3,0.3333333333333333,3,0.3333333333333333,3,1.0,3,0.0,3,0.0,3,0.0,3,3
2020,8,LA,Q3,2.2969999999999997,10,0.03,10,0.4,10,0.0,10,0.9,10,0.4,10,0.0,10,0.2,10,4
2020,8,MA,Q3,1.1925,8,0.00625,8,0.0,8,0.0,8,0.75,8,0.0,8,0.0,8,0.125,8,5
2020,8,MD,Q3,0.6333333333333333,3,0.0,3,0.3333333333333333,3,0.0,3,0.3333333333333333,3,0.3333333333333333,3,0.0,3,0.0,3,3
2020,8,MT,Q3,1.1585714285714286,7,0.15714285714285717,7,0.0,6,0.3333333333333333,6,0.3333333333333333,6,0.3333333333333333,6,0.0,6,0.16666666666666666,6,7
2020,8,ND,Q3,1.5499999999999998,2,0.325,2,0.0,2,0.0,2,0.5,2,0.5,2,0.0,2,0.5,2,2
2020,8,NV,Q3,6.46,8,0.0,8,0.0,8,0.0,8,0.375,8,0.0,8,0.0,8,0.125,8,6
2020,8,NY,Q3,1.2166666666666666,6,0.008333333333333333,6,0.0,6,0.0,6,0.8333333333333334,6,0.16666666666666666,6,0.0,6,0.3333333333333333,6,5
2020,8,OR,Q3,2.705,2,0.0,2,0.0,2,0.0,2,1.0,2,0.0,2,0.0,2,0.0,2,2
2020,8,PA,Q3,2.9271428571428575,7,0.1,7,0.14285714285714285,7,0.0,7,0.5714285714285714,7,0.2857142857142857,7,0.0,7,0.0,7,7
2020,8,SD,Q3,0.89,12,0.09166666666666667,12,0.08333333333333333,12,0.0,12,0.5833333333333334,12,0.25,12,0.0,12,0.08333333333333333,12,11
2020,8,TN,Q3,2.29,4,0.0,4,0.0,2,0.0,2,0.5,2,0.0,2,0.0,2,0.5,2,3
2020,8,UT,Q3,3.395,2,0.025,2,0.0,2,0.0,2,0.0,2,0.5,2,0.0,2,0.0,2,1
2020,8,VA,Q3,1.7739999999999998,5,0.06999999999999999,5,0.0,5,0.2,5,1.0,5,0.0,5,0.0,5,0.0,5,5
2020,8,VT,Q3,4.986,5,0.15,5,0.4,5,0.0,5,1.0,5,0.0,5,0.0,5,0.0,5,3
2020,8,WI,Q3,3.195,4,0.0625,4,0.25,4,0.25,4,1.0,4,0.25,4,0.0,4,0.25,4,4
2020,8,WV,Q3,5.55,4,0.0,4,0.0,4,0.25,4,0.25,4,0.25,4,0.0,4,0.0,4,4
2020,9,AK,Q3,2.01,1,0.3,1,0.0,1,0.0,1,0.0,1,0.0,1,0.0,1,0.0,1,1
2020,9,AL,Q3,1.3725,4,0.0125,4,0.0,4,0.0,4,0.75,4,0.25,4,0.0,4,0.25,4,4
2020,9,AR,Q3,3.8240000000000003,5,0.0,5,0.2,5,0.0,5,1.0,5,0.2,5,0.0,5,0.0,5,4
2020,9,DC,Q3,3.6719999999999997,5,0.0,5,0.2,5,0.4,5,1.0,5,0.2,5,0.0,5,0.0,5,1
2020,9,DE,Q3,4.195,4,0.0,4,0.5,4,0.0,4,0.75,4,0.25,4,0.0,4,0.0,4,2
2020,9,FL,Q3,0.852,5,0.13,5,0.2,5,0.0,5,1.0,5,0.4,5,0.0,5,0.0,5,5
2020,9,GA,Q3,1.405,8,0.175,8,0.375,8,0.125,8,1.0,8,0.125,8,0.0,8,0.25,8,7
2020,9,ID,Q3,4.465714285714285,7,0.021428571428571432,7,0.14285714285714285,7,0.14285714285714285,7,1.0,7,0.14285714285714285,7,0.0,7,0.14285714285714285,7,6
2020,9,IL,Q3,4.245625,16,0.0125,16,0.1875,16,0.0,16,0.75,16,0.0,16,0.0,16,0.125,16,15
2020,9,IN,Q3,1.08,2,0.0,2,0.5,2,0.0,2,0.5,2,0.0,2,0.0,2,0.5,2,2
2020,9,KY,Q3,3.2979999999999996,5,0.01,5,0.2,5,0.2,5,1.0,5,0.2,5,0.0,5,0.6,5,5
2020,9,LA,Q3,1.9366666666666668,3,0.049999999999999996,3,0.0,3,0.0,3,0.3333333333333333,3,0.0,3,0.0,3,0.3333333333333333,3,2
2020,9,MA,Q3,5.683636363636364,11,0.05,11,0.0,11,0.18181818181818182,11,0.8181818181818182,11,0.09090909090909091,11,0.0,11,0.36363636363636365,11,7
2020,9,MD,Q3,2.384666666666667,15,0.016666666666666666,15,0.06666666666666667,15,0.2,15,0.6666666666666666,15,0.06666666666666667,15,0.0,15,0.26666666666666666,15,8
2020,9,MI,Q3,6.966666666666668,3,0.0,3,0.0,3,0.3333333333333333,3,0.6666666666666666,3,0.3333333333333333,3,0.0,3,0.0,3,3
2020,9,MN,Q3,7.6,7,0.028571428571428574,7,0.5714285714285714,7,0.0,7,1.0,7,0.0,7,0.0,7,0.2857142857142857,7,4
2020,9,MT,Q3,2.2399999999999998,7,0.014285714285714287,7,0.0,7,0.14285714285714285,7,0.7142857142857143,7,0.14285714285714285,7,0.0,7,0.2857142857142857,7,4
2020,9,ND,Q3,3.6500000000000004,2,0.25,2,0.0,2,0.0,2,1.0,2,0.5,2,0.0,2,0.0,2,2
2020,9,NE,Q3,8.595,4,0.1,4,0.25,4,0.0,4,1.0,4,0.5,4,0.0,4,0.0,4,3
2020,9,NV,Q3,11.525,4,0.1625,4,0.0,4,0.0,4,0.5,4,0.0,4,0.0,4,0.5,4,3
2020,9,NY,Q3,5.122,5,0.01,5,0.4,5,0.0,5,1.0,5,0.2,5,0.0,5,0.4,5,5
2020,9,OR,Q3,7.240000000000001,3,0.09999999999999999,3,1.0,3,0.0,3,0.6666666666666666,3,0.3333333333333333,3,0.0,3,0.0,3,3
2020,9,PA,Q3,3.1375,8,0.075,8,0.0,8,0.125,8,0.75,8,0.125,8,0.0,8,0.0,8,6
2020,9,SC,Q3,0.645,2,0.0,2,0.0,2,0.0,2,1.0,2,0.5,2,0.0,2,0.0,2,2
2020,9,SD,Q3,4.544545454545455,11,0.05454545454545454,11,0.0,11,0.0,11,0.9090909090909091,11,0.18181818181818182,11,0.0,11,0.2727272727272727,11,7
2020,9,TX,Q3,,0,0.33749999999999997,4,0.0,4,0.0,4,0.75,4,0.5,4,0.0,4,0.5,4,4
2020,9,UT,Q3,16.81,1,0.0,1,1.0,1,0.0,1,1.0,1,1.0,1,0.0,1,0.0,1,1
2020,9,VA,Q3,2.427142857142857,7,0.04285714285714286,7,0.14285714285714285,7,0.14285714285714285,7,0.5714285714285714,7,0.0,7,0.0,7,0.14285714285714285,7,7
2020,9,VT,Q3,3.8280000000000003,5,0.06000000000000001,5,1.0,5,0.4,5,1.0,5,0.0,5,0.0,5,0.0,5,3
2020,9,WI,Q3,7.1625,4,0.0625,4,0.0,4,0.0,4,1.0,4,0.0,4,0.0,4,0.0,4,4
2020,9,WV,Q3,3.2600000000000002,7,0.07142857142857142,7,0.0,7,0.0,7,0.5714285714285714,7,0.2857142857142857,7,0.0,7,0.42857142857142855,7,7
2020,10,AL,Q4,3.8166666666666664,3,0.09999999999999999,3,0.3333333333333333,3,0.0,3,1.0,3,0.0,3,0.0,3,0.0,3,3
2020,10,AR,Q4,8.866666666666667,3,0.0,3,0.0,3,0.0,3,0.6666666666666666,3,0.0,3,0.0,3,0.0,3,3
2020,10,DC,Q4,10.571666666666667,6,0.08333333333333333,6,0.3333333333333333,6,0.16666666666666666,6,1.0,6,0.16666666666666666,6,0.0,6,0.16666666666666666,6,1
2020,10,GA,Q4,5.57,3,0.05000000000000001,3,0.0,3,0.0,3,1.0,3,0.0,3,0.0,3,0.3333333333333333,3,2
2020,10,ID,Q4,4.86,1,0.0,1,1.0,1,1.0,1,1.0,1,0.0,1,0.0,1,0.0,1,1
2020,10,IN,Q4,3.1808333333333336,12,0.0375,12,0.5,12,0.0,12,0.9166666666666666,12,0.25,12,0.0,12,0.3333333333333333,12,9
2020,10,KY,Q4,8.175,2,0.1,2,0.0,2,0.0,2,1.0,2,0.5,2,0.0,2,0.0,2,2
2020,10,LA,Q4,4.365714285714286,7,0.692857142857143,7,0.14285714285714285,7,0.0,7,1.0,7,0.14285714285714285,7,0.0,7,0.2857142857142857,7,3
2020,10,MA,Q4,6.098,5,0.05,5,0.0,5,0.2,5,1.0,5,0.8,5,0.0,5,0.4,5,5
2020,10,MI,Q4,5.426111111111111,18,0.2638888888888889,18,0.6666666666666666,18,0.16666666666666666,18,1.0,18,0.6666666666666666,18,0.05555555555555555,18,0.4444444444444444,18,11
2020,10,MN,Q4,1.7671428571428571,7,0.0071428571428571435,7,0.14285714285714285,7,0.42857142857142855,7,0.8571428571428571,7,0.14285714285714285,7,0.0,7,0.0,7,6
2020,10,ND,Q4,1.5050000000000001,6,0.17500000000000002,6,0.0,6,0.0,6,0.8333333333333334,6,0.3333333333333333,6,0.0,6,0.16666666666666666,6,4
2020,10,NV,Q4,19.119999999999997,2,0.0,2,0.0,2,0.0,2,1.0,2,0.5,2,0.0,2,1.0,2,2
2020,10,NY,Q4,5.650000000000001,3,0.15,3,0.6666666666666666,3,0.0,3,1.0,3,0.3333333333333333,3,0.0,3,0.0,3,3
2020,10,OR,Q4,2.3283333333333336,6,0.041666666666666664,6,0.3333333333333333,6,0.0,6,1.0,6,0.16666666666666666,6,0.0,6,0.3333333333333333,6,4
2020,10,SD,Q4,3.565,6,0.049999999999999996,6,0.16666666666666666,6,0.0,6,1.0,6,0.5,6,0.0,6,0.16666666666666666,6,6
2020,10,TX,Q4,2.1,2,0.0125,4,0.25,4,0.0,4,1.0,4,0.25,4,0.0,4,0.0,4,4
2020,10,UT,Q4,5.566666666666667,3,0.11666666666666665,3,0.0,3,0.3333333333333333,3,0.6666666666666666,3,0.0,3,0.0,3,0.3333333333333333,3,3
2020,10,VA,Q4,5.142857142857143,7,0.07857142857142858,7,0.0,7,0.0,7,1.0,7,0.0,7,0.0,7,0.0,7,6
2020,10,VT,Q4,8.02,3,0.0,3,1.0,3,0.0,3,1.0,3,0.0,3,0.0,3,0.0,3,2
2020,10,WI,Q4,2.0075,4,0.0,4,1.0,4,0.25,4,1.0,4,0.75,4,0.0,4,1.0,4,2
2020,11,FL,Q4,0.845,4,0.025,4,0.5,4,0.0,4,1.0,4,0.0,4,0.0,4,0.5,4,4
2020,11,GU,Q4,0.0,3,0.21666666666666665,3,,0,,0,,0,,0,,0,,0,1
2020,11,LA,Q4,2.61,1,0.1,1,0.0,1,0.0,1,1.0,1,1.0,1,0.0,1,0.0,1,1
2020,11,MI,Q4,5.1899999999999995,2,0.525,2,0.5,2,0.5,2,1.0,2,0.5,2,0.0,2,0.5,2,2
2020,11,TX,Q4,0.7066666666666667,3,0.09999999999999999,3,0.3333333333333333,3,0.3333333333333333,3,1.0,3,0.0,3,0.0,3,0.0,3,3
2020,11,VA,Q4,7.226666666666667,3,0.10000000000000002,3,0.3333333333333333,3,0.0,3,1.0,3,0.0,3,0.0,3,0.0,3,3
2020,11,WI,Q4,2.51,1,0.3,1,1.0,1,0.0,1,1.0,1,1.0,1,0.0,1,0.0,1,1
2020,12,FL,Q4,1.8814285714285715,7,1.25,7,0.14285714285714285,7,0.2857142857142857,7,1.0,7,0.2857142857142857,7,0.0,7,0.7142857142857143,7,6
2020,12,TX,Q4,0.0,1,1.1,1,0.0,1,0.0,1,1.0,1,0.0,1,0.0,1,1.0,1,1
2021,1,CA,Q1,0.359,10,0.47000000000000003,10,0.0,10,0.0,10,0.8,10,0.0,10,0.0,10,0.2,10,2
2021,1,FL,Q1,3.733333333333333,3,1.9333333333333333,3,0.0,3,0.0,3,1.0,3,0.3333333333333333,3,0.0,3,0.3333333333333333,3,3
2021,2,CA,Q1,0.41428571428571426,7,1.8642857142857143,7,0.14285714285714285,7,0.0,7,0.8571428571428571,7,0.2857142857142857,7,0.0,7,0.8571428571428571,7,4
2021,2,HI,Q1,1.0,1,0.65,1,1.0,1,0.0,1,1.0,1,0.0,1,0.0,1,0.0,1,1
2021,3,CA,Q1,0.9,2,0.375,2,0.0,2,0.0,2,1.0,2,0.0,2,0.0,2,1.0,2,2
2021,3,FL,Q1,2.95,2,0.275,2,0.5,2,0.0,2,1.0,2,0.0,2,0.0,2,0.0,2,1
2021,3,KY,Q1,0.0,1,0.55,1,0.0,1,1.0,1,0.0,1,0.0,1,0.0,1,1.0,1,1
2021,3,SC,Q1,0.33499999999999996,6,0.6333333333333333,6,0.16666666666666666,6,0.0,6,0.8333333333333334,6,0.16666666666666666,6,0.0,6,0.8333333333333334,6,1
2021,3,TX,Q1,0.04666666666666667,3,1.5666666666666664,3,0.0,3,0.0,3,1.0,3,0.6666666666666666,3,0.0,3,1.0,3,3
2021,4,CA,Q2,0.5242857142857142,7,1.4357142857142855,7,0.0,7,0.0,7,0.8571428571428571,7,0.42857142857142855,7,0.0,7,1.0,7,5
2021,4,DC,Q2,0.5166666666666667,3,0.5499999999999999,3,0.0,3,0.3333333333333333,3,1.0,3,0.0,3,0.0,3,0.0,3,1
2021,4,FL,Q2,0.0,1,0.65,1,0.0,1,0.0,1,0.0,1,0.0,1,0.0,1,0.0,1,1
2021,4,HI,Q2,0.0,1,0.45,1,0.0,1,0.0,1,0.0,1,0.0,1,0.0,1,0.0,1,1
2021,4,KY,Q2,0.242,5,0.54,5,0.0,5,0.0,5,0.4,5,0.0,5,0.0,5,0.8,5,5
2021,4,PA,Q2,0.0,1,0.0,1,0.0,1,0.0,1,1.0,1,0.0,1,0.0,1,0.0,1,1
2021,4,SC,Q2,0.6175,4,0.525,4,0.25,4,0.25,4,1.0,4,0.0,4,0.0,4,0.75,4,2
2021,4,TX,Q2,0.06,2,0.65,2,0.0,2,0.0,2,1.0,2,0.5,2,0.0,2,1.0,2,2
2021,4,UT,Q2,0.0,1,0.05,1,0.0,1,0.0,1,0.0,1,0.0,1,0.0,1,0.0,1,1
2021,5,AL,Q2,2.104,5,0.1,5,0.0,5,0.0,5,1.0,5,0.6,5,0.0,5,0.2,5,5
2021,5,CA,Q2,1.9706666666666666,15,0.15333333333333332,15,0.0,15,0.2,15,0.9333333333333333,15,0.2,15,0.0,15,0.4666666666666667,15,6
2021,5,DC,Q2,2.146,5,0.8699999999999999,5,0.0,5,0.6,5,0.6,5,0.4,5,0.0,5,0.0,5,3
2021,5,ID,Q2,0.0,3,0.3833333333333333,3,0.0,3,0.0,3,0.6666666666666666,3,0.6666666666666666,3,0.0,3,1.0,3,3
2021,5,KY,Q2,0.274,5,0.19,5,0.0,5,0.0,5,0.6,5,0.2,5,0.0,5,1.0,5,5
2021,5,ME,Q2,0.27,6,0.9083333333333333,6,0.0,6,0.0,6,0.5,6,0.16666666666666666,6,0.0,6,0.3333333333333333,6,4
2021,5,MI,Q2,1.0533333333333332,3,0.39999999999999997,3,0.0,3,0.0,3,0.3333333333333333,3,0.0,3,0.0,3,0.6666666666666666,3,3
2021,5,MT,Q2,0.10000000000000002,3,4.183333333333334,3,0.0,3,0.3333333333333333,3,1.0,3,0.3333333333333333,3,0.0,3,1.0,3,3
2021,5,PA,Q2,0.1925,4,0.11249999999999999,4,0.0,4,0.25,4,0.75,4,0.0,4,0.0,4,0.5,4,3
2021,5,SC,Q2,0.78,1,0.0,1,0.0,1,0.0,1,1.0,1,0.0,1,0.0,1,1.0,1,1
2021,5,TN,Q2,,0,,0,0.0,1,0.0,1,1.0,1,0.0,1,0.0,1,1.0,1,1
2021,5,UT,Q2,0.275,2,0.6000000000000001,2,0.0,2,0.0,2,0.5,2,1.0,2,0.0,2,1.0,2,2
2021,5,WI,Q2,0.0,1,0.55,1,0.0,1,0.0,1,0.0,1,0.0,1,0.0,1,1.0,1,1
2021,6,AK,Q2,0.43,1,1.25,1,0.0,1,0.0,1,1.0,1,0.0,1,0.0,1,1.0,1,1
2021,6,AL,Q2,0.35000000000000003,3,0.5333333333333333,3,0.0,3,0.3333333333333333,3,1.0,3,0.6666666666666666,3,0.0,3,0.0,3,3
2021,6,AR,Q2,0.922,10,0.11000000000000001,10,0.2222222222222222,9,0.2222222222222222,9,0.7777777777777778,9,0.2222222222222222,9,0.0,9,0.4444444444444444,9,9
2021,6,CA,Q2,0.3514285714285714,7,0.45000000000000007,7,0.0,7,0.2857142857142857,7,0.5714285714285714,7,0.0,7,0.0,7,0.14285714285714285,7,3
2021,6,DC,Q2,2.314,5,0.030000000000000006,5,0.0,5,0.0,5,0.6,5,0.0,5,0.0,5,0.0,5,1
2021,6,DE,Q2,1.1099999999999999,2,0.1,2,0.0,2,0.0,2,1.0,2,0.5,2,0.0,2,0.0,2,2
2021,6,GA,Q2,0.48,1,0.0,1,0.0,1,1.0,1,1.0,1,1.0,1,0.0,1,0.0,1,1
2021,6,ID,Q2,0.14916666666666667,12,0.19583333333333333,12,0.0,12,0.0,12,0.3333333333333333,12,0.25,12,0.0,12,0.5833333333333334,12,10
2021,6,IN,Q2,0.5333333333333333,3,0.21666666666666667,3,0.0,3,0.3333333333333333,3,0.6666666666666666,3,0.3333333333333333,3,0.0,3,1.0,3,2
2021,6,KY,Q2,0.12,1,0.3,1,0.0,1,1.0,1,0.0,1,0.0,1,0.0,1,0.0,1,1
2021,6,MD,Q2,0.46714285714285714,7,0.22142857142857145,7,0.0,7,0.0,7,0.42857142857142855,7,0.0,7,0.0,7,0.14285714285714285,7,3
2021,6,ME,Q2,0.14,3,1.5666666666666667,3,0.0,3,0.3333333333333333,3,0.3333333333333333,3,0.3333333333333333,3,0.0,3,0.3333333333333333,3,3
2021,6,MI,Q2,0.932,5,0.11000000000000001,5,0.0,5,0.0,5,1.0,5,0.6,5,0.0,5,0.8,5,5
2021,6,MN,Q2,0.28833333333333333,12,0.325,12,0.0,12,0.0,12,0.08333333333333333,12,0.5,12,0.0,12,0.5,12,9
2021,6,MT,Q2,0.20692307692307693,13,0.44166666666666665,12,0.0,13,0.15384615384615385,13,0.6923076923076923,13,0.5384615384615384,13,0.0,13,0.6923076923076923,13,11
2021,6,ND,Q2,0.094,10,2.075,10,0.0,10,0.2,10,0.6,10,0.2,10,0.0,10,0.9,10,10
2021,6,NE,Q2,0.6819999999999999,5,0.11000000000000001,5,0.0,5,0.0,5,0.8,5,0.8,5,0.2,5,0.8,5,4
2021,6,NY,Q2,0.38375,8,0.325,8,0.0,8,0.125,8,0.875,8,0.375,8,0.0,8,0.5,8,8
2021,6,OR,Q2,0.5475,4,0.0625,4,0.25,4,0.25,4,0.5,4,0.0,4,0.0,4,0.5,4,4
2021,6,PA,Q2,1.17,7,0.5142857142857143,7,0.0,7,0.0,7,0.5714285714285714,7,0.42857142857142855,7,0.0,7,0.2857142857142857,7,6
2021,6,SC,Q2,0.7136363636363637,11,0.08636363636363636,11,0.0,11,0.2727272727272727,11,0.6363636363636364,11,0.09090909090909091,11,0.0,11,0.09090909090909091,11,6
2021,6,SD,Q2,0.0,1,0.55,1,0.0,1,0.0,1,1.0,1,0.0,1,0.0,1,0.0,1,1
2021,6,UT,Q2,0.195,2,0.0,2,0.0,2,0.0,2,0.5,2,0.0,2,0.0,2,1.0,2,2
2021,6,VA,Q2,0.5466666666666666,9,0.14444444444444446,9,0.0,9,0.1111111111111111,9,0.5555555555555556,9,0.1111111111111111,9,0.0,9,0.2222222222222222,9,9
2021,6,VT,Q2,0.442,5,0.39,5,0.0,5,0.0,5,0.4,5,0.4,5,0.0,5,0.4,5,4
2021,6,WA,Q2,0.13166666666666668,6,0.15833333333333333,6,0.0,6,0.16666666666666666,6,0.5,6,0.3333333333333333,6,0.0,6,0.5,6,3
2021,6,WI,Q2,0.21000000000000002,4,0.5625,4,0.0,4,0.0,4,1.0,4,0.75,4,0.0,4,0.5,4,4
2021,6,WV,Q2,0.398,5,0.3,5,0.0,5,0.0,5,0.2,5,0.2,5,0.0,5,0.4,5,5
2021,7,AK,Q3,1.4366666666666665,3,0.016666666666666666,3,0.0,3,0.3333333333333333,3,0.6666666666666666,3,0.0,3,0.0,3,0.6666666666666666,3,2
2021,7,AL,Q3,3.6233333333333335,3,0.0,3,0.0,3,0.3333333333333333,3,0.6666666666666666,3,0.3333333333333333,3,0.0,3,0.0,3,3
2021,7,AR,Q3,0.77,1,0.0,1,0.0,1,0.0,1,1.0,1,0.0,1,0.0,1,0.0,1,1
2021,7,DC,Q3,0.88,2,0.625,2,0.0,2,0.0,2,0.5,2,0.0,2,0.0,2,0.0,2,1
2021,7,DE,Q3,0.994,5,0.02,5,0.2,5,0.0,5,0.6,5,0.2,5,0.0,5,0.2,5,3
2021,7,GA,Q3,3.722,5,0.03,5,0.6,5,0.0,5,1.0,5,0.4,5,0.0,5,0.0,5,4
2021,7,ID,Q3,0.75,3,0.03333333333333333,3,0.3333333333333333,3,0.0,3,0.3333333333333333,3,0.0,3,0.0,3,0.3333333333333333,3,3
2021,7,IN,Q3,1.002,5,0.030000000000000006,5,0.0,5,0.4,5,1.0,5,0.6,5,0.0,5,0.6,5,3
2021,7,KY,Q3,0.9899999999999999,3,0.08333333333333333,3,0.0,3,0.0,3,0.6666666666666666,3,0.0,3,0.0,3,0.0,3,3
2021,7,LA,Q3,1.6966666666666665,6,0.09166666666666667,6,0.0,6,0.0,6,1.0,6,0.16666666666666666,6,0.0,6,0.5,6,4
2021,7,MA,Q3,0.56,2,0.375,2,0.0,2,0.0,2,0.5,2,0.0,2,0.0,2,0.0,2,2
2021,7,MD,Q3,0.11000000000000001,5,0.3,5,0.0,5,0.0,5,0.2,5,0.2,5,0.0,5,0.4,5,2
2021,7,ME,Q3,0.916,5,0.07999999999999999,5,0.0,5,0.0,5,0.6,5,0.0,5,0.0,5,0.4,5,5
2021,7,MI,Q3,0.115,2,0.125,2,0.0,2,0.0,2,0.5,2,0.5,2,0.0,2,1.0,2,2
2021,7,MT,Q3,2.5275,4,0.5,4,0.0,4,0.0,4,0.75,4,0.75,4,0.0,4,0.75,4,4
2021,7,ND,Q3,0.05,2,0.275,2,0.0,2,0.0,2,1.0,2,0.0,2,0.0,2,0.5,2,2
2021,7,NE,Q3,1.15,2,0.15000000000000002,2,0.0,2,0.5,2,0.5,2,0.0,2,0.0,2,0.5,2,1
2021,7,NV,Q3,0.7324999999999999,8,0.05625,8,0.0,8,0.125,8,0.25,8,0.0,8,0.0,8,0.25,8,2
2021,7,NY,Q3,0.8183333333333334,6,0.24166666666666667,6,0.0,6,0.0,6,0.8333333333333334,6,0.16666666666666666,6,0.0,6,0.16666666666666666,6,5
2021,7,OR,Q3,2.098333333333333,6,0.05000000000000001,6,0.0,6,0.16666666666666666,6,0.3333333333333333,6,0.16666666666666666,6,0.0,6,0.16666666666666666,6,6
2021,7,PA,Q3,1.39,3,0.13333333333333333,3,0.0,3,0.3333333333333333,3,1.0,3,0.0,3,0.0,3,0.0,3,3
2021,7,SD,Q3,0.23750000000000002,8,0.475,8,0.0,8,0.0,8,0.375,8,0.25,8,0.0,8,0.75,8,6
2021,7,TN,Q3,1.9866666666666666,3,0.3666666666666667,3,0.0,3,0.3333333333333333,3,1.0,3,0.0,3,0.0,3,0.0,3,3
2021,7,TX,Q3,2.29,5,0.45999999999999996,5,0.4,5,0.0,5,0.8,5,0.4,5,0.0,5,0.2,5,5
2021,7,UT,Q3,0.0,2,0.05,1,0.0,2,0.0,2,0.0,2,0.0,2,0.0,2,0.5,2,2
2021,7,VA,Q3,0.21,1,0.0,1,0.0,1,0.0,1,0.0,1,0.0,1,0.0,1,0.0,1,1
2021,7,VT,Q3,0.7633333333333333,6,0.22499999999999998,6,0.0,6,0.0,6,0.16666666666666666,6,0.16666666666666666,6,0.0,6,0.3333333333333333,6,3
2021,7,WA,Q3,0.7988888888888889,9,0.12777777777777777,9,0.0,9,0.1111111111111111,9,0.2222222222222222,9,0.1111111111111111,9,0.0,9,0.1111111111111111,9,4
2021,7,WI,Q3,1.86,2,0.0,2,0.0,2,0.0,2,0.5,2,0.0,2,0.0,2,0.0,2,2
2021,7,WV,Q3,1.1733333333333333,6,0.041666666666666664,6,0.0,6,0.16666666666666666,6,0.6666666666666666,6,0.16666666666666666,6,0.0,6,0.16666666666666666,6,6
2021,8,AK,Q3,3.9175,4,0.075,4,0.0,4,0.0,4,0.75,4,0.0,4,0.0,4,0.0,4,2
2021,8,AL,Q3,1.796,5,0.6599999999999999,5,0.0,5,0.0,5,1.0,5,0.0,5,0.0,5,0.0,5,5
2021,8,AR,Q3,2.29,2,0.0,2,0.0,2,0.0,2,0.5,2,0.0,2,0.0,2,0.5,2,2
2021,8,CA,Q3,0.48750000000000004,4,0.025,4,0.25,4,0.0,4,1.0,4,0.5,4,0.0,4,0.25,4,4
2021,8,CO,Q3,0.19,2,0.0,2,0.5,2,0.0,2,0.0,2,0.0,2,0.0,2,0.0,2,1
2021,8,DC,Q3,0.37,1,0.0,1,0.0,1,0.0,1,0.0,1,0.0,1,0.0,1,0.0,1,1
2021,8,DE,Q3,1.22375,8,0.1125,8,0.25,8,0.25,8,0.5,8,0.25,8,0.0,8,0.25,8,3
2021,8,FL,Q3,5.07,3,0.016666666666666666,3,0.3333333333333333,3,0.0,3,1.0,3,0.3333333333333333,3,0.0,3,0.3333333333333333,3,3
2021,8,GA,Q3,1.8544444444444446,9,0.17222222222222222,9,0.0,9,0.1111111111111111,9,1.0,9,0.1111111111111111,9,0.0,9,0.0,9,9
2021,8,GU,Q3,0.0,10,2.34,10,,0,,0,,0,,0,,0,,0,1
2021,8,ID,Q3,0.545,2,0.05,2,0.0,2,0.0,2,1.0,2,0.0,2,0.0,2,0.5,2,2
2021,8,IL,Q3,1.27,1,0.0,1,0.0,1,0.0,1,1.0,1,0.0,1,0.0,1,0.0,1,1
2021,8,KY,Q3,0.5766666666666667,3,0.016666666666666666,3,0.0,3,0.3333333333333333,3,0.3333333333333333,3,0.3333333333333333,3,0.0,3,0.0,3,3
2021,8,MA,Q3,2.0816666666666666,6,0.2916666666666667,6,0.0,6,0.0,6,0.6666666666666666,6,0.16666666666666666,6,0.0,6,0.0,6,4
2021,8,MD,Q3,2.93,1,0.0,1,0.0,1,0.0,1,0.0,1,0.0,1,0.0,1,0.0,1,1
2021,8,ME,Q3,0.3,1,0.0,1,0.0,1,0.0,1,1.0,1,0.0,1,0.0,1,0.0,1,1
2021,8,MI,Q3,2.0,2,0.0,2,0.0,2,0.0,2,0.5,2,0.5,2,0.0,2,0.0,2,2
2021,8,ND,Q3,0.9591666666666666,12,0.25833333333333336,12,0.0,12,0.0,12,0.5,12,0.0,12,0.0,12,0.08333333333333333,12,11
2021,8,NE,Q3,0.13,2,0.175,2,0.0,2,0.0,2,0.5,2,0.0,2,0.0,2,0.0,2,1
2021,8,NV,Q3,0.6900000000000001,6,0.09166666666666667,6,0.0,6,0.0,6,0.16666666666666666,6,0.0,6,0.0,6,0.3333333333333333,6,3
2021,8,NY,Q3,0.57,2,0.0,2,0.0,2,0.5,2,1.0,2,0.5,2,0.0,2,0.0,2,2
2021,8,OR,Q3,3.8266666666666667,6,0.041666666666666664,6,0.0,6,0.0,6,0.5,6,0.16666666666666666,6,0.0,6,0.16666666666666666,6,5
2021,8,PA,Q3,0.795,2,0.025,2,0.0,2,0.0,2,0.5,2,0.0,2,0.0,2,0.0,2,2
2021,8,SC,Q3,0.94,1,0.0,1,0.0,1,1.0,1,1.0,1,1.0,1,0.0,1,0.0,1,1
2021,8,SD,Q3,0.665,6,0.23333333333333336,6,0.0,6,0.0,6,1.0,6,0.3333333333333333,6,0.0,6,0.6666666666666666,6,6
2021,8,TX,Q3,4.5,1,0.0,1,0.0,1,0.0,1,1.0,1,0.0,1,0.0,1,0.0,1,1
2021,8,UT,Q3,0.22,1,0.0,1,0.0,1,0.0,1,0.0,1,0.0,1,0.0,1,0.0,1,1
2021,8,VA,Q3,0.458,5,0.36,5,0.0,5,0.0,5,1.0,5,0.0,5,0.0,5,0.4,5,4
2021,8,VT,Q3,3.3725,8,0.2125,8,0.5,8,0.25,8,1.0,8,0.375,8,0.0,8,0.0,8,3
2021,8,WI,Q3,1.3963636363636363,11,0.14545454545454545,11,0.09090909090909091,11,0.09090909090909091,11,0.5454545454545454,11,0.2727272727272727,11,0.0,11,0.18181818181818182,11,8
2021,8,WV,Q3,5.8575,4,0.0,4,0.0,4,0.25,4,1.0,4,0.25,4,0.0,4,0.0,4,4
2021,9,AR,Q3,0.84,3,0.016666666666666666,3,0.0,3,0.3333333333333333,3,0.3333333333333333,3,0.0,3,0.0,3,0.0,3,3
2021,9,CA,Q3,1.405,2,0.125,2,0.5,2,0.0,2,1.0,2,0.0,2,0.0,2,0.5,2,1
2021,9,CO,Q3,0.42800000000000005,5,0.0,5,0.0,5,0.2,5,0.6,5,0.0,5,0.0,5,0.6,5,2
2021,9,DC,Q3,1.175,2,0.1,2,1.0,2,0.5,2,1.0,2,0.0,2,0.0,2,0.0,2,1
2021,9,DE,Q3,1.4224999999999999,4,0.525,4,0.5,4,0.0,4,1.0,4,0.25,4,0.0,4,0.25,4,2
2021,9,FL,Q3,1.7172727272727273,11,0.2545454545454545,11,0.18181818181818182,11,0.0,11,0.9090909090909091,11,0.45454545454545453,11,0.0,11,0.2727272727272727,11,9
2021,9,GA,Q3,2.22,1,0.2,1,0.0,1,0.0,1,1.0,1,0.0,1,0.0,1,0.0,1,1
2021,9,ID,Q3,5.42,5,0.01,5,0.2,5,0.0,5,0.8,5,0.4,5,0.0,5,0.0,5,4
2021,9,IN,Q3,3.282857142857143,7,0.0642857142857143,7,0.5714285714285714,7,0.14285714285714285,7,0.7142857142857143,7,0.2857142857142857,7,0.0,7,0.2857142857142857,7,4
2021,9,KY,Q3,3.6050000000000004,4,0.0125,4,0.25,4,0.0,4,0.75,4,0.0,4,0.0,4,0.25,4,4
2021,9,MA,Q3,0.7909090909090909,11,0.4818181818181818,11,0.0,11,0.09090909090909091,11,0.8181818181818182,11,0.0,11,0.0,11,0.18181818181818182,11,7
2021,9,MD,Q3,1.7163636363636363,11,0.09090909090909091,11,0.09090909090909091,11,0.36363636363636365,11,0.8181818181818182,11,0.0,11,0.0,11,0.09090909090909091,11,7
2021,9,ME,Q3,2.2977777777777777,9,0.3333333333333333,9,0.0,9,0.3333333333333333,9,0.8888888888888888,9,0.4444444444444444,9,0.0,9,0.4444444444444444,9,7
2021,9,MI,Q3,2.1825,4,0.075,4,0.75,4,0.25,4,1.0,4,0.5,4,0.0,4,0.25,4,4
2021,9,MN,Q3,2.19,10,0.03,10,0.3,10,0.0,10,1.0,10,0.2,10,0.0,10,0.0,10,7
2021,9,MT,Q3,1.996,5,0.05,5,0.0,5,0.0,5,0.8,5,0.6,5,0.0,5,0.4,5,4
2021,9,ND,Q3,1.42,10,0.38,10,0.0,10,0.1,10,0.8,10,0.2,10,0.0,10,0.1,10,10
2021,9,NE,Q3,3.469,10,0.05,10,0.2,10,0.1,10,1.0,10,0.3,10,0.0,10,0.3,10,6
2021,9,NV,Q3,7.026000000000001,5,0.05,5,0.0,5,0.0,5,1.0,5,0.0,5,0.0,5,0.0,5,3
2021,9,NY,Q3,2.13125,8,0.075,8,0.375,8,0.5,8,0.875,8,0.25,8,0.0,8,0.25,8,8
2021,9,OR,Q3,2.68,5,0.06000000000000001,5,0.2,5,0.2,5,0.8,5,0.2,5,0.0,5,0.0,5,3
2021,9,PA,Q3,2.6966666666666668,3,0.25,3,0.0,3,0.3333333333333333,3,1.0,3,0.0,3,0.0,3,0.0,3,3
2021,9,SD,Q3,0.8019999999999999,5,0.16,5,0.0,5,0.0,5,0.8,5,0.0,5,0.0,5,0.2,5,5
2021,9,UT,Q3,0.39,2,0.0,2,0.5,2,1.0,2,1.0,2,0.0,2,0.0,2,0.0,2,2
2021,9,VA,Q3,4.008,5,0.45,5,0.0,5,0.0,5,1.0,5,0.0,5,0.0,5,0.0,5,5
2021,9,VT,Q3,7.206666666666667,3,0.08333333333333333,3,0.6666666666666666,3,0.0,3,1.0,3,0.0,3,0.0,3,0.0,3,1
2021,9,WI,Q3,2.41,4,0.075,4,0.0,4,0.0,4,1.0,4,0.0,4,0.0,4,0.5,4,4
2021,9,WV,Q3,2.16125,8,0.23125,8,0.0,8,0.0,8,0.875,8,0.125,8,0.0,8,0.25,8,8
2021,10,AL,Q4,3.14,4,0.025,4,0.0,4,0.25,4,1.0,4,0.0,4,0.0,4,0.5,4,4
2021,10,AR,Q4,0.9650000000000001,2,0.0,2,0.0,2,0.0,2,1.0,2,0.5,2,0.0,2,0.0,2,2
2021,10,CA,Q4,0.7949999999999999,2,0.125,2,0.5,2,0.0,2,1.0,2,0.0,2,0.0,2,0.0,2,2
2021,10,DC,Q4,3.0366666666666666,6,0.125,6,0.16666666666666666,6,0.16666666666666666,6,0.6666666666666666,6,0.0,6,0.0,6,0.0,6,1
2021,10,DE,Q4,8.28,2,0.025,2,1.0,2,0.5,2,1.0,2,0.5,2,0.0,2,0.0,2,2
2021,10,FL,Q4,1.3166666666666667,3,0.15,3,0.3333333333333333,3,0.0,3,1.0,3,0.0,3,0.0,3,0.0,3,2
2021,10,GA,Q4,1.242,5,0.1,5,0.2,5,0.2,5,1.0,5,0.2,5,0.0,5,0.4,5,4
2021,10,GU,Q4,0.0,1,0.25,1,0.0,1,0.0,1,0.0,1,0.0,1,0.0,1,0.0,1,1
2021,10,ID,Q4,0.0,1,0.2,1,0.0,1,0.0,1,0.0,1,0.0,1,0.0,1,1.0,1,1
2021,10,IN,Q4,2.582,5,0.08,5,0.6,5,0.0,5,1.0,5,0.4,5,0.0,5,0.6,5,3
2021,10,KY,Q4,4.4366666666666665,3,0.13333333333333333,3,0.3333333333333333,3,0.0,3,1.0,3,0.3333333333333333,3,0.0,3,0.0,3,3
2021,10,LA,Q4,0.8314285714285715,7,0.07857142857142858,7,0.0,7,0.0,7,0.8571428571428571,7,0.0,7,0.0,7,0.2857142857142857,7,4
2021,10,MA,Q4,2.4125,4,0.7875,4,0.0,4,0.0,4,1.0,4,0.25,4,0.0,4,0.0,4,3
2021,10,MI,Q4,3.8783333333333334,6,0.075,6,0.6666666666666666,6,0.16666666666666666,6,1.0,6,0.6666666666666666,6,0.0,6,0.5,6,6
2021,10,MN,Q4,0.7050000000000001,2,0.025,2,0.0,2,0.0,2,1.0,2,0.0,2,0.0,2,0.5,2,2
2021,10,MT,Q4,1.175,2,0.0,2,0.0,2,0.0,2,1.0,2,1.0,2,0.0,2,0.5,2,2
2021,10,ND,Q4,0.185,2,0.125,2,0.0,2,0.0,2,1.0,2,0.0,2,0.0,2,0.0,2,2
2021,10,NE,Q4,10.068,5,0.0,4,0.8,5,0.0,5,1.0,5,0.4,5,0.0,5,0.2,5,5
2021,10,OR,Q4,3.6533333333333338,3,0.16666666666666666,3,0.3333333333333333,3,0.0,3,1.0,3,0.3333333333333333,3,0.0,3,0.6666666666666666,3,3
2021,10,PA,Q4,10.5275,4,0.025,4,0.25,4,0.5,4,1.0,4,0.25,4,0.0,4,0.5,4,4
2021,10,SD,Q4,1.26,4,0.1375,4,0.25,4,0.0,4,1.0,4,0.25,4,0.0,4,0.0,4,4
2021,10,TX,Q4,2.4299999999999997,2,0.1,2,0.5,2,0.0,2,1.0,2,0.0,2,0.0,2,0.0,2,2
2021,10,UT,Q4,3.6825,4,0.0,4,0.25,4,0.5,4,1.0,4,0.25,4,0.0,4,0.75,4,3
2021,10,VA,Q4,5.3100000000000005,4,0.075,4,0.25,4,0.5,4,1.0,4,0.25,4,0.0,4,0.25,4,4
2021,10,VT,Q4,14.555,2,0.2,2,1.0,2,0.5,2,1.0,2,0.5,2,0.0,2,0.5,2,2
2021,10,WA,Q4,1.8633333333333333,6,0.5416666666666666,6,0.3333333333333333,6,0.5,6,1.0,6,0.16666666666666666,6,0.0,6,0.0,6,4
2021,10,WI,Q4,10.469999999999999,2,0.0,2,1.0,2,0.0,2,1.0,2,0.0,2,0.0,2,0.0,2,1
2021,10,WV,Q4,1.56,1,0.0,1,0.0,1,1.0,1,1.0,1,0.0,1,0.0,1,0.0,1,1
2021,11,AR,Q4,2.8816666666666664,6,0.016666666666666666,6,0.0,5,0.2,5,0.8,5,0.0,5,0.0,5,0.0,5,5
2021,11,CA,Q4,0.62,1,0.0,1,0.0,1,1.0,1,1.0,1,0.0,1,0.0,1,1.0,1,1
2021,11,FL,Q4,5.220000000000001,5,0.54,5,0.8,5,0.4,5,1.0,5,0.2,5,0.2,5,0.2,5,5
2021,11,GA,Q4,5.7366666666666655,3,0.049999999999999996,3,0.3333333333333333,3,0.0,3,1.0,3,0.3333333333333333,3,0.3333333333333333,3,0.3333333333333333,3,3
2021,11,GU,Q4,0.0,3,0.10000000000000002,3,0.0,3,0.0,3,0.0,3,0.0,3,0.0,3,0.0,3,1
2021,11,HI,Q4,0.7606666666666667,15,0.9433333333333334,15,0.13333333333333333,15,0.0,15,0.6666666666666666,15,0.0,15,0.06666666666666667,15,0.2,15,4
2021,11,IN,Q4,1.814,5,0.01,5,0.8,5,0.0,5,0.8,5,0.4,5,0.0,5,0.0,5,5
2021,11,MI,Q4,21.955,2,0.0,2,0.5,2,1.0,2,1.0,2,1.0,2,0.0,2,0.5,2,2
2021,11,TX,Q4,0.125,2,0.0,2,0.5,2,1.0,2,1.0,2,0.0,2,0.0,2,0.0,2,2
2021,11,UT,Q4,28.51,1,0.2,1,1.0,1,0.0,1,1.0,1,1.0,1,0.0,1,0.0,1,1
2021,11,WA,Q4,3.83,1,0.15,1,0.0,1,0.0,1,1.0,1,0.0,1,0.0,1,0.0,1,1
2021,12,FL,Q4,0.0,1,0.05,1,1.0,1,0.0,1,1.0,1,1.0,1,0.0,1,0.0,1,1
2021,12,TX,Q4,3.5324999999999998,4,0.275,4,0.25,4,0.0,4,1.0,4,0.25,4,0.0,4,0.75,4,4
2022,1,CA,Q1,0.0,3,5.783333333333334,3,0.0,3,0.0,3,1.0,3,0.0,3,0.0,3,0.6666666666666666,3,1
2022,1,FL,Q1,0.48,1,0.0,1,0.0,1,0.0,1,1.0,1,0.0,1,0.0,1,0.0,1,1
2022,1,GU,Q1,0.0,3,0.049999999999999996,3,0.0,3,0.0,3,0.0,3,0.0,3,0.0,3,0.3333333333333333,3,1
2022,1,TX,Q1,0.96,1,0.0,1,0.0,1,1.0,1,1.0,1,0.0,1,0.0,1,0.0,1,1
2022,2,AK,Q1,0.17,1,1.1,1,,0,,0,,0,,0,,0,,0,0
2022,2,CA,Q1,0.0,2,0.025,2,0.5,2,0.5,2,1.0,2,0.0,2,0.0,2,0.5,2,2
2022,2,GU,Q1,0.0,1,0.7,1,0.0,1,0.0,1,0.0,1,0.0,1,0.0,1,0.0,1,1
2022,2,TX,Q1,0.0,1,1.35,1,0.0,1,1.0,1,0.0,1,0.0,1,0.0,1,1.0,1,1
2022,3,AL,Q1,2.3075,4,0.19999999999999998,4,0.0,4,0.25,4,0.75,4,0.0,4,0.0,4,0.0,4,4
2022,3,CA,Q1,0.0425,4,0.475,4,0.0,4,0.25,4,0.5,4,0.0,4,0.0,4,0.75,4,2
2022,3,GU,Q1,0.0,2,0.9500000000000001,2,0.0,2,0.0,2,0.0,2,0.0,2,0.0,2,0.0,2,1
2022,3,HI,Q1,0.4657142857142857,7,1.8214285714285714,7,0.14285714285714285,7,0.14285714285714285,7,0.7142857142857143,7,0.0,7,0.0,7,0.2857142857142857,7,2
2022,3,NV,Q1,0.0,1,0.0,1,,0,,0,,0,,0,,0,,0,1
2022,3,SC,Q1,2.6550000000000002,2,0.475,2,0.0,2,0.0,2,1.0,2,0.0,2,0.0,2,0.0,2,2
2022,3,TN,Q1,0.126,10,0.29500000000000004,10,0.1,10,0.5,10,0.1,10,0.0,10,0.0,10,0.7,10,9
2022,3,UT,Q1,0.24,1,0.6,1,0.0,1,0.0,1,1.0,1,1.0,1,0.0,1,1.0,1,1
2022,4,AL,Q2,4.24,1,1.3,1,1.0,1,0.0,1,1.0,1,0.0,1,0.0,1,0.0,1,1
2022,4,CA,Q2,0.7033333333333333,3,0.26666666666666666,3,0.0,3,0.3333333333333333,3,0.6666666666666666,3,0.3333333333333333,3,0.0,3,0.6666666666666666,3,3
2022,4,HI,Q2,4.855,2,1.125,2,0.0,2,0.0,2,1.0,2,0.0,2,0.0,2,0.0,2,1
2022,4,KY,Q2,0.088,5,0.13,5,0.0,5,0.2,5,0.8,5,0.2,5,0.0,5,0.4,5,4
2022,4,NC,Q2,0.0,1,2.1,1,0.0,1,0.0,1,1.0,1,0.0,1,0.0,1,0.0,1,1
2022,4,PA,Q2,0.47,1,0.0,1,0.0,1,0.0,1,1.0,1,1.0,1,0.0,1,0.0,1,1
2022,4,SC,Q2,0.7014285714285714,7,0.7071428571428572,7,0.0,7,0.0,7,0.7142857142857143,7,0.14285714285714285,7,0.0,7,0.5714285714285714,7,5
2022,4,TN,Q2,0.6000000000000001,11,0.4318181818181818,11,0.0,11,0.18181818181818182,11,0.5454545454545454,11,0.0,11,0.0,11,0.5454545454545454,11,9
2022,4,TX,Q2,0.37333333333333335,6,0.6416666666666667,6,0.0,6,0.16666666666666666,6,0.5,6,0.16666666666666666,6,0.0,6,0.8333333333333334,6,5
2022,4,UT,Q2,0.47000000000000003,2,0.4,2,0.0,2,1.0,2,0.5,2,0.0,2,0.0,2,0.5,2,2
2022,5,AK,Q2,0.0,1,24.05,1,1.0,1,0.0,1,1.0,1,0.0,1,0.0,1,1.0,1,1
2022,5,CA,Q2,2.0325,8,0.675,8,0.0,8,0.125,8,0.75,8,0.0,8,0.0,8,0.0,8,1
2022,5,DC,Q2,1.31,2,4.074999999999999,2,0.0,2,0.0,2,1.0,2,0.0,2,0.0,2,0.0,2,1
2022,5,GU,Q2,0.0,2,1.7750000000000001,2,,0,,0,,0,,0,,0,,0,1
2022,5,KY,Q2,0.385,6,0.09166666666666667,6,0.0,6,0.16666666666666666,6,0.8333333333333334,6,0.3333333333333333,6,0.0,6,0.6666666666666666,6,6
2022,5,LA,Q2,1.2054545454545453,11,0.6136363636363636,11,0.0,11,0.18181818181818182,11,0.9090909090909091,11,0.09090909090909091,11,0.0,11,0.9090909090909091,11,4
2022,5,MA,Q2,0.538,5,1.19,5,0.0,5,0.0,5,0.8,5,0.2,5,0.0,5,1.0,5,3
2022,5,MD,Q2,0.0,1,0.15,1,0.0,1,0.0,1,0.0,1,0.0,1,0.0,1,0.0,1,1
2022,5,NV,Q2,0.19,2,0.575,2,0.0,2,0.5,2,0.5,2,0.5,2,0.0,2,1.0,2,2
2022,5,NY,Q2,0.77,5,0.8600000000000001,5,0.0,5,0.0,5,0.4,5,0.4,5,0.0,5,0.6,5,4
2022,5,OH,Q2,0.6733333333333333,3,0.3333333333333333,3,0.0,3,0.3333333333333333,3,0.6666666666666666,3,0.3333333333333333,3,0.0,3,0.3333333333333333,3,3
2022,5,PA,Q2,0.2475,4,1.1,4,0.0,4,0.0,4,0.25,4,0.25,4,0.0,4,0.5,4,4
2022,5,SC,Q2,1.6183333333333334,6,0.2833333333333333,6,0.0,6,0.16666666666666666,6,1.0,6,0.0,6,0.0,6,0.16666666666666666,6,4
2022,5,TX,Q2,0.385,2,0.125,2,0.0,2,0.0,2,1.0,2,0.0,2,0.0,2,0.5,2,2
2022,5,UT,Q2,1.35,2,1.3,2,0.0,2,0.0,2,1.0,2,0.5,2,0.0,2,0.5,2,2
2022,5,VA,Q2,0.9600000000000001,2,0.07500000000000001,2,0.0,2,0.5,2,0.5,2,0.0,2,0.0,2,0.5,2,2
2022,6,AR,Q2,2.4099999999999997,6,0.18333333333333335,6,0.16666666666666666,6,0.0,6,1.0,6,0.5,6,0.0,6,0.3333333333333333,6,5
2022,6,CA,Q2,0.82,15,0.58,15,0.13333333333333333,15,0.0,15,0.9333333333333333,15,0.13333333333333333,15,0.0,15,0.26666666666666666,15,1
2022,6,CO,Q2,0.5215384615384615,13,1.5384615384615385,13,0.0,13,0.0,13,0.46153846153846156,13,0.15384615384615385,13,0.0,13,0.38461538461538464,13,2
2022,6,DC,Q2,0.61,1,2.8,1,0.0,1,0.0,1,0.0,1,0.0,1,0.0,1,0.0,1,1
2022,6,DE,Q2,1.4,4,0.3875,4,0.0,4,0.0,4,0.75,4,0.25,4,0.0,4,0.25,4,3
2022,6,GA,Q2,0.0,1,0.15,1,1.0,1,0.0,1,1.0,1,0.0,1,0.0,1,0.0,1,1
2022,6,ID,Q2,0.27222222222222225,9,0.8500000000000001,9,0.0,9,0.1111111111111111,9,0.7777777777777778,9,0.5555555555555556,9,0.0,9,0.8888888888888888,9,9
2022,6,MA,Q2,0.27,1,0.05,1,0.0,1,0.0,1,0.0,1,1.0,1,0.0,1,0.0,1,1
2022,6,MD,Q2,0.17,3,0.016666666666666666,3,0.0,3,0.0,3,0.0,3,0.0,3,0.0,3,0.0,3,3
2022,6,ME,Q2,0.678,5,0.85,5,0.0,5,0.2,5,0.8,5,0.6,5,0.0,5,0.8,5,5
2022,6,MN,Q2,0.615,6,0.11666666666666668,6,0.16666666666666666,6,0.0,6,0.6666666666666666,6,0.8333333333333334,6,0.0,6,0.6666666666666666,6,6
2022,6,MT,Q2,0.22400000000000003,5,0.44000000000000006,5,0.0,5,0.0,5,0.6,5,0.8,5,0.0,5,0.8,5,3
2022,6,ND,Q2,0.29300000000000004,10,0.9550000000000001,10,0.0,10,0.2,10,0.9,10,0.3,10,0.0,10,0.8,10,10
2022,6,NE,Q2,0.32,9,0.33888888888888885,9,0.0,9,0.0,9,0.7777777777777778,9,0.5555555555555556,9,0.1111111111111111,9,0.5555555555555556,9,4
2022,6,NV,Q2,1.3775,4,0.075,4,0.0,4,0.25,4,0.5,4,0.0,4,0.0,4,0.75,4,3
2022,6,NY,Q2,1.3933333333333333,3,0.9166666666666666,3,0.0,3,0.0,3,0.6666666666666666,3,0.6666666666666666,3,0.0,3,1.0,3,2
2022,6,OR,Q2,1.14,1,0.4,1,0.0,1,0.0,1,1.0,1,0.0,1,0.0,1,1.0,1,1
2022,6,PA,Q2,1.1528571428571428,7,0.6142857142857142,7,0.0,7,0.0,7,0.42857142857142855,7,0.14285714285714285,7,0.0,7,0.5714285714285714,7,5
2022,6,SC,Q2,1.84375,8,0.0125,8,0.0,8,0.25,8,1.0,8,0.125,8,0.0,8,0.125,8,4
2022,6,UT,Q2,0.505,2,0.4,2,0.0,2,0.0,2,1.0,2,0.0,2,0.0,2,0.5,2,2
2022,6,VA,Q2,0.8457142857142858,7,0.40714285714285714,7,0.0,7,0.14285714285714285,7,0.5714285714285714,7,0.14285714285714285,7,0.0,7,0.14285714285714285,7,5
2022,6,VT,Q2,0.8710000000000001,10,0.175,10,0.0,10,0.2,10,0.5,10,0.1,10,0.0,10,0.0,10,6
2022,6,WI,Q2,0.616,5,0.18000000000000002,5,0.0,5,0.0,5,0.6,5,0.4,5,0.0,5,0.8,5,5
2022,6,WV,Q2,0.3233333333333333,6,0.05833333333333333,6,0.0,6,0.0,6,0.3333333333333333,6,0.16666666666666666,6,0.0,6,0.16666666666666666,6,6
2022,7,AR,Q3,3.1425,4,0.0125,4,0.25,4,0.0,4,0.75,4,0.0,4,0.0,4,0.0,4,4
2022,7,CA,Q3,2.64,1,0.45,1,0.0,1,0.0,1,1.0,1,0.0,1,0.0,1,0.0,1,0
2022,7,CO,Q3,1.2750000000000001,4,0.375,4,0.0,4,0.25,4,0.75,4,0.0,4,0.0,4,0.25,4,2
2022,7,DC,Q3,1.4900000000000002,3,0.049999999999999996,3,0.0,3,0.0,3,0.6666666666666666,3,0.0,3,0.0,3,0.0,3,1
2022,7,DE,Q3,0.76625,8,0.15625,8,0.125,8,0.125,8,0.75,8,0.25,8,0.0,8,0.125,8,3
2022,7,GA,Q3,1.5675000000000001,4,0.0875,4,0.5,4,0.0,4,0.75,4,0.0,4,0.0,4,0.0,4,4
2022,7,GU,Q3,0.0,10,0.655,10,0.0,10,0.0,10,0.0,10,0.0,10,0.0,10,0.0,10,1
2022,7,ID,Q3,0.44857142857142857,7,0.19285714285714287,7,0.0,7,0.0,7,0.5714285714285714,7,0.5714285714285714,7,0.0,7,0.42857142857142855,7,6
2022,7,IN,Q3,1.8199999999999998,2,0.275,2,0.0,2,0.0,2,1.0,2,0.0,2,0.0,2,0.0,2,2
2022,7,KY,Q3,0.53,3,0.0,3,0.0,3,0.0,3,1.0,3,0.0,3,0.0,3,0.0,3,3
2022,7,LA,Q3,2.970833333333333,12,0.0,12,0.0,12,0.0,12,1.0,12,0.08333333333333333,12,0.0,12,0.0,12,6
2022,7,MA,Q3,1.3425,12,0.09583333333333333,12,0.0,12,0.0,12,0.8333333333333334,12,0.0,12,0.0,12,0.16666666666666666,12,8
2022,7,MD,Q3,4.665,2,0.2,2,0.5,2,0.0,2,1.0,2,0.0,2,0.0,2,0.0,2,1
2022,7,ME,Q3,0.045,4,0.125,4,0.0,4,0.0,4,0.5,4,0.0,4,0.0,4,0.0,4,3
2022,7,MI,Q3,0.20857142857142857,7,0.15,7,0.0,7,0.0,7,0.5714285714285714,7,0.42857142857142855,7,0.0,7,0.14285714285714285,7,5
2022,7,MN,Q3,0.36624999999999996,8,0.4125,8,0.0,8,0.125,8,1.0,8,0.25,8,0.0,8,0.875,8,7
2022,7,MT,Q3,0.48454545454545456,11,0.38181818181818183,11,0.0,11,0.09090909090909091,11,0.7272727272727273,11,0.6363636363636364,11,0.0,11,0.5454545454545454,11,10
2022,7,NE,Q3,1.8980000000000001,5,0.09999999999999999,5,0.0,5,0.0,5,0.8,5,0.4,5,0.0,5,0.2,5,3
2022,7,NY,Q3,0.39999999999999997,3,0.15,3,0.0,3,0.3333333333333333,3,1.0,3,0.0,3,0.0,3,0.3333333333333333,3,3
2022,7,OH,Q3,1.1428571428571428,7,0.03571428571428571,7,0.2857142857142857,7,0.0,7,0.8571428571428571,7,0.0,7,0.0,7,0.0,7,5
2022,7,OR,Q3,2.795,6,0.049999999999999996,6,0.16666666666666666,6,0.0,6,0.8333333333333334,6,0.5,6,0.0,6,0.3333333333333333,6,5
2022,7,PA,Q3,1.528,5,0.27,5,0.0,5,0.0,5,1.0,5,0.2,5,0.0,5,0.2,5,4
2022,7,SD,Q3,0.342,5,0.22999999999999998,5,0.0,5,0.0,5,0.4,5,0.0,5,0.0,5,0.2,5,4
2022,7,UT,Q3,0.515,2,0.025,2,0.0,2,0.0,2,1.0,2,1.0,2,0.0,2,0.5,2,1
2022,7,VA,Q3,2.59,1,0.0,1,1.0,1,0.0,1,1.0,1,0.0,1,0.0,1,0.0,1,1
2022,7,VT,Q3,0.47666666666666674,6,0.3916666666666666,6,0.0,6,0.0,6,0.3333333333333333,6,0.0,6,0.0,6,0.16666666666666666,6,4
2022,7,WA,Q3,0.6133333333333333,6,0.09166666666666667,6,0.0,6,0.0,6,0.8333333333333334,6,0.6666666666666666,6,0.0,6,0.5,6,3
2022,7,WI,Q3,0.8228571428571428,7,0.2285714285714286,7,0.0,6,0.16666666666666666,6,0.8333333333333334,6,0.3333333333333333,6,0.0,6,0.16666666666666666,6,5
2022,7,WV,Q3,0.5275000000000001,4,0.0125,4,0.0,4,0.0,4,0.75,4,0.0,4,0.0,4,0.0,4,4
2022,8,AL,Q3,2.91,3,0.016666666666666666,3,0.3333333333333333,3,0.0,3,1.0,3,0.3333333333333333,3,0.0,3,0.0,3,3
2022,8,AR,Q3,3.55,1,0.0,1,0.0,1,0.0,1,1.0,1,0.0,1,0.0,1,1.0,1,1
2022,8,CA,Q3,7.46,1,0.1,1,1.0,1,0.0,1,1.0,1,0.0,1,0.0,1,0.0,1,1
2022,8,DC,Q3,3.54625,8,0.19375,8,0.0,8,0.0,8,0.625,8,0.0,8,0.0,8,0.0,8,1
2022,8,DE,Q3,1.4925,8,0.14375000000000002,8,0.125,8,0.125,8,0.625,8,0.125,8,0.0,8,0.0,8,3
2022,8,FL,Q3,0.62,1,1.3,1,0.0,1,0.0,1,1.0,1,0.0,1,0.0,1,0.0,1,1
2022,8,GA,Q3,1.5859999999999999,5,0.16999999999999998,5,0.2,5,0.0,5,1.0,5,0.2,5,0.0,5,0.0,5,5
2022,8,ID,Q3,1.5033333333333332,3,0.0,3,0.0,3,0.0,3,0.6666666666666666,3,0.0,3,0.0,3,0.3333333333333333,3,1
2022,8,IN,Q3,0.795,4,0.0,4,0.0,4,0.0,4,1.0,4,0.25,4,0.0,4,0.25,4,3
2022,8,KY,Q3,1.8074999999999999,4,0.1,4,0.5,4,0.0,4,0.5,4,0.5,4,0.0,4,0.0,4,4
2022,8,MA,Q3,3.122,5,0.07999999999999999,5,0.0,5,0.0,5,1.0,5,0.2,5,0.0,5,0.0,5,4
2022,8,MD,Q3,1.7933333333333332,3,0.0,3,0.0,3,0.0,3,0.6666666666666666,3,0.6666666666666666,3,0.0,3,0.0,3,3
2022,8,ME,Q3,0.9,5,0.06,5,0.4,5,0.2,5,1.0,5,0.2,5,0.0,5,0.0,5,3
2022,8,MI,Q3,0.95,2,1.2,2,0.0,2,0.0,2,1.0,2,0.5,2,0.0,2,0.0,2,2
2022,8,MN,Q3,0.348,5,0.01,5,0.6,5,0.4,5,1.0,5,0.2,5,0.0,5,0.4,5,3
2022,8,MT,Q3,6.32,1,0.0,1,0.0,1,1.0,1,1.0,1,1.0,1,0.0,1,0.0,1,1
2022,8,NC,Q3,1.8849999999999998,2,0.175,2,0.0,2,0.0,2,1.0,2,0.0,2,0.0,2,0.0,2,2
2022,8,ND,Q3,1.502,5,0.9199999999999999,5,0.0,5,0.0,5,0.8,5,0.0,5,0.0,5,0.6,5,5
2022,8,NE,Q3,1.4275,4,0.0625,4,0.25,4,0.0,4,0.75,4,0.25,4,0.0,4,0.5,4,4
2022,8,NV,Q3,3.046666666666667,3,0.11666666666666668,3,0.3333333333333333,3,0.0,3,0.6666666666666666,3,0.3333333333333333,3,0.0,3,0.0,3,2
2022,8,NY,Q3,0.48,3,0.15,3,0.0,3,0.0,3,0.6666666666666666,3,0.0,3,0.0,3,0.0,3,3
2022,8,OH,Q3,2.3537500000000002,8,0.01875,8,0.5,8,0.125,8,0.875,8,0.0,8,0.0,8,0.0,8,7
2022,8,OR,Q3,3.38,9,0.061111111111111116,9,0.1111111111111111,9,0.2222222222222222,9,0.8888888888888888,9,0.3333333333333333,9,0.0,9,0.1111111111111111,9,7
2022,8,PA,Q3,0.185,2,0.025,2,0.0,2,0.0,2,1.0,2,0.0,2,0.0,2,0.0,2,2
2022,8,SD,Q3,0.22000000000000003,5,0.31,5,0.0,5,0.0,5,0.4,5,0.2,5,0.0,5,0.0,5,4
2022,8,UT,Q3,0.0,1,0.0,1,,0,,0,,0,,0,,0,,0,1
2022,8,VA,Q3,1.3679999999999999,5,0.12000000000000002,5,0.4,5,0.0,5,1.0,5,0.0,5,0.0,5,0.0,5,4
2022,8,VT,Q3,1.1166666666666667,6,0.041666666666666664,6,0.5,6,0.5,6,0.5,6,0.0,6,0.0,6,0.0,6,3
2022,8,WI,Q3,1.4300000000000002,5,0.19,5,0.2,5,0.0,5,0.8,5,0.4,5,0.0,5,0.0,5,4
2022,8,WV,Q3,1.2757142857142856,7,0.014285714285714287,7,0.0,7,0.14285714285714285,7,0.7142857142857143,7,0.14285714285714285,7,0.0,7,0.14285714285714285,7,6
2022,9,AL,Q3,3.5774999999999997,4,0.0625,4,0.25,4,0.5,4,1.0,4,0.25,4,0.0,4,0.25,4,4
2022,9,AR,Q3,4.088571428571429,7,0.028571428571428574,7,0.2857142857142857,7,0.14285714285714285,7,1.0,7,0.2857142857142857,7,0.0,7,0.14285714285714285,7,6
2022,9,CA,Q3,0.67125,8,0.10625000000000001,8,0.0,8,0.0,8,0.875,8,0.125,8,0.0,8,0.25,8,6
2022,9,CO,Q3,1.17,2,0.0,2,0.0,2,0.0,2,1.0,2,0.0,2,0.0,2,0.0,2,1
2022,9,DC,Q3,3.1033333333333335,3,0.06666666666666667,3,0.0,3,0.0,3,1.0,3,0.0,3,0.0,3,0.0,3,1
2022,9,DE,Q3,2.8714285714285714,7,0.014285714285714287,7,0.2,5,0.0,5,1.0,5,0.0,5,0.0,5,0.0,5,3
2022,9,FL,Q3,1.92,5,0.22999999999999998,5,0.4,5,0.4,5,1.0,5,0.0,5,0.0,5,0.2,5,5
2022,9,GA,Q3,0.61,3,0.03333333333333333,3,0.3333333333333333,3,0.0,3,1.0,3,0.0,3,0.0,3,0.3333333333333333,3,2
2022,9,ID,Q3,0.805,2,0.0,2,0.0,2,0.0,2,1.0,2,0.5,2,0.0,2,0.5,2,2
2022,9,IN,Q3,3.91,6,0.05833333333333333,6,0.6666666666666666,6,0.16666666666666666,6,1.0,6,0.3333333333333333,6,0.0,6,0.5,6,4
2022,9,KY,Q3,1.8499999999999999,4,0.0875,4,0.25,4,0.0,4,1.0,4,0.5,4,0.0,4,0.25,4,4
2022,9,MA,Q3,3.055,2,0.3,2,0.0,2,0.0,2,0.5,2,0.0,2,0.0,2,0.0,2,1
2022,9,MD,Q3,2.589166666666667,12,0.17500000000000002,12,0.0,12,0.16666666666666666,12,0.75,12,0.0,12,0.0,12,0.0,12,8
2022,9,ME,Q3,2.939,10,0.45,10,0.0,10,0.1,10,1.0,10,0.1,10,0.0,10,0.3,10,6
2022,9,MI,Q3,0.868,5,0.09,5,0.4,5,0.0,5,0.8,5,0.4,5,0.0,5,0.0,5,5
2022,9,MN,Q3,1.1400000000000001,5,0.06999999999999999,5,0.0,5,0.2,5,0.8,5,0.4,5,0.0,5,0.2,5,5
2022,9,MT,Q3,0.47500000000000003,4,0.025,4,0.0,4,0.0,4,0.5,4,0.0,4,0.0,4,0.75,4,4
2022,9,NC,Q3,6.41,4,0.075,4,0.0,4,0.0,4,0.75,4,0.75,4,0.0,4,0.0,4,4
2022,9,NE,Q3,2.3016666666666667,6,0.049999999999999996,6,0.0,6,0.0,6,1.0,6,0.3333333333333333,6,0.0,6,0.3333333333333333,6,6
2022,9,NJ,Q3,3.62,4,0.875,4,0.0,4,0.0,4,1.0,4,0.0,4,0.0,4,0.5,4,4
2022,9,NV,Q3,5.468571428571429,7,0.4714285714285715,7,0.14285714285714285,7,0.14285714285714285,7,1.0,7,0.2857142857142857,7,0.0,7,0.14285714285714285,7,4
2022,9,NY,Q3,6.086,5,0.49000000000000005,5,0.6,5,0.4,5,1.0,5,0.4,5,0.0,5,0.0,5,5
2022,9,OH,Q3,1.65,1,0.0,1,1.0,1,0.0,1,1.0,1,0.0,1,0.0,1,0.0,1,1
2022,9,OR,Q3,6.153999999999999,5,0.0,5,0.4,5,0.0,5,1.0,5,0.2,5,0.0,5,0.2,5,5
2022,9,PA,Q3,1.0,2,0.025,2,0.0,2,0.0,2,1.0,2,0.0,2,0.0,2,0.0,2,2
2022,9,SD,Q3,2.06,4,0.0125,4,0.0,4,0.25,4,0.75,4,0.25,4,0.0,4,0.0,4,4
2022,9,TX,Q3,2.41,3,0.0,3,0.3333333333333333,3,0.0,3,0.6666666666666666,3,0.0,3,0.0,3,0.0,3,3
2022,9,UT,Q3,5.5,2,0.025,2,0.0,2,0.0,2,1.0,2,0.0,2,0.0,2,0.0,2,2
2022,9,VA,Q3,2.59125,8,0.15000000000000002,8,0.125,8,0.125,8,1.0,8,0.25,8,0.0,8,0.0,8,8
2022,9,VT,Q3,2.83,2,0.0,2,0.0,2,0.0,2,1.0,2,0.0,2,0.0,2,0.0,2,1
2022,9,WI,Q3,0.33,3,0.65,3,0.0,3,0.0,3,0.3333333333333333,3,0.0,3,0.0,3,0.3333333333333333,3,5
2022,9,WV,Q3,1.2100000000000002,6,0.041666666666666664,6,0.2,5,0.6,5,0.6,5,0.0,5,0.0,5,0.4,5,5
2022,10,AL,Q4,1.2066666666666668,3,0.3166666666666667,3,0.0,3,0.3333333333333333,3,1.0,3,0.0,3,0.0,3,0.0,3,3
2022,10,AR,Q4,3.6,4,0.0125,4,0.0,4,0.0,4,0.5,4,0.0,4,0.0,4,0.0,4,4
2022,10,CA,Q4,0.2525,4,0.3625,4,0.25,4,0.0,4,1.0,4,0.5,4,0.0,4,0.25,4,2
2022,10,DC,Q4,9.584,10,0.25,10,0.42857142857142855,7,0.2857142857142857,7,1.0,7,0.14285714285714285,7,0.0,7,0.0,7,1
2022,10,DE,Q4,2.68,1,0.0,1,0.0,1,1.0,1,1.0,1,0.0,1,0.0,1,0.0,1,1
2022,10,FL,Q4,1.6642857142857144,7,0.1142857142857143,7,0.42857142857142855,7,0.0,7,0.8571428571428571,7,0.2857142857142857,7,0.0,7,0.42857142857142855,7,6
2022,10,GA,Q4,2.2666666666666666,9,0.25555555555555554,9,0.2222222222222222,9,0.0,9,1.0,9,0.2222222222222222,9,0.0,9,0.1111111111111111,9,9
2022,10,ID,Q4,1.3866666666666667,3,0.06666666666666667,3,0.0,3,0.0,3,1.0,3,0.3333333333333333,3,0.0,3,0.0,3,3
2022,10,IN,Q4,4.356363636363636,11,0.11818181818181818,11,0.36363636363636365,11,0.0,11,1.0,11,0.5454545454545454,11,0.0,11,0.18181818181818182,11,7
2022,10,KY,Q4,9.76,2,0.175,2,0.0,2,0.5,2,0.5,2,0.0,2,0.0,2,1.0,2,2
2022,10,MD,Q4,0.44,1,0.05,1,0.0,1,0.0,1,1.0,1,0.0,1,0.0,1,0.0,1,1
2022,10,NM,Q4,5.45125,8,0.225,8,0.0,8,0.0,8,1.0,8,0.125,8,0.0,8,0.0,8,3
2022,10,NY,Q4,6.7700000000000005,5,0.12000000000000002,5,0.75,4,0.5,4,1.0,4,0.25,4,0.0,4,0.0,4,5
2022,10,OH,Q4,7.26,1,0.0,1,0.0,1,0.0,1,1.0,1,0.0,1,0.0,1,0.0,1,1
2022,10,OR,Q4,1.44,1,0.0,1,0.0,1,0.0,1,1.0,1,0.0,1,0.0,1,1.0,1,1
2022,10,PA,Q4,4.78,1,0.0,1,0.0,1,0.0,1,1.0,1,0.0,1,0.0,1,0.0,1,1
2022,10,SD,Q4,4.1530000000000005,10,0.155,10,0.1,10,0.1,10,1.0,10,0.1,10,0.0,10,0.1,10,8
2022,10,TX,Q4,0.2925,4,0.075,4,0.0,4,0.0,4,1.0,4,0.25,4,0.0,4,0.0,4,4
2022,10,UT,Q4,6.47,1,0.0,1,1.0,1,0.0,1,1.0,1,1.0,1,0.0,1,0.0,1,1
2022,10,VA,Q4,0.94,1,0.45,1,0.0,1,0.0,1,1.0,1,0.0,1,0.0,1,0.0,1,1
2022,10,WA,Q4,2.1561538461538463,13,0.12307692307692308,13,0.5714285714285714,7,0.14285714285714285,7,1.0,7,0.14285714285714285,7,0.0,7,0.14285714285714285,7,4
2022,10,WI,Q4,0.95,1,0.0,1,1.0,1,0.0,1,1.0,1,1.0,1,0.0,1,0.0,1,1
2022,10,WV,Q4,1.05,2,0.225,2,0.0,2,0.5,2,1.0,2,0.0,2,0.0,2,0.5,2,2
2022,11,AL,Q4,2.375,2,0.0,2,0.0,2,0.0,2,1.0,2,0.0,2,0.0,2,0.0,2,2
2022,11,AR,Q4,7.255,2,0.025,2,0.0,2,0.0,2,0.5,2,0.0,2,0.0,2,0.0,2,2
2022,11,DC,Q4,2.528,5,0.1,5,0.75,4,0.25,4,1.0,4,0.0,4,0.0,4,0.0,4,1
2022,11,FL,Q4,8.833333333333334,3,0.09999999999999999,3,0.6666666666666666,3,0.0,3,1.0,3,0.6666666666666666,3,0.0,3,0.6666666666666666,3,3
2022,11,GA,Q4,0.635,2,0.375,2,0.5,2,0.0,2,1.0,2,0.0,2,0.0,2,0.0,2,2
2022,11,IN,Q4,8.96,1,0.35,1,1.0,1,0.0,1,1.0,1,1.0,1,0.0,1,0.0,1,1
2022,11,NC,Q4,15.005,2,0.025,2,0.0,2,0.0,2,1.0,2,0.0,2,0.5,2,0.0,2,2
2022,11,OH,Q4,3.08,1,0.8,1,0.0,1,0.0,1,0.0,1,0.0,1,0.0,1,0.0,1,1
2022,11,TX,Q4,0.0,1,0.25,1,0.0,1,0.0,1,1.0,1,0.0,1,0.0,1,1.0,1,1
2022,12,FL,Q4,4.244,5,0.34,5,0.8,5,0.2,5,1.0,5,0.6,5,0.0,5,0.6,5,5
2022,12,TX,Q4,0.2,1,4.05,1,0.0,1,1.0,1,1.0,1,0.0,1,0.0,1,0.0,1,1
2023,1,FL,Q1,0.6100000000000001,2,0.35,2,0.0,2,0.0,2,1.0,2,0.0,2,0.0,2,0.5,2,2
2023,1,TX,Q1,0.175,2,0.325,2,0.0,2,0.0,2,0.5,2,0.0,2,0.0,2,0.5,2,2
2023,2,GU,Q1,0.0,6,0.43333333333333335,6,0.0,6,0.0,6,0.0,6,0.0,6,0.0,6,0.0,6,1
2023,2,NC,Q1,0.0,1,0.0,1,0.0,1,1.0,1,1.0,1,0.0,1,0.0,1,0.0,1,1
2023,2,TN,Q1,0.41,1,0.1,1,0.0,1,0.0,1,0.0,1,0.0,1,0.0,1,0.0,1,1
2023,2,TX,Q1,0.31,1,0.25,1,0.0,1,0.0,1,1.0,1,0.0,1,0.0,1,0.0,1,1
2023,3,AL,Q1,0.9366666666666666,3,0.35000000000000003,3,0.0,3,0.0,3,0.6666666666666666,3,0.3333333333333333,3,0.0,3,0.6666666666666666,3,3
2023,3,CA,Q1,0.08,3,1.6500000000000001,3,0.0,3,0.0,3,0.6666666666666666,3,0.3333333333333333,3,0.0,3,0.6666666666666666,3,3
2023,3,SC,Q1,0.7155555555555555,9,0.34444444444444444,9,0.0,9,0.1111111111111111,9,0.7777777777777778,9,0.3333333333333333,9,0.0,9,0.8888888888888888,9,6
2023,3,TN,Q1,0.23399999999999999,10,0.034999999999999996,10,0.0,10,0.0,10,0.6,10,0.0,10,0.0,10,0.2,10,9
2023,3,TX,Q1,1.0925,4,0.15,4,0.5,4,0.0,4,1.0,4,0.25,4,0.0,4,0.5,4,3
2023,3,WI,Q1,0.0,1,1.75,1,1.0,1,0.0,1,1.0,1,1.0,1,0.0,1,0.0,1,1
2023,4,AL,Q2,2.7975,4,0.0125,4,0.0,4,0.0,4,0.5,4,0.0,4,0.0,4,0.0,4,4
2023,4,CA,Q2,0.235,6,0.8416666666666667,6,0.0,6,0.3333333333333333,6,0.5,6,0.3333333333333333,6,0.0,6,0.6666666666666666,6,4
2023,4,DE,Q2,0.0,1,0.9,1,0.0,1,0.0,1,0.0,1,0.0,1,0.0,1,0.0,1,1
2023,4,KY,Q2,0.2285714285714286,7,0.3,7,0.0,7,0.14285714285714285,7,0.42857142857142855,7,0.14285714285714285,7,0.0,7,0.7142857142857143,7,7
2023,4,MI,Q2,0.19,1,2.35,1,0.0,1,0.0,1,0.0,1,1.0,1,0.0,1,1.0,1,1
2023,4,NC,Q2,0.98,2,0.65,2,0.0,2,0.0,2,1.0,2,0.0,2,0.0,2,0.0,2,2
2023,4,NJ,Q2,1.1320000000000001,5,0.31,5,0.0,5,0.0,5,0.8,5,0.2,5,0.0,5,0.2,5,5
2023,4,NV,Q2,3.84,1,0.0,1,,0,,0,,0,,0,,0,,0,1
2023,4,SC,Q2,0.72,11,0.6272727272727273,11,0.0,11,0.0,11,0.7272727272727273,11,0.18181818181818182,11,0.0,11,0.9090909090909091,11,7
2023,4,TN,Q2,0.9487500000000001,8,0.15625,8,0.0,8,0.0,8,0.5,8,0.0,8,0.0,8,0.125,8,7
2023,4,TX,Q2,0.6875,8,0.43124999999999997,8,0.0,8,0.0,8,0.875,8,0.375,8,0.0,8,0.375,8,8
2023,4,UT,Q2,0.37666666666666665,3,2.983333333333333,3,0.0,3,0.0,3,0.6666666666666666,3,0.6666666666666666,3,0.0,3,1.0,3,3
2023,5,AL,Q2,2.035,2,0.0,2,0.0,2,0.0,2,1.0,2,0.0,2,0.0,2,0.0,2,2
2023,5,CA,Q2,1.1125,8,0.7999999999999999,8,0.5,8,0.0,8,1.0,8,0.5,8,0.0,8,0.625,8,5
2023,5,CO,Q2,0.2153846153846154,13,1.6807692307692308,13,0.0,13,0.15384615384615385,13,0.6923076923076923,13,0.46153846153846156,13,0.0,13,0.6923076923076923,13,2
2023,5,DE,Q2,1.46,2,0.35,2,0.0,2,0.5,2,1.0,2,0.5,2,0.0,2,0.5,2,1
2023,5,ID,Q2,0.235,2,0.8,2,0.5,2,0.0,2,1.0,2,1.0,2,0.0,2,0.5,2,2
2023,5,KY,Q2,0.4375,4,0.3125,4,0.0,4,0.5,4,0.5,4,0.0,4,0.0,4,0.5,4,4
2023,5,LA,Q2,1.6025,12,0.31666666666666665,12,0.0,12,0.16666666666666666,12,1.0,12,0.3333333333333333,12,0.0,12,0.5833333333333334,12,7
2023,5,MA,Q2,0.3866666666666667,6,0.4583333333333333,6,0.0,6,0.0,6,0.6666666666666666,6,0.16666666666666666,6,0.0,6,0.3333333333333333,6,4
2023,5,MD,Q2,0.465,2,2.6,2,0.0,2,0.5,2,0.5,2,0.5,2,0.0,2,0.0,2,2
2023,5,ME,Q2,0.057999999999999996,5,1.34,5,0.0,5,0.2,5,0.8,5,0.4,5,0.0,5,0.6,5,5
2023,5,MI,Q2,0.085,4,0.4625,4,0.25,4,0.0,4,0.25,4,0.25,4,0.0,4,0.5,4,4
2023,5,MT,Q2,0.3375,4,0.6,4,0.5,4,0.25,4,1.0,4,1.0,4,0.0,4,1.0,4,3
2023,5,NC,Q2,3.625,2,0.35,2,0.0,2,0.0,2,1.0,2,0.0,2,0.0,2,0.0,2,1
2023,5,NJ,Q2,0.6016666666666667,6,0.85,6,0.0,6,0.16666666666666666,6,0.5,6,0.3333333333333333,6,0.0,6,0.5,6,5
2023,5,NM,Q2,1.00625,16,0.303125,16,0.0625,16,0.1875,16,0.75,16,0.3125,16,0.0,16,0.4375,16,9
2023,5,NV,Q2,40.35,1,0.0,1,0.0,1,0.0,1,1.0,1,0.0,1,0.0,1,0.0,1,1
2023,5,NY,Q2,0.8380000000000001,5,1.8800000000000001,5,0.2,5,0.2,5,0.6,5,0.2,5,0.0,5,0.6,5,5
2023,5,OH,Q2,1.445,2,0.0,2,0.5,2,0.0,2,0.0,2,0.0,2,0.0,2,0.0,2,2
2023,5,OK,Q2,2.8049999999999997,2,1.85,2,0.0,2,0.5,2,0.5,2,0.0,2,0.0,2,0.0,2,2
2023,5,PA,Q2,0.7785714285714286,7,0.15714285714285717,7,0.14285714285714285,7,0.2857142857142857,7,0.5714285714285714,7,0.2857142857142857,7,0.0,7,0.5714285714285714,7,6
2023,5,SC,Q2,1.2475,4,0.35000000000000003,4,0.0,4,0.5,4,1.0,4,0.0,4,0.0,4,0.25,4,2
2023,5,UT,Q2,0.165,2,1.025,2,0.0,2,0.0,2,0.5,2,0.0,2,0.0,2,1.0,2,2
2023,5,WI,Q2,0.3,1,0.3,1,0.0,1,0.0,1,1.0,1,0.0,1,0.0,1,1.0,1,1
2023,5,WV,Q2,0.23200000000000004,5,0.19,5,0.0,5,0.2,5,0.6,5,0.0,5,0.0,5,0.2,5,5
2023,6,AL,Q2,1.5866666666666667,3,0.25,3,0.0,3,0.0,3,0.6666666666666666,3,0.0,3,0.0,3,0.0,3,3
2023,6,AR,Q2,3.48,3,0.16666666666666666,3,0.3333333333333333,3,0.0,3,1.0,3,0.6666666666666666,3,0.0,3,0.6666666666666666,3,3
2023,6,CA,Q2,1.0158823529411765,17,1.1352941176470588,17,0.17647058823529413,17,0.11764705882352941,17,0.7647058823529411,17,0.23529411764705882,17,0.0,17,0.7647058823529411,17,9
2023,6,CO,Q2,0.12000000000000001,9,0.5555555555555556,9,0.0,9,0.1111111111111111,9,0.5555555555555556,9,0.6666666666666666,9,0.0,9,0.5555555555555556,9,4
2023,6,DC,Q2,1.525,2,0.3,2,0.0,2,0.0,2,1.0,2,0.0,2,0.0,2,0.0,2,1
2023,6,DE,Q2,0.94,1,0.0,1,0.0,1,0.0,1,1.0,1,0.0,1,0.0,1,0.0,1,1
2023,6,ID,Q2,0.09142857142857143,7,0.2857142857142857,7,0.0,7,0.0,7,0.2857142857142857,7,0.5714285714285714,7,0.0,7,0.8571428571428571,7,7
2023,6,IN,Q2,0.44,3,0.13333333333333333,3,0.0,3,0.0,3,1.0,3,0.0,3,0.0,3,0.6666666666666666,3,3
2023,6,MA,Q2,0.5927272727272727,11,0.3590909090909091,11,0.0,11,0.2727272727272727,11,0.6363636363636364,11,0.2727272727272727,11,0.0,11,0.5454545454545454,11,7
2023,6,MD,Q2,1.2566666666666666,3,0.03333333333333333,3,0.0,3,0.0,3,1.0,3,0.0,3,0.0,3,0.3333333333333333,3,3
2023,6,ME,Q2,0.3675,4,1.2999999999999998,4,0.0,4,0.0,4,0.25,4,0.25,4,0.0,4,0.0,4,3
2023,6,MI,Q2,0.21200000000000002,5,1.6,5,0.0,5,0.0,5,0.6,5,0.2,5,0.0,5,0.8,5,4
2023,6,MT,Q2,0.14142857142857143,7,0.6928571428571428,7,0.14285714285714285,7,0.14285714285714285,7,1.0,7,0.42857142857142855,7,0.0,7,0.7142857142857143,7,6
2023,6,NC,Q2,2.183333333333333,3,0.23333333333333336,3,0.0,3,0.0,3,1.0,3,0.3333333333333333,3,0.0,3,0.6666666666666666,3,3
2023,6,ND,Q2,0.31181818181818177,11,0.5863636363636364,11,0.09090909090909091,11,0.18181818181818182,11,0.7272727272727273,11,0.18181818181818182,11,0.0,11,0.8181818181818182,11,11
2023,6,NJ,Q2,1.0244444444444443,9,0.15,8,0.125,8,0.0,8,0.75,8,0.25,8,0.0,8,0.25,8,6
2023,6,NY,Q2,0.20666666666666667,3,0.13333333333333333,3,0.0,3,0.3333333333333333,3,0.6666666666666666,3,0.6666666666666666,3,0.0,3,0.3333333333333333,3,2
2023,6,OK,Q2,0.455,2,0.225,2,0.5,2,0.5,2,0.5,2,0.0,2,0.0,2,0.5,2,2
2023,6,PA,Q2,1.03,1,0.0,1,0.0,1,1.0,1,0.0,1,0.0,1,0.0,1,0.0,1,1
2023,6,SD,Q2,0.9640000000000001,5,0.44000000000000006,5,0.0,5,0.0,5,0.8,5,0.4,5,0.0,5,0.8,5,3
2023,6,UT,Q2,0.0,3,0.9666666666666667,3,0.0,3,0.0,3,0.3333333333333333,3,0.3333333333333333,3,0.0,3,0.6666666666666666,3,3
2023,6,VA,Q2,2.8333333333333335,9,0.4222222222222222,9,0.0,9,0.3333333333333333,9,1.0,9,0.1111111111111111,9,0.0,9,0.3333333333333333,9,8
2023,6,VT,Q2,0.6599999999999999,10,0.54,10,0.2,10,0.2,10,0.4,10,0.1,10,0.0,10,0.1,10,4
2023,6,WI,Q2,0.45749999999999996,8,0.7562500000000001,8,0.125,8,0.125,8,0.625,8,0.625,8,0.0,8,1.0,8,7
2023,6,WV,Q2,2.9466666666666668,3,0.0,3,0.0,3,0.0,3,0.0,3,0.0,3,0.0,3,0.0,3,3
2023,7,AK,Q3,0.22421052631578947,19,0.9394736842105263,19,0.0,19,0.0,19,0.47368421052631576,19,0.10526315789473684,19,0.0,19,0.3157894736842105,19,4
2023,7,AR,Q3,2.2466666666666666,6,0.05000000000000001,6,0.3333333333333333,6,0.0,6,0.8333333333333334,6,0.6666666666666666,6,0.0,6,0.0,6,5
2023,7,DC,Q3,2.2649999999999997,4,0.25,4,0.0,4,0.0,4,1.0,4,0.0,4,0.0,4,0.0,4,1
2023,7,DE,Q3,1.9266666666666667,6,0.25833333333333336,6,0.16666666666666666,6,0.0,6,0.8333333333333334,6,0.0,6,0.0,6,0.5,6,3
2023,7,GU,Q3,0.0,7,3.728571428571428,7,0.0,7,0.0,7,0.0,7,0.0,7,0.0,7,0.0,7,1
2023,7,IN,Q3,2.9975,8,0.08750000000000001,8,0.0,8,0.0,8,1.0,8,0.625,8,0.125,8,0.375,8,6
2023,7,KY,Q3,2.195,4,0.075,4,0.0,4,0.25,4,0.5,4,0.0,4,0.0,4,0.25,4,4
2023,7,MA,Q3,1.04,1,2.15,1,0.0,1,0.0,1,1.0,1,0.0,1,0.0,1,1.0,1,1
2023,7,MD,Q3,3.08,3,0.016666666666666666,3,0.0,3,0.3333333333333333,3,0.6666666666666666,3,0.0,3,0.0,3,0.0,3,3
2023,7,ME,Q3,0.45,3,0.65,3,0.0,3,0.0,3,0.3333333333333333,3,0.3333333333333333,3,0.0,3,0.3333333333333333,3,3
2023,7,MN,Q3,1.686,10,0.16,10,0.0,10,0.1,10,0.9,10,0.2,10,0.0,10,0.2,10,9
2023,7,NC,Q3,2.29,1,0.55,1,0.0,1,0.0,1,1.0,1,0.0,1,0.0,1,0.0,1,1
2023,7,NE,Q3,1.2514285714285713,7,0.05714285714285715,7,0.14285714285714285,7,0.0,7,1.0,7,0.5714285714285714,7,0.0,7,0.2857142857142857,7,4
2023,7,NY,Q3,1.705,6,0.46666666666666673,6,0.0,6,0.16666666666666666,6,0.8333333333333334,6,0.3333333333333333,6,0.0,6,0.3333333333333333,6,5
2023,7,OH,Q3,0.9450000000000001,4,0.0,4,0.0,4,0.25,4,0.5,4,0.25,4,0.0,4,0.25,4,2
2023,7,OK,Q3,0.895,4,0.0,4,0.0,4,0.0,4,0.5,4,0.0,4,0.0,4,0.0,4,4
2023,7,PA,Q3,2.614,5,0.030000000000000006,5,0.0,5,0.0,5,0.6,5,0.2,5,0.0,5,0.0,5,4
2023,7,SD,Q3,1.0933333333333335,3,0.20000000000000004,3,0.3333333333333333,3,0.0,3,0.3333333333333333,3,0.6666666666666666,3,0.0,3,0.3333333333333333,3,3
2023,7,TN,Q3,2.17,1,0.0,1,0.0,1,0.0,1,1.0,1,1.0,1,0.0,1,0.0,1,0
2023,7,UT,Q3,0.21333333333333335,3,0.3,3,0.0,3,0.0,3,0.6666666666666666,3,1.0,3,0.0,3,0.3333333333333333,3,2
2023,7,VA,Q3,1.69,1,0.0,1,0.0,1,0.0,1,0.0,1,0.0,1,0.0,1,0.0,1,1
2023,7,VT,Q3,0.29000000000000004,5,0.22999999999999998,5,0.0,5,0.2,5,0.2,5,0.0,5,0.0,5,0.2,5,3
2023,7,WI,Q3,1.204,5,0.1,5,0.0,5,0.2,5,0.6,5,0.0,5,0.0,5,0.2,5,5
2023,7,WV,Q3,3.0180000000000002,5,0.4,5,0.0,5,0.0,5,0.6,5,0.2,5,0.0,5,0.4,5,5
2023,8,AK,Q3,0.5733333333333334,3,0.016666666666666666,3,0.0,3,0.0,3,0.6666666666666666,3,0.0,3,0.0,3,0.0,3,2
2023,8,AL,Q3,3.1975,4,0.0125,4,0.25,4,0.25,4,0.75,4,0.25,4,0.0,4,0.0,4,4
2023,8,AR,Q3,2.3925,4,0.0125,4,0.3333333333333333,3,0.0,3,1.0,3,0.0,3,0.0,3,0.0,3,3
2023,8,CA,Q3,0.35333333333333333,3,0.0,3,0.3333333333333333,3,0.0,3,1.0,3,0.3333333333333333,3,0.0,3,0.0,3,3
2023,8,DC,Q3,1.53,1,0.05,1,0.0,1,0.0,1,1.0,1,0.0,1,0.0,1,0.0,1,1
2023,8,DE,Q3,1.207142857142857,7,0.1357142857142857,7,0.14285714285714285,7,0.14285714285714285,7,1.0,7,0.2857142857142857,7,0.0,7,0.0,7,3
2023,8,GA,Q3,1.9633333333333336,6,0.075,6,0.6666666666666666,6,0.0,6,0.8333333333333334,6,0.3333333333333333,6,0.0,6,0.16666666666666666,6,6
2023,8,GU,Q3,0.0,9,1.0722222222222222,9,0.0,9,0.0,9,0.0,9,0.0,9,0.0,9,0.1111111111111111,9,1
2023,8,ID,Q3,1.7285714285714284,7,0.14285714285714285,7,0.0,7,0.14285714285714285,7,0.7142857142857143,7,0.2857142857142857,7,0.0,7,0.2857142857142857,7,7
2023,8,IN,Q3,2.414,5,0.0,5,0.2,5,0.0,5,0.8,5,0.0,5,0.0,5,0.0,5,4
2023,8,KY,Q3,0.21,1,0.9,1,0.0,1,0.0,1,1.0,1,0.0,1,0.0,1,0.0,1,1
2023,8,ME,Q3,1.6233333333333333,6,0.25,6,0.0,6,0.0,6,0.5,6,0.0,6,0.0,6,0.0,6,6
2023,8,MN,Q3,1.3980000000000001,5,0.12,5,0.0,5,0.0,5,0.4,5,0.4,5,0.0,5,0.4,5,5
2023,8,MT,Q3,0.455,2,0.225,2,0.0,2,0.0,2,0.5,2,0.0,2,0.0,2,0.0,2,2
2023,8,ND,Q3,0.976,5,1.03,5,0.0,5,0.2,5,1.0,5,0.0,5,0.0,5,0.4,5,5
2023,8,NE,Q3,2.645,6,0.0,6,0.16666666666666666,6,0.0,6,1.0,6,0.3333333333333333,6,0.0,6,0.0,6,3
2023,8,NV,Q3,0.29,1,0.05,1,0.0,1,0.0,1,1.0,1,0.0,1,0.0,1,0.0,1,1
2023,8,NY,Q3,0.85,1,1.45,1,0.0,1,0.0,1,1.0,1,0.0,1,0.0,1,0.0,1,1
2023,8,OH,Q3,2.4579999999999997,5,0.03,5,0.4,5,0.2,5,0.6,5,0.0,5,0.0,5,0.0,5,4
2023,8,PA,Q3,2.2675,4,0.35,4,0.0,4,0.25,4,1.0,4,0.0,4,0.0,4,0.0,4,4
2023,8,SD,Q3,3.3114285714285714,7,0.08571428571428572,7,0.0,7,0.14285714285714285,7,0.7142857142857143,7,0.2857142857142857,7,0.0,7,0.2857142857142857,7,6
2023,8,UT,Q3,1.0175,4,0.1375,4,0.0,4,0.0,4,0.5,4,0.25,4,0.0,4,0.5,4,4
2023,8,VA,Q3,3.7700000000000005,5,0.0,5,0.4,5,0.2,5,0.8,5,0.2,5,0.0,5,0.2,5,4
2023,8,VT,Q3,0.9844444444444443,9,0.1388888888888889,9,0.1111111111111111,9,0.3333333333333333,9,0.7777777777777778,9,0.0,9,0.0,9,0.0,9,5
2023,8,WI,Q3,0.6525,4,0.0,4,0.0,4,0.25,4,0.75,4,0.5,4,0.0,4,0.25,4,4
2023,8,WV,Q3,2.566666666666667,6,0.075,6,0.0,6,0.0,6,0.3333333333333333,6,0.16666666666666666,6,0.0,6,0.0,6,6
2023,9,AK,Q3,3.255,2,0.15,2,,0,,0,,0,,0,,0,,0,1
2023,9,AL,Q3,3.445,2,0.0,2,0.0,2,0.0,2,1.0,2,0.0,2,0.0,2,0.0,2,2
2023,9,AR,Q3,4.828333333333333,6,0.025000000000000005,6,0.0,6,0.0,6,1.0,6,0.3333333333333333,6,0.0,6,0.0,6,6
2023,9,CA,Q3,0.49750000000000005,4,0.25,4,0.5,4,0.25,4,1.0,4,0.5,4,0.0,4,0.25,4,4
2023,9,CO,Q3,0.0,1,0.4,1,0.0,1,0.0,1,1.0,1,0.0,1,0.0,1,0.0,1,1
2023,9,DC,Q3,3.3075,4,0.15,4,0.0,4,0.25,4,1.0,4,0.0,4,0.0,4,0.0,4,1
2023,9,DE,Q3,3.9133333333333336,3,0.0,3,0.3333333333333333,3,0.6666666666666666,3,1.0,3,0.3333333333333333,3,0.0,3,0.0,3,3
2023,9,FL,Q3,1.2433333333333332,3,0.03333333333333333,3,0.0,3,0.0,3,1.0,3,0.3333333333333333,3,0.0,3,0.6666666666666666,3,3
2023,9,GA,Q3,0.0,1,0.45,1,0.0,1,0.0,1,1.0,1,0.0,1,0.0,1,0.0,1,1
2023,9,ID,Q3,2.46,2,0.125,2,0.0,2,0.0,2,1.0,2,1.0,2,0.0,2,0.0,2,2
2023,9,IN,Q3,5.615,2,0.19999999999999998,2,0.5,2,0.0,2,1.0,2,0.5,2,0.5,2,0.0,2,2
2023,9,KY,Q3,4.974,5,0.08,5,0.4,5,0.0,5,1.0,5,0.2,5,0.0,5,0.0,5,5
2023,9,MA,Q3,2.98,5,0.05,5,0.0,5,0.2,5,1.0,5,0.0,5,0.0,5,0.2,5,5
2023,9,MD,Q3,3.6816666666666666,6,0.525,6,0.5,6,0.5,6,0.8333333333333334,6,0.16666666666666666,6,0.0,6,0.0,6,6
2023,9,ME,Q3,2.7933333333333334,6,0.13333333333333333,6,0.0,6,0.16666666666666666,6,1.0,6,0.16666666666666666,6,0.0,6,0.16666666666666666,6,6
2023,9,MI,Q3,0.355,2,0.0,2,0.0,2,0.0,2,0.0,2,0.0,2,0.0,2,0.0,2,1
2023,9,MN,Q3,8.32375,8,0.15,8,0.375,8,0.25,8,0.875,8,0.25,8,0.0,8,0.125,8,8
2023,9,MT,Q3,10.511666666666667,6,0.016666666666666666,6,0.0,6,0.0,6,0.8333333333333334,6,0.3333333333333333,6,0.0,6,0.3333333333333333,6,5
2023,9,NC,Q3,4.87,1,0.0,1,0.0,1,0.0,1,1.0,1,0.0,1,0.0,1,0.0,1,1
2023,9,ND,Q3,0.7785714285714286,7,0.4071428571428571,7,0.14285714285714285,7,0.2857142857142857,7,1.0,7,0.14285714285714285,7,0.0,7,0.14285714285714285,7,4
2023,9,NE,Q3,2.2375,4,0.0125,4,0.0,4,0.0,4,1.0,4,0.25,4,0.0,4,0.25,4,3
2023,9,NJ,Q3,3.2800000000000002,2,0.0,2,0.0,2,1.0,2,1.0,2,0.5,2,0.0,2,0.0,2,2
2023,9,NM,Q3,3.835,4,0.0,4,0.0,4,0.25,4,1.0,4,0.0,4,0.0,4,0.0,4,3
2023,9,NV,Q3,2.6155555555555554,9,0.14444444444444446,9,0.0,9,0.1111111111111111,9,0.6666666666666666,9,0.0,9,0.0,9,0.4444444444444444,9,4
2023,9,NY,Q3,2.44,3,0.3333333333333333,3,0.3333333333333333,3,0.0,3,1.0,3,0.3333333333333333,3,0.0,3,0.0,3,3
2023,9,OK,Q3,0.0,1,0.5,1,0.0,1,0.0,1,1.0,1,0.0,1,0.0,1,0.0,1,1
2023,9,OR,Q3,0.24,1,0.25,1,0.0,1,0.0,1,1.0,1,1.0,1,0.0,1,0.0,1,1
2023,9,PA,Q3,3.942,5,0.16,5,0.2,5,0.6,5,1.0,5,0.2,5,0.0,5,0.2,5,3
2023,9,SD,Q3,2.19,7,0.24285714285714288,7,0.0,7,0.14285714285714285,7,1.0,7,0.0,7,0.0,7,0.14285714285714285,7,6
2023,9,TN,Q3,4.78,2,0.0,2,0.0,2,0.5,2,0.5,2,0.0,2,0.0,2,0.5,2,2
2023,9,TX,Q3,0.7866666666666667,3,0.016666666666666666,3,0.0,3,0.0,3,1.0,3,0.0,3,0.0,3,0.0,3,3
2023,9,UT,Q3,4.2625,4,0.1125,4,0.0,4,0.5,4,0.75,4,0.25,4,0.0,4,0.5,4,4
2023,9,VA,Q3,5.213333333333334,3,0.3333333333333333,3,0.0,3,0.0,3,1.0,3,0.0,3,0.0,3,0.3333333333333333,3,3
2023,9,WI,Q3,2.6500000000000004,4,0.025,4,0.0,4,0.25,4,0.75,4,0.0,4,0.0,4,0.5,4,4
2023,9,WV,Q3,1.006,5,0.01,5,0.2,5,0.4,5,1.0,5,0.2,5,0.0,5,0.2,5,5
2023,10,AL,Q4,2.8966666666666665,3,0.0,3,0.0,3,0.3333333333333333,3,0.6666666666666666,3,0.0,3,0.0,3,0.3333333333333333,3,3
2023,10,AR,Q4,6.663333333333333,3,0.2833333333333333,3,0.6666666666666666,3,0.0,3,1.0,3,0.0,3,0.0,3,0.0,3,3
2023,10,DC,Q4,5.799166666666667,12,0.5833333333333334,12,0.5,12,0.08333333333333333,12,0.8333333333333334,12,0.08333333333333333,12,0.0,12,0.08333333333333333,12,1
2023,10,DE,Q4,5.1049999999999995,4,0.19999999999999998,4,0.25,4,0.5,4,1.0,4,0.0,4,0.0,4,0.0,4,2
2023,10,FL,Q4,0.2842857142857143,7,0.35000000000000003,7,0.0,7,0.0,7,0.8571428571428571,7,0.14285714285714285,7,0.0,7,0.5714285714285714,7,4
2023,10,GA,Q4,3.8049999999999997,2,0.4,2,0.0,2,0.0,2,1.0,2,0.5,2,0.0,2,0.0,2,2
2023,10,ID,Q4,1.4266666666666665,6,0.7333333333333334,6,0.0,6,0.0,6,0.8333333333333334,6,0.0,6,0.0,6,0.0,6,3
2023,10,IN,Q4,4.058,5,0.05,5,0.8,5,0.4,5,1.0,5,0.8,5,0.0,5,0.2,5,4
2023,10,KY,Q4,12.96,2,0.125,2,0.0,2,0.5,2,1.0,2,0.0,2,0.0,2,0.0,2,2
2023,10,MA,Q4,6.5,1,0.05,1,0.0,1,0.0,1,1.0,1,0.0,1,0.0,1,0.0,1,1
2023,10,MD,Q4,6.626,10,0.23500000000000001,10,0.3,10,0.1,10,0.8,10,0.0,10,0.0,10,0.0,10,9
2023,10,ND,Q4,0.84,3,0.03333333333333333,3,0.3333333333333333,3,0.0,3,1.0,3,0.6666666666666666,3,0.0,3,0.3333333333333333,3,2
2023,10,NE,Q4,3.4414285714285713,7,0.028571428571428574,7,0.0,7,0.0,7,1.0,7,0.14285714285714285,7,0.0,7,0.0,7,5
2023,10,NM,Q4,1.73,2,0.125,2,0.0,2,0.0,2,1.0,2,0.0,2,0.0,2,1.0,2,2
2023,10,NV,Q4,2.893333333333333,6,0.03333333333333333,6,0.0,6,0.16666666666666666,6,0.8333333333333334,6,0.16666666666666666,6,0.0,6,0.0,6,4
2023,10,NY,Q4,5.653333333333333,6,0.25,6,0.6666666666666666,6,0.3333333333333333,6,0.8333333333333334,6,0.5,6,0.0,6,0.3333333333333333,6,5
2023,10,OK,Q4,5.026666666666666,3,0.2833333333333333,3,0.6666666666666666,3,0.0,3,0.6666666666666666,3,0.0,3,0.0,3,0.0,3,3
2023,10,PA,Q4,8.23,2,0.35000000000000003,2,0.5,2,0.5,2,1.0,2,0.5,2,0.0,2,0.5,2,2
2023,10,SC,Q4,5.1,2,0.0,2,0.0,2,0.0,2,1.0,2,0.0,2,0.0,2,0.0,2,2
2023,10,SD,Q4,0.365,2,0.7749999999999999,2,0.0,2,0.0,2,1.0,2,0.0,2,0.0,2,0.5,2,2
2023,10,TN,Q4,0.0,1,0.2,1,0.0,1,0.0,1,1.0,1,0.0,1,0.0,1,1.0,1,1
2023,10,TX,Q4,0.0,1,1.15,1,0.0,1,0.0,1,1.0,1,0.0,1,0.0,1,0.0,1,1
2023,10,UT,Q4,0.396,5,0.8099999999999999,5,0.0,5,0.2,5,1.0,5,0.0,5,0.0,5,0.2,5,5
2023,10,VA,Q4,4.935,6,0.08333333333333333,6,0.0,6,0.16666666666666666,6,0.8333333333333334,6,0.0,6,0.0,6,0.16666666666666666,6,5
2023,10,WI,Q4,0.6,1,0.0,1,0.0,1,0.0,1,1.0,1,0.0,1,0.0,1,0.0,1,1
2023,11,AL,Q4,4.96,1,0.0,1,0.0,1,0.0,1,1.0,1,0.0,1,0.0,1,0.0,1,1
2023,11,AR,Q4,5.265,2,0.025,2,0.0,2,0.0,2,1.0,2,0.0,2,0.0,2,0.0,2,2
2023,11,DC,Q4,9.4,1,0.0,1,1.0,1,0.0,1,1.0,1,0.0,1,0.0,1,0.0,1,1
2023,11,FL,Q4,1.41,3,0.4666666666666666,3,0.3333333333333333,3,0.0,3,1.0,3,0.3333333333333333,3,0.0,3,1.0,3,3
2023,11,IN,Q4,4.93,1,0.65,1,0.0,1,0.0,1,1.0,1,0.0,1,0.0,1,0.0,1,1
2023,11,OK,Q4,1.29,1,0.15,1,0.0,1,0.0,1,1.0,1,0.0,1,0.0,1,0.0,1,1
2023,11,SC,Q4,5.81,1,0.0,1,0.0,1,0.0,1,1.0,1,0.0,1,0.0,1,0.0,1,1
2023,11,TX,Q4,4.633333333333334,3,0.049999999999999996,3,0.0,3,0.0,3,1.0,3,0.0,3,0.0,3,0.0,3,3
2023,12,FL,Q4,1.462,5,0.6,5,0.2,5,0.0,5,0.8,5,0.0,5,0.0,5,0.8,5,5
2023,12,GA,Q4,2.83,3,0.016666666666666666,3,0.0,3,0.0,3,1.0,3,0.3333333333333333,3,0.0,3,0.3333333333333333,3,3
2023,12,TX,Q4,1.4433333333333334,3,0.26666666666666666,3,0.3333333333333333,3,0.0,3,1.0,3,0.3333333333333333,3,0.0,3,0.3333333333333333,3,3
2024,1,CA,Q1,4.253333333333333,3,0.8333333333333334,3,0.6666666666666666,3,0.0,3,1.0,3,0.3333333333333333,3,0.0,3,0.0,3,1
2024,1,CNMI,Q1,3.2533333333333334,6,0.125,6,0.0,6,0.0,6,0.0,6,0.0,6,0.0,6,0.0,6,3
2024,1,FL,Q1,0.24,2,0.225,2,0.5,2,0.5,2,0.5,2,1.0,2,0.0,2,1.0,2,2
2024,1,HI,Q1,0.0,1,0.2,1,0.0,1,0.0,1,1.0,1,0.0,1,0.0,1,0.0,1,1
2024,1,TX,Q1,0.835,2,1.5999999999999999,2,0.0,2,0.0,2,1.0,2,0.0,2,0.0,2,1.0,2,2
2024,2,CNMI,Q1,6.32,2,0.1,2,0.0,2,0.0,2,0.0,2,0.0,2,0.0,2,0.0,2,1
2024,2,FL,Q1,2.52,3,0.5499999999999999,3,0.6666666666666666,3,0.0,3,1.0,3,0.3333333333333333,3,0.0,3,0.3333333333333333,3,3
2024,2,GA,Q1,1.3718181818181818,11,0.11818181818181818,11,0.09090909090909091,11,0.18181818181818182,11,0.8181818181818182,11,0.2727272727272727,11,0.0,11,0.5454545454545454,11,11
2024,2,HI,Q1,0.525,4,0.5375000000000001,4,0.25,4,0.0,4,1.0,4,0.0,4,0.0,4,0.0,4,2
2024,2,TX,Q1,0.0,1,0.4,1,0.0,1,1.0,1,1.0,1,0.0,1,0.0,1,0.0,1,1
2024,3,AL,Q1,0.0,1,0.0,1,0.0,1,0.0,1,1.0,1,0.0,1,0.0,1,1.0,1,1
2024,3,CA,Q1,1.3566666666666667,3,1.0666666666666667,3,0.3333333333333333,3,0.0,3,1.0,3,0.0,3,0.0,3,0.6666666666666666,3,2
2024,3,HI,Q1,0.025714285714285714,7,1.5999999999999999,7,,0,,0,,0,,0,,0,,0,3
2024,3,TN,Q1,0.0,2,0.0,2,0.0,2,0.0,2,0.0,2,0.0,2,0.0,2,0.5,2,2
2024,3,TX,Q1,0.88,4,1.25,4,0.0,4,0.5,4,0.75,4,0.5,4,0.0,4,0.5,4,3
2024,4,AL,Q2,1.29,3,0.5333333333333333,3,0.0,3,0.0,3,1.0,3,0.3333333333333333,3,0.0,3,0.6666666666666666,3,3
2024,4,CA,Q2,0.9339999999999999,5,0.47000000000000003,5,0.2,5,0.6,5,1.0,5,0.4,5,0.0,5,0.6,5,4
2024,4,DC,Q2,0.38,1,0.0,1,0.0,1,0.0,1,0.0,1,1.0,1,0.0,1,1.0,1,1
2024,4,HI,Q2,2.8875,4,1.4625,4,,0,,0,,0,,0,,0,,0,1
2024,4,IN,Q2,0.0,1,1.05,1,0.0,1,0.0,1,0.0,1,0.0,1,0.0,1,0.0,1,1
2024,4,LA,Q2,0.8049999999999999,4,0.425,4,0.0,4,0.0,4,0.75,4,0.0,4,0.0,4,0.25,4,3
2024,4,MT,Q2,0.0,2,0.3,2,0.0,2,0.0,2,1.0,2,0.5,2,0.0,2,0.5,2,2
2024,4,NJ,Q2,0.6,4,3.95,4,0.0,4,0.75,4,0.5,4,0.0,4,0.0,4,0.25,4,4
2024,4,PA,Q2,0.655,2,2.85,2,0.0,2,0.0,2,0.5,2,0.0,2,0.0,2,0.0,2,2
2024,4,SC,Q2,1.6349999999999998,10,0.595,10,0.0,10,0.4,10,0.9,10,0.2,10,0.0,10,1.0,10,4
2024,4,TN,Q2,0.4,5,0.27999999999999997,5,0.0,5,0.4,5,0.6,5,0.2,5,0.0,5,0.8,5,4
2024,4,TX,Q2,0.7700000000000001,7,0.7714285714285715,7,0.14285714285714285,7,0.2857142857142857,7,0.7142857142857143,7,0.5714285714285714,7,0.0,7,0.8571428571428571,7,7
2024,4,UT,Q2,0.06,3,3.0500000000000003,3,0.0,3,0.0,3,0.3333333333333333,3,0.3333333333333333,3,0.0,3,1.0,3,2
2024,4,WA,Q2,0.0,1,2.45,1,0.0,1,0.0,1,1.0,1,0.0,1,0.0,1,1.0,1,1
2024,5,AL,Q2,2.575,2,0.075,2,0.0,2,0.0,2,0.5,2,0.0,2,0.0,2,0.5,2,2
2024,5,CA,Q2,1.065,4,0.6875,4,0.25,4,0.25,4,1.0,4,0.0,4,0.0,4,0.75,4,3
2024,5,DC,Q2,13.27,1,0.6,1,0.0,1,1.0,1,1.0,1,0.0,1,0.0,1,0.0,1,1
2024,5,HI,Q2,1.20375,8,1.1,8,,0,,0,,0,,0,,0,,0,1
2024,5,IL,Q2,0.48,1,0.4,1,0.0,1,0.0,1,1.0,1,0.0,1,0.0,1,1.0,1,1
2024,5,IN,Q2,2.395,2,0.0,2,0.0,2,0.5,2,0.0,2,0.0,2,0.0,2,0.5,2,2
2024,5,KY,Q2,2.8166666666666664,3,1.0166666666666666,3,0.0,3,0.0,3,1.0,3,0.0,3,0.0,3,0.3333333333333333,3,3
2024,5,LA,Q2,0.3578571428571428,14,1.0714285714285714,14,0.07142857142857142,14,0.07142857142857142,14,0.5,14,0.2857142857142857,14,0.0,14,0.2857142857142857,14,6
2024,5,MA,Q2,0.7599999999999999,3,2.316666666666667,3,0.0,3,0.3333333333333333,3,0.6666666666666666,3,0.6666666666666666,3,0.0,3,0.3333333333333333,3,2
2024,5,MD,Q2,0.19333333333333336,3,0.16666666666666666,3,0.0,3,0.0,3,0.3333333333333333,3,0.0,3,0.0,3,0.3333333333333333,3,3
2024,5,ME,Q2,1.8075,4,0.5125,4,0.0,4,0.25,4,0.75,4,0.25,4,0.0,4,0.75,4,3
2024,5,MT,Q2,0.39666666666666667,3,0.39999999999999997,3,0.3333333333333333,3,0.0,3,1.0,3,1.0,3,0.0,3,0.6666666666666666,3,2
2024,5,NJ,Q2,1.2300000000000002,6,0.45,6,0.0,6,0.3333333333333333,6,0.3333333333333333,6,0.16666666666666666,6,0.0,6,0.0,6,3
2024,5,NM,Q2,17.21,1,0.3,1,1.0,1,0.0,1,1.0,1,1.0,1,0.0,1,1.0,1,1
2024,5,NY,Q2,0.24799999999999994,5,0.78,5,0.2,5,0.2,5,0.6,5,0.2,5,0.0,5,0.6,5,5
2024,5,PA,Q2,0.64,1,3.05,1,0.0,1,0.0,1,0.0,1,0.0,1,0.0,1,0.0,1,1
2024,5,RI,Q2,0.3,2,3.05,2,0.0,2,1.0,2,1.0,2,1.0,2,0.0,2,0.5,2,2
2024,5,UT,Q2,0.425,4,0.7000000000000001,4,0.0,4,0.25,4,0.75,4,1.0,4,0.0,4,0.75,4,3
2024,5,VA,Q2,4.4425,4,0.2875,4,0.0,4,0.25,4,0.5,4,0.25,4,0.0,4,0.0,4,4
2024,5,WA,Q2,0.32642857142857146,14,0.7142857142857143,14,0.07692307692307693,13,0.23076923076923078,13,0.7692307692307693,13,0.38461538461538464,13,0.0,13,0.38461538461538464,13,8
2024,6,AL,Q2,3.95,1,0.0,1,0.0,1,1.0,1,1.0,1,0.0,1,0.0,1,1.0,1,1
2024,6,AR,Q2,4.305,4,0.0375,4,0.75,4,0.0,4,1.0,4,0.0,4,0.0,4,0.25,4,4
2024,6,CA,Q2,0.6966666666666667,9,0.2277777777777778,9,0.0,9,0.1111111111111111,9,1.0,9,0.3333333333333333,9,0.0,9,0.4444444444444444,9,7
2024,6,DC,Q2,1.775,2,2.05,2,0.0,2,0.0,2,1.0,2,0.5,2,0.0,2,0.0,2,1
2024,6,DE,Q2,1.24,7,0.42142857142857143,7,0.0,7,0.14285714285714285,7,1.0,7,0.42857142857142855,7,0.0,7,0.42857142857142855,7,3
2024,6,ID,Q2,0.3277777777777778,9,0.47777777777777775,9,0.0,9,0.5555555555555556,9,0.5555555555555556,9,0.3333333333333333,9,0.0,9,0.5555555555555556,9,9
2024,6,IL,Q2,1.2075,8,0.225,8,0.0,8,0.125,8,0.5,8,0.5,8,0.125,8,0.5,8,8
2024,6,IN,Q2,0.71,3,0.25,3,0.0,3,0.0,3,1.0,3,0.0,3,0.0,3,1.0,3,3
2024,6,KY,Q2,0.33166666666666667,6,0.26666666666666666,6,0.0,6,0.3333333333333333,6,0.3333333333333333,6,0.16666666666666666,6,0.0,6,0.6666666666666666,6,6
2024,6,LA,Q2,2.4833333333333334,6,0.10833333333333334,6,0.0,6,0.0,6,0.16666666666666666,6,0.16666666666666666,6,0.0,6,0.0,6,2
2024,6,MA,Q2,0.8716666666666667,6,0.275,6,0.0,6,0.3333333333333333,6,0.6666666666666666,6,0.0,6,0.0,6,0.3333333333333333,6,5
2024,6,MD,Q2,1.198,10,0.08,10,0.1,10,0.4,10,0.7,10,0.2,10,0.0,10,0.2,10,9
2024,6,ME,Q2,0.745,4,0.1125,4,0.0,4,0.0,4,0.5,4,0.0,4,0.0,4,0.25,4,4
2024,6,MN,Q2,0.94,2,0.55,2,0.5,2,0.0,2,1.0,2,0.5,2,0.0,2,0.5,2,2
2024,6,MT,Q2,2.1683333333333334,6,0.725,6,0.0,6,0.3333333333333333,6,0.8333333333333334,6,0.5,6,0.0,6,0.8333333333333334,6,5
2024,6,NE,Q2,0.43333333333333335,6,0.26666666666666666,6,0.0,6,0.0,6,0.8333333333333334,6,0.16666666666666666,6,0.0,6,0.5,6,5
2024,6,NJ,Q2,1.1675,12,0.3833333333333333,12,0.08333333333333333,12,0.08333333333333333,12,0.75,12,0.08333333333333333,12,0.0,12,0.16666666666666666,12,8
2024,6,NM,Q2,1.5455555555555556,9,0.09444444444444444,9,0.0,9,0.2222222222222222,9,0.6666666666666666,9,0.1111111111111111,9,0.0,9,0.4444444444444444,9,6
2024,6,NV,Q2,1.24,1,0.05,1,0.0,1,0.0,1,1.0,1,0.0,1,0.0,1,0.0,1,1
2024,6,NY,Q2,0.49333333333333335,3,0.0,3,0.0,3,0.0,3,0.6666666666666666,3,0.6666666666666666,3,0.0,3,0.6666666666666666,3,3
2024,6,OR,Q2,2.9783333333333335,6,0.3833333333333333,6,0.3333333333333333,6,0.3333333333333333,6,1.0,6,0.3333333333333333,6,0.0,6,0.6666666666666666,6,5
2024,6,PA,Q2,1.15,5,0.30999999999999994,5,0.0,5,0.6,5,0.8,5,0.4,5,0.0,5,0.4,5,4
2024,6,RI,Q2,1.0125,8,0.28125,8,0.125,8,0.25,8,0.625,8,0.125,8,0.0,8,0.125,8,4
2024,6,SC,Q2,2.439090909090909,11,0.5727272727272728,11,0.0,11,0.0,11,0.7272727272727273,11,0.45454545454545453,11,0.0,11,0.36363636363636365,11,7
2024,6,TN,Q2,1.93,1,0.0,1,0.0,1,0.0,1,1.0,1,0.0,1,0.0,1,0.0,1,1
2024,6,VA,Q2,2.11,6,0.4749999999999999,6,0.0,6,0.16666666666666666,6,0.6666666666666666,6,0.16666666666666666,6,0.0,6,0.5,6,6
2024,6,VT,Q2,0.2414285714285714,7,1.0285714285714285,7,0.14285714285714285,7,0.14285714285714285,7,0.7142857142857143,7,0.0,7,0.0,7,0.0,7,3
2024,6,WI,Q2,1.2185714285714284,7,0.35714285714285715,7,0.14285714285714285,7,0.2857142857142857,7,0.8571428571428571,7,0.5714285714285714,7,0.0,7,0.5714285714285714,7,5
2024,6,WV,Q2,0.54,3,0.3166666666666667,3,0.0,3,0.3333333333333333,3,0.6666666666666666,3,0.3333333333333333,3,0.0,3,0.6666666666666666,3,3
2024,6,WY,Q2,2.45,1,0.25,1,0.0,1,0.0,1,1.0,1,0.0,1,0.0,1,0.0,1,1
2024,7,AK,Q3,0.5455555555555556,9,0.17222222222222222,9,0.0,9,0.1111111111111111,9,0.4444444444444444,9,0.0,9,0.0,9,0.5555555555555556,9,4
2024,7,AL,Q3,4.462857142857143,7,0.19285714285714287,7,0.0,7,0.0,7,0.7142857142857143,7,0.14285714285714285,7,0.0,7,0.42857142857142855,7,7
2024,7,AR,Q3,3.5400000000000005,6,0.14166666666666666,6,0.5,6,0.0,6,1.0,6,0.16666666666666666,6,0.0,6,0.16666666666666666,6,6
2024,7,DC,Q3,1.195,2,0.375,2,0.0,2,0.0,2,0.0,2,0.0,2,0.0,2,0.5,2,1
2024,7,DE,Q3,1.93625,8,0.09375,8,0.0,8,0.25,8,0.75,8,0.125,8,0.0,8,0.125,8,2
2024,7,IL,Q3,2.3242857142857143,7,0.021428571428571432,7,0.2857142857142857,7,0.2857142857142857,7,0.7142857142857143,7,0.14285714285714285,7,0.0,7,0.14285714285714285,7,7
2024,7,IN,Q3,2.35,4,0.15,4,0.25,4,0.0,4,1.0,4,0.5,4,0.0,4,0.5,4,3
2024,7,KY,Q3,,0,,0,,0,,0,,0,,0,,0,,0,1
2024,7,MA,Q3,1.325,2,0.15000000000000002,2,0.0,2,0.0,2,1.0,2,0.5,2,0.0,2,0.0,2,2
2024,7,ME,Q3,1.13,2,0.05,2,0.0,2,0.0,2,1.0,2,0.5,2,0.0,2,0.0,2,2
2024,7,MI,Q3,0.47,1,0.05,1,0.0,1,0.0,1,1.0,1,0.0,1,0.0,1,1.0,1,1
2024,7,MN,Q3,0.576,5,0.24,5,0.0,5,0.0,5,1.0,5,0.4,5,0.0,5,0.0,5,5
2024,7,MT,Q3,0.6883333333333334,12,0.3458333333333334,12,0.0,12,0.25,12,0.6666666666666666,12,0.16666666666666666,12,0.0,12,0.4166666666666667,12,10
2024,7,NE,Q3,0.8122222222222223,9,0.21666666666666667,9,0.0,9,0.2222222222222222,9,1.0,9,0.3333333333333333,9,0.0,9,0.3333333333333333,9,5
2024,7,NM,Q3,2.62,4,0.0,4,0.0,4,0.0,4,0.5,4,0.0,4,0.0,4,0.5,4,2
2024,7,NV,Q3,3.1128571428571425,7,0.0,7,0.0,7,0.14285714285714285,7,0.8571428571428571,7,0.0,7,0.0,7,0.0,7,3
2024,7,NY,Q3,2.1220000000000003,5,0.32,5,0.4,5,0.6,5,0.8,5,0.2,5,0.0,5,0.6,5,5
2024,7,OR,Q3,1.0939999999999999,5,0.05,5,0.0,5,0.2,5,1.0,5,0.2,5,0.0,5,0.8,5,5
2024,7,RI,Q3,2.0466666666666664,3,0.39999999999999997,3,0.0,3,0.0,3,0.6666666666666666,3,0.0,3,0.0,3,0.0,3,2
2024,7,SD,Q3,0.89625,8,0.675,8,0.0,8,0.0,8,0.75,8,0.75,8,0.125,8,0.125,8,7
2024,7,TX,Q3,3.395,2,0.025,2,1.0,2,0.5,2,1.0,2,0.0,2,0.0,2,0.5,2,2
2024,7,UT,Q3,0.9975,4,0.1625,4,0.0,4,0.0,4,1.0,4,0.5,4,0.0,4,0.0,4,4
2024,7,VA,Q3,2.105,2,0.35,2,0.0,2,0.5,2,1.0,2,0.0,2,0.0,2,0.0,2,2
2024,7,VT,Q3,2.3674999999999997,8,0.45,8,0.0,8,0.0,8,0.625,8,0.25,8,0.0,8,0.125,8,5
2024,7,WI,Q3,4.970000000000001,4,0.65,4,0.0,4,0.0,4,1.0,4,0.5,4,0.0,4,0.75,4,4
2024,7,WV,Q3,0.4125,4,0.049999999999999996,4,0.0,4,0.25,4,0.75,4,0.25,4,0.0,4,0.5,4,4
2024,7,WY,Q3,1.4216666666666669,6,0.47500000000000003,6,0.0,6,0.0,6,1.0,6,0.8333333333333334,6,0.16666666666666666,6,1.0,6,3
2024,8,AK,Q3,3.043333333333333,3,0.16666666666666666,3,0.0,3,0.0,3,0.6666666666666666,3,0.0,3,0.0,3,0.3333333333333333,3,2
2024,8,AL,Q3,0.6066666666666666,6,0.08333333333333333,6,0.0,4,0.0,4,1.0,4,0.25,4,0.0,4,0.25,4,4
2024,8,AR,Q3,5.502,5,0.0,5,0.6,5,0.6,5,0.8,5,0.0,5,0.0,5,0.0,5,5
2024,8,DC,Q3,2.015,2,0.025,2,0.0,2,0.0,2,1.0,2,0.0,2,0.0,2,0.0,2,1
2024,8,DE,Q3,4.746666666666667,3,0.08333333333333333,3,0.0,3,0.3333333333333333,3,1.0,3,0.6666666666666666,3,0.0,3,0.3333333333333333,3,1
2024,8,FL,Q3,2.432,5,0.41,5,0.25,4,0.25,4,0.75,4,0.25,4,0.0,4,0.25,4,5
2024,8,GA,Q3,2.0612500000000002,8,0.15000000000000002,8,0.5,8,0.125,8,1.0,8,0.25,8,0.125,8,0.125,8,6
2024,8,ID,Q3,1.0783333333333334,6,0.15,6,0.0,6,0.0,6,0.6666666666666666,6,0.0,6,0.0,6,0.0,6,4
2024,8,IL,Q3,2.03,1,0.05,1,0.0,1,0.0,1,0.0,1,0.0,1,0.0,1,0.0,1,1
2024,8,IN,Q3,2.92,2,0.0,2,0.5,2,0.0,2,0.5,2,0.0,2,0.0,2,0.0,2,2
2024,8,MA,Q3,1.2916666666666667,6,0.19999999999999998,6,0.0,6,0.0,6,1.0,6,0.0,6,0.0,6,0.0,6,4
2024,8,MD,Q3,4.315,2,0.05,2,0.5,2,0.0,2,1.0,2,0.0,2,0.0,2,0.0,2,2
2024,8,ME,Q3,2.44,8,1.29375,8,0.125,8,0.25,8,0.5,8,0.5,8,0.125,8,0.75,8,6
2024,8,MI,Q3,1.7962500000000001,8,0.29375,8,0.125,8,0.125,8,0.75,8,0.375,8,0.125,8,0.25,8,7
2024,8,MN,Q3,2.43,11,0.06818181818181818,11,0.09090909090909091,11,0.09090909090909091,11,0.5454545454545454,11,0.36363636363636365,11,0.09090909090909091,11,0.2727272727272727,11,10
2024,8,MT,Q3,2.7199999999999998,5,0.09,5,0.0,5,0.2,5,1.0,5,0.4,5,0.4,5,0.6,5,5
2024,8,NE,Q3,6.4225,4,0.225,4,0.0,4,0.0,4,1.0,4,0.5,4,0.25,4,0.0,4,2
2024,8,NV,Q3,1.16,2,0.0,2,0.0,2,0.5,2,1.0,2,0.0,2,0.0,2,0.0,2,2
2024,8,NY,Q3,2.813333333333333,3,0.7833333333333333,3,0.0,3,0.0,3,1.0,3,0.0,3,0.0,3,0.0,3,3
2024,8,OH,Q3,2.11375,8,0.4625,8,0.25,8,0.375,8,0.5,8,0.0,8,0.0,8,0.25,8,7
2024,8,OR,Q3,2.598,5,0.16999999999999998,5,0.0,5,0.4,5,0.6,5,0.2,5,0.0,5,0.4,5,5
2024,8,PA,Q3,1.205,6,0.05833333333333333,6,0.0,6,0.5,6,0.6666666666666666,6,0.0,6,0.0,6,0.0,6,4
2024,8,RI,Q3,0.82,1,0.95,1,0.0,1,0.0,1,1.0,1,0.0,1,0.0,1,0.0,1,1
2024,8,SD,Q3,1.2108333333333332,12,0.26666666666666666,12,0.0,12,0.0,12,0.9166666666666666,12,0.25,12,0.16666666666666666,12,0.25,12,10
2024,8,TX,Q3,0.0,1,0.0,1,0.0,1,0.0,1,1.0,1,1.0,1,0.0,1,0.0,1,1
2024,8,UT,Q3,0.22333333333333336,3,0.0,3,0.0,3,0.0,3,0.6666666666666666,3,0.0,3,0.0,3,0.3333333333333333,3,3
2024,8,VA,Q3,1.53,2,0.025,2,0.0,2,1.0,2,1.0,2,0.5,2,0.0,2,0.5,2,2
2024,8,VT,Q3,2.7983333333333333,6,0.31666666666666665,6,0.16666666666666666,6,0.3333333333333333,6,0.6666666666666666,6,0.16666666666666666,6,0.0,6,0.0,6,3
2024,8,WA,Q3,0.8460000000000001,5,0.19,5,0.2,5,0.2,5,1.0,5,0.0,5,0.0,5,0.2,5,4
2024,8,WI,Q3,1.1528571428571428,7,0.10714285714285714,7,0.0,7,0.2857142857142857,7,0.8571428571428571,7,0.2857142857142857,7,0.0,7,0.42857142857142855,7,7
2024,8,WV,Q3,1.2774999999999999,8,0.125,8,0.0,8,0.375,8,0.625,8,0.125,8,0.0,8,0.25,8,8
2024,8,WY,Q3,2.3000000000000003,2,0.05,2,0.0,2,0.5,2,1.0,2,0.5,2,0.0,2,1.0,2,2
2024,9,AK,Q3,8.32,3,0.11666666666666668,3,0.0,3,0.3333333333333333,3,1.0,3,0.0,3,0.0,3,0.0,3,1
2024,9,AL,Q3,1.68,1,0.0,1,0.0,1,1.0,1,1.0,1,0.0,1,0.0,1,0.0,1,1
2024,9,AR,Q3,2.94,4,0.0125,4,0.25,4,0.25,4,1.0,4,0.0,4,0.0,4,0.0,4,4
2024,9,CO,Q3,3.2766666666666664,9,0.03333333333333333,9,0.2222222222222222,9,0.1111111111111111,9,0.8888888888888888,9,0.0,9,0.0,9,0.1111111111111111,9,6
2024,9,DC,Q3,4.006666666666667,6,0.3833333333333333,6,0.6666666666666666,6,0.0,6,1.0,6,0.0,6,0.0,6,0.0,6,2
2024,9,DE,Q3,1.8539999999999999,5,0.0,5,0.2,5,0.2,5,0.8,5,0.2,5,0.0,5,0.0,5,3
2024,9,FL,Q3,0.0,3,0.3833333333333333,3,0.0,3,0.0,3,0.6666666666666666,3,0.0,3,0.0,3,0.3333333333333333,3,3
2024,9,GA,Q3,0.43,1,2.25,1,0.0,1,0.0,1,1.0,1,0.0,1,0.0,1,0.0,1,1
2024,9,ID,Q3,1.488888888888889,9,0.22777777777777775,9,0.1111111111111111,9,0.0,9,1.0,9,0.1111111111111111,9,0.0,9,0.5555555555555556,9,7
2024,9,IL,Q3,10.206666666666667,3,0.0,3,0.6666666666666666,3,0.3333333333333333,3,1.0,3,0.3333333333333333,3,0.0,3,0.0,3,3
2024,9,IN,Q3,4.42125,8,0.01875,8,0.75,8,0.125,8,0.75,8,0.125,8,0.0,8,0.125,8,8
2024,9,MA,Q3,12.656,5,0.26,5,0.2,5,0.2,5,1.0,5,0.2,5,0.2,5,0.0,5,5
2024,9,MD,Q3,0.898,5,0.08,5,0.0,5,0.0,5,0.8,5,0.0,5,0.0,5,0.0,5,5
2024,9,ME,Q3,1.0416666666666667,6,0.15833333333333335,6,0.0,6,0.0,6,0.6666666666666666,6,0.0,6,0.0,6,0.16666666666666666,6,3
2024,9,MN,Q3,0.7814285714285714,7,0.09285714285714286,7,0.42857142857142855,7,0.0,7,0.8571428571428571,7,0.14285714285714285,7,0.0,7,0.14285714285714285,7,5
2024,9,NV,Q3,0.0,1,0.0,1,0.0,1,0.0,1,0.0,1,0.0,1,0.0,1,0.0,1,1
2024,9,NY,Q3,1.705,4,0.1875,4,0.5,4,0.0,4,1.0,4,0.25,4,0.0,4,0.0,4,3
2024,9,OR,Q3,2.182857142857143,7,0.22142857142857145,7,0.2857142857142857,7,0.0,7,1.0,7,0.14285714285714285,7,0.0,7,0.2857142857142857,7,7
2024,9,PA,Q3,2.0766666666666667,3,0.19999999999999998,3,0.0,3,0.3333333333333333,3,1.0,3,0.3333333333333333,3,0.0,3,0.3333333333333333,3,2
2024,9,RI,Q3,2.82,1,0.95,1,0.0,1,0.0,1,1.0,1,0.0,1,0.0,1,0.0,1,1
2024,9,SD,Q3,4.98,1,1.2,1,0.0,1,0.0,1,1.0,1,1.0,1,0.0,1,0.0,1,1
2024,9,TX,Q3,2.285,2,0.025,2,0.0,2,0.0,2,1.0,2,0.0,2,0.0,2,0.0,2,2
2024,9,UT,Q3,4.63,9,0.20555555555555557,9,0.1111111111111111,9,0.1111111111111111,9,0.8888888888888888,9,0.3333333333333333,9,0.0,9,0.3333333333333333,9,6
2024,9,VA,Q3,2.2166666666666663,6,0.049999999999999996,6,0.0,6,0.5,6,0.8333333333333334,6,0.0,6,0.0,6,0.0,6,6
2024,9,VT,Q3,3.15,3,0.3333333333333333,3,0.0,3,0.3333333333333333,3,0.6666666666666666,3,0.0,3,0.0,3,0.3333333333333333,3,2
2024,9,WA,Q3,5.895,6,0.19166666666666665,6,0.6666666666666666,6,0.3333333333333333,6,1.0,6,0.3333333333333333,6,0.16666666666666666,6,0.3333333333333333,6,2
2024,9,WI,Q3,5.48,3,0.016666666666666666,3,0.3333333333333333,3,0.3333333333333333,3,1.0,3,0.0,3,0.0,3,0.0,3,3
2024,9,WV,Q3,1.0050000000000001,6,0.041666666666666664,6,0.0,6,0.3333333333333333,6,0.8333333333333334,6,0.0,6,0.0,6,0.3333333333333333,6,5
2024,10,AL,Q4,4.726,5,0.06,5,0.0,5,0.6,5,0.8,5,0.2,5,0.0,5,0.2,5,5
2024,10,AR,Q4,1.685,4,0.025,4,0.0,4,0.0,4,0.75,4,0.0,4,0.0,4,0.0,4,4
2024,10,CA,Q4,1.1375,4,1.2125,4,0.25,4,0.0,4,1.0,4,0.75,4,0.25,4,0.5,4,3
2024,10,CO,Q4,5.398000000000001,5,0.0,5,0.6,5,0.2,5,1.0,5,0.2,5,0.0,5,0.0,5,2
2024,10,DC,Q4,8.025,8,0.043750000000000004,8,0.2857142857142857,7,0.0,7,1.0,7,0.2857142857142857,7,0.0,7,0.14285714285714285,7,2
2024,10,FL,Q4,0.958,5,0.16999999999999998,5,0.4,5,0.0,5,1.0,5,0.2,5,0.0,5,0.4,5,5
2024,10,GA,Q4,1.335,6,0.5583333333333333,6,0.0,6,0.0,6,1.0,6,0.0,6,0.0,6,0.8333333333333334,6,5
2024,10,IL,Q4,11.16,1,0.05,1,1.0,1,0.0,1,1.0,1,0.0,1,0.0,1,1.0,1,1
2024,10,IN,Q4,2.0675,4,0.0,4,0.25,4,0.0,4,0.75,4,0.25,4,0.0,4,0.25,4,3
2024,10,MA,Q4,5.055,2,0.025,2,0.0,2,0.0,2,1.0,2,0.5,2,0.0,2,0.0,2,2
2024,10,MD,Q4,2.4775,4,0.17500000000000002,4,0.0,4,0.25,4,1.0,4,0.0,4,0.0,4,0.0,4,4
2024,10,NE,Q4,3.9275,4,0.05,4,0.25,4,0.5,4,1.0,4,0.25,4,0.0,4,0.0,4,3
2024,10,NM,Q4,7.714666666666667,15,0.016666666666666666,15,0.13333333333333333,15,0.06666666666666667,15,1.0,15,0.13333333333333333,15,0.0,15,0.13333333333333333,15,8
2024,10,NY,Q4,5.5725,4,0.0875,4,1.0,4,0.25,4,1.0,4,0.75,4,0.0,4,0.5,4,4
2024,10,OR,Q4,10.05,1,0.25,1,1.0,1,0.0,1,1.0,1,1.0,1,0.0,1,0.0,1,1
2024,10,RI,Q4,9.782222222222222,9,0.8500000000000001,9,0.0,9,0.1111111111111111,9,1.0,9,0.4444444444444444,9,0.1111111111111111,9,0.0,9,4
2024,10,SD,Q4,7.846666666666667,3,1.8,3,0.3333333333333333,3,0.0,3,1.0,3,1.0,3,0.3333333333333333,3,0.0,3,2
2024,10,TX,Q4,1.23,2,1.5,2,0.5,2,0.0,2,1.0,2,0.5,2,0.0,2,0.0,2,2
2024,10,VA,Q4,6.090000000000001,3,0.06666666666666667,3,0.6666666666666666,3,0.3333333333333333,3,1.0,3,0.0,3,0.0,3,0.3333333333333333,3,3
2024,10,WI,Q4,2.3266666666666667,3,0.15,3,0.6666666666666666,3,0.3333333333333333,3,1.0,3,0.3333333333333333,3,0.0,3,0.0,3,3
2024,10,WV,Q4,1.8800000000000001,3,0.3666666666666667,3,0.0,3,0.6666666666666666,3,1.0,3,0.0,3,0.0,3,0.0,3,3
2024,11,AL,Q4,6.54,1,0.05,1,,0,,0,,0,,0,,0,,0,1
2024,11,AR,Q4,4.83,1,0.0,1,0.0,1,0.0,1,1.0,1,0.0,1,0.0,1,0.0,1,1
2024,11,DC,Q4,15.36,1,0.0,1,0.0,1,1.0,1,1.0,1,0.0,1,0.0,1,0.0,1,1
2024,11,FL,Q4,1.1875,4,0.3875,4,0.0,4,0.0,4,1.0,4,0.0,4,0.0,4,0.75,4,4
2024,11,NE,Q4,1.66,1,0.0,1,0.0,1,0.0,1,1.0,1,0.0,1,0.0,1,0.0,1,1
2024,11,TX,Q4,0.0,1,0.0,1,0.0,1,0.0,1,1.0,1,0.0,1,0.0,1,0.0,1,1
2024,11,UT,Q4,2.27,1,0.0,1,0.0,1,0.0,1,1.0,1,0.0,1,0.0,1,0.0,1,1
2024,11,VA,Q4,1.45,1,0.55,1,0.0,1,0.0,1,0.0,1,0.0,1,0.0,1,0.0,1,1
2024,12,FL,Q4,5.75,7,0.6285714285714287,7,0.7142857142857143,7,0.2857142857142857,7,0.7142857142857143,7,0.14285714285714285,7,0.0,7,0.14285714285714285,7,7
2024,12,TX,Q4,0.8,1,0.05,1,1.0,1,0.0,1,1.0,1,0.0,1,0.0,1,0.0,1,1
