ID_state,ID_year,Quarter,pcpn,tmax,tmin,tmpc
1,2015,Q1,0.5266777329855348,0.5655677655677656,0.5225,0.5467683661180249
1,2015,Q2,0.5755276262746027,0.8358974358974358,0.8324999999999999,0.8434363709353673
1,2015,Q3,0.519326535451743,0.898168498168498,0.9129166666666666,0.9173022882376555
1,2015,Q4,0.7384396490396017,0.7,0.6900000000000001,0.7009233239662787
1,2016,Q1,0.5897557505335548,0.6032967032967034,0.5616666666666668,0.586109995985548
1,2016,Q2,0.5020156509366849,0.8326007326007326,0.8058333333333334,0.8289843436370935
1,2016,Q3,0.4768792980792032,0.9282051282051282,0.9383333333333332,0.9462063428342031
1,2016,Q4,0.4036044581456012,0.7153846153846153,0.6329166666666668,0.6820553994379768
1,2017,Q1,0.6303059046715674,0.6586080586080586,0.6145833333333334,0.641910879164994
1,2017,Q2,0.7431823571259188,0.8260073260073258,0.8116666666666668,0.8285828984343638
1,2017,Q3,0.5672278871235475,0.884981684981685,0.9100000000000001,0.9084704937775993
1,2017,Q4,0.4863647142518378,0.6611721611721613,0.6275000000000001,0.6495383380168608
1,2018,Q1,0.5518140858430164,0.606959706959707,0.5675000000000001,0.5913287836210358
1,2018,Q2,0.6065923642399811,0.8318681318681317,0.8070833333333335,0.8297872340425531
1,2018,Q3,0.5985297604932417,0.9076923076923076,0.9412499999999998,0.9357687675632275
1,2018,Q4,0.6751244960872659,0.6421245421245423,0.6370833333333333,0.6435166599759133
1,2019,Q1,0.5966326772587147,0.6146520146520146,0.59125,0.6065837013247692
1,2019,Q2,0.5653308038890207,0.8391941391941391,0.82,0.8402248093135285
1,2019,Q3,0.44960872658287887,0.9318681318681319,0.9291666666666668,0.9429947812123644
1,2019,Q4,0.6284088214370406,0.6663003663003663,0.6329166666666668,0.6551585708550782
1,2020,Q1,0.7951150106710931,0.6347985347985349,0.6216666666666668,0.6322761942994781
1,2020,Q2,0.603272468579559,0.8091575091575091,0.7883333333333334,0.8081091930951425
1,2020,Q3,0.6312544462888309,0.8890109890109891,0.9270833333333333,0.918908069048575
1,2020,Q4,0.5036755987668959,0.676923076923077,0.63375,0.6611802488960258
1,2021,Q1,0.6054066872184017,0.6014652014652015,0.5679166666666667,0.5877157767964674
1,2021,Q2,0.6760730377045293,0.8087912087912087,0.7904166666666668,0.8089120835006021
1,2021,Q3,0.6945695992411667,0.8791208791208791,0.9208333333333332,0.9100762745885187
1,2021,Q4,0.47403367322741286,0.6941391941391942,0.6562499999999999,0.681653954235247
1,2022,Q1,0.6445340289305194,0.616117216117216,0.5379166666666666,0.5816940987555199
1,2022,Q2,0.5548968460991226,0.8443223443223444,0.8204166666666668,0.8430349257326375
1,2022,Q3,0.5665164809106,0.8912087912087912,0.91875,0.916097952629466
1,2022,Q4,0.5107896608963718,0.6567765567765569,0.6100000000000001,0.6386993175431553
1,2023,Q1,0.6229547071377758,0.6571428571428571,0.6183333333333334,0.6427137695704538
1,2023,Q2,0.5767133032961822,0.816117216117216,0.8,0.8177438779606583
1,2023,Q3,0.5032013279582641,0.9175824175824175,0.9233333333333335,0.932557205941389
1,2023,Q4,0.41427555133981503,0.6684981684981687,0.6208333333333333,0.6503412284223203
1,2024,Q1,0.6687218401707375,0.6131868131868132,0.5620833333333333,0.5921316740264955
1,2024,Q2,0.5499170026084895,0.8402930402930403,0.8324999999999999,0.8462464873544759
1,2024,Q3,0.5778989803177614,0.906959706959707,0.9279166666666668,0.9289441991168205
1,2024,Q4,0.44628883092245675,0.6948717948717948,0.65375,0.6804496186270574
1,2025,Q1,0.531420441071852,0.6113553113553114,0.5404166666666667,0.5800883179446006
1,2025,Q2,0.7555133981503439,0.834065934065934,0.8358333333333334,0.8446407065435567
1,2025,Q3,0.14986957552762625,0.21428571428571427,0.2375,0.2167804094741068
2,2015,Q1,0.31041024424946645,0.6307692307692307,0.5379166666666666,0.5897230028101164
2,2015,Q2,0.2788712354754565,0.8183150183150183,0.7104166666666667,0.7755921316740264
2,2015,Q3,0.35380602323926963,0.9260073260073258,0.875,0.9140907266158168
2,2015,Q4,0.30305904671567463,0.6256410256410256,0.5458333333333334,0.5909273384183059
2,2016,Q1,0.2689115484941902,0.6208791208791209,0.49833333333333335,0.565234845443597
2,2016,Q2,0.2677258714726109,0.8340659340659341,0.7233333333333334,0.7904456041750301
2,2016,Q3,0.35214607540905857,0.92014652014652,0.8591666666666669,0.9032517061421116
2,2016,Q4,0.30732748399336024,0.6681318681318682,0.5829166666666666,0.6318747490967482
2,2017,Q1,0.31491581693146786,0.6014652014652014,0.5287499999999999,0.5692492974708953
2,2017,Q2,0.24187811240218168,0.8531135531135531,0.7204166666666667,0.8000802890405461
2,2017,Q3,0.3421863884277923,0.9274725274725275,0.8633333333333333,0.909273384183059
2,2017,Q4,0.23049561299502017,0.7073260073260073,0.5829166666666665,0.653552790044159
2,2018,Q1,0.2753142044107185,0.6120879120879121,0.5025000000000001,0.5624247290244883
2,2018,Q2,0.23855821674175956,0.8710622710622709,0.7362500000000001,0.8169409875551987
2,2018,Q3,0.3542802940479014,0.9494505494505495,0.8837499999999998,0.9313528703331995
2,2018,Q4,0.3134930045055727,0.6153846153846155,0.5441666666666667,0.5845042151746287
2,2019,Q1,0.35570310647379655,0.5490842490842491,0.47791666666666666,0.5158570855078283
2,2019,Q2,0.2563433720654494,0.8087912087912089,0.6916666666666667,0.7615415495784825
2,2019,Q3,0.3056675361631492,0.9505494505494504,0.8758333333333332,0.927739863508631
2,2019,Q4,0.33554659710694806,0.6351648351648352,0.5408333333333333,0.5933360096346849
2,2020,Q1,0.31942138961346933,0.5791208791208792,0.49000000000000005,0.5383380168606986
2,2020,Q2,0.23832108133744367,0.8571428571428571,0.7233333333333334,0.8032918506623846
2,2020,Q3,0.25990040313018736,0.9794871794871794,0.8833333333333332,0.9474106784423926
2,2020,Q4,0.24282665401944512,0.6824175824175824,0.5475,0.6230429546366921
2,2021,Q1,0.28005691249703585,0.5802197802197803,0.4716666666666667,0.5299076676033722
2,2021,Q2,0.2368982689115485,0.8670329670329667,0.7379166666666667,0.8157366519470093
2,2021,Q3,0.39909888546359973,0.9307692307692307,0.8825,0.9201124046567642
2,2021,Q4,0.28693383922219584,0.6637362637362639,0.5654166666666667,0.6214371738257727
2,2022,Q1,0.25658050746976524,0.5923076923076924,0.46375,0.5331192292252108
2,2022,Q2,0.24330092482807683,0.8622710622710623,0.7275,0.8077077478924126
2,2022,Q3,0.3912734171211762,0.9326007326007325,0.8916666666666668,0.9257326374949819
2,2022,Q4,0.2999762864595684,0.6168498168498169,0.5320833333333332,0.578883982336411
2,2023,Q1,0.353094617026322,0.5278388278388279,0.45458333333333334,0.4933761541549578
2,2023,Q2,0.23974389376333888,0.8223443223443223,0.6858333333333333,0.7659574468085106
2,2023,Q3,0.3099359734408348,0.9615384615384616,0.88125,0.9361702127659575
2,2023,Q4,0.2636945695992412,0.6714285714285715,0.5662499999999999,0.6258530710558009
2,2024,Q1,0.3379179511501067,0.5637362637362637,0.4925,0.5311120032115617
2,2024,Q2,0.25444628883092246,0.8468864468864469,0.7208333333333334,0.7964672822159774
2,2024,Q3,0.3009248280768319,0.9706959706959708,0.8916666666666664,0.9466077880369329
2,2024,Q4,0.2449608726582879,0.6893772893772893,0.5608333333333333,0.6326776395022081
2,2025,Q1,0.2577661844913446,0.6058608058608059,0.4833333333333333,0.5495784825371338
2,2025,Q2,0.2575290490870287,0.8424908424908425,0.72,0.7936571657968686
2,2025,Q3,0.03746739388190655,0.26153846153846155,0.21291666666666656,0.23083099156965073
3,2015,Q1,0.5745790846573393,0.48681318681318686,0.4604166666666667,0.47330389401846656
3,2015,Q2,0.7076120464785394,0.7992673992673993,0.8170833333333334,0.8165395423524688
3,2015,Q3,0.44937159117856296,0.9021978021978021,0.9079166666666666,0.9164993978321958
3,2015,Q4,0.7695043870049798,0.6542124542124542,0.6300000000000001,0.6471296668004818
3,2016,Q1,0.5662793455062841,0.5597069597069597,0.5233333333333334,0.5435568044961864
3,2016,Q2,0.5449371591178563,0.8010989010989011,0.8041666666666668,0.8113207547169811
3,2016,Q3,0.5591652833768083,0.9018315018315017,0.9324999999999999,0.9285427539140907
3,2016,Q4,0.4306378942376096,0.6516483516483517,0.6124999999999999,0.637093536732236
3,2017,Q1,0.47142518377993836,0.5989010989010991,0.5737500000000001,0.5897230028101165
3,2017,Q2,0.6903011619634811,0.798901098901099,0.7966666666666667,0.8065034122842233
3,2017,Q3,0.5162437751956368,0.8769230769230769,0.9012499999999999,0.9000401445202728
3,2017,Q4,0.41878112402181644,0.6296703296703298,0.5862499999999999,0.6122039341629868
3,2018,Q1,0.6995494427317999,0.5340659340659342,0.49833333333333335,0.5178643115214774
3,2018,Q2,0.49371591178562957,0.8172161172161171,0.8004166666666667,0.8181453231633881
3,2018,Q3,0.5816931467868154,0.8915750915750915,0.9254166666666667,0.9197109594540345
3,2018,Q4,0.6552051221247333,0.5838827838827839,0.5841666666666667,0.5865114411882779
3,2019,Q1,0.6115722077306143,0.5230769230769232,0.5120833333333333,0.5186672019269369
3,2019,Q2,0.7846810528811953,0.7934065934065933,0.7991666666666666,0.8048976314733037
3,2019,Q3,0.49466445340289306,0.9087912087912087,0.9350000000000002,0.9333600963468487
3,2019,Q4,0.5707849181882855,0.6032967032967034,0.5645833333333333,0.5877157767964672
3,2020,Q1,0.6846099122599005,0.5512820512820514,0.5579166666666666,0.5556001605780811
3,2020,Q2,0.6464311121650462,0.7772893772893773,0.7766666666666666,0.7848253713368124
3,2020,Q3,0.6063552288356652,0.8728937728937728,0.9087499999999998,0.9008430349257325
3,2020,Q4,0.4809105999525729,0.6175824175824176,0.5758333333333333,0.600160578081092
3,2021,Q1,0.5503912734171211,0.5106227106227107,0.4912500000000001,0.5014050582095543
3,2021,Q2,0.6326772587147261,0.7765567765567765,0.7779166666666668,0.7852268165395422
3,2021,Q3,0.45411429926488023,0.8978021978021979,0.9091666666666665,0.9148936170212766
3,2021,Q4,0.45885700735119755,0.6622710622710624,0.6258333333333332,0.6495383380168608
3,2022,Q1,0.5477827839696467,0.5446886446886446,0.4658333333333333,0.5078281814532317
3,2022,Q2,0.613469290965141,0.8062271062271061,0.8012499999999999,0.8133279807306303
3,2022,Q3,0.4365662793455063,0.9146520146520146,0.91375,0.9265355279004417
3,2022,Q4,0.5328432534977472,0.6095238095238096,0.5695833333333333,0.5937374548374147
3,2023,Q1,0.6727531420441072,0.5776556776556778,0.5558333333333333,0.5692492974708953
3,2023,Q2,0.5416172634574342,0.8062271062271064,0.79,0.8073063026896828
3,2023,Q3,0.48043632914394124,0.9135531135531134,0.917083333333333,0.9273384183059012
3,2023,Q4,0.451031539008774,0.6369963369963371,0.5995833333333334,0.6230429546366921
3,2024,Q1,0.5911785629594499,0.5648351648351649,0.5270833333333333,0.5483741469289444
3,2024,Q2,0.5771875741048138,0.82014652014652,0.8308333333333333,0.8346045764753109
3,2024,Q3,0.4851790372302585,0.8926739926739927,0.9087499999999998,0.9116820553994378
3,2024,Q4,0.5496798672041736,0.6652014652014653,0.6266666666666667,0.65154556403051
3,2025,Q1,0.4839933602086791,0.5472527472527473,0.49833333333333335,0.5250903251706144
3,2025,Q2,0.788475219350249,0.8073260073260073,0.8216666666666669,0.8229626655961461
3,2025,Q3,0.13279582641688406,0.22600732600732595,0.23666666666666664,0.22280208751505406
4,2015,Q1,0.32795826416884044,0.6336996336996338,0.5795833333333333,0.6109995985547974
4,2015,Q2,0.2788712354754565,0.7728937728937728,0.69625,0.7442794058611
4,2015,Q3,0.2516006639791321,0.8941391941391941,0.8229166666666667,0.8715375351264552
4,2015,Q4,0.4031301873369694,0.6102564102564102,0.5741666666666667,0.5957446808510638
4,2016,Q1,0.5221721603035333,0.5831501831501833,0.5533333333333333,0.5712565234845444
4,2016,Q2,0.28693383922219584,0.7761904761904761,0.7074999999999999,0.7511039743075071
4,2016,Q3,0.23144415461228363,0.9,0.8070833333333335,0.8671216378964272
4,2016,Q4,0.47450794403604457,0.6120879120879121,0.5866666666666667,0.6029706945002007
4,2017,Q1,0.7078491818828551,0.5472527472527473,0.5445833333333333,0.5475712565234846
4,2017,Q2,0.3080388902063078,0.7714285714285714,0.6983333333333334,0.7438779606583702
4,2017,Q3,0.2449608726582879,0.9058608058608058,0.8341666666666667,0.8831794460056202
4,2017,Q4,0.3120701920796775,0.6531135531135531,0.5908333333333333,0.6278602970694501
4,2018,Q1,0.4401233104102442,0.5703296703296704,0.5316666666666667,0.5539943797671618
4,2018,Q2,0.29404790135167186,0.7721611721611722,0.695,0.7430750702529106
4,2018,Q3,0.23381550865544226,0.9135531135531134,0.8295833333333335,0.8855881172219991
4,2018,Q4,0.3658999288593787,0.6234432234432236,0.5866666666666667,0.6093938177438781
4,2019,Q1,0.6495138724211525,0.5201465201465203,0.515,0.5182657567242072
4,2019,Q2,0.3165757647616789,0.747985347985348,0.6916666666666667,0.7282215977519069
4,2019,Q3,0.2456722788712355,0.8879120879120879,0.8104166666666666,0.8619028502609394
4,2019,Q4,0.38368508418306857,0.6208791208791208,0.5725,0.6009634684865516
4,2020,Q1,0.35570310647379655,0.5637362637362637,0.52375,0.5459654757125653
4,2020,Q2,0.3056675361631492,0.7703296703296703,0.6979166666666667,0.7430750702529105
4,2020,Q3,0.23073274839933605,0.9260073260073258,0.8354166666666668,0.895222802087515
4,2020,Q4,0.29902774484230493,0.6575091575091577,0.58375,0.6266559614612606
4,2021,Q1,0.3867678444391748,0.5604395604395606,0.5145833333333334,0.5403452428743477
4,2021,Q2,0.2390324875503913,0.8043956043956043,0.7095833333333333,0.7671617824167003
4,2021,Q3,0.24401233104102443,0.9194139194139195,0.8395833333333333,0.8932155760738658
4,2021,Q4,0.48399336020867917,0.6120879120879121,0.585,0.6021678040947411
4,2022,Q1,0.26748873606829504,0.5996336996336997,0.5158333333333334,0.5620232838217584
4,2022,Q2,0.2843253497747214,0.7725274725274727,0.6833333333333333,0.7378562826174229
4,2022,Q3,0.25847759070429216,0.92014652014652,0.8458333333333334,0.8964271376957046
4,2022,Q4,0.42897794640739867,0.610989010989011,0.5654166666666667,0.5921316740264955
4,2023,Q1,0.6779701209390562,0.5,0.4875,0.49377759935768767
4,2023,Q2,0.2715200379416647,0.7377289377289377,0.6733333333333333,0.7137695704536332
4,2023,Q3,0.2589518615129239,0.8904761904761906,0.8216666666666667,0.8691288639100762
4,2023,Q4,0.34574341949253024,0.6406593406593407,0.5995833333333334,0.6250501806503412
4,2024,Q1,0.592838510789661,0.5380952380952381,0.5383333333333333,0.5395423524688879
4,2024,Q2,0.2743656627934551,0.7765567765567766,0.6966666666666668,0.7458851866720194
4,2024,Q3,0.23666113350723264,0.9274725274725275,0.8395833333333332,0.8980329185066238
4,2024,Q4,0.4199668010433958,0.6435897435897436,0.5974999999999999,0.6254516258530711
4,2025,Q1,0.4581456011382499,0.5677655677655679,0.5266666666666666,0.5499799277398636
4,2025,Q2,0.2551576950438701,0.7813186813186812,0.7008333333333333,0.7503010839020474
4,2025,Q3,0.0,0.22161172161172157,0.16291666666666668,0.1846647932557206
5,2015,Q1,0.29404790135167186,0.43699633699633705,0.32958333333333334,0.3829787234042553
5,2015,Q2,0.4417832582404553,0.6494505494505495,0.5675,0.6142111601766359
5,2015,Q3,0.34005216978894953,0.7996336996336996,0.7008333333333334,0.7611401043757526
5,2015,Q4,0.34432060706663503,0.46849816849816855,0.37583333333333335,0.42272179847450825
5,2016,Q1,0.3009248280768319,0.41831501831501844,0.30083333333333334,0.3588920112404657
5,2016,Q2,0.37230258477590705,0.6652014652014653,0.56125,0.6198313930148535
5,2016,Q3,0.3379179511501067,0.7915750915750915,0.6883333333333335,0.7503010839020473
5,2016,Q4,0.29879060943798913,0.502930402930403,0.38125000000000003,0.44439983942191896
5,2017,Q1,0.33246383685084185,0.4380952380952381,0.33916666666666667,0.3881975110397431
5,2017,Q2,0.36092008536874554,0.6666666666666669,0.55625,0.618627057406664
5,2017,Q3,0.38985060469528104,0.7853479853479852,0.6941666666666666,0.7494981934965879
5,2017,Q4,0.27009722551576953,0.5080586080586081,0.3833333333333333,0.4480128462464874
5,2018,Q1,0.2935736305430401,0.4245421245421246,0.29541666666666666,0.3596949016459253
5,2018,Q2,0.31847284799620584,0.7025641025641027,0.575,0.6471296668004818
5,2018,Q3,0.3262983163386294,0.8120879120879122,0.7029166666666666,0.7691690084303493
5,2018,Q4,0.3213184728479962,0.4384615384615385,0.34625,0.3918105178643115
5,2019,Q1,0.3623428977946408,0.3677655677655678,0.2645833333333334,0.31393014853472495
5,2019,Q2,0.3699312307327484,0.6355311355311357,0.5366666666666667,0.5921316740264955
5,2019,Q3,0.31539008774009963,0.8230769230769232,0.7100000000000001,0.7780008028904054
5,2019,Q4,0.3056675361631492,0.4520146520146521,0.3308333333333333,0.3922119630670413
5,2020,Q1,0.30116196348114777,0.4003663003663004,0.29333333333333333,0.34564431955038133
5,2020,Q2,0.29784206782072564,0.6890109890109891,0.5599999999999999,0.6322761942994781
5,2020,Q3,0.3120701920796775,0.82014652014652,0.6958333333333334,0.7695704536330791
5,2020,Q4,0.28385107896608963,0.4897435897435897,0.3566666666666667,0.42472902448815736
5,2021,Q1,0.3191842542091534,0.3761904761904762,0.27666666666666667,0.3243677238057005
5,2021,Q2,0.3493004505572682,0.6721611721611723,0.5599999999999999,0.6230429546366921
5,2021,Q3,0.33957789898031776,0.8197802197802198,0.7083333333333334,0.7759935768767564
5,2021,Q4,0.30234764050272706,0.5168498168498168,0.3966666666666666,0.4592533119229226
5,2022,Q1,0.30116196348114777,0.3930402930402931,0.2541666666666667,0.3227619429947812
5,2022,Q2,0.31491581693146786,0.6776556776556778,0.5525,0.6230429546366921
5,2022,Q3,0.3680341474982215,0.819047619047619,0.7183333333333334,0.7796065837013246
5,2022,Q4,0.31159592127104574,0.4545787545787546,0.3354166666666667,0.3954235246888801
5,2023,Q1,0.3412378468105288,0.34285714285714286,0.24416666666666664,0.290646326776395
5,2023,Q2,0.3874792506521224,0.645054945054945,0.53875,0.5981533520674429
5,2023,Q3,0.3388664927673702,0.8128205128205128,0.69875,0.7671617824167003
5,2023,Q4,0.2890680578610387,0.49487179487179483,0.3729166666666667,0.4359694901645926
5,2024,Q1,0.33934076357600185,0.3992673992673993,0.29874999999999996,0.34765154556403055
5,2024,Q2,0.3450320132795826,0.6831501831501832,0.5620833333333334,0.630268968285829
5,2024,Q3,0.3511975337917951,0.8153846153846153,0.69875,0.7683661180248895
5,2024,Q4,0.32511263931705003,0.5025641025641027,0.38833333333333336,0.4472099558410278
5,2025,Q1,0.2933364951387242,0.4010989010989011,0.275,0.33761541549578483
5,2025,Q2,0.333886649276737,0.6761904761904762,0.5558333333333334,0.623444399839422
5,2025,Q3,0.07825468342423525,0.16739926739926733,0.09333333333333334,0.12163789642713763
6,2015,Q1,0.4285036755987669,0.28937728937728935,0.2325,0.2553191489361702
6,2015,Q2,0.4704766421626749,0.6864468864468866,0.65375,0.6764351665997592
6,2015,Q3,0.4294522172160304,0.82014652014652,0.8100000000000002,0.8249698916097953
6,2015,Q4,0.4557742470950913,0.5443223443223443,0.5325,0.5399437976716178
6,2016,Q1,0.44534028930519326,0.4142857142857143,0.3791666666666667,0.3950220794861502
6,2016,Q2,0.4152240929570785,0.676923076923077,0.6458333333333334,0.6668004817342433
6,2016,Q3,0.43822622717571735,0.8227106227106227,0.8258333333333334,0.8338016860698513
6,2016,Q4,0.4771164334835191,0.5036630036630036,0.4845833333333333,0.4941790445604175
6,2017,Q1,0.44036044581456013,0.3871794871794872,0.3770833333333333,0.37816138097149743
6,2017,Q2,0.5487313255869101,0.6780219780219782,0.6679166666666666,0.6784423926134083
6,2017,Q3,0.44676310173108846,0.7904761904761903,0.7999999999999999,0.8032918506623845
6,2017,Q4,0.5148209627697415,0.49487179487179483,0.4833333333333333,0.48896025692492967
6,2018,Q1,0.5252549205596396,0.3743589743589745,0.3641666666666667,0.36531513448414293
6,2018,Q2,0.5072326298316338,0.6692307692307694,0.6495833333333334,0.6643918105178643
6,2018,Q3,0.6900640265591653,0.8073260073260073,0.8458333333333334,0.834604576475311
6,2018,Q4,0.6563907991463125,0.4688644688644689,0.4866666666666667,0.4765154556403052
6,2019,Q1,0.5029641925539483,0.3567765567765568,0.34041666666666665,0.34403853873946205
6,2019,Q2,0.5952098648328196,0.661904761904762,0.6629166666666666,0.6672019269369731
6,2019,Q3,0.4638368508418307,0.8047619047619048,0.8008333333333333,0.8117221999197108
6,2019,Q4,0.6212947593075647,0.4692307692307693,0.4720833333333333,0.46928944199116823
6,2020,Q1,0.4436803414749822,0.41391941391941395,0.4091666666666667,0.4086712163789643
6,2020,Q2,0.4716623191842543,0.6608058608058608,0.6354166666666667,0.6531513448414292
6,2020,Q3,0.40763576001897084,0.8113553113553112,0.8175000000000001,0.8237655560016057
6,2020,Q4,0.6103865307090348,0.50989010989011,0.4991666666666667,0.504616619831393
6,2021,Q1,0.4114299264880247,0.37106227106227113,0.36333333333333334,0.3633079084704938
6,2021,Q2,0.4759307564619397,0.6890109890109891,0.6579166666666666,0.6792452830188679
6,2021,Q3,0.7626274602798196,0.7853479853479853,0.8262499999999999,0.8133279807306301
6,2021,Q4,0.46597106948067346,0.5135531135531136,0.5166666666666667,0.5150541951023686
6,2022,Q1,0.4519800806260375,0.37765567765567765,0.33,0.35046166198313927
6,2022,Q2,0.48375622480436326,0.6794871794871795,0.66,0.67482938578884
6,2022,Q3,0.4849419018259426,0.8157509157509156,0.81875,0.8261742272179847
6,2022,Q4,0.5238321081337444,0.5095238095238095,0.48958333333333337,0.5006021678040947
6,2023,Q1,0.4858904434432061,0.4175824175824176,0.41500000000000004,0.41389000401445214
6,2023,Q2,0.477353568887835,0.6835164835164834,0.64375,0.6696105981533522
6,2023,Q3,0.8373251126393172,0.7908424908424908,0.8220833333333333,0.8145323163388197
6,2023,Q4,0.5631965852501779,0.5131868131868133,0.5116666666666667,0.5126455238859895
6,2024,Q1,0.6461939767607304,0.40256410256410263,0.40875000000000006,0.40224809313528703
6,2024,Q2,0.5442257529049087,0.6937728937728938,0.6787500000000001,0.6920915295062224
6,2024,Q3,0.5290490870286935,0.7897435897435897,0.8087500000000001,0.8077077478924126
6,2024,Q4,0.42186388427792265,0.5168498168498168,0.48375,0.5014050582095545
6,2025,Q1,0.41664690538297366,0.36996336996337004,0.3579166666666667,0.3600963468486552
6,2025,Q2,0.5347403367322742,0.6809523809523811,0.6799999999999999,0.6856684062625452
6,2025,Q3,0.14963244012331042,0.1615384615384615,0.1566666666666666,0.14893617021276595
7,2015,Q1,0.5062840882143704,0.3838827838827839,0.35916666666666663,0.36892814130871143
7,2015,Q2,0.5496798672041736,0.7520146520146519,0.7529166666666668,0.7595343235648334
7,2015,Q3,0.4477116433483519,0.8483516483516482,0.8774999999999998,0.8731433159373746
7,2015,Q4,0.4984586198719469,0.6106227106227108,0.6070833333333334,0.6118024889602569
7,2016,Q1,0.4204410718520275,0.4750915750915752,0.45791666666666675,0.46567643516659984
7,2016,Q2,0.5186151292387954,0.7183150183150184,0.7191666666666666,0.7254114813327982
7,2016,Q3,0.665876215318947,0.8684981684981686,0.9079166666666666,0.8980329185066238
7,2016,Q4,0.382973677970121,0.5743589743589744,0.5604166666666666,0.5700521878763549
7,2017,Q1,0.4325349774721366,0.489010989010989,0.48125,0.48494580489763145
7,2017,Q2,0.47830211050509835,0.7487179487179486,0.75875,0.7607386591730229
7,2017,Q3,0.6654019445103154,0.8347985347985348,0.8795833333333334,0.8659173022882376
7,2017,Q4,0.38463362580033195,0.561904761904762,0.5554166666666667,0.5600160578081093
7,2018,Q1,0.5117382025136353,0.44871794871794873,0.4375,0.4415897230028102
7,2018,Q2,0.5667536163149158,0.7373626373626373,0.7429166666666667,0.746688077077479
7,2018,Q3,0.6272231444154612,0.8560439560439561,0.9145833333333332,0.8948213568847853
7,2018,Q4,0.622480436329144,0.5553113553113553,0.5733333333333334,0.565234845443597
7,2019,Q1,0.47545648565330806,0.45091575091575103,0.4416666666666667,0.44439983942191896
7,2019,Q2,0.5359260137538534,0.7615384615384614,0.7725000000000001,0.774387796065837
7,2019,Q3,0.4128527389139199,0.8681318681318682,0.8883333333333333,0.8883982336411078
7,2019,Q4,0.45340289305193265,0.5578754578754579,0.55125,0.5564030509835408
7,2020,Q1,0.46597106948067346,0.5054945054945055,0.4987500000000001,0.502207948615014
7,2020,Q2,0.44202039364477114,0.7139194139194139,0.7158333333333333,0.7209955841027701
7,2020,Q3,0.6903011619634811,0.8523809523809524,0.8954166666666665,0.8835808912083501
7,2020,Q4,0.6326772587147261,0.5857142857142857,0.5733333333333334,0.5820955439582497
7,2021,Q1,0.5216978894949016,0.45164835164835176,0.45833333333333337,0.4532316338819752
7,2021,Q2,0.42874081100308276,0.7490842490842491,0.7283333333333333,0.7462866318747491
7,2021,Q3,0.5714963244012331,0.8479853479853479,0.8841666666666665,0.8759534323564834
7,2021,Q4,0.35285748162200625,0.5864468864468866,0.5779166666666666,0.5853071055800885
7,2022,Q1,0.440597581218876,0.4652014652014653,0.4304166666666667,0.4472099558410278
7,2022,Q2,0.498221484467631,0.7307692307692307,0.735,0.739462063428342
7,2022,Q3,0.4356177377282428,0.8586080586080586,0.8866666666666667,0.8827780008028903
7,2022,Q4,0.5091297130661607,0.5553113553113554,0.5404166666666667,0.5495784825371336
7,2023,Q1,0.3699312307327484,0.5095238095238095,0.49083333333333334,0.5002007226013649
7,2023,Q2,0.5122124733222669,0.7388278388278386,0.7191666666666666,0.7362505018065033
7,2023,Q3,0.5655679392933365,0.8347985347985348,0.8870833333333333,0.8695303091128059
7,2023,Q4,0.5050984111927911,0.5783882783882784,0.5595833333333333,0.5716579686872743
7,2024,Q1,0.5876215318947119,0.4791208791208792,0.4741666666666666,0.4765154556403052
7,2024,Q2,0.4152240929570785,0.7446886446886447,0.7579166666666666,0.7579285427539142
7,2024,Q3,0.45032013279582644,0.8366300366300365,0.8804166666666667,0.8679245283018868
7,2024,Q4,0.34384633625800337,0.5805860805860807,0.5529166666666667,0.5692492974708953
7,2025,Q1,0.45956841356414513,0.44798534798534795,0.43249999999999994,0.43877960658370135
7,2025,Q2,0.5058098174057387,0.7443223443223443,0.7620833333333333,0.7599357687675633
7,2025,Q3,0.21223618686269857,0.17692307692307693,0.20583333333333326,0.18145323163388205
8,2015,Q1,0.41759544700023715,0.716117216117216,0.7016666666666668,0.7149739060618225
8,2015,Q2,0.527863410007114,0.8923076923076921,0.9149999999999998,0.9144921718185468
8,2015,Q3,0.7702157932179274,0.9179487179487181,0.9766666666666666,0.9582496989160979
8,2015,Q4,0.4427317998577187,0.8120879120879122,0.8541666666666666,0.841830590124448
8,2016,Q1,0.5281005454114299,0.715018315018315,0.7058333333333333,0.7169811320754716
8,2016,Q2,0.5738676784443917,0.8780219780219778,0.8883333333333333,0.8944199116820554
8,2016,Q3,0.7104576713303296,0.9307692307692307,0.9854166666666668,0.9698916097952629
8,2016,Q4,0.35902300213421867,0.7992673992673993,0.7945833333333333,0.8052990766760336
8,2017,Q1,0.38819065686507,0.7644688644688644,0.7283333333333333,0.7547169811320754
8,2017,Q2,0.660896371828314,0.8780219780219781,0.8908333333333331,0.8956242472902447
8,2017,Q3,0.8181171448897321,0.9175824175824174,0.9824999999999999,0.9614612605379366
8,2017,Q4,0.4280294047901352,0.7787545787545787,0.79125,0.7928542753914091
8,2018,Q1,0.40431586435854877,0.7300366300366299,0.7075000000000001,0.7254114813327981
8,2018,Q2,0.6919611097936922,0.8688644688644687,0.8899999999999999,0.8896025692492976
8,2018,Q3,0.7223144415461229,0.9216117216117216,0.9858333333333335,0.9654757125652349
8,2018,Q4,0.5214607540905857,0.780952380952381,0.7970833333333334,0.7968687274187073
8,2019,Q1,0.41356414512686746,0.741025641025641,0.7304166666666666,0.7430750702529106
8,2019,Q2,0.5705477827839697,0.8890109890109891,0.9024999999999999,0.9064632677639503
8,2019,Q3,0.6542565805074698,0.9278388278388278,0.9850000000000001,0.9678843837816138
8,2019,Q4,0.5020156509366849,0.787179487179487,0.8041666666666668,0.8036932958651144
8,2020,Q1,0.3585487313255869,0.7630036630036631,0.7449999999999999,0.7623444399839423
8,2020,Q2,0.6234289779464074,0.8780219780219781,0.8933333333333333,0.8968285828984343
8,2020,Q3,0.8240455299976287,0.9201465201465202,0.9870833333333333,0.9646728221597751
8,2020,Q4,0.473796537823097,0.7805860805860806,0.8016666666666667,0.7992773986350863
8,2021,Q1,0.40763576001897084,0.7355311355311356,0.725,0.737454837414693
8,2021,Q2,0.5714963244012331,0.8666666666666667,0.8808333333333334,0.8839823364110798
8,2021,Q3,0.8114773535688878,0.9076923076923078,0.979583333333333,0.9542352468887996
8,2021,Q4,0.4275551339815034,0.7849816849816849,0.7945833333333334,0.7976716178241668
8,2022,Q1,0.4360920085368746,0.7406593406593407,0.7133333333333333,0.7342432757928543
8,2022,Q2,0.5745790846573394,0.8857142857142857,0.9,0.9040545965475713
8,2022,Q3,0.7996205833530946,0.9208791208791208,0.9800000000000001,0.9622641509433961
8,2022,Q4,0.39340763576001897,0.7758241758241757,0.7862500000000001,0.7888398233641108
8,2023,Q1,0.3666113350723263,0.7772893772893773,0.7449999999999999,0.7699718988358089
8,2023,Q2,0.6454825705477828,0.8776556776556775,0.8945833333333333,0.8972300281011643
8,2023,Q3,0.6782072563433721,0.9377289377289378,0.9895833333333333,0.9755118426334806
8,2023,Q4,0.5058098174057386,0.7648351648351648,0.785,0.7824167001204336
8,2024,Q1,0.4688166943324638,0.7278388278388278,0.7141666666666666,0.7278201525491771
8,2024,Q2,0.5480199193739625,0.8908424908424908,0.9024999999999999,0.9080690485748695
8,2024,Q3,0.8102916765473086,0.9282051282051282,1.0,0.9751103974307508
8,2024,Q4,0.42565805074697655,0.7838827838827839,0.7941666666666667,0.7968687274187073
8,2025,Q1,0.4114299264880247,0.7282051282051281,0.68875,0.7153753512645524
8,2025,Q2,0.5292862224330093,0.8959706959706959,0.9083333333333332,0.913689281413087
8,2025,Q3,0.31965852501778513,0.23223443223443224,0.2712499999999999,0.24287434765154545
9,2015,Q1,0.48565330803889023,0.5820512820512821,0.54,0.5636290646326776
9,2015,Q2,0.5254920559639554,0.8461538461538461,0.8358333333333334,0.8510638297872339
9,2015,Q3,0.5624851790372303,0.8908424908424908,0.9208333333333332,0.9164993978321958
9,2015,Q4,0.6530709034858905,0.7051282051282051,0.7037500000000001,0.7105580088317944
9,2016,Q1,0.5032013279582641,0.6172161172161174,0.5691666666666666,0.5973504616619832
9,2016,Q2,0.4861275788475219,0.8391941391941391,0.8083333333333333,0.8346045764753109
9,2016,Q3,0.4690538297367797,0.9285714285714286,0.9358333333333334,0.9450020072260136
9,2016,Q4,0.4164097699786578,0.7124542124542124,0.6483333333333333,0.6880770774789242
9,2017,Q1,0.5088925776618448,0.6710622710622711,0.6104166666666667,0.6471296668004818
9,2017,Q2,0.5985297604932417,0.8366300366300365,0.8220833333333333,0.8390204737053392
9,2017,Q3,0.5688878349537587,0.8886446886446886,0.9158333333333332,0.9132878362103573
9,2017,Q4,0.40953284325349776,0.676923076923077,0.6458333333333334,0.6672019269369731
9,2018,Q1,0.479013516718046,0.6194139194139194,0.5741666666666667,0.6009634684865516
9,2018,Q2,0.603035333175243,0.8315018315018314,0.8116666666666668,0.8313930148534725
9,2018,Q3,0.5712591889969173,0.9062271062271062,0.9412499999999998,0.934965877157768
9,2018,Q4,0.6933839222195874,0.6633699633699633,0.6541666666666667,0.6635889201124048
9,2019,Q1,0.49063315152952336,0.6311355311355312,0.5970833333333333,0.6186270574066641
9,2019,Q2,0.5150580981740575,0.852014652014652,0.8279166666666669,0.8506623845845042
9,2019,Q3,0.4479487787526678,0.9285714285714286,0.9279166666666668,0.9405861099959855
9,2019,Q4,0.5869101256817643,0.6853479853479854,0.6545833333333333,0.6756322761942996
9,2020,Q1,0.6782072563433721,0.6454212454212455,0.6291666666666667,0.641910879164994
9,2020,Q2,0.5705477827839697,0.8172161172161171,0.7925,0.8145323163388197
9,2020,Q3,0.6374199668010434,0.8934065934065933,0.9287500000000002,0.9221196306704135
9,2020,Q4,0.4524543514346692,0.6897435897435896,0.6533333333333333,0.6776395022079487
9,2021,Q1,0.583827365425658,0.6179487179487181,0.5833333333333334,0.6045764753111201
9,2021,Q2,0.5266777329855348,0.817948717948718,0.7841666666666668,0.8109193095142513
9,2021,Q3,0.6903011619634811,0.880952380952381,0.9170833333333335,0.9096748293857888
9,2021,Q4,0.4590941427555134,0.6981684981684982,0.6533333333333333,0.6824568446407067
9,2022,Q1,0.5138724211524781,0.6362637362637364,0.5662499999999999,0.606985146527499
9,2022,Q2,0.4652596632677259,0.8523809523809524,0.8100000000000002,0.8422320353271777
9,2022,Q3,0.5781361157220773,0.891941391941392,0.9179166666666667,0.916097952629466
9,2022,Q4,0.4344320607066635,0.6695970695970695,0.6212500000000001,0.65114411882778
9,2023,Q1,0.5807446051695518,0.6714285714285715,0.6216666666666667,0.6523484544359696
9,2023,Q2,0.5738676784443917,0.8142857142857142,0.7966666666666666,0.8149337615415495
9,2023,Q3,0.5541854398861751,0.9102564102564104,0.9233333333333331,0.9289441991168205
9,2023,Q4,0.4280294047901352,0.6776556776556776,0.6304166666666666,0.6595744680851064
9,2024,Q1,0.6160777804126156,0.631868131868132,0.575,0.6081894821356885
9,2024,Q2,0.5271520037941665,0.8483516483516482,0.8308333333333333,0.8502609393817744
9,2024,Q3,0.7085605880958028,0.9025641025641025,0.9316666666666666,0.9281413087113609
9,2024,Q4,0.3922219587384397,0.6985347985347986,0.6575,0.6848655158570855
9,2025,Q1,0.4662082048849894,0.6252747252747254,0.54875,0.5921316740264955
9,2025,Q2,0.6061180934313494,0.8483516483516482,0.8366666666666667,0.8530710558008832
9,2025,Q3,0.25349774721365903,0.2161172161172161,0.23874999999999993,0.2183861902850261
10,2015,Q1,0.354991700260849,0.4153846153846154,0.3770833333333333,0.3942191890806905
10,2015,Q2,0.3421863884277923,0.6501831501831502,0.5616666666666666,0.6114010437575272
10,2015,Q3,0.30780175480199196,0.773992673992674,0.6641666666666668,0.7290244881573664
10,2015,Q4,0.43395778989803174,0.40732600732600743,0.3870833333333334,0.3950220794861501
10,2016,Q1,0.4133270097225516,0.3641025641025642,0.3516666666666667,0.3540746688077077
10,2016,Q2,0.3367322741285274,0.6501831501831503,0.56,0.6114010437575272
10,2016,Q3,0.29001659947830216,0.7622710622710622,0.6449999999999999,0.7129666800481734
10,2016,Q4,0.45482570547782786,0.4014652014652014,0.38333333333333336,0.3894018466479326
10,2017,Q1,0.5198008062603747,0.3322344322344322,0.3204166666666667,0.3211561621838619
10,2017,Q2,0.3741996680104339,0.6102564102564102,0.5329166666666667,0.5760738659173024
10,2017,Q3,0.291913682712829,0.7937728937728937,0.6783333333333333,0.7470895222802089
10,2017,Q4,0.4026559165283377,0.3989010989010989,0.37250000000000005,0.38338016860698515
10,2018,Q1,0.41261560350960397,0.3490842490842491,0.3329166666666667,0.33641107988759533
10,2018,Q2,0.3839222195873844,0.6223443223443225,0.5525,0.5925331192292254
10,2018,Q3,0.24543514346691964,0.7904761904761903,0.6566666666666666,0.7350461661983141
10,2018,Q4,0.38178800094854165,0.39230769230769236,0.3670833333333333,0.37655560016057804
10,2019,Q1,0.4254209153426607,0.32380952380952377,0.29250000000000004,0.30268968285828984
10,2019,Q2,0.39506758359023003,0.6018315018315019,0.54125,0.5756724207145725
10,2019,Q3,0.30282191131135877,0.7637362637362637,0.6620833333333334,0.7226013649136893
10,2019,Q4,0.3367322741285274,0.3864468864468865,0.35083333333333333,0.36531513448414293
10,2020,Q1,0.41806971780886887,0.34761904761904766,0.31958333333333333,0.3295865114411882
10,2020,Q2,0.3893763338866493,0.6047619047619047,0.52625,0.5696507426736251
10,2020,Q3,0.25847759070429216,0.7945054945054945,0.6625,0.739462063428342
10,2020,Q4,0.36518852264643115,0.41868131868131864,0.3708333333333333,0.3926134082697712
10,2021,Q1,0.3820251363528575,0.3424908424908425,0.3104166666666667,0.3223604977920514
10,2021,Q2,0.2926250889257766,0.6505494505494505,0.54375,0.6037735849056604
10,2021,Q3,0.2893051932653545,0.798901098901099,0.6758333333333333,0.7482938578883982
10,2021,Q4,0.43917476879298084,0.415018315018315,0.40750000000000003,0.40907266158169414
10,2022,Q1,0.3367322741285274,0.34285714285714286,0.29333333333333333,0.31393014853472495
10,2022,Q2,0.40763576001897084,0.571062271062271,0.5016666666666667,0.5395423524688879
10,2022,Q3,0.27246857955892817,0.8267399267399268,0.7004166666666667,0.7751906864712967
10,2022,Q4,0.4107185202750771,0.3901098901098901,0.34291666666666665,0.36411079887595343
10,2023,Q1,0.3872421152478065,0.2941391941391941,0.2616666666666667,0.27217984745082296
10,2023,Q2,0.36874555371116907,0.6098901098901099,0.5329166666666667,0.5764753111200323
10,2023,Q3,0.3134930045055727,0.7842490842490841,0.6775,0.7406663990365314
10,2023,Q4,0.36020867915579796,0.42857142857142855,0.4054166666666667,0.41469289441991164
10,2024,Q1,0.4277922693858193,0.34725274725274724,0.3308333333333333,0.3344038538739462
10,2024,Q2,0.33957789898031776,0.6161172161172163,0.5229166666666666,0.5744680851063831
10,2024,Q3,0.27768555845387716,0.8080586080586081,0.6783333333333333,0.7543155359293456
10,2024,Q4,0.38961346929096513,0.43406593406593424,0.4025,0.416298675230831
10,2025,Q1,0.4171211761916054,0.3384615384615385,0.30541666666666667,0.31754315535929345
10,2025,Q2,0.300687692672516,0.6435897435897436,0.54,0.5981533520674429
10,2025,Q3,0.030353331752430643,0.1615384615384615,0.07916666666666669,0.11160176635889196
11,2015,Q1,0.35143466919611094,0.3296703296703296,0.2966666666666667,0.30871136089923723
11,2015,Q2,0.6587621531894713,0.7362637362637363,0.7308333333333333,0.7402649538338018
11,2015,Q3,0.5024899217453166,0.8293040293040294,0.8375,0.8426334805299077
11,2015,Q4,0.5494427317998577,0.5516483516483517,0.5475000000000001,0.5507828181453231
11,2016,Q1,0.3571259188996917,0.41208791208791207,0.40875000000000006,0.4074668807707748
11,2016,Q2,0.4816220061655205,0.7384615384615384,0.7187499999999999,0.7358490566037738
11,2016,Q3,0.6314915816931468,0.8413919413919414,0.8712499999999999,0.8655158570855079
11,2016,Q4,0.3770452928622243,0.5256410256410257,0.52,0.5234845443596949
11,2017,Q1,0.3784681052881195,0.4494505494505495,0.43624999999999997,0.44118827780008035
11,2017,Q2,0.5876215318947119,0.7428571428571428,0.7245833333333334,0.7410678442392615
11,2017,Q3,0.4168840407872895,0.8369963369963369,0.8204166666666668,0.8386190285026093
11,2017,Q4,0.4183068532131847,0.5021978021978022,0.4875,0.4949819349658773
11,2018,Q1,0.4654967986720417,0.37289377289377296,0.34458333333333335,0.3556804496186271
11,2018,Q2,0.5228835665164809,0.7402930402930403,0.7208333333333332,0.7382577278201526
11,2018,Q3,0.540431586435855,0.841025641025641,0.8541666666666667,0.8570855078281814
11,2018,Q4,0.46193976760730376,0.46849816849816855,0.47875000000000006,0.47250100361300695
11,2019,Q1,0.47711643348351906,0.35274725274725277,0.34291666666666665,0.34323564833400244
11,2019,Q2,0.6506995494427318,0.715018315018315,0.7133333333333335,0.7201926936973104
11,2019,Q3,0.5131610149395305,0.8465201465201465,0.8620833333333333,0.8643115214773182
11,2019,Q4,0.44628883092245675,0.48571428571428577,0.47041666666666676,0.4777197912484947
11,2020,Q1,0.4707137775669908,0.40293040293040305,0.4195833333333333,0.40786832597350464
11,2020,Q2,0.5394830448185914,0.7128205128205127,0.6983333333333334,0.7117623444399841
11,2020,Q3,0.4818591415698364,0.8274725274725274,0.8329166666666665,0.8398233641107987
11,2020,Q4,0.4071614892103391,0.5168498168498168,0.48999999999999994,0.5042151746286632
11,2021,Q1,0.4183068532131847,0.3644688644688645,0.36583333333333334,0.3613006824568446
11,2021,Q2,0.5231207019207967,0.7263736263736263,0.7158333333333333,0.7274187073464472
11,2021,Q3,0.4868389850604695,0.8424908424908425,0.85,0.8558811722199919
11,2021,Q4,0.4491344557742471,0.5446886446886448,0.5345833333333333,0.5411481332798074
11,2022,Q1,0.4294522172160304,0.37289377289377296,0.3304166666666667,0.3484544359694902
11,2022,Q2,0.4726108608015177,0.7293040293040293,0.7170833333333333,0.7302288237655561
11,2022,Q3,0.5079440360445814,0.8296703296703297,0.8366666666666667,0.8426334805299075
11,2022,Q4,0.3782309698838036,0.49890109890109896,0.4641666666666667,0.4821356884785227
11,2023,Q1,0.4583827365425658,0.4263736263736264,0.4220833333333333,0.4219189080690486
11,2023,Q2,0.3903248755039127,0.7542124542124541,0.6945833333333333,0.7330389401846649
11,2023,Q3,0.4908702869338393,0.8351648351648352,0.8366666666666667,0.8454435969490165
11,2023,Q4,0.3870049798434906,0.5362637362637364,0.52625,0.5323163388197512
11,2024,Q1,0.40621294759307564,0.4428571428571429,0.42333333333333334,0.43155359293456447
11,2024,Q2,0.550628408821437,0.7593406593406593,0.74875,0.7615415495784825
11,2024,Q3,0.5107896608963718,0.8329670329670331,0.8329166666666665,0.8430349257326375
11,2024,Q4,0.4064500829973915,0.5406593406593407,0.5229166666666667,0.5331192292252108
11,2025,Q1,0.346217690301162,0.3963369963369964,0.35875,0.3749498193496588
11,2025,Q2,0.5283376808157458,0.7333333333333334,0.7254166666666666,0.7362505018065033
11,2025,Q3,0.17808868864121413,0.1838827838827838,0.19833333333333333,0.18105178643115216
12,2015,Q1,0.39340763576001897,0.32380952380952377,0.29,0.30228823765556007
12,2015,Q2,0.6492767370168366,0.7311355311355311,0.7183333333333334,0.7322360497792052
12,2015,Q3,0.49158169314678685,0.8194139194139194,0.8141666666666667,0.8261742272179847
12,2015,Q4,0.49727294285036755,0.5571428571428572,0.5495833333333333,0.5547972701726214
12,2016,Q1,0.42968935262034624,0.41721611721611723,0.4083333333333334,0.41027699718988353
12,2016,Q2,0.5103153900877402,0.7263736263736263,0.6966666666666668,0.7185869128863911
12,2016,Q3,0.5883329381076594,0.838827838827839,0.8579166666666665,0.8578883982336412
12,2016,Q4,0.40526440597581215,0.5263736263736264,0.5145833333333334,0.521075873143316
12,2017,Q1,0.44130898743182356,0.45164835164835176,0.4445833333333333,0.446407065435568
12,2017,Q2,0.6080151766658762,0.7369963369963369,0.7133333333333333,0.732637494981935
12,2017,Q3,0.47189945458857,0.8175824175824177,0.8083333333333333,0.8225612203934161
12,2017,Q4,0.4652596632677259,0.49780219780219787,0.49041666666666667,0.4941790445604175
12,2018,Q1,0.5079440360445814,0.37948717948717947,0.36083333333333334,0.36651947009233243
12,2018,Q2,0.5477827839696466,0.7318681318681318,0.7133333333333333,0.7294259333600965
12,2018,Q3,0.5605880958027034,0.8315018315018314,0.8487500000000001,0.8490566037735849
12,2018,Q4,0.47498221484467634,0.4776556776556777,0.4929166666666666,0.48414291449217184
12,2019,Q1,0.513872421152478,0.36923076923076925,0.3604166666666667,0.3613006824568446
12,2019,Q2,0.6473796537823098,0.7128205128205127,0.7054166666666666,0.7153753512645524
12,2019,Q3,0.4486601849656154,0.8457875457875458,0.8433333333333334,0.8546768366118024
12,2019,Q4,0.4692909651410956,0.4981684981684983,0.47833333333333333,0.4885588117221999
12,2020,Q1,0.5126867441308988,0.4168498168498168,0.4341666666666667,0.42232035327177836
12,2020,Q2,0.5022527863410008,0.7047619047619047,0.6812499999999999,0.6993175431553592
12,2020,Q3,0.44960872658287887,0.8260073260073258,0.81875,0.8317944600562023
12,2020,Q4,0.44581456011382503,0.517948717948718,0.49874999999999997,0.509433962264151
12,2021,Q1,0.4273179985771876,0.3816849816849817,0.3766666666666667,0.3753512645523886
12,2021,Q2,0.5247806497510078,0.719047619047619,0.6941666666666666,0.7133681252509033
12,2021,Q3,0.5326061180934313,0.8315018315018314,0.8404166666666668,0.8454435969490164
12,2021,Q4,0.4979843490633152,0.5413919413919415,0.5337500000000001,0.5387394620634284
12,2022,Q1,0.4688166943324638,0.38901098901098907,0.3491666666666667,0.36651947009233243
12,2022,Q2,0.4799620583353094,0.7300366300366299,0.7,0.7217984745082296
12,2022,Q3,0.5008299739151055,0.8241758241758241,0.8258333333333334,0.834604576475311
12,2022,Q4,0.36068294996442973,0.5007326007326008,0.47125000000000006,0.48615014050582106
12,2023,Q1,0.5162437751956368,0.4443223443223443,0.4354166666666667,0.4379767161782417
12,2023,Q2,0.4133270097225516,0.7329670329670328,0.6754166666666667,0.7121637896427139
12,2023,Q3,0.473796537823097,0.8230769230769232,0.8162499999999999,0.8293857888398233
12,2023,Q4,0.3801280531183306,0.5391941391941392,0.5241666666666667,0.5331192292252108
12,2024,Q1,0.4398861750059284,0.4388278388278389,0.42416666666666664,0.4299478121236452
12,2024,Q2,0.564619397676073,0.7531135531135531,0.7383333333333333,0.7535126455238861
12,2024,Q3,0.48731325586910124,0.8326007326007326,0.81875,0.8354074668807707
12,2024,Q4,0.43016362342897796,0.5428571428571429,0.5225,0.5343235648334003
12,2025,Q1,0.4071614892103391,0.39340659340659345,0.3616666666666667,0.37454837414692893
12,2025,Q2,0.5985297604932417,0.7241758241758243,0.7104166666666667,0.7246085909273385
12,2025,Q3,0.16789186625563196,0.17875457875457879,0.1854166666666667,0.17221999197109597
13,2015,Q1,0.27815982926250893,0.3054945054945055,0.24124999999999996,0.2685668406262545
13,2015,Q2,0.5774247095091297,0.7003663003663004,0.6833333333333333,0.6985146527498997
13,2015,Q3,0.5809817405738678,0.8014652014652014,0.8091666666666667,0.8141308711360898
13,2015,Q4,0.47640502727057155,0.48937728937728936,0.4883333333333333,0.4877559213167403
13,2016,Q1,0.3151529523357837,0.34395604395604396,0.33999999999999997,0.33761541549578483
13,2016,Q2,0.493004505572682,0.7142857142857143,0.68625,0.7069450020072261
13,2016,Q3,0.657339340763576,0.8080586080586081,0.8258333333333334,0.8253713368125251
13,2016,Q4,0.3428977946407399,0.48021978021978023,0.4575,0.46888799678843845
13,2017,Q1,0.34740336732274124,0.3688644688644689,0.35958333333333337,0.3600963468486552
13,2017,Q2,0.5131610149395305,0.7073260073260073,0.6783333333333333,0.6993175431553592
13,2017,Q3,0.4415461228361395,0.8135531135531135,0.7949999999999999,0.8137294259333601
13,2017,Q4,0.3699312307327484,0.4465201465201466,0.41833333333333333,0.4311521477318347
13,2018,Q1,0.3410007114062129,0.2886446886446887,0.2616666666666667,0.26896828582898435
13,2018,Q2,0.5532368982689116,0.698901098901099,0.6770833333333334,0.6940987555198714
13,2018,Q3,0.6509366848470477,0.8073260073260073,0.8145833333333334,0.8201525491770373
13,2018,Q4,0.42874081100308276,0.402930402930403,0.40374999999999994,0.4002408671216379
13,2019,Q1,0.3640028456248518,0.2560439560439561,0.22833333333333333,0.23524688879967884
13,2019,Q2,0.5854873132558691,0.6798534798534799,0.6633333333333333,0.6768366118024891
13,2019,Q3,0.5373488261797488,0.8113553113553115,0.8279166666666666,0.8285828984343635
13,2019,Q4,0.4052644059758122,0.4205128205128206,0.4041666666666667,0.41027699718988364
13,2020,Q1,0.3388664927673702,0.33919413919413915,0.32708333333333334,0.3283821758329988
13,2020,Q2,0.49110742233815513,0.6901098901098902,0.6683333333333332,0.6852669610598154
13,2020,Q3,0.421389613469291,0.8117216117216116,0.7970833333333334,0.8133279807306303
13,2020,Q4,0.34787763813137307,0.4586080586080587,0.41500000000000004,0.43637093536732235
13,2021,Q1,0.34028930519326533,0.3021978021978022,0.2891666666666667,0.28984343637093535
13,2021,Q2,0.4327721128764525,0.7113553113553114,0.6829166666666667,0.7037334403853874
13,2021,Q3,0.47450794403604457,0.827106227106227,0.8100000000000002,0.8285828984343637
13,2021,Q4,0.3886649276737017,0.4963369963369964,0.4666666666666667,0.4821356884785227
13,2022,Q1,0.3142044107185203,0.31318681318681313,0.23125,0.26816539542352474
13,2022,Q2,0.47142518377993836,0.6904761904761905,0.6641666666666668,0.6832597350461662
13,2022,Q3,0.4306378942376097,0.8194139194139194,0.8058333333333334,0.8221597751906863
13,2022,Q4,0.33649513872421155,0.4399267399267399,0.3833333333333333,0.4106784423926134
13,2023,Q1,0.36020867915579796,0.3274725274725275,0.3075,0.31272581292653556
13,2023,Q2,0.40692435380602326,0.7333333333333334,0.67125,0.7097551184263349
13,2023,Q3,0.4223381550865544,0.8230769230769229,0.8045833333333334,0.8237655560016057
13,2023,Q4,0.3540431586435855,0.4974358974358975,0.4683333333333334,0.48293857888398234
13,2024,Q1,0.33602086791557984,0.3901098901098903,0.3479166666666667,0.36651947009233243
13,2024,Q2,0.6338629357363055,0.7234432234432234,0.6945833333333334,0.7161782416700121
13,2024,Q3,0.4356177377282428,0.8146520146520145,0.8012499999999999,0.8177438779606583
13,2024,Q4,0.3779938344794878,0.49413919413919416,0.45999999999999996,0.47731834604576484
13,2025,Q1,0.30661607778041267,0.34358974358974365,0.27,0.30349257326374945
13,2025,Q2,0.5065212236186862,0.7131868131868132,0.6799999999999999,0.7029305499799278
13,2025,Q3,0.28076831870998337,0.16007326007326003,0.17458333333333334,0.15696507426736248
14,2015,Q1,0.2663030590467157,0.4721611721611722,0.3570833333333333,0.41589723002810114
14,2015,Q2,0.5672278871235475,0.7622710622710622,0.7254166666666666,0.7523083099156964
14,2015,Q3,0.4505572682001423,0.8934065934065933,0.8625,0.8904054596547571
14,2015,Q4,0.39791320844202044,0.5758241758241759,0.5170833333333333,0.5491770373344039
14,2016,Q1,0.2689115484941902,0.5135531135531136,0.41291666666666665,0.46567643516659984
14,2016,Q2,0.5160066397913209,0.7765567765567765,0.7220833333333334,0.7583299879566441
14,2016,Q3,0.5596395541854399,0.8820512820512822,0.865,0.8847852268165396
14,2016,Q4,0.28788238083945933,0.5868131868131868,0.48624999999999996,0.5407466880770776
14,2017,Q1,0.33507232629831635,0.5216117216117216,0.4258333333333333,0.47571256523484545
14,2017,Q2,0.536874555371117,0.7652014652014651,0.7129166666666666,0.7482938578883982
14,2017,Q3,0.4239981029167655,0.8787545787545787,0.8412499999999999,0.8719389803291849
14,2017,Q4,0.29736779701209387,0.5622710622710624,0.47416666666666674,0.5214773183460458
14,2018,Q1,0.2738913919848233,0.46373626373626375,0.3466666666666666,0.4062625451625853
14,2018,Q2,0.4427317998577187,0.7919413919413919,0.7175,0.7643516659975913
14,2018,Q3,0.5072326298316339,0.8714285714285714,0.8566666666666667,0.8751505419510236
14,2018,Q4,0.4363291439411904,0.5076923076923078,0.45041666666666663,0.4801284624648737
14,2019,Q1,0.32511263931705003,0.39340659340659345,0.3504166666666667,0.369731031714171
14,2019,Q2,0.620583353094617,0.7483516483516482,0.6954166666666668,0.7298273785628263
14,2019,Q3,0.49513872421152477,0.8978021978021977,0.8804166666666667,0.9008430349257325
14,2019,Q4,0.31847284799620584,0.5307692307692308,0.4395833333333333,0.4877559213167403
14,2020,Q1,0.3372065449371591,0.47472527472527476,0.41000000000000003,0.4427940586109997
14,2020,Q2,0.4204410718520275,0.7717948717948718,0.6991666666666666,0.7450822962665599
14,2020,Q3,0.4550628408821437,0.8717948717948719,0.8341666666666668,0.8647129666800484
14,2020,Q4,0.3051932653545174,0.567032967032967,0.4699999999999999,0.5222802087515055
14,2021,Q1,0.35997154375148216,0.43333333333333335,0.36875,0.4002408671216379
14,2021,Q2,0.4602798197770927,0.7516483516483515,0.7070833333333335,0.737454837414693
14,2021,Q3,0.4183068532131847,0.9076923076923076,0.8616666666666667,0.897631473303894
14,2021,Q4,0.3125444628883092,0.613919413919414,0.5033333333333333,0.5636290646326777
14,2022,Q1,0.29499644296893524,0.4655677655677656,0.32875,0.3978321959052589
14,2022,Q2,0.4586198719468817,0.7787545787545787,0.7124999999999999,0.7547169811320754
14,2022,Q3,0.35902300213421867,0.9274725274725275,0.8574999999999999,0.9064632677639503
14,2022,Q4,0.2959449845861987,0.5450549450549451,0.4354166666666667,0.4933761541549579
14,2023,Q1,0.29120227649988145,0.4622710622710624,0.37083333333333335,0.41710156563629075
14,2023,Q2,0.43822622717571735,0.7805860805860806,0.7041666666666667,0.7519068647129669
14,2023,Q3,0.43798909177140144,0.9117216117216117,0.8520833333333332,0.895222802087515
14,2023,Q4,0.34455774247095095,0.582051282051282,0.50125,0.5455640305098355
14,2024,Q1,0.30139909888546357,0.48571428571428577,0.3966666666666666,0.4423926134082698
14,2024,Q2,0.4828076831870999,0.7981684981684981,0.7341666666666666,0.7759935768767564
14,2024,Q3,0.4152240929570785,0.8981684981684982,0.8462500000000001,0.8847852268165394
14,2024,Q4,0.35570310647379655,0.602930402930403,0.5158333333333334,0.5640305098354075
14,2025,Q1,0.27602561062366615,0.45347985347985353,0.34375000000000006,0.3986350863107186
14,2025,Q2,0.5181408584301637,0.767032967032967,0.7133333333333333,0.749096748293858
14,2025,Q3,0.17216030353331752,0.20915750915750922,0.20083333333333328,0.1967081493376154
15,2015,Q1,0.5005928385107897,0.4124542124542126,0.3670833333333333,0.3873946206342835
15,2015,Q2,0.6156035096039838,0.7765567765567765,0.7516666666666667,0.7723805700521879
15,2015,Q3,0.5926013753853451,0.8443223443223444,0.8466666666666665,0.8550782818145324
15,2015,Q4,0.578610386530709,0.6146520146520147,0.5891666666666666,0.6057808109193095
15,2016,Q1,0.48873606829499644,0.4798534798534799,0.44958333333333333,0.4648735447611401
15,2016,Q2,0.5449371591178563,0.7663003663003661,0.73125,0.7571256523484544
15,2016,Q3,0.5942613232155561,0.8732600732600733,0.8837499999999998,0.8896025692492976
15,2016,Q4,0.44344320607066634,0.5974358974358974,0.5441666666666667,0.574468085106383
15,2017,Q1,0.4830448185914157,0.527838827838828,0.5012500000000001,0.5158570855078283
15,2017,Q2,0.5947355940241877,0.772893772893773,0.7499999999999999,0.7695704536330791
15,2017,Q3,0.5449371591178563,0.8391941391941391,0.8408333333333333,0.8502609393817744
15,2017,Q4,0.47403367322741286,0.561904761904762,0.5233333333333333,0.5451625853071057
15,2018,Q1,0.6208204884989329,0.4644688644688645,0.4379166666666666,0.4504215174628663
15,2018,Q2,0.5935499170026085,0.771062271062271,0.7508333333333332,0.7687675632276195
15,2018,Q3,0.6324401233104103,0.8545787545787548,0.8841666666666665,0.8791649939783218
15,2018,Q4,0.5695992411667062,0.5413919413919415,0.5383333333333333,0.5411481332798074
15,2019,Q1,0.6483281953995732,0.4692307692307693,0.4479166666666667,0.45764753111200324
15,2019,Q2,0.6405027270571497,0.7703296703296704,0.7525000000000001,0.7691690084303494
15,2019,Q3,0.4375148209627698,0.886080586080586,0.8679166666666667,0.888398233641108
15,2019,Q4,0.6324401233104103,0.5684981684981685,0.5233333333333333,0.5491770373344039
15,2020,Q1,0.6466682475693621,0.5018315018315019,0.49916666666666665,0.5010036130068247
15,2020,Q2,0.5982926250889258,0.7333333333333332,0.7062499999999999,0.7270172621437174
15,2020,Q3,0.5662793455062841,0.8454212454212454,0.8637499999999999,0.8643115214773184
15,2020,Q4,0.4716623191842542,0.572893772893773,0.5333333333333333,0.556001605780811
15,2021,Q1,0.5916528337680815,0.4578754578754579,0.44333333333333336,0.4492171818546769
15,2021,Q2,0.5029641925539483,0.7461538461538462,0.7141666666666667,0.7382577278201526
15,2021,Q3,0.5987668958975576,0.8446886446886446,0.8608333333333335,0.8623042954636692
15,2021,Q4,0.4775907042921508,0.6058608058608059,0.5670833333333334,0.5897230028101165
15,2022,Q1,0.5847759070429216,0.47948717948717956,0.4216666666666667,0.4508229626655962
15,2022,Q2,0.5096039838747924,0.7677655677655678,0.7354166666666666,0.7603372139702931
15,2022,Q3,0.5705477827839697,0.8494505494505494,0.8579166666666668,0.8635086310718586
15,2022,Q4,0.4092957078491819,0.5600732600732601,0.5029166666666667,0.5343235648334003
15,2023,Q1,0.5710220535926014,0.531868131868132,0.5,0.5174628663187475
15,2023,Q2,0.4816220061655205,0.756043956043956,0.7100000000000001,0.7414692894419911
15,2023,Q3,0.5171923168129001,0.8494505494505494,0.85375,0.8619028502609394
15,2023,Q4,0.3798909177140147,0.5915750915750917,0.5483333333333335,0.5732637494981935
15,2024,Q1,0.5098411192791084,0.510989010989011,0.4683333333333334,0.4901645925331193
15,2024,Q2,0.590941427555134,0.7824175824175824,0.7691666666666667,0.7840224809313528
15,2024,Q3,0.564619397676073,0.8626373626373627,0.8558333333333333,0.8699317543155358
15,2024,Q4,0.4652596632677259,0.5967032967032968,0.5654166666666667,0.5845042151746288
15,2025,Q1,0.601375385345032,0.47582417582417585,0.4225,0.4492171818546769
15,2025,Q2,0.7408110030827603,0.7633699633699634,0.7595833333333333,0.7691690084303493
15,2025,Q3,0.13018733696940957,0.19670329670329664,0.20374999999999996,0.19108791649939783
16,2015,Q1,0.5757647616789187,0.6047619047619047,0.5825,0.5969490164592532
16,2015,Q2,0.7443680341474983,0.8457875457875457,0.8916666666666668,0.8775592131674026
16,2015,Q3,0.42589518615129235,0.9344322344322346,0.9587499999999999,0.9586511441188277
16,2015,Q4,0.7550391273417121,0.7347985347985349,0.7362500000000001,0.7426736250501808
16,2016,Q1,0.6559165283376809,0.6527472527472529,0.6320833333333334,0.6471296668004818
16,2016,Q2,0.659236423998103,0.8380952380952381,0.8766666666666666,0.8667201926936974
16,2016,Q3,0.7249229309935974,0.9227106227106228,0.9800000000000001,0.9626655961461261
16,2016,Q4,0.45553711169077543,0.7347985347985347,0.7116666666666667,0.7306302689682859
16,2017,Q1,0.5250177851553237,0.7014652014652016,0.7029166666666666,0.7081493376154155
16,2017,Q2,0.788475219350249,0.8315018315018314,0.8620833333333333,0.8558811722199919
16,2017,Q3,0.6668247569362106,0.9010989010989011,0.95625,0.9389803291850662
16,2017,Q4,0.4436803414749822,0.7054945054945055,0.6874999999999999,0.7029305499799279
16,2018,Q1,0.6483281953995732,0.6446886446886448,0.635,0.6439181051786431
16,2018,Q2,0.47427080863172866,0.8545787545787545,0.8591666666666666,0.8675230830991569
16,2018,Q3,0.6336258003319896,0.921978021978022,0.9754166666666666,0.9602569249297469
16,2018,Q4,0.7230258477590705,0.6761904761904762,0.6929166666666666,0.6888799678843839
16,2019,Q1,0.5152952335783733,0.6362637362637364,0.6345833333333333,0.6391007627458851
16,2019,Q2,0.7702157932179275,0.8380952380952379,0.86875,0.8627057406663989
16,2019,Q3,0.5612995020156509,0.9326007326007325,0.9783333333333332,0.9674829385788839
16,2019,Q4,0.5252549205596396,0.694871794871795,0.6691666666666667,0.6880770774789242
16,2020,Q1,0.6345743419492531,0.6637362637362639,0.6804166666666667,0.6764351665997592
16,2020,Q2,0.6374199668010434,0.8326007326007326,0.8579166666666668,0.8542753914090727
16,2020,Q3,0.6412141332700972,0.9069597069597071,0.9670833333333331,0.9478121236451224
16,2020,Q4,0.5795589281479725,0.7058608058608059,0.6820833333333333,0.7005218787635489
16,2021,Q1,0.5364002845624852,0.6164835164835164,0.6133333333333333,0.6186270574066641
16,2021,Q2,0.8593787052406925,0.8168498168498166,0.8595833333333334,0.8466479325572059
16,2021,Q3,0.6978894949015888,0.9040293040293038,0.9591666666666665,0.9425933360096346
16,2021,Q4,0.382973677970121,0.735897435897436,0.7270833333333334,0.7386591730228824
16,2022,Q1,0.49513872421152477,0.6373626373626374,0.5720833333333333,0.6097952629466079
16,2022,Q2,0.4939530471899455,0.8684981684981686,0.8820833333333333,0.8855881172219991
16,2022,Q3,0.6502252786341001,0.9161172161172161,0.9595833333333331,0.9494179044560417
16,2022,Q4,0.5835902300213421,0.6981684981684982,0.6704166666666668,0.6904857486953031
16,2023,Q1,0.5546597106948068,0.6842490842490845,0.6820833333333333,0.688478522681654
16,2023,Q2,0.5375859615840645,0.849084249084249,0.8699999999999999,0.8691288639100762
16,2023,Q3,0.40502727057149635,0.9721611721611721,0.9829166666666665,0.9915696507426736
16,2023,Q4,0.4429689352620346,0.7058608058608059,0.6833333333333333,0.7009233239662788
16,2024,Q1,0.6898268911548494,0.652014652014652,0.6283333333333333,0.6447209955841028
16,2024,Q2,0.7180460042684373,0.8593406593406595,0.8983333333333334,0.8892011240465675
16,2024,Q3,0.6386056438226227,0.9208791208791208,0.97,0.9566439181051787
16,2024,Q4,0.5544225752904909,0.7476190476190476,0.7283333333333333,0.7458851866720192
16,2025,Q1,0.5738676784443917,0.643956043956044,0.6158333333333333,0.6346848655158572
16,2025,Q2,0.655679392933365,0.8542124542124542,0.8933333333333333,0.8835808912083501
16,2025,Q3,0.2276499881432298,0.23443223443223443,0.2616666666666666,0.2396627860297069
17,2015,Q1,0.38487076120464786,0.1838827838827839,0.08833333333333335,0.1284624648735448
17,2015,Q2,0.5029641925539483,0.5974358974358974,0.55625,0.5800883179446006
17,2015,Q3,0.5186151292387954,0.7512820512820512,0.7366666666666666,0.7519068647129669
17,2015,Q4,0.5219350248992174,0.41868131868131875,0.42833333333333334,0.42111601766358897
17,2016,Q1,0.48660184965615366,0.2857142857142857,0.24458333333333337,0.2597350461661983
17,2016,Q2,0.4277922693858193,0.6003663003663005,0.54875,0.5784825371336813
17,2016,Q3,0.4517429452217216,0.7483516483516485,0.7304166666666666,0.7474909674829386
17,2016,Q4,0.5195636708560589,0.39743589743589747,0.39625,0.3938177438779607
17,2017,Q1,0.45458857007351194,0.25970695970695973,0.21749999999999997,0.23203532717784023
17,2017,Q2,0.5465971069480674,0.5952380952380953,0.58,0.5909273384183059
17,2017,Q3,0.4247095091297131,0.7399267399267401,0.7158333333333334,0.735046166198314
17,2017,Q4,0.5537111690775433,0.3930402930402931,0.3695833333333334,0.3785628261742272
17,2018,Q1,0.4811477353568888,0.26703296703296703,0.22833333333333333,0.24126856684062623
17,2018,Q2,0.4695281005454114,0.5996336996336997,0.5366666666666667,0.572059413890004
17,2018,Q3,0.4868389850604696,0.7567765567765568,0.7391666666666667,0.7555198715375352
17,2018,Q4,0.5688878349537586,0.3380952380952381,0.3491666666666667,0.33881975110397433
17,2019,Q1,0.4707137775669908,0.236996336996337,0.16708333333333333,0.19510236852669605
17,2019,Q2,0.5712591889969173,0.5695970695970697,0.5491666666666667,0.5616218386190286
17,2019,Q3,0.5005928385107897,0.7344322344322345,0.7091666666666667,0.7290244881573666
17,2019,Q4,0.5477827839696467,0.3710622710622711,0.37500000000000006,0.3693295865114412
17,2020,Q1,0.4304007588332938,0.28498168498168497,0.24124999999999996,0.2569249297470895
17,2020,Q2,0.4415461228361395,0.6021978021978023,0.5533333333333333,0.5816940987555199
17,2020,Q3,0.4078728954232867,0.7450549450549451,0.7241666666666666,0.7418707346447211
17,2020,Q4,0.5885700735119753,0.410989010989011,0.41708333333333336,0.4110798875953433
17,2021,Q1,0.3867678444391748,0.2750915750915751,0.24208333333333334,0.2521075873143316
17,2021,Q2,0.4206782072563434,0.6395604395604395,0.5862499999999999,0.6182256122039342
17,2021,Q3,0.5719705952098649,0.7307692307692307,0.7370833333333333,0.7402649538338018
17,2021,Q4,0.46810528811951624,0.41611721611721614,0.41999999999999993,0.41549578482537136
17,2022,Q1,0.4531657576476168,0.25274725274725274,0.18166666666666667,0.21075873143315937
17,2022,Q2,0.4764050272705715,0.6153846153846154,0.5691666666666666,0.5965475712565235
17,2022,Q3,0.5594024187811241,0.7439560439560439,0.7320833333333334,0.7458851866720194
17,2022,Q4,0.6004268437277687,0.43956043956043955,0.42791666666666667,0.4323564833400241
17,2023,Q1,0.4498458619871947,0.28534798534798533,0.2575,0.2649538338016861
17,2023,Q2,0.5354517429452218,0.6010989010989012,0.5675000000000001,0.5877157767964674
17,2023,Q3,0.6383685084183068,0.738095238095238,0.7558333333333334,0.7535126455238861
17,2023,Q4,0.5653308038890207,0.4179487179487179,0.4370833333333334,0.4243275792854276
17,2024,Q1,0.5235949727294285,0.2948717948717949,0.2783333333333334,0.2810116419108792
17,2024,Q2,0.4711880483756225,0.6278388278388278,0.5954166666666667,0.6158169409875552
17,2024,Q3,0.48043632914394124,0.7494505494505493,0.7441666666666666,0.7543155359293456
17,2024,Q4,0.44723737253972023,0.41575091575091583,0.4145833333333334,0.4122842232035328
17,2025,Q1,0.42968935262034624,0.25311355311355316,0.21125,0.22561220393416295
17,2025,Q2,0.5456485653308039,0.5996336996336997,0.58125,0.5933360096346849
17,2025,Q3,0.09177140147023953,0.13040293040293036,0.10499999999999998,0.10718586912886387
18,2015,Q1,0.4652596632677259,0.37655677655677655,0.34375000000000006,0.35688478522681655
18,2015,Q2,0.5933127815982926,0.7509157509157509,0.7454166666666667,0.7551184263348053
18,2015,Q3,0.4728479962058335,0.8399267399267399,0.8600000000000001,0.8594941790445605
18,2015,Q4,0.48470476642162674,0.5959706959706961,0.5891666666666667,0.5949417904456041
18,2016,Q1,0.43514346691961114,0.4626373626373627,0.43666666666666665,0.4492171818546769
18,2016,Q2,0.5162437751956367,0.7175824175824176,0.7129166666666666,0.7213970293054998
18,2016,Q3,0.5627223144415461,0.8630036630036629,0.8941666666666667,0.8887996788438378
18,2016,Q4,0.3787052406924354,0.563003663003663,0.5458333333333334,0.5564030509835408
18,2017,Q1,0.41569836376571023,0.4824175824175825,0.47041666666666676,0.4761140104375753
18,2017,Q2,0.49134455774247093,0.7461538461538462,0.7475,0.7539140907266159
18,2017,Q3,0.5899928859378705,0.827106227106227,0.8575000000000002,0.8510638297872339
18,2017,Q4,0.3851078966089638,0.5490842490842491,0.5379166666666666,0.5451625853071057
18,2018,Q1,0.4612283613943562,0.43296703296703304,0.41666666666666663,0.4231232436772381
18,2018,Q2,0.6165520512212475,0.7347985347985347,0.7370833333333333,0.7430750702529105
18,2018,Q3,0.7548019919373962,0.8446886446886446,0.9,0.881172219991971
18,2018,Q4,0.6046952810054541,0.5315018315018315,0.5529166666666667,0.5423524688879969
18,2019,Q1,0.4856533080388902,0.4380952380952381,0.42625,0.43034925732637497
18,2019,Q2,0.5216978894949016,0.7578754578754578,0.76125,0.7671617824167001
18,2019,Q3,0.4334835190894001,0.8644688644688644,0.8741666666666668,0.8795664391810518
18,2019,Q4,0.47664216267488735,0.5432234432234433,0.5408333333333333,0.5431553592934566
18,2020,Q1,0.44320607066635054,0.49597069597069604,0.49124999999999996,0.4933761541549578
18,2020,Q2,0.5001185677021579,0.7095238095238094,0.7104166666666666,0.7157767964672823
18,2020,Q3,0.6371828313967276,0.8468864468864469,0.8804166666666667,0.8731433159373746
18,2020,Q4,0.5776618449134455,0.571062271062271,0.5625,0.5688478522681654
18,2021,Q1,0.45933127815982927,0.44358974358974357,0.44666666666666666,0.4427940586109996
18,2021,Q2,0.4619397676073038,0.7406593406593407,0.72,0.7378562826174229
18,2021,Q3,0.6120464785392459,0.8501831501831502,0.8766666666666666,0.8727418707346447
18,2021,Q4,0.3573630543040076,0.5820512820512821,0.57375,0.5804897631473305
18,2022,Q1,0.43538060232392695,0.4604395604395605,0.4195833333333333,0.43958249698916096
18,2022,Q2,0.5356888783495375,0.7329670329670328,0.7254166666666666,0.7358490566037735
18,2022,Q3,0.49442731799857714,0.8483516483516482,0.8695833333333333,0.8687274187073464
18,2022,Q4,0.4851790372302585,0.545054945054945,0.5229166666666666,0.5355279004415897
18,2023,Q1,0.36898268911548493,0.5051282051282051,0.48583333333333334,0.4957848253713369
18,2023,Q2,0.4410718520275077,0.7384615384615384,0.7041666666666667,0.7290244881573666
18,2023,Q3,0.5235949727294285,0.842124542124542,0.8716666666666665,0.8667201926936972
18,2023,Q4,0.4742708086317287,0.5725274725274725,0.5516666666666666,0.5644319550381374
18,2024,Q1,0.5544225752904909,0.4824175824175825,0.47041666666666665,0.47611401043757534
18,2024,Q2,0.4512686744130899,0.7571428571428572,0.7575,0.7647531112003213
18,2024,Q3,0.4823334123784681,0.842124542124542,0.8704166666666666,0.8663187474909676
18,2024,Q4,0.3540431586435855,0.5703296703296704,0.54625,0.560417503010839
18,2025,Q1,0.3957789898031776,0.4494505494505495,0.42333333333333334,0.43516659975913297
18,2025,Q2,0.5824045529997629,0.747985347985348,0.7566666666666666,0.7595343235648334
18,2025,Q3,0.16955181408584305,0.17985347985347983,0.20250000000000004,0.18105178643115216
19,2015,Q1,0.46004268437277684,0.2758241758241759,0.21083333333333334,0.23765556001605784
19,2015,Q2,0.4652596632677259,0.673992673992674,0.635,0.6599759132878362
19,2015,Q3,0.47023950675835896,0.8087912087912087,0.7929166666666666,0.8101164191087916
19,2015,Q4,0.4908702869338393,0.5263736263736264,0.5158333333333334,0.5222802087515055
19,2016,Q1,0.46834242352383215,0.3952380952380953,0.36458333333333337,0.37695704536330793
19,2016,Q2,0.40858430163623427,0.663003663003663,0.625,0.6495383380168608
19,2016,Q3,0.4114299264880247,0.8135531135531135,0.7991666666666666,0.8157366519470091
19,2016,Q4,0.4899217453165758,0.4846153846153847,0.4708333333333333,0.47731834604576484
19,2017,Q1,0.4614654967986721,0.36959706959706967,0.3566666666666667,0.3592934564431955
19,2017,Q2,0.599478302110505,0.661904761904762,0.6525000000000001,0.6619831393014853
19,2017,Q3,0.45814560113825,0.7791208791208791,0.7833333333333334,0.7892412685668406
19,2017,Q4,0.4960872658287882,0.4791208791208792,0.4683333333333334,0.47330389401846656
19,2018,Q1,0.554185439886175,0.3611721611721613,0.3466666666666666,0.3496587715776796
19,2018,Q2,0.4892103391036282,0.6556776556776557,0.6308333333333334,0.6479325572059413
19,2018,Q3,0.6646905382973678,0.8021978021978022,0.8304166666666667,0.8249698916097953
19,2018,Q4,0.6440597581218876,0.4498168498168498,0.46708333333333335,0.45644319550381374
19,2019,Q1,0.48755039127341715,0.34395604395604396,0.31958333333333333,0.3275792854275391
19,2019,Q2,0.5774247095091297,0.6487179487179487,0.6425,0.6503412284223203
19,2019,Q3,0.4700023713540432,0.7974358974358974,0.7833333333333334,0.7992773986350863
19,2019,Q4,0.620583353094617,0.4582417582417583,0.45875000000000005,0.4568446407065436
19,2020,Q1,0.43632914394119043,0.4014652014652014,0.39249999999999996,0.3938177438779607
19,2020,Q2,0.4726108608015177,0.6505494505494505,0.6275000000000001,0.6439181051786431
19,2020,Q3,0.4114299264880247,0.8036630036630036,0.8054166666666667,0.8133279807306303
19,2020,Q4,0.5899928859378705,0.5021978021978022,0.49083333333333334,0.4965877157767965
19,2021,Q1,0.40811003082760255,0.36483516483516487,0.3516666666666667,0.3540746688077077
19,2021,Q2,0.5100782546834243,0.6820512820512821,0.6558333333333334,0.67482938578884
19,2021,Q3,0.7730614180697178,0.778021978021978,0.8195833333333333,0.8061019670814934
19,2021,Q4,0.5136352857481622,0.5054945054945055,0.51,0.5082296266559615
19,2022,Q1,0.4830448185914157,0.37032967032967035,0.3191666666666667,0.3412284223203533
19,2022,Q2,0.44130898743182356,0.672893772893773,0.6483333333333333,0.6659975913287836
19,2022,Q3,0.47213658999288594,0.8076923076923077,0.805,0.8153352067442793
19,2022,Q4,0.5409058572444866,0.5062271062271062,0.4866666666666667,0.49618627057406667
19,2023,Q1,0.5245435143466921,0.3992673992673993,0.3979166666666667,0.3958249698916098
19,2023,Q2,0.49869575527626275,0.6710622710622711,0.6354166666666667,0.6587715776796468
19,2023,Q3,0.7370168366137064,0.7813186813186812,0.8129166666666666,0.8048976314733038
19,2023,Q4,0.5124496087265829,0.5058608058608058,0.50625,0.5058209554395825
19,2024,Q1,0.6367085605880959,0.38864468864468865,0.39625,0.3890004014452028
19,2024,Q2,0.5131610149395306,0.6827838827838828,0.6670833333333334,0.6804496186270574
19,2024,Q3,0.459805548968461,0.7893772893772891,0.8016666666666667,0.8040947410678443
19,2024,Q4,0.43514346691961114,0.504029304029304,0.4699999999999999,0.4877559213167403
19,2025,Q1,0.4375148209627698,0.3564102564102565,0.3325,0.34082697711762344
19,2025,Q2,0.5622480436329145,0.6714285714285715,0.66625,0.6740264953833802
19,2025,Q3,0.12188759781835429,0.15494505494505495,0.14375000000000004,0.13930148534725018
20,2015,Q1,0.30021342186388433,0.22344322344322343,0.16625,0.1874749096748294
20,2015,Q2,0.479013516718046,0.6457875457875458,0.6008333333333334,0.6278602970694501
20,2015,Q3,0.4327721128764525,0.7714285714285714,0.7604166666666667,0.774387796065837
20,2015,Q4,0.4455774247095092,0.4714285714285715,0.48875,0.47892412685668406
20,2016,Q1,0.39815034384633624,0.3146520146520147,0.3166666666666667,0.30991569650742673
20,2016,Q2,0.4133270097225516,0.63992673992674,0.5908333333333333,0.6198313930148535
20,2016,Q3,0.5326061180934315,0.7882783882783883,0.785,0.7952629466077881
20,2016,Q4,0.4111927910837088,0.44688644688644696,0.4625,0.4524287434765155
20,2017,Q1,0.4097699786578136,0.3201465201465202,0.32833333333333337,0.31834604576475306
20,2017,Q2,0.5219350248992174,0.6483516483516484,0.61875,0.6382978723404256
20,2017,Q3,0.4114299264880247,0.7637362637362637,0.7441666666666666,0.7619429947812123
20,2017,Q4,0.493004505572682,0.40439560439560446,0.41624999999999995,0.40706543556804503
20,2018,Q1,0.3644771164334835,0.28168498168498174,0.2616666666666666,0.26535527900441586
20,2018,Q2,0.46834242352383215,0.6362637362637364,0.5916666666666666,0.6186270574066641
20,2018,Q3,0.47830211050509835,0.7835164835164835,0.7745833333333334,0.7876354877559214
20,2018,Q4,0.45150580981740573,0.3787545787545788,0.4241666666666667,0.3970293054997993
20,2019,Q1,0.39293336495138725,0.25238095238095243,0.22625,0.23163388197511042
20,2019,Q2,0.522883566516481,0.6128205128205129,0.5866666666666667,0.6033721397029307
20,2019,Q3,0.47853924590941427,0.7714285714285714,0.7616666666666666,0.7747892412685669
20,2019,Q4,0.5024899217453166,0.39084249084249095,0.4208333333333333,0.40224809313528703
20,2020,Q1,0.3851078966089638,0.31721611721611725,0.32999999999999996,0.3179446005620233
20,2020,Q2,0.46715674650225275,0.6300366300366302,0.5879166666666666,0.6138097149739061
20,2020,Q3,0.48328195399573154,0.772161172161172,0.75875,0.7739863508631072
20,2020,Q4,0.4066872184017074,0.4263736263736264,0.44291666666666674,0.4319550381372943
20,2021,Q1,0.31942138961346933,0.30879120879120875,0.28583333333333333,0.29185066238458446
20,2021,Q2,0.440597581218876,0.6589743589743591,0.6179166666666667,0.6439181051786431
20,2021,Q3,0.5041498695755277,0.7783882783882783,0.7679166666666666,0.781212364512244
20,2021,Q4,0.4204410718520275,0.4520146520146521,0.4766666666666667,0.46206342834203135
20,2022,Q1,0.37680815745790847,0.2611721611721612,0.22958333333333333,0.23845845042151748
20,2022,Q2,0.44937159117856296,0.6384615384615385,0.6074999999999999,0.6274588518667203
20,2022,Q3,0.4517429452217216,0.7677655677655678,0.75625,0.7699718988358091
20,2022,Q4,0.4005216978894949,0.42967032967032975,0.4375,0.43075070252910486
20,2023,Q1,0.4104813848707612,0.3175824175824176,0.3341666666666666,0.31955038137294256
20,2023,Q2,0.4100071140621295,0.6593406593406594,0.6004166666666666,0.6350863107185869
20,2023,Q3,0.47237372539720185,0.7578754578754578,0.7504166666666666,0.7619429947812123
20,2023,Q4,0.40479013516718043,0.4483516483516484,0.4841666666666667,0.4636692091529506
20,2024,Q1,0.3718283139672753,0.3472527472527473,0.35583333333333333,0.34644720995584105
20,2024,Q2,0.5188522646431112,0.6692307692307694,0.6370833333333332,0.658370132476917
20,2024,Q3,0.4244723737253972,0.7816849816849816,0.76,0.7796065837013249
20,2024,Q4,0.41024424946644533,0.457875457875458,0.46749999999999997,0.46126053793657174
20,2025,Q1,0.3820251363528575,0.2897435897435897,0.2725,0.27498996386993174
20,2025,Q2,0.45411429926488023,0.6443223443223444,0.6029166666666667,0.6282617422721799
20,2025,Q3,0.13706426369456962,0.14102564102564102,0.13124999999999995,0.1252509032517062
21,2015,Q1,0.26322029879060943,0.215018315018315,0.15,0.17462866318747494
21,2015,Q2,0.47498221484467623,0.6516483516483517,0.5991666666666667,0.630268968285829
21,2015,Q3,0.4792506521223619,0.7714285714285715,0.7595833333333333,0.7735849056603772
21,2015,Q4,0.3860564382262272,0.41208791208791207,0.41875,0.41228422320353275
21,2016,Q1,0.30305904671567463,0.26483516483516484,0.24458333333333337,0.2476916900843035
21,2016,Q2,0.4356177377282428,0.6494505494505495,0.61125,0.6354877559213168
21,2016,Q3,0.6056438226227175,0.7586080586080586,0.765,0.7691690084303491
21,2016,Q4,0.35594024187811246,0.3945054945054945,0.39125,0.3902047370533923
21,2017,Q1,0.2916765473085131,0.2652014652014652,0.23125,0.24167001204335609
21,2017,Q2,0.4507944036044581,0.6428571428571429,0.6033333333333333,0.6282617422721799
21,2017,Q3,0.5010671093194214,0.7538461538461538,0.7358333333333333,0.7527097551184264
21,2017,Q4,0.33246383685084185,0.3406593406593406,0.3225,0.3267763950220795
21,2018,Q1,0.2916765473085131,0.2032967032967033,0.13291666666666666,0.16057808109193097
21,2018,Q2,0.45482570547782786,0.63992673992674,0.5904166666666667,0.6194299478121237
21,2018,Q3,0.5043870049798435,0.7549450549450548,0.7520833333333332,0.7611401043757529
21,2018,Q4,0.3673227412852739,0.3098901098901099,0.32166666666666666,0.30991569650742673
21,2019,Q1,0.32179274365662797,0.15641025641025647,0.08666666666666667,0.11240465676435167
21,2019,Q2,0.47189945458857,0.6124542124542125,0.5825,0.6013649136892815
21,2019,Q3,0.5594024187811241,0.7505494505494505,0.7541666666666667,0.7599357687675633
21,2019,Q4,0.39720180222907286,0.3153846153846154,0.32666666666666666,0.31513448414291445
21,2020,Q1,0.28313967275314206,0.2424908424908425,0.18875,0.20875150541951024
21,2020,Q2,0.4017073749110742,0.6366300366300367,0.5912499999999999,0.6186270574066641
21,2020,Q3,0.4851790372302585,0.7619047619047619,0.74375,0.7607386591730229
21,2020,Q4,0.3132558691012568,0.36556776556776555,0.34291666666666665,0.35046166198313927
21,2021,Q1,0.2810054541142993,0.2446886446886447,0.20166666666666666,0.2159775190686471
21,2021,Q2,0.3699312307327484,0.6692307692307694,0.6100000000000001,0.6455238859895626
21,2021,Q3,0.4346691961109793,0.7948717948717949,0.7570833333333334,0.7852268165395422
21,2021,Q4,0.3782309698838036,0.3930402930402931,0.3783333333333333,0.3829787234042553
21,2022,Q1,0.2864595684135642,0.1765567765567766,0.07791666666666668,0.11922922521075877
21,2022,Q2,0.49988143229784204,0.6091575091575092,0.5929166666666666,0.6045764753111201
21,2022,Q3,0.4244723737253972,0.7648351648351648,0.7516666666666666,0.7659574468085106
21,2022,Q4,0.3303296182119991,0.34468864468864463,0.3308333333333333,0.3327980730630269
21,2023,Q1,0.3179985771875741,0.21465201465201467,0.15416666666666665,0.17623444399839425
21,2023,Q2,0.39672753142044104,0.6593406593406594,0.6145833333333333,0.6423123243677239
21,2023,Q3,0.40502727057149635,0.7739926739926739,0.7525000000000001,0.7715776796467282
21,2023,Q4,0.3580744605169552,0.4142857142857143,0.41916666666666663,0.41348855881172225
21,2024,Q1,0.27863410007114064,0.28937728937728935,0.2679166666666667,0.27217984745082296
21,2024,Q2,0.5899928859378705,0.6476190476190478,0.6166666666666667,0.637093536732236
21,2024,Q3,0.41095565567939296,0.7846153846153847,0.7691666666666667,0.7852268165395422
21,2024,Q4,0.32700972255157695,0.39963369963369966,0.395,0.3946206342834203
21,2025,Q1,0.2819539957315627,0.23333333333333334,0.15708333333333332,0.18908069048574871
21,2025,Q2,0.4697652359497273,0.6523809523809524,0.60375,0.6334805299076677
21,2025,Q3,0.18022290728005694,0.13186813186813187,0.13541666666666666,0.12244078683259724
22,2015,Q1,0.5864358548731327,0.5637362637362637,0.5308333333333334,0.5495784825371336
22,2015,Q2,0.6132321555608253,0.8351648351648352,0.8479166666666667,0.8510638297872339
22,2015,Q3,0.44249466445340296,0.9205128205128204,0.9225000000000001,0.9341629867523082
22,2015,Q4,0.6990751719231683,0.7065934065934065,0.6925,0.7061421116017664
22,2016,Q1,0.6967038178800095,0.6117216117216118,0.5720833333333334,0.595343235648334
22,2016,Q2,0.5093668484704766,0.8322344322344323,0.8287500000000001,0.8406262545162584
22,2016,Q3,0.5224092957078492,0.9289377289377291,0.9495833333333333,0.9510236852669611
22,2016,Q4,0.4363291439411904,0.7124542124542124,0.6408333333333334,0.6836611802488961
22,2017,Q1,0.5494427317998578,0.6652014652014653,0.6379166666666667,0.6567643516659976
22,2017,Q2,0.7386767844439175,0.824175824175824,0.8241666666666667,0.8334002408671215
22,2017,Q3,0.5674650225278633,0.8897435897435898,0.9229166666666664,0.9173022882376555
22,2017,Q4,0.44676310173108846,0.6710622710622711,0.63125,0.6567643516659976
22,2018,Q1,0.6857955892814798,0.6043956043956044,0.5733333333333334,0.5925331192292252
22,2018,Q2,0.5596395541854399,0.8373626373626373,0.81875,0.8382175832998795
22,2018,Q3,0.6006639791320845,0.9106227106227107,0.9483333333333335,0.9413890004014451
22,2018,Q4,0.6431112165046241,0.6406593406593407,0.6391666666666668,0.6439181051786431
22,2019,Q1,0.6343372065449372,0.6065934065934067,0.5870833333333334,0.600160578081092
22,2019,Q2,0.6990751719231681,0.8285714285714286,0.8320833333333333,0.8398233641107987
22,2019,Q3,0.5228835665164809,0.9307692307692307,0.9475000000000001,0.9510236852669609
22,2019,Q4,0.662556319658525,0.6564102564102565,0.6266666666666667,0.646728221597752
22,2020,Q1,0.8062603746739389,0.6329670329670329,0.6354166666666666,0.6374949819349659
22,2020,Q2,0.6371828313967276,0.8150183150183149,0.81125,0.8221597751906863
22,2020,Q3,0.5634337206544937,0.8967032967032966,0.9379166666666666,0.927739863508631
22,2020,Q4,0.5304718994545886,0.678754578754579,0.6308333333333334,0.6611802488960257
22,2021,Q1,0.6191605406687218,0.5897435897435898,0.5629166666666666,0.579285427539141
22,2021,Q2,0.7355940241878113,0.8084249084249083,0.805,0.816138097149739
22,2021,Q3,0.6891154849419019,0.891941391941392,0.9295833333333334,0.9213167402649538
22,2021,Q4,0.41427555133981503,0.7054945054945055,0.67125,0.6949016459253312
22,2022,Q1,0.6020867915579796,0.6120879120879122,0.5308333333333334,0.5760738659173024
22,2022,Q2,0.5482570547782785,0.8567765567765566,0.8366666666666667,0.8578883982336409
22,2022,Q3,0.6132321555608253,0.9095238095238096,0.925,0.9289441991168207
22,2022,Q4,0.554185439886175,0.6659340659340659,0.6183333333333334,0.6479325572059415
22,2023,Q1,0.6390799146312545,0.6567765567765567,0.6266666666666666,0.646728221597752
22,2023,Q2,0.5824045529997629,0.8329670329670329,0.8275,0.8398233641107987
22,2023,Q3,0.4232866967038179,0.943956043956044,0.9466666666666665,0.9586511441188277
22,2023,Q4,0.3917476879298079,0.6857142857142858,0.6329166666666668,0.6655961461260539
22,2024,Q1,0.6976523594972731,0.6153846153846154,0.5729166666666666,0.597751906864713
22,2024,Q2,0.582167417595447,0.8479853479853479,0.85625,0.8623042954636692
22,2024,Q3,0.5093668484704766,0.9161172161172161,0.9370833333333334,0.9381774387796065
22,2024,Q4,0.48470476642162674,0.7117216117216119,0.6725000000000001,0.6993175431553594
22,2025,Q1,0.5650936684847048,0.6135531135531137,0.5625,0.5921316740264955
22,2025,Q2,0.711643348351909,0.8461538461538461,0.8566666666666667,0.8610999598554796
22,2025,Q3,0.15935499170026085,0.23150183150183146,0.2479166666666667,0.23123243677238053
23,2015,Q1,0.3715911785629595,0.4131868131868133,0.3554166666666666,0.3829787234042553
23,2015,Q2,0.6575764761678919,0.7542124542124543,0.7595833333333333,0.7639502207948616
23,2015,Q3,0.5598766895897558,0.8487179487179487,0.8641666666666667,0.8667201926936974
23,2015,Q4,0.6324401233104103,0.5824175824175823,0.5566666666666666,0.572059413890004
23,2016,Q1,0.34266065923642397,0.4761904761904763,0.43916666666666676,0.4572460859092734
23,2016,Q2,0.5088925776618449,0.7673992673992672,0.7458333333333333,0.7643516659975914
23,2016,Q3,0.6426369456959924,0.8615384615384613,0.8845833333333335,0.8831794460056202
23,2016,Q4,0.3459805548968461,0.572893772893773,0.5370833333333334,0.5580088317944601
23,2017,Q1,0.37633388664927675,0.5087912087912089,0.4720833333333333,0.4913689281413088
23,2017,Q2,0.6971780886886413,0.7633699633699634,0.7433333333333334,0.7611401043757526
23,2017,Q3,0.45292862224330094,0.856043956043956,0.8466666666666667,0.8623042954636692
23,2017,Q4,0.3613943561773773,0.5523809523809525,0.5116666666666667,0.5339221196306705
23,2018,Q1,0.47071377756699073,0.43040293040293043,0.38500000000000006,0.40586109995985553
23,2018,Q2,0.4612283613943562,0.7725274725274724,0.7483333333333333,0.7691690084303494
23,2018,Q3,0.5029641925539483,0.8666666666666666,0.8733333333333334,0.8807707747892414
23,2018,Q4,0.48968460991225987,0.5054945054945057,0.4929166666666667,0.4989963869931755
23,2019,Q1,0.48328195399573154,0.40549450549450555,0.39,0.3950220794861502
23,2019,Q2,0.6891154849419019,0.7465201465201465,0.7408333333333333,0.7511039743075072
23,2019,Q3,0.5563196585250179,0.8670329670329667,0.8891666666666665,0.887996788438378
23,2019,Q4,0.45245435143466917,0.5256410256410257,0.49083333333333334,0.5098354074668808
23,2020,Q1,0.5209864832819541,0.4556776556776557,0.4479166666666667,0.4504215174628664
23,2020,Q2,0.5553711169077543,0.735897435897436,0.7245833333333332,0.737454837414693
23,2020,Q3,0.5055726820014228,0.8454212454212454,0.8541666666666667,0.8598956242472902
23,2020,Q4,0.42186388427792265,0.5564102564102564,0.50625,0.5339221196306705
23,2021,Q1,0.4564856533080389,0.4150183150183151,0.40375000000000005,0.40706543556804503
23,2021,Q2,0.5800331989566043,0.738095238095238,0.7320833333333333,0.742272179847451
23,2021,Q3,0.4676310173108845,0.8673992673992673,0.8695833333333333,0.8795664391810518
23,2021,Q4,0.4443917476879298,0.5945054945054946,0.5570833333333333,0.578883982336411
23,2022,Q1,0.4415461228361395,0.4424908424908425,0.36583333333333334,0.40345242874347653
23,2022,Q2,0.5468342423523833,0.7531135531135531,0.7383333333333333,0.7535126455238861
23,2022,Q3,0.4529286222433009,0.875091575091575,0.8616666666666667,0.8799678843837816
23,2022,Q4,0.4183068532131848,0.535897435897436,0.47874999999999995,0.509433962264151
23,2023,Q1,0.47521935024899215,0.47802197802197816,0.44125,0.4592533119229225
23,2023,Q2,0.3798909177140147,0.7798534798534799,0.7241666666666666,0.7615415495784825
23,2023,Q3,0.5205122124733222,0.86996336996337,0.8612500000000001,0.8763548775592132
23,2023,Q4,0.3782309698838036,0.5783882783882783,0.5425000000000001,0.5636290646326777
23,2024,Q1,0.38961346929096513,0.4945054945054945,0.4395833333333334,0.46768366118024896
23,2024,Q2,0.6132321555608253,0.7842490842490841,0.7716666666666667,0.7864311521477316
23,2024,Q3,0.49371591178562957,0.8523809523809524,0.8554166666666667,0.8643115214773182
23,2024,Q4,0.45032013279582644,0.5879120879120879,0.54125,0.5684464070654356
23,2025,Q1,0.34811477353568887,0.4483516483516484,0.38666666666666666,0.41710156563629075
23,2025,Q2,0.6599478302110505,0.7516483516483518,0.7491666666666666,0.7579285427539142
23,2025,Q3,0.13374436803414752,0.19963369963369962,0.205,0.19309514251304696
24,2015,Q1,0.29902774484230493,0.37802197802197807,0.30625,0.33962264150943394
24,2015,Q2,0.351434669196111,0.6402930402930403,0.5508333333333333,0.6009634684865516
24,2015,Q3,0.3253497747213659,0.7794871794871795,0.66875,0.7342432757928545
24,2015,Q4,0.32938107659473564,0.40695970695970696,0.36083333333333334,0.3817743877960658
24,2016,Q1,0.30045055726820014,0.3805860805860807,0.3308333333333333,0.35287033319951827
24,2016,Q2,0.3912734171211762,0.6483516483516484,0.5595833333333333,0.6097952629466079
24,2016,Q3,0.3585487313255869,0.7538461538461538,0.66125,0.7169811320754719
24,2016,Q4,0.35665164809106004,0.3882783882783883,0.34875,0.3657165796868728
24,2017,Q1,0.33222670144652594,0.30879120879120886,0.26333333333333336,0.2806101967081493
24,2017,Q2,0.3540431586435855,0.6344322344322345,0.5470833333333334,0.5961461260537937
24,2017,Q3,0.29499644296893524,0.7941391941391941,0.6758333333333333,0.7458851866720194
24,2017,Q4,0.3369694095328432,0.37985347985347995,0.33125000000000004,0.35287033319951827
24,2018,Q1,0.3381550865544226,0.26007326007326004,0.19333333333333333,0.22039341629867523
24,2018,Q2,0.42992648802466205,0.615018315018315,0.55,0.5873143315937376
24,2018,Q3,0.29499644296893524,0.756043956043956,0.6529166666666667,0.7137695704536332
24,2018,Q4,0.3156272231444155,0.38461538461538464,0.3466666666666666,0.3625050180650341
24,2019,Q1,0.31135878586672994,0.23919413919413918,0.16333333333333333,0.19470092332396624
24,2019,Q2,0.40194451031539014,0.5937728937728938,0.53625,0.5688478522681654
24,2019,Q3,0.3955418543988618,0.7457875457875459,0.66875,0.7157767964672823
24,2019,Q4,0.30377045292862226,0.3622710622710623,0.31958333333333333,0.337213970293055
24,2020,Q1,0.30590467156746504,0.3278388278388279,0.2754166666666667,0.29747089522280207
24,2020,Q2,0.39364477116433483,0.6018315018315019,0.5270833333333333,0.5688478522681654
24,2020,Q3,0.28527389139198484,0.7893772893772895,0.6616666666666666,0.7366519470092333
24,2020,Q4,0.3206070666350486,0.4076923076923078,0.35208333333333336,0.37775993576876754
24,2021,Q1,0.29072800569124974,0.3190476190476191,0.2520833333333333,0.2810116419108792
24,2021,Q2,0.32843253497747216,0.6384615384615385,0.5370833333333334,0.5937374548374147
24,2021,Q3,0.30045055726820014,0.8065934065934065,0.6891666666666666,0.7587314331593739
24,2021,Q4,0.3246383685084183,0.4128205128205128,0.35000000000000003,0.38016860698514654
24,2022,Q1,0.2921508181171449,0.33260073260073264,0.25666666666666665,0.29104777197912485
24,2022,Q2,0.39720180222907286,0.5739926739926741,0.50875,0.5447611401043758
24,2022,Q3,0.31491581693146786,0.8230769230769232,0.7012499999999999,0.7739863508631071
24,2022,Q4,0.3341237846810529,0.34139194139194146,0.29166666666666663,0.31272581292653545
24,2023,Q1,0.29926488024662085,0.2824175824175824,0.23500000000000004,0.25291047771979125
24,2023,Q2,0.41403841593549917,0.6267399267399268,0.5625,0.5997591328783621
24,2023,Q3,0.3272468579558928,0.7853479853479853,0.6891666666666667,0.7474909674829386
24,2023,Q4,0.3009248280768319,0.4318681318681319,0.38666666666666666,0.40786832597350464
24,2024,Q1,0.30780175480199196,0.3139194139194139,0.2583333333333333,0.2818145323163388
24,2024,Q2,0.38558216741759543,0.6164835164835166,0.5358333333333333,0.5812926535527901
24,2024,Q3,0.3248755039127342,0.8080586080586081,0.6933333333333334,0.7619429947812124
24,2024,Q4,0.29072800569124974,0.4351648351648353,0.3791666666666667,0.4062625451625853
24,2025,Q1,0.3139672753142045,0.28681318681318685,0.2325,0.2541148133279807
24,2025,Q2,0.3623428977946408,0.63992673992674,0.5466666666666666,0.5993576876756324
24,2025,Q3,0.08133744368034149,0.14945054945054947,0.08416666666666664,0.10758731433159367
25,2015,Q1,0.25302347640502726,0.4245421245421246,0.29583333333333334,0.3600963468486551
25,2015,Q2,0.5406687218401707,0.6992673992673992,0.6533333333333333,0.6824568446407067
25,2015,Q3,0.4325349774721366,0.8432234432234431,0.7916666666666666,0.8281814532316337
25,2015,Q4,0.3440834716623192,0.5010989010989012,0.44125,0.47209955841027706
25,2016,Q1,0.2819539957315627,0.4347985347985349,0.3566666666666667,0.3950220794861502
25,2016,Q2,0.5058098174057386,0.7245421245421246,0.65625,0.6981132075471698
25,2016,Q3,0.42376096751244957,0.8322344322344323,0.7879166666666666,0.820955439582497
25,2016,Q4,0.2935736305430401,0.5190476190476191,0.41500000000000004,0.46969088719389807
25,2017,Q1,0.3040075883329381,0.4241758241758243,0.3470833333333333,0.3849859494179044
25,2017,Q2,0.43490633151529523,0.715018315018315,0.6425,0.686069851465275
25,2017,Q3,0.45553711169077543,0.8391941391941391,0.77875,0.8201525491770373
25,2017,Q4,0.31135878586672994,0.48974358974358984,0.39875000000000005,0.4452027298273786
25,2018,Q1,0.28622243300924827,0.3531135531135532,0.26916666666666667,0.3079084704937776
25,2018,Q2,0.498221484467631,0.7098901098901098,0.64625,0.6852669610598153
25,2018,Q3,0.45956841356414513,0.8219780219780219,0.7908333333333333,0.8165395423524687
25,2018,Q4,0.35380602323926963,0.44139194139194143,0.3804166666666667,0.41067844239261353
25,2019,Q1,0.3161014939530472,0.30879120879120875,0.2533333333333333,0.2765957446808511
25,2019,Q2,0.5126867441308988,0.6827838827838828,0.6225,0.6591730228823766
25,2019,Q3,0.5060469528100545,0.8358974358974358,0.8116666666666668,0.8338016860698513
25,2019,Q4,0.3139672753142044,0.4534798534798535,0.37500000000000006,0.41389000401445214
25,2020,Q1,0.2914394119041973,0.40293040293040305,0.335,0.3669209152950622
25,2020,Q2,0.4002845624851791,0.7161172161172161,0.6320833333333334,0.6820553994379768
25,2020,Q3,0.3701683661370643,0.8494505494505494,0.7770833333333332,0.8249698916097953
25,2020,Q4,0.2755513398150344,0.5113553113553113,0.3983333333333333,0.4568446407065436
25,2021,Q1,0.3540431586435855,0.3600732600732601,0.3045833333333333,0.3287836210357286
25,2021,Q2,0.3962532606118094,0.7175824175824176,0.6412500000000001,0.6868727418707347
25,2021,Q3,0.4026559165283377,0.8663003663003664,0.7995833333333333,0.8446407065435567
25,2021,Q4,0.28788238083945933,0.5439560439560439,0.4375,0.49417904456041767
25,2022,Q1,0.25539483044818595,0.40879120879120884,0.2679166666666667,0.33761541549578483
25,2022,Q2,0.39388190656865074,0.7230769230769228,0.6270833333333332,0.6832597350461663
25,2022,Q3,0.3552288356651648,0.8824175824175824,0.7979166666666667,0.8530710558008832
25,2022,Q4,0.2708086317287171,0.46996336996336996,0.35458333333333336,0.4134885588117223
25,2023,Q1,0.2964192553948305,0.3454212454212454,0.2941666666666667,0.316338819751104
25,2023,Q2,0.4294522172160304,0.7315018315018315,0.64375,0.6965074267362505
25,2023,Q3,0.4429689352620346,0.8534798534798533,0.7887500000000001,0.8321959052589321
25,2023,Q4,0.32440123310410246,0.5223443223443224,0.43375,0.48012846246487356
25,2024,Q1,0.29096514109556554,0.41208791208791223,0.32875,0.3693295865114412
25,2024,Q2,0.4958501304244724,0.7285714285714285,0.6566666666666666,0.7005218787635489
25,2024,Q3,0.35380602323926963,0.8611721611721611,0.7908333333333333,0.8374146928944199
25,2024,Q4,0.295470713777567,0.5406593406593407,0.4375,0.49177037334403856
25,2025,Q1,0.26938581930282196,0.3882783882783884,0.27208333333333334,0.3287836210357286
25,2025,Q2,0.47095091297130665,0.7256410256410256,0.6445833333333335,0.6932958651144119
25,2025,Q3,0.1664690538297368,0.18205128205128202,0.16541666666666663,0.16419108791649945
26,2015,Q1,0.2608489447474508,0.5311355311355312,0.44125,0.48815736651947006
26,2015,Q2,0.3061418069717809,0.7157509157509157,0.6145833333333334,0.6732236049779206
26,2015,Q3,0.2748399336020868,0.8553113553113553,0.7491666666666666,0.8149337615415496
26,2015,Q4,0.33198956604221014,0.4945054945054945,0.43875000000000003,0.46728221597751907
26,2016,Q1,0.30234764050272706,0.4604395604395605,0.3966666666666666,0.4287434765154557
26,2016,Q2,0.2976049324164098,0.716117216117216,0.6199999999999999,0.6760337213970294
26,2016,Q3,0.25302347640502726,0.8622710622710623,0.7300000000000001,0.8093135287033321
26,2016,Q4,0.31633862935736307,0.5205128205128206,0.44250000000000006,0.4833400240867122
26,2017,Q1,0.3578373251126393,0.4472527472527473,0.4083333333333334,0.42713769570453636
26,2017,Q2,0.277922693858193,0.7135531135531135,0.6058333333333333,0.667603372139703
26,2017,Q3,0.2783969646668248,0.8622710622710623,0.7575,0.8221597751906863
26,2017,Q4,0.2556319658525018,0.547985347985348,0.4341666666666667,0.4941790445604175
26,2018,Q1,0.29736779701209387,0.4600732600732601,0.38416666666666666,0.42232035327177847
26,2018,Q2,0.2847996205833531,0.7245421245421244,0.6158333333333333,0.6784423926134083
26,2018,Q3,0.2489921745316576,0.8890109890109887,0.7595833333333333,0.8378161380971497
26,2018,Q4,0.2935736305430401,0.4981684981684982,0.4241666666666667,0.4624648735447611
26,2019,Q1,0.3644771164334835,0.4113553113553114,0.3770833333333333,0.3922119630670413
26,2019,Q2,0.32511263931705003,0.6765567765567766,0.5929166666666666,0.6407065435568047
26,2019,Q3,0.25586910125681767,0.8549450549450549,0.7345833333333334,0.8073063026896827
26,2019,Q4,0.28693383922219584,0.5014652014652016,0.41083333333333333,0.4580489763147331
26,2020,Q1,0.281479724922931,0.46153846153846156,0.3854166666666667,0.42392613408269775
26,2020,Q2,0.27057149632440125,0.7153846153846153,0.6025,0.6668004817342433
26,2020,Q3,0.2331041024424947,0.898168498168498,0.7579166666666668,0.8426334805299077
26,2020,Q4,0.258714726108608,0.5446886446886446,0.42541666666666667,0.4885588117221999
26,2021,Q1,0.2895423286696704,0.44505494505494503,0.3745833333333333,0.40947410678442403
26,2021,Q2,0.2563433720654494,0.7454212454212455,0.6208333333333332,0.6928944199116821
26,2021,Q3,0.2582404552999763,0.8857142857142857,0.7666666666666666,0.8398233641107987
26,2021,Q4,0.32795826416884044,0.5183150183150184,0.44749999999999995,0.4845443596949017
26,2022,Q1,0.2501778515532369,0.4739926739926741,0.37166666666666665,0.42392613408269775
26,2022,Q2,0.25444628883092246,0.7043956043956043,0.5820833333333333,0.65114411882778
26,2022,Q3,0.29309935973440837,0.8882783882783883,0.7858333333333334,0.8502609393817744
26,2022,Q4,0.3082760256106237,0.49890109890109896,0.4125,0.4568446407065436
26,2023,Q1,0.3578373251126393,0.3717948717948718,0.335,0.3496587715776796
26,2023,Q2,0.28385107896608963,0.6805860805860807,0.5854166666666667,0.6395022079486151
26,2023,Q3,0.3051932653545174,0.8545787545787545,0.7495833333333334,0.8141308711360898
26,2023,Q4,0.2629831633862936,0.5366300366300366,0.45,0.49538338016860706
26,2024,Q1,0.346217690301162,0.43699633699633705,0.40125,0.4175030108390205
26,2024,Q2,0.25658050746976524,0.7252747252747253,0.60625,0.67442794058611
26,2024,Q3,0.2520749347877638,0.8890109890109891,0.7604166666666667,0.8386190285026095
26,2024,Q4,0.2743656627934551,0.5461538461538462,0.44791666666666663,0.4997992773986351
26,2025,Q1,0.2928622243300925,0.4622710622710624,0.38125000000000003,0.42232035327177836
26,2025,Q2,0.2596632677258715,0.7344322344322345,0.6125,0.6824568446407067
26,2025,Q3,0.012093905620109077,0.20915750915750914,0.12541666666666668,0.15977519068647125
27,2015,Q1,0.40218164571970594,0.2190476190476191,0.11583333333333334,0.16057808109193097
27,2015,Q2,0.5129238795352147,0.63992673992674,0.58,0.6150140505820955
27,2015,Q3,0.5264405975812189,0.773992673992674,0.7404166666666667,0.7655560016057809
27,2015,Q4,0.5069954944273181,0.46703296703296704,0.44625000000000004,0.4556403050983542
27,2016,Q1,0.4669196110979369,0.33553113553113545,0.29291666666666666,0.30991569650742673
27,2016,Q2,0.4123784681052881,0.6369963369963371,0.5654166666666667,0.6065837013247692
27,2016,Q3,0.4571970595209865,0.7776556776556777,0.7354166666666667,0.7655560016057809
27,2016,Q4,0.5067583590230021,0.4278388278388279,0.41,0.4167001204335609
27,2017,Q1,0.4408347166231918,0.30769230769230765,0.27458333333333335,0.2858289843436371
27,2017,Q2,0.6120464785392461,0.6304029304029304,0.5970833333333333,0.618627057406664
27,2017,Q3,0.47545648565330806,0.7523809523809524,0.7275,0.7478924126856684
27,2017,Q4,0.5425658050746976,0.4223443223443224,0.3970833333333333,0.40786832597350464
27,2018,Q1,0.47118804837562245,0.3025641025641026,0.26333333333333336,0.2773986350863107
27,2018,Q2,0.4647853924590941,0.6285714285714286,0.5683333333333334,0.6029706945002007
27,2018,Q3,0.5966326772587147,0.7725274725274723,0.7670833333333333,0.7775993576876756
27,2018,Q4,0.6006639791320845,0.3772893772893774,0.38833333333333336,0.37896427137695704
27,2019,Q1,0.46502252786341003,0.27802197802197803,0.21333333333333337,0.24046567643516661
27,2019,Q2,0.5954470002371355,0.6091575091575091,0.5779166666666666,0.5973504616619831
27,2019,Q3,0.4643111216504624,0.7633699633699632,0.7191666666666666,0.7494981934965876
27,2019,Q4,0.571733459805549,0.3985347985347985,0.39125,0.3918105178643116
27,2020,Q1,0.4436803414749822,0.3322344322344322,0.29541666666666666,0.30951425130469684
27,2020,Q2,0.46288830922456725,0.6256410256410256,0.5729166666666667,0.6041750301083902
27,2020,Q3,0.4384633625800332,0.7692307692307693,0.7370833333333333,0.7611401043757526
27,2020,Q4,0.5511026796300688,0.44065934065934076,0.4220833333333333,0.42954636692091536
27,2021,Q1,0.38368508418306857,0.30439560439560437,0.26375000000000004,0.27900441589723
27,2021,Q2,0.44320607066635054,0.6571428571428571,0.6016666666666668,0.6346848655158571
27,2021,Q3,0.6746502252786342,0.7435897435897435,0.7575,0.7579285427539142
27,2021,Q4,0.4937159117856296,0.4454212454212454,0.44499999999999995,0.44319550381372946
27,2022,Q1,0.4519800806260375,0.2981684981684982,0.22333333333333333,0.2557205941389001
27,2022,Q2,0.47118804837562245,0.6435897435897436,0.5916666666666667,0.6226415094339623
27,2022,Q3,0.5387716386056439,0.7666666666666665,0.7441666666666666,0.7635487755921316
27,2022,Q4,0.538534503201328,0.46007326007326016,0.42374999999999996,0.4415897230028102
27,2023,Q1,0.47450794403604457,0.32893772893772893,0.31708333333333333,0.3171417101565636
27,2023,Q2,0.5579796063552289,0.634065934065934,0.5870833333333333,0.6154154957848255
27,2023,Q3,0.6834242352383211,0.7501831501831502,0.7629166666666667,0.7635487755921316
27,2023,Q4,0.5240692435380603,0.4454212454212454,0.45666666666666667,0.4492171818546769
27,2024,Q1,0.5598766895897558,0.3344322344322344,0.32458333333333333,0.3243677238057005
27,2024,Q2,0.47925065212236184,0.6527472527472529,0.61875,0.6407065435568046
27,2024,Q3,0.512212473322267,0.764102564102564,0.7520833333333334,0.7659574468085106
27,2024,Q4,0.43798909177140144,0.44322344322344326,0.4145833333333334,0.4275391409072662
27,2025,Q1,0.4239981029167655,0.28937728937728935,0.24291666666666673,0.26053793657165797
27,2025,Q2,0.5845387716386057,0.634065934065934,0.6091666666666666,0.6258530710558009
27,2025,Q3,0.0773061418069718,0.14358974358974355,0.11124999999999999,0.11722199919710957
28,2015,Q1,0.4908702869338393,0.33992673992673994,0.3075,0.31955038137294256
28,2015,Q2,0.5107896608963718,0.7304029304029305,0.7116666666666667,0.7282215977519069
28,2015,Q3,0.45245435143466917,0.8450549450549449,0.8504166666666666,0.8578883982336409
28,2015,Q4,0.4908702869338393,0.5842490842490844,0.5804166666666667,0.5849056603773585
28,2016,Q1,0.4429689352620346,0.4501831501831502,0.41875,0.4331593737454838
28,2016,Q2,0.45032013279582644,0.7084249084249085,0.6841666666666667,0.702529104777198
28,2016,Q3,0.5226464311121651,0.8560439560439561,0.86875,0.8723404255319149
28,2016,Q4,0.4277922693858193,0.5417582417582418,0.525,0.53472501003613
28,2017,Q1,0.44937159117856296,0.4424908424908426,0.43624999999999997,0.43757527097551185
28,2017,Q2,0.5499170026084895,0.7179487179487181,0.7125,0.7217984745082296
28,2017,Q3,0.5518140858430164,0.816849816849817,0.8425,0.8382175832998795
28,2017,Q4,0.4190182594261323,0.532967032967033,0.52125,0.527900441589723
28,2018,Q1,0.5449371591178563,0.41208791208791207,0.3991666666666666,0.4030509835407467
28,2018,Q2,0.5409058572444866,0.7091575091575092,0.6975,0.7097551184263349
28,2018,Q3,0.6777329855347404,0.8377289377289375,0.8841666666666669,0.8699317543155358
28,2018,Q4,0.6770215793217926,0.5131868131868133,0.5325000000000001,0.5226816539542353
28,2019,Q1,0.5010671093194213,0.40915750915750926,0.39291666666666664,0.39823364110798887
28,2019,Q2,0.6025610623666113,0.724175824175824,0.7216666666666668,0.7294259333600963
28,2019,Q3,0.4899217453165758,0.8465201465201465,0.85875,0.8631071858691288
28,2019,Q4,0.5337917951150107,0.5186813186813188,0.52,0.5194700923323967
28,2020,Q1,0.4322978420678207,0.4692307692307693,0.4658333333333333,0.46647932557205946
28,2020,Q2,0.45150580981740573,0.6926739926739928,0.6825000000000001,0.6936973103171419
28,2020,Q3,0.6338629357363055,0.8369963369963369,0.8666666666666668,0.8615014050582096
28,2020,Q4,0.5693621057623903,0.5501831501831503,0.5445833333333333,0.548775592131674
28,2021,Q1,0.4735594024187811,0.41648351648351656,0.4175,0.4142914492171819
28,2021,Q2,0.4529286222433009,0.7256410256410256,0.695,0.7173825772782015
28,2021,Q3,0.713540431586436,0.832234432234432,0.8662500000000002,0.8582898434363709
28,2021,Q4,0.40004742708086316,0.5575091575091576,0.5574999999999999,0.5592131674026496
28,2022,Q1,0.4330092482807683,0.4311355311355312,0.38708333333333333,0.40786832597350464
28,2022,Q2,0.5513398150343847,0.712820512820513,0.7008333333333333,0.7133681252509033
28,2022,Q3,0.40407872895423286,0.8531135531135531,0.8620833333333333,0.8679245283018868
28,2022,Q4,0.5610623666113351,0.5333333333333333,0.5133333333333334,0.5242874347651545
28,2023,Q1,0.41024424946644533,0.47326007326007336,0.4604166666666666,0.4660778803693296
28,2023,Q2,0.4989328906805786,0.7194139194139194,0.68,0.7065435568044962
28,2023,Q3,0.6587621531894713,0.8252747252747252,0.8583333333333336,0.8506623845845042
28,2023,Q4,0.5354517429452218,0.5531135531135533,0.5420833333333334,0.548775592131674
28,2024,Q1,0.6004268437277687,0.44871794871794873,0.4508333333333333,0.4480128462464874
28,2024,Q2,0.45648565330803886,0.7315018315018315,0.72625,0.7354476114010439
28,2024,Q3,0.48162200616552053,0.8285714285714286,0.8545833333333335,0.8510638297872339
28,2024,Q4,0.3741996680104339,0.5578754578754579,0.5233333333333333,0.5431553592934566
28,2025,Q1,0.39696466682475695,0.4168498168498168,0.4029166666666667,0.4074668807707748
28,2025,Q2,0.5373488261797486,0.7153846153846153,0.7220833333333333,0.7250100361300683
28,2025,Q3,0.16860327246857956,0.17472527472527466,0.18583333333333335,0.17061421116017664
29,2015,Q1,0.2935736305430401,0.531868131868132,0.41083333333333333,0.4741067844239262
29,2015,Q2,0.3412378468105288,0.7556776556776557,0.6375,0.7061421116017663
29,2015,Q3,0.38866492767370164,0.8670329670329667,0.7866666666666666,0.8390204737053392
29,2015,Q4,0.3398150343846337,0.5717948717948718,0.46624999999999994,0.5230830991569652
29,2016,Q1,0.2468579558928148,0.5487179487179488,0.3916666666666667,0.4741067844239262
29,2016,Q2,0.2976049324164098,0.7714285714285714,0.6383333333333333,0.7153753512645524
29,2016,Q3,0.3753853450320133,0.858974358974359,0.7737499999999999,0.8285828984343637
29,2016,Q4,0.291913682712829,0.6065934065934067,0.4875,0.5519871537535127
29,2017,Q1,0.2926250889257766,0.5670329670329671,0.43916666666666676,0.5074267362505019
29,2017,Q2,0.2893051932653545,0.7860805860805861,0.6379166666666667,0.7230028101164193
29,2017,Q3,0.4171211761916054,0.852014652014652,0.7729166666666666,0.8241670012043355
29,2017,Q4,0.2568176428740811,0.6282051282051282,0.4741666666666666,0.5572059413890005
29,2018,Q1,0.25397201802229075,0.5556776556776558,0.39041666666666675,0.4777197912484947
29,2018,Q2,0.26156035096039837,0.8245421245421245,0.6629166666666666,0.7563227619429946
29,2018,Q3,0.37277685558453877,0.8673992673992673,0.7816666666666666,0.83701324769169
29,2018,Q4,0.31823571259189,0.5424908424908425,0.44875,0.4985949417904456
29,2019,Q1,0.27815982926250893,0.5084249084249084,0.3929166666666667,0.4528301886792454
29,2019,Q2,0.29001659947830216,0.7593406593406593,0.6258333333333332,0.7021276595744681
29,2019,Q3,0.33957789898031776,0.8915750915750915,0.7954166666666668,0.8562826174227217
29,2019,Q4,0.31444154612283615,0.5663003663003664,0.4404166666666667,0.5074267362505019
29,2020,Q1,0.28622243300924827,0.5227106227106229,0.41291666666666665,0.47009233239662784
29,2020,Q2,0.24638368508418307,0.8084249084249083,0.6545833333333333,0.7430750702529105
29,2020,Q3,0.3142044107185203,0.8923076923076921,0.7770833333333332,0.8482537133681253
29,2020,Q4,0.2561062366611335,0.6076923076923078,0.44416666666666665,0.5323163388197512
29,2021,Q1,0.2596632677258715,0.5131868131868133,0.37083333333333335,0.44439983942191896
29,2021,Q2,0.3016362342897795,0.7882783882783883,0.655,0.732637494981935
29,2021,Q3,0.38178800094854165,0.8571428571428571,0.7829166666666667,0.8321959052589321
29,2021,Q4,0.25444628883092246,0.6267399267399268,0.47416666666666674,0.5568044961862706
29,2022,Q1,0.2532606118093431,0.5201465201465202,0.34375000000000006,0.4355680449618628
29,2022,Q2,0.28977946407398625,0.8106227106227104,0.6604166666666667,0.7474909674829386
29,2022,Q3,0.3907991463125445,0.864102564102564,0.7954166666666668,0.8418305901244479
29,2022,Q4,0.3056675361631492,0.5505494505494506,0.44375,0.5006021678040947
29,2023,Q1,0.2753142044107185,0.5003663003663004,0.3775,0.4407868325973506
29,2023,Q2,0.2874081100308276,0.7765567765567765,0.62625,0.7121637896427137
29,2023,Q3,0.3222670144652597,0.9054945054945056,0.8012499999999999,0.8671216378964272
29,2023,Q4,0.2774484230495613,0.6000000000000001,0.4708333333333333,0.5403452428743477
29,2024,Q1,0.2819539957315627,0.5142857142857143,0.4083333333333334,0.46326776395022085
29,2024,Q2,0.2914394119041973,0.7963369963369964,0.6579166666666667,0.7382577278201525
29,2024,Q3,0.3440834716623192,0.8831501831501831,0.7854166666666667,0.8470493777599357
29,2024,Q4,0.2904908702869339,0.6230769230769231,0.47541666666666665,0.5556001605780811
29,2025,Q1,0.24140384159354994,0.5406593406593407,0.37500000000000006,0.46206342834203135
29,2025,Q2,0.31823571259189,0.7794871794871795,0.6483333333333333,0.7246085909273385
29,2025,Q3,0.08750296419255395,0.20439560439560442,0.1479166666666667,0.16820553994379772
30,2015,Q1,0.3673227412852739,0.2227106227106227,0.14750000000000002,0.17824167001204336
30,2015,Q2,0.5454114299264881,0.6593406593406594,0.6204166666666667,0.6455238859895626
30,2015,Q3,0.4970358074460517,0.7772893772893773,0.7641666666666668,0.7792051384985949
30,2015,Q4,0.4588570073511975,0.49487179487179483,0.49375,0.49377759935768767
30,2016,Q1,0.4211524780649751,0.3490842490842491,0.31375000000000003,0.3275792854275391
30,2016,Q2,0.41498695755276266,0.6424908424908425,0.5891666666666666,0.6210357286230429
30,2016,Q3,0.4735594024187811,0.7937728937728936,0.7754166666666666,0.7936571657968688
30,2016,Q4,0.5003557031064738,0.44871794871794873,0.4529166666666667,0.4488157366519471
30,2017,Q1,0.45956841356414513,0.3322344322344322,0.32166666666666666,0.32195905258932156
30,2017,Q2,0.5949727294285037,0.6461538461538462,0.6312499999999999,0.6435166599759133
30,2017,Q3,0.4899217453165758,0.7560439560439559,0.7504166666666666,0.7607386591730229
30,2017,Q4,0.4839933602086791,0.43626373626373627,0.42750000000000005,0.4299478121236452
30,2018,Q1,0.454588570073512,0.306959706959707,0.2808333333333333,0.2886391007627459
30,2018,Q2,0.4609912259900403,0.6315018315018316,0.6020833333333332,0.6210357286230429
30,2018,Q3,0.5847759070429216,0.782051282051282,0.7975000000000001,0.7976716178241671
30,2018,Q4,0.5567939293336496,0.40073260073260075,0.43375,0.41348855881172225
30,2019,Q1,0.44202039364477114,0.29304029304029305,0.2533333333333333,0.26736250501806497
30,2019,Q2,0.5745790846573393,0.6296703296703298,0.6083333333333332,0.6226415094339623
30,2019,Q3,0.4726108608015177,0.7677655677655677,0.7541666666666667,0.7683661180248895
30,2019,Q4,0.5591652833768082,0.4175824175824176,0.4216666666666667,0.41670012043356086
30,2020,Q1,0.4325349774721366,0.3501831501831502,0.3416666666666667,0.3412284223203533
30,2020,Q2,0.42921508181171447,0.63003663003663,0.5970833333333333,0.6182256122039342
30,2020,Q3,0.4939530471899455,0.7776556776556774,0.7683333333333333,0.781212364512244
30,2020,Q4,0.48067346454825705,0.45604395604395603,0.46374999999999994,0.4584504215174629
30,2021,Q1,0.3718283139672753,0.3139194139194139,0.29208333333333336,0.29787234042553196
30,2021,Q2,0.46004268437277684,0.6597069597069598,0.6229166666666666,0.6463267763950221
30,2021,Q3,0.6613706426369457,0.7575091575091576,0.78125,0.7759935768767564
30,2021,Q4,0.5084183068532132,0.4655677655677656,0.48583333333333334,0.4741067844239262
30,2022,Q1,0.4389376333886649,0.3073260073260073,0.23833333333333337,0.2685668406262545
30,2022,Q2,0.501778515532369,0.6534798534798536,0.6179166666666667,0.6411079887595343
30,2022,Q3,0.5115010671093195,0.7717948717948718,0.7670833333333333,0.7775993576876756
30,2022,Q4,0.47545648565330806,0.4593406593406594,0.445,0.451224407868326
30,2023,Q1,0.44652596632677255,0.34652014652014657,0.34375000000000006,0.34042553191489366
30,2023,Q2,0.4688166943324638,0.6578754578754579,0.6041666666666667,0.6362906463267765
30,2023,Q3,0.5914156983637657,0.7556776556776555,0.7691666666666667,0.7695704536330791
30,2023,Q4,0.5107896608963718,0.4611721611721612,0.48708333333333337,0.47209955841027706
30,2024,Q1,0.4695281005454114,0.3564102564102565,0.36,0.3532717784022481
30,2024,Q2,0.5221721603035333,0.6703296703296704,0.6520833333333333,0.6663990365315134
30,2024,Q3,0.5283376808157458,0.7703296703296703,0.7737499999999999,0.7800080289040546
30,2024,Q4,0.4351434669196111,0.4593406593406594,0.44749999999999995,0.4524287434765155
30,2025,Q1,0.403841593549917,0.3098901098901099,0.28833333333333333,0.2934564431955038
30,2025,Q2,0.5482570547782785,0.6457875457875458,0.6333333333333332,0.6439181051786431
30,2025,Q3,0.12141332700972256,0.14468864468864467,0.12916666666666665,0.12645523885989562
31,2015,Q1,0.484230495612995,0.4992673992673992,0.45041666666666663,0.47571256523484545
31,2015,Q2,0.5148209627697415,0.7985347985347985,0.785,0.8004817342432756
31,2015,Q3,0.5508655442257528,0.8575091575091575,0.8866666666666667,0.8819751103974306
31,2015,Q4,0.7379653782309699,0.6512820512820512,0.6458333333333333,0.6527498996386994
31,2016,Q1,0.4811477353568888,0.5428571428571429,0.5079166666666668,0.5270975511842634
31,2016,Q2,0.5266777329855348,0.7772893772893772,0.75875,0.7759935768767564
31,2016,Q3,0.6355228835665165,0.8842490842490842,0.9175000000000001,0.911682055399438
31,2016,Q4,0.4617026322029879,0.6307692307692307,0.58375,0.611802488960257
31,2017,Q1,0.4346691961109794,0.5860805860805862,0.5283333333333333,0.560417503010839
31,2017,Q2,0.6329143941190419,0.7912087912087912,0.7883333333333333,0.7984745082296265
31,2017,Q3,0.5463599715437515,0.8538461538461537,0.88125,0.8771577679646728
31,2017,Q4,0.428266540194451,0.613919413919414,0.575,0.5981533520674429
31,2018,Q1,0.48660184965615366,0.531868131868132,0.4895833333333333,0.5122440786832597
31,2018,Q2,0.6039838747925066,0.7926739926739926,0.78,0.7948615014050582
31,2018,Q3,0.7804126156035096,0.8681318681318679,0.9125,0.9000401445202728
31,2018,Q4,0.6547308513161015,0.5992673992673992,0.59375,0.5997591328783621
31,2019,Q1,0.512212473322267,0.545787545787546,0.5137500000000002,0.5315134484142914
31,2019,Q2,0.5413801280531184,0.8025641025641025,0.7929166666666666,0.8069048574869531
31,2019,Q3,0.5342660659236423,0.8827838827838829,0.8975000000000002,0.9008430349257326
31,2019,Q4,0.5299976286459569,0.6201465201465202,0.5929166666666666,0.6105981533520675
31,2020,Q1,0.5745790846573393,0.5754578754578754,0.5629166666666666,0.5716579686872743
31,2020,Q2,0.6525966326772588,0.7498168498168498,0.7424999999999999,0.7535126455238861
31,2020,Q3,0.6760730377045293,0.8531135531135531,0.8970833333333331,0.8843837816138098
31,2020,Q4,0.5797960635522884,0.6282051282051283,0.5958333333333334,0.6162183861902851
31,2021,Q1,0.5890443443206071,0.5289377289377291,0.50875,0.5202729827378564
31,2021,Q2,0.47925065212236184,0.7758241758241757,0.7429166666666667,0.7683661180248895
31,2021,Q3,0.5854873132558691,0.8575091575091575,0.8804166666666667,0.8791649939783218
31,2021,Q4,0.3798909177140147,0.6476190476190478,0.6004166666666666,0.6294660778803695
31,2022,Q1,0.5046241403841594,0.5571428571428572,0.49458333333333326,0.5283018867924528
31,2022,Q2,0.46004268437277684,0.7937728937728937,0.7637499999999999,0.7876354877559212
31,2022,Q3,0.5866729902774483,0.8578754578754578,0.8833333333333332,0.8807707747892412
31,2022,Q4,0.45933127815982927,0.6003663003663005,0.5645833333333334,0.585708550782818
31,2023,Q1,0.48209627697415225,0.5923076923076924,0.5541666666666666,0.5764753111200323
31,2023,Q2,0.5456485653308039,0.7586080586080586,0.7408333333333333,0.7579285427539142
31,2023,Q3,0.5677021579321793,0.8615384615384616,0.885833333333333,0.8839823364110798
31,2023,Q4,0.46739388190656866,0.6278388278388278,0.5716666666666667,0.6045764753111201
31,2024,Q1,0.5340289305193267,0.5688644688644688,0.5179166666666666,0.5455640305098354
31,2024,Q2,0.45648565330803886,0.7981684981684981,0.7854166666666667,0.8004817342432756
31,2024,Q3,0.8121887597818354,0.8505494505494506,0.8908333333333331,0.8803693295865114
31,2024,Q4,0.3611572207730614,0.6307692307692307,0.5891666666666667,0.6146126053793657
31,2025,Q1,0.4225752904908702,0.5461538461538462,0.48291666666666677,0.5170614211160177
31,2025,Q2,0.5826416884040787,0.7967032967032966,0.7979166666666667,0.8065034122842231
31,2025,Q3,0.2575290490870287,0.18644688644688648,0.21708333333333324,0.19148936170212774
32,2015,Q1,0.2572919136827128,0.24908424908424906,0.17250000000000001,0.20433560818948213
32,2015,Q2,0.4211524780649751,0.653846153846154,0.58125,0.6234443998394219
32,2015,Q3,0.3640028456248518,0.8021978021978022,0.7304166666666666,0.7763950220794862
32,2015,Q4,0.28266540194451034,0.40109890109890123,0.36583333333333334,0.3809714973906062
32,2016,Q1,0.2532606118093431,0.3073260073260073,0.265,0.2810116419108792
32,2016,Q2,0.4028930519326535,0.6626373626373627,0.5925,0.6338819751103976
32,2016,Q3,0.4590941427555134,0.7747252747252747,0.7279166666666667,0.7603372139702931
32,2016,Q4,0.30780175480199196,0.37509157509157515,0.3470833333333333,0.3576876756322762
32,2017,Q1,0.2582404552999763,0.23186813186813185,0.20583333333333337,0.21116017663588918
32,2017,Q2,0.3253497747213659,0.6608058608058608,0.5779166666666666,0.6254516258530711
32,2017,Q3,0.38036518852264645,0.7846153846153847,0.7158333333333333,0.7595343235648334
32,2017,Q4,0.2489921745316576,0.35750915750915757,0.29583333333333334,0.32316338819751106
32,2018,Q1,0.2729428503675599,0.18315018315018314,0.11750000000000001,0.14211160176635892
32,2018,Q2,0.3922219587384397,0.6490842490842491,0.5791666666666666,0.6198313930148535
32,2018,Q3,0.36827128290253736,0.7673992673992673,0.7029166666666666,0.7442794058611
32,2018,Q4,0.2928622243300925,0.32051282051282054,0.30166666666666664,0.30630268968285823
32,2019,Q1,0.27223144415461226,0.12271062271062269,0.06833333333333334,0.08510638297872343
32,2019,Q2,0.38083945933127816,0.6223443223443225,0.56375,0.597751906864713
32,2019,Q3,0.5143466919611098,0.7534798534798535,0.7291666666666667,0.749096748293858
32,2019,Q4,0.31586435854873135,0.3065934065934066,0.29375,0.2942593336009635
32,2020,Q1,0.2449608726582879,0.24798534798534802,0.19875,0.2167804094741068
32,2020,Q2,0.3369694095328432,0.6377289377289378,0.5599999999999999,0.6041750301083902
32,2020,Q3,0.38155086554422574,0.7879120879120878,0.7187499999999999,0.7631473303894019
32,2020,Q4,0.24780649751007827,0.38205128205128214,0.31833333333333336,0.34725010036130066
32,2021,Q1,0.23926962295470713,0.26776556776556776,0.19458333333333336,0.225612203934163
32,2021,Q2,0.3500118567702158,0.6736263736263737,0.5666666666666667,0.6274588518667203
32,2021,Q3,0.3493004505572682,0.8267399267399268,0.7441666666666666,0.7964672822159774
32,2021,Q4,0.3369694095328432,0.38424908424908427,0.3329166666666667,0.3560818948213569
32,2022,Q1,0.24994071614892105,0.2087912087912088,0.11500000000000002,0.15455640305098356
32,2022,Q2,0.46739388190656866,0.5952380952380953,0.5591666666666667,0.5804897631473305
32,2022,Q3,0.34028930519326533,0.8025641025641025,0.74,0.7816138097149739
32,2022,Q4,0.29428503675598766,0.3062271062271062,0.2604166666666667,0.27820152549177035
32,2023,Q1,0.26345743419492534,0.17985347985347985,0.11916666666666668,0.14090726615816943
32,2023,Q2,0.40099596869812665,0.652014652014652,0.60125,0.6318747490967483
32,2023,Q3,0.3715911785629594,0.7816849816849816,0.7295833333333334,0.7647531112003213
32,2023,Q4,0.28266540194451034,0.40109890109890123,0.36583333333333334,0.38137294259333604
32,2024,Q1,0.25349774721365903,0.25934065934065936,0.22583333333333339,0.23564833400240867
32,2024,Q2,0.45008299739151053,0.6435897435897436,0.5833333333333334,0.618627057406664
32,2024,Q3,0.3635285748162201,0.8051282051282052,0.75,0.7872340425531914
32,2024,Q4,0.2757884752193503,0.3915750915750916,0.33999999999999997,0.3633079084704938
32,2025,Q1,0.24519800806260375,0.2087912087912088,0.13583333333333333,0.1641910879164994
32,2025,Q2,0.4095328432534977,0.6553113553113553,0.5841666666666667,0.6254516258530711
32,2025,Q3,0.12165046241403843,0.14212454212454217,0.11999999999999997,0.12043356081894821
33,2015,Q1,0.4028930519326535,0.308058608058608,0.2725,0.28542753914090724
33,2015,Q2,0.6044581456011382,0.7238095238095238,0.70625,0.7217984745082296
33,2015,Q3,0.4707137775669908,0.8113553113553112,0.8058333333333334,0.8173424327579285
33,2015,Q4,0.44676310173108846,0.5597069597069597,0.55125,0.5576073865917303
33,2016,Q1,0.42992648802466205,0.41465201465201473,0.39916666666666667,0.40465676435166603
33,2016,Q2,0.4654967986720417,0.7120879120879121,0.6754166666666667,0.7009233239662788
33,2016,Q3,0.49063315152952336,0.8454212454212454,0.8474999999999999,0.8570855078281814
33,2016,Q4,0.40550154138012806,0.5186813186813187,0.5079166666666667,0.5138498594941792
33,2017,Q1,0.477353568887835,0.4391941391941392,0.43916666666666665,0.43757527097551185
33,2017,Q2,0.5575053355465971,0.7271062271062272,0.7025,0.7217984745082296
33,2017,Q3,0.47450794403604457,0.8029304029304029,0.8008333333333333,0.8109193095142513
33,2017,Q4,0.47450794403604457,0.49487179487179483,0.4841666666666667,0.4893617021276595
33,2018,Q1,0.4873132558691013,0.3761904761904763,0.3654166666666667,0.36732236049779204
33,2018,Q2,0.5612995020156509,0.7157509157509157,0.6995833333333333,0.7145724608590928
33,2018,Q3,0.5705477827839697,0.8227106227106227,0.8491666666666667,0.8450421517462865
33,2018,Q4,0.4934787763813137,0.4703296703296704,0.49833333333333335,0.4829385788839823
33,2019,Q1,0.5024899217453165,0.3714285714285715,0.365,0.36411079887595343
33,2019,Q2,0.603035333175243,0.7109890109890109,0.7008333333333334,0.7121637896427137
33,2019,Q3,0.45933127815982927,0.8391941391941393,0.8354166666666668,0.8470493777599357
33,2019,Q4,0.45150580981740573,0.5043956043956045,0.4875,0.4961862705740668
33,2020,Q1,0.49822148446763104,0.4197802197802199,0.4366666666666667,0.4251304696908872
33,2020,Q2,0.5079440360445814,0.6871794871794873,0.6666666666666667,0.6828582898434364
33,2020,Q3,0.4645482570547783,0.8271062271062269,0.8175000000000001,0.8321959052589321
33,2020,Q4,0.4375148209627698,0.5095238095238095,0.5095833333333333,0.5098354074668808
33,2021,Q1,0.39198482333412377,0.3835164835164836,0.3816666666666667,0.37896427137695704
33,2021,Q2,0.4851790372302585,0.7102564102564102,0.6833333333333333,0.7033319951826575
33,2021,Q3,0.5520512212473322,0.82014652014652,0.8316666666666667,0.8350060216780409
33,2021,Q4,0.46407398624614654,0.5402930402930404,0.5383333333333333,0.5399437976716178
33,2022,Q1,0.4626511738202514,0.3875457875457876,0.35208333333333336,0.3669209152950622
33,2022,Q2,0.5148209627697415,0.7139194139194139,0.6895833333333334,0.7085507828181453
33,2022,Q3,0.515769504387005,0.8054945054945054,0.8225,0.8225612203934161
33,2022,Q4,0.3658999288593787,0.49963369963369964,0.47958333333333336,0.48976314733038945
33,2023,Q1,0.48067346454825705,0.44505494505494503,0.43583333333333335,0.4391810517864312
33,2023,Q2,0.43443206070666357,0.7091575091575092,0.6579166666666667,0.6900843034925733
33,2023,Q3,0.4856533080388902,0.8043956043956043,0.8116666666666668,0.8169409875551987
33,2023,Q4,0.3993360208679156,0.531868131868132,0.5237499999999999,0.5283018867924529
33,2024,Q1,0.43395778989803174,0.4355311355311356,0.4295833333333333,0.43034925732637497
33,2024,Q2,0.5212236186862699,0.7461538461538462,0.7304166666666666,0.7458851866720194
33,2024,Q3,0.4410718520275077,0.8369963369963369,0.8158333333333333,0.8366118024889602
33,2024,Q4,0.4069243538060232,0.532967032967033,0.5208333333333334,0.5283018867924528
33,2025,Q1,0.40479013516718043,0.38205128205128214,0.3604166666666667,0.3677238057005218
33,2025,Q2,0.5990040313018734,0.7120879120879121,0.7008333333333333,0.7129666800481734
33,2025,Q3,0.1263931705003557,0.171062271062271,0.1754166666666666,0.1633881975110397
34,2015,Q1,0.34005216978894953,0.5175824175824176,0.44291666666666674,0.4821356884785227
34,2015,Q2,0.7977235001185676,0.7930402930402929,0.79125,0.8004817342432758
34,2015,Q3,0.4621769030116196,0.9212454212454213,0.9129166666666666,0.9293456443195502
34,2015,Q4,0.5788475219350249,0.6358974358974361,0.58125,0.6138097149739061
34,2016,Q1,0.3208442020393645,0.5765567765567766,0.49083333333333334,0.5371336812525092
34,2016,Q2,0.538534503201328,0.8080586080586081,0.7812499999999999,0.8040947410678443
34,2016,Q3,0.46691961109793695,0.9263736263736263,0.9175000000000001,0.9345644319550381
34,2016,Q4,0.31823571259189,0.6512820512820513,0.5808333333333333,0.6214371738257729
34,2017,Q1,0.39791320844202044,0.6043956043956046,0.5183333333333333,0.5664391810517866
34,2017,Q2,0.550628408821437,0.8051282051282052,0.7737499999999999,0.7992773986350864
34,2017,Q3,0.5307090348589045,0.8996336996336995,0.8962499999999999,0.9096748293857888
34,2017,Q4,0.3412378468105288,0.6267399267399268,0.5583333333333333,0.597751906864713
34,2018,Q1,0.38558216741759543,0.5439560439560439,0.44625000000000004,0.4981934965877158
34,2018,Q2,0.4586198719468817,0.83003663003663,0.78125,0.8165395423524688
34,2018,Q3,0.5352146075409059,0.9087912087912087,0.9145833333333332,0.923323966278603
34,2018,Q4,0.4979843490633152,0.5758241758241759,0.5341666666666667,0.5576073865917303
34,2019,Q1,0.37348826179748634,0.5,0.4570833333333333,0.47932557205941384
34,2019,Q2,0.7149632440123311,0.7897435897435897,0.76875,0.7880369329586512
34,2019,Q3,0.46288830922456725,0.9362637362637365,0.9366666666666668,0.9490164592533117
34,2019,Q4,0.4202039364477116,0.5970695970695972,0.5208333333333334,0.5632276194299479
34,2020,Q1,0.4775907042921508,0.5556776556776558,0.5070833333333333,0.5339221196306705
34,2020,Q2,0.4652596632677259,0.8043956043956043,0.7608333333333334,0.7924528301886791
34,2020,Q3,0.5093668484704766,0.9,0.8895833333333332,0.9064632677639503
34,2020,Q4,0.3824994071614892,0.6216117216117217,0.54375,0.5873143315937376
34,2021,Q1,0.3741996680104339,0.5014652014652016,0.44750000000000006,0.4753111200321157
34,2021,Q2,0.5601138249940716,0.778021978021978,0.7637499999999999,0.7796065837013249
34,2021,Q3,0.40004742708086316,0.927106227106227,0.9058333333333334,0.9293456443195502
34,2021,Q4,0.36779701209390564,0.6776556776556776,0.58875,0.6403050983540748
34,2022,Q1,0.34337206544937154,0.5421245421245422,0.4095833333333333,0.47932557205941395
34,2022,Q2,0.526203462176903,0.8285714285714286,0.7929166666666666,0.820955439582497
34,2022,Q3,0.3343609200853688,0.9677655677655675,0.9179166666666667,0.9574468085106383
34,2022,Q4,0.40218164571970594,0.6025641025641026,0.5370833333333334,0.5736651947009234
34,2023,Q1,0.38890206307801756,0.5589743589743591,0.48125,0.5230830991569652
34,2023,Q2,0.486127578847522,0.8047619047619048,0.765,0.7948615014050582
34,2023,Q3,0.4830448185914157,0.9487179487179488,0.9162499999999998,0.9466077880369329
34,2023,Q4,0.42257529049087034,0.6377289377289378,0.5720833333333333,0.6097952629466079
34,2024,Q1,0.365425658050747,0.561904761904762,0.48791666666666667,0.527900441589723
34,2024,Q2,0.5307090348589045,0.835164835164835,0.8087500000000001,0.8321959052589321
34,2024,Q3,0.40407872895423286,0.9384615384615386,0.90625,0.9357687675632277
34,2024,Q4,0.46905382973677967,0.6728937728937728,0.5987500000000001,0.6423123243677239
34,2025,Q1,0.31989566042210105,0.5380952380952381,0.44125000000000003,0.49257326374949817
34,2025,Q2,0.7306141806971781,0.8014652014652015,0.7845833333333333,0.8020875150541951
34,2025,Q3,0.15674650225278636,0.22710622710622708,0.23249999999999993,0.22159775190686465
35,2015,Q1,0.419492530234764,0.48827838827838826,0.46749999999999997,0.4777197912484947
35,2015,Q2,0.32440123310410246,0.6673992673992675,0.5833333333333334,0.6314733038940186
35,2015,Q3,0.2729428503675599,0.7919413919413919,0.6804166666666667,0.746688077077479
35,2015,Q4,0.6035096039838749,0.4688644688644689,0.46375,0.46567643516659984
35,2016,Q1,0.5250177851553237,0.4326007326007326,0.43875000000000003,0.4335608189482137
35,2016,Q2,0.3300924828076832,0.6659340659340659,0.5854166666666667,0.6314733038940186
35,2016,Q3,0.258714726108608,0.778021978021978,0.6604166666666667,0.7294259333600965
35,2016,Q4,0.613469290965141,0.4490842490842491,0.4554166666666667,0.4504215174628664
35,2017,Q1,0.6359971543751483,0.38608058608058615,0.3979166666666667,0.3877960658370133
35,2017,Q2,0.38890206307801756,0.6274725274725275,0.56125,0.5989562424729025
35,2017,Q3,0.26535451742945226,0.8157509157509157,0.7033333333333334,0.7703733440385389
35,2017,Q4,0.4735594024187811,0.4611721611721612,0.4458333333333334,0.4524287434765154
35,2018,Q1,0.459805548968461,0.41648351648351656,0.4125,0.4118827780008029
35,2018,Q2,0.3604458145601138,0.6424908424908425,0.5708333333333333,0.611802488960257
35,2018,Q3,0.23879535214607542,0.8018315018315019,0.6720833333333334,0.7482938578883982
35,2018,Q4,0.4484230495612995,0.46703296703296704,0.4487500000000001,0.4572460859092734
35,2019,Q1,0.5143466919611098,0.3853479853479855,0.38375,0.38097149739060615
35,2019,Q2,0.4152240929570785,0.631868131868132,0.5729166666666666,0.6073865917302289
35,2019,Q3,0.31183305667536165,0.7652014652014651,0.6770833333333334,0.7310317141710158
35,2019,Q4,0.3756224804363292,0.4600732600732601,0.4366666666666667,0.4472099558410278
35,2020,Q1,0.4944273179985772,0.42087912087912094,0.41125,0.41348855881172214
35,2020,Q2,0.37680815745790847,0.6336996336996337,0.5629166666666666,0.6033721397029307
35,2020,Q3,0.2537348826179749,0.8106227106227104,0.6866666666666666,0.7599357687675633
35,2020,Q4,0.46193976760730376,0.48644688644688644,0.45500000000000007,0.47089522280208757
35,2021,Q1,0.4828076831870999,0.41025641025641035,0.40458333333333335,0.4050582095543959
35,2021,Q2,0.29025373488261796,0.6750915750915752,0.5741666666666667,0.6314733038940186
35,2021,Q3,0.2795826416884041,0.8146520146520145,0.6941666666666666,0.7655560016057809
35,2021,Q4,0.5283376808157458,0.4630036630036631,0.4666666666666666,0.46326776395022085
35,2022,Q1,0.3841593549917003,0.44322344322344326,0.40875000000000006,0.42513046969088725
35,2022,Q2,0.47616789186625563,0.5893772893772895,0.53125,0.5640305098354075
35,2022,Q3,0.25136352857481625,0.8315018315018315,0.71625,0.7856282617422721
35,2022,Q4,0.4927673701683661,0.4644688644688645,0.4333333333333334,0.4480128462464874
35,2023,Q1,0.45695992411667063,0.37509157509157515,0.36416666666666664,0.36531513448414293
35,2023,Q2,0.36874555371116907,0.634065934065934,0.5666666666666667,0.6053793657165798
35,2023,Q3,0.2855110267963007,0.7941391941391943,0.69375,0.7539140907266159
35,2023,Q4,0.47759070429215084,0.48498168498168504,0.4845833333333333,0.48454435969490167
35,2024,Q1,0.5819302821911311,0.41172161172161176,0.42541666666666667,0.4154957848253714
35,2024,Q2,0.3459805548968461,0.6351648351648352,0.5504166666666667,0.597751906864713
35,2024,Q3,0.26108608015176665,0.8168498168498168,0.6995833333333333,0.7691690084303493
35,2024,Q4,0.5824045529997629,0.47838827838827835,0.4725,0.47450822962665595
35,2025,Q1,0.5295233578373251,0.4113553113553114,0.40041666666666664,0.4030509835407467
35,2025,Q2,0.29096514109556554,0.6615384615384615,0.5679166666666666,0.6214371738257729
35,2025,Q3,0.013990988854636037,0.16666666666666663,0.09374999999999997,0.12123645122440782
36,2015,Q1,0.3957789898031776,0.28644688644688654,0.23708333333333337,0.2557205941389001
36,2015,Q2,0.5767133032961822,0.7036630036630036,0.6683333333333333,0.6920915295062223
36,2015,Q3,0.4922930993597344,0.7996336996336995,0.7825,0.8004817342432758
36,2015,Q4,0.46193976760730376,0.5336996336996338,0.5241666666666667,0.5299076676033722
36,2016,Q1,0.42281242589518614,0.3948717948717949,0.3570833333333333,0.3729425933360096
36,2016,Q2,0.46004268437277684,0.6809523809523811,0.63375,0.6635889201124048
36,2016,Q3,0.4970358074460517,0.8274725274725274,0.8074999999999999,0.8273785628261743
36,2016,Q4,0.44960872658287887,0.491941391941392,0.4791666666666667,0.48534725010036134
36,2017,Q1,0.46336258003319897,0.39816849816849825,0.38958333333333334,0.3902047370533923
36,2017,Q2,0.5793217927436567,0.694871794871795,0.6666666666666666,0.6868727418707348
36,2017,Q3,0.5117382025136353,0.780952380952381,0.7758333333333333,0.7872340425531916
36,2017,Q4,0.4557742470950913,0.47545787545787555,0.4641666666666667,0.46928944199116823
36,2018,Q1,0.5060469528100545,0.3531135531135532,0.32958333333333334,0.3368125250903252
36,2018,Q2,0.5812188759781836,0.6783882783882783,0.6541666666666667,0.6716178241670013
36,2018,Q3,0.7638131373013992,0.7963369963369964,0.8241666666666667,0.818546768366118
36,2018,Q4,0.5724448660184965,0.4490842490842491,0.4866666666666667,0.46567643516659984
36,2019,Q1,0.4797249229309936,0.3516483516483516,0.3325,0.33801686069851467
36,2019,Q2,0.6262746027981979,0.6893772893772895,0.6675000000000001,0.6844640706543558
36,2019,Q3,0.4979843490633152,0.8051282051282052,0.7933333333333333,0.8085106382978723
36,2019,Q4,0.5050984111927911,0.47106227106227105,0.465,0.46688077077478934
36,2020,Q1,0.47925065212236184,0.41172161172161176,0.4083333333333334,0.4074668807707748
36,2020,Q2,0.49063315152952336,0.6611721611721612,0.6270833333333334,0.6495383380168608
36,2020,Q3,0.4728479962058335,0.8113553113553112,0.7920833333333334,0.8113207547169811
36,2020,Q4,0.4880246620820488,0.4937728937728938,0.49083333333333334,0.4921718185467684
36,2021,Q1,0.40692435380602326,0.37069597069597077,0.3604166666666667,0.3621035728623043
36,2021,Q2,0.4778278396964667,0.6908424908424908,0.6487499999999999,0.6760337213970292
36,2021,Q3,0.6793929333649514,0.7967032967032966,0.8045833333333334,0.8093135287033321
36,2021,Q4,0.43419492530234766,0.510989010989011,0.515,0.5130469690887195
36,2022,Q1,0.4536400284562485,0.36996336996337004,0.31916666666666665,0.34162986752308305
36,2022,Q2,0.5354517429452218,0.6879120879120879,0.6491666666666667,0.6748293857888398
36,2022,Q3,0.5060469528100545,0.7989010989010987,0.79,0.8036932958651143
36,2022,Q4,0.47521935024899215,0.4791208791208791,0.45541666666666664,0.46688077077478923
36,2023,Q1,0.4334835190894001,0.4205128205128206,0.41000000000000003,0.41308711360899236
36,2023,Q2,0.4436803414749822,0.6945054945054945,0.6229166666666667,0.6655961461260539
36,2023,Q3,0.5845387716386057,0.783882783882784,0.79125,0.7956643918105178
36,2023,Q4,0.4619397676073038,0.5036630036630036,0.5016666666666667,0.5026093938177439
36,2024,Q1,0.5081811714488973,0.4106227106227106,0.40458333333333335,0.4050582095543959
36,2024,Q2,0.5515769504387006,0.7131868131868132,0.6841666666666667,0.7053392211963067
36,2024,Q3,0.5024899217453166,0.7996336996336996,0.7925,0.8044961862705738
36,2024,Q4,0.40597581218875983,0.501098901098901,0.47750000000000004,0.48976314733038945
36,2025,Q1,0.3796537823096989,0.36373626373626383,0.34125,0.3484544359694902
36,2025,Q2,0.6258003319895661,0.6882783882783883,0.6720833333333334,0.686069851465275
36,2025,Q3,0.1263931705003557,0.15787545787545784,0.14750000000000002,0.14251304696908873
37,2015,Q1,0.4759307564619398,0.30109890109890114,0.25999999999999995,0.27498996386993174
37,2015,Q2,0.4365662793455063,0.6695970695970695,0.6562499999999999,0.6680048173424328
37,2015,Q3,0.4550628408821437,0.8106227106227106,0.8258333333333334,0.8269771176234443
37,2015,Q4,0.5067583590230021,0.5505494505494505,0.5575,0.5551987153753514
37,2016,Q1,0.4899217453165758,0.4157509157509158,0.3983333333333333,0.4046567643516661
37,2016,Q2,0.4368034147498222,0.6615384615384615,0.65,0.6603773584905661
37,2016,Q3,0.42067820725634336,0.8135531135531135,0.83625,0.8334002408671215
37,2016,Q4,0.5359260137538534,0.5150183150183151,0.50875,0.5122440786832599
37,2017,Q1,0.484230495612995,0.3937728937728938,0.39208333333333334,0.3894018466479326
37,2017,Q2,0.6208204884989329,0.6648351648351649,0.6766666666666667,0.6756322761942996
37,2017,Q3,0.4313493004505573,0.7824175824175823,0.8133333333333335,0.8061019670814933
37,2017,Q4,0.5330803889020631,0.5051282051282051,0.5079166666666667,0.507025291047772
37,2018,Q1,0.6286459568413564,0.387912087912088,0.39,0.3857888398233642
37,2018,Q2,0.4735594024187811,0.6589743589743591,0.6575,0.6631874749096748
37,2018,Q3,0.5809817405738678,0.8047619047619046,0.8566666666666667,0.8386190285026093
37,2018,Q4,0.7199430875029643,0.4824175824175825,0.5020833333333334,0.49177037334403856
37,2019,Q1,0.5435143466919612,0.368864468864469,0.3616666666666667,0.3613006824568446
37,2019,Q2,0.6039838747925066,0.6523809523809524,0.66875,0.6647932557205942
37,2019,Q3,0.47118804837562245,0.8014652014652015,0.8154166666666669,0.8169409875551987
37,2019,Q4,0.6405027270571497,0.48644688644688644,0.49749999999999994,0.4913689281413088
37,2020,Q1,0.445814560113825,0.4296703296703296,0.43208333333333326,0.4287434765154556
37,2020,Q2,0.49679867204173583,0.6454212454212455,0.6487499999999999,0.65154556403051
37,2020,Q3,0.3372065449371591,0.8084249084249083,0.8387499999999999,0.8317944600562023
37,2020,Q4,0.6808157457908466,0.5282051282051283,0.5233333333333333,0.5270975511842634
37,2021,Q1,0.43324638368508417,0.38937728937728944,0.38750000000000007,0.3849859494179044
37,2021,Q2,0.4851790372302585,0.6813186813186815,0.6716666666666666,0.6820553994379767
37,2021,Q3,0.7023950675835902,0.7853479853479853,0.8445833333333335,0.8217583299879567
37,2021,Q4,0.4662082048849894,0.5296703296703297,0.54125,0.5355279004415897
37,2022,Q1,0.5231207019207967,0.3981684981684982,0.35833333333333334,0.3753512645523886
37,2022,Q2,0.44889732036993124,0.6706959706959708,0.6733333333333333,0.676836611802489
37,2022,Q3,0.4723737253972018,0.8080586080586081,0.8329166666666667,0.8289843436370935
37,2022,Q4,0.5752904908702869,0.5230769230769232,0.52125,0.5226816539542353
37,2023,Q1,0.5200379416646905,0.4227106227106227,0.42833333333333334,0.42272179847450825
37,2023,Q2,0.4996442968935262,0.663003663003663,0.6516666666666667,0.6619831393014853
37,2023,Q3,0.6938581930282192,0.780952380952381,0.8354166666666668,0.8157366519470091
37,2023,Q4,0.5451742945221723,0.5241758241758242,0.5270833333333333,0.5258932155760739
37,2024,Q1,0.7102205359260139,0.40439560439560446,0.42333333333333334,0.41027699718988353
37,2024,Q2,0.5854873132558691,0.66996336996337,0.6820833333333333,0.6808510638297872
37,2024,Q3,0.4735594024187811,0.7798534798534799,0.8262499999999999,0.8105178643115213
37,2024,Q4,0.47948778752667776,0.5256410256410258,0.5058333333333334,0.5166599759132878
37,2025,Q1,0.4486601849656154,0.3805860805860807,0.3775,0.3753512645523886
37,2025,Q2,0.5463599715437515,0.6750915750915752,0.695,0.6896828582898435
37,2025,Q3,0.13801280531183305,0.15091575091575085,0.16374999999999998,0.1469289441991168
38,2015,Q1,0.48233341237846805,0.5615384615384617,0.515,0.5407466880770775
38,2015,Q2,0.4685795589281479,0.8417582417582417,0.8262499999999999,0.8446407065435567
38,2015,Q3,0.547071377756699,0.8985347985347983,0.9216666666666665,0.9213167402649538
38,2015,Q4,0.8453877163860564,0.6912087912087913,0.6879166666666666,0.695704536330791
38,2016,Q1,0.456248517903723,0.5989010989010989,0.5587500000000001,0.5824969891609796
38,2016,Q2,0.5010671093194213,0.8278388278388278,0.8100000000000002,0.8289843436370935
38,2016,Q3,0.5688878349537586,0.9238095238095236,0.95,0.9482135688478524
38,2016,Q4,0.47545648565330806,0.6794871794871795,0.6295833333333334,0.6603773584905661
38,2017,Q1,0.43016362342897796,0.6520146520146523,0.5875,0.6258530710558009
38,2017,Q2,0.584064500829974,0.8296703296703297,0.8275,0.8386190285026093
38,2017,Q3,0.5790846573393408,0.891941391941392,0.9191666666666667,0.916097952629466
38,2017,Q4,0.4159354991700261,0.6626373626373628,0.62625,0.6495383380168608
38,2018,Q1,0.41972966563907993,0.5952380952380953,0.5491666666666667,0.5760738659173024
38,2018,Q2,0.5677021579321793,0.83003663003663,0.8154166666666669,0.8329987956643917
38,2018,Q3,0.6158406450082997,0.9047619047619049,0.9441666666666666,0.9357687675632275
38,2018,Q4,0.6604221010196824,0.6446886446886446,0.6395833333333334,0.6459253311922923
38,2019,Q1,0.43016362342897796,0.606959706959707,0.5691666666666667,0.5913287836210358
38,2019,Q2,0.5126867441308988,0.8406593406593404,0.8262499999999999,0.8434363709353673
38,2019,Q3,0.4854161726345743,0.9194139194139195,0.9308333333333334,0.9373745483741469
38,2019,Q4,0.568176428740811,0.6648351648351649,0.635,0.6555600160578081
38,2020,Q1,0.5949727294285037,0.6227106227106227,0.615,0.6226415094339623
38,2020,Q2,0.6068294996442969,0.7974358974358974,0.78875,0.8016860698514653
38,2020,Q3,0.659236423998103,0.884981684981685,0.93125,0.918506623845845
38,2020,Q4,0.4635997154375148,0.6736263736263737,0.6454166666666667,0.6655961461260539
38,2021,Q1,0.5627223144415461,0.5886446886446888,0.5645833333333334,0.579285427539141
38,2021,Q2,0.47071377756699073,0.8139194139194139,0.7825,0.8085106382978723
38,2021,Q3,0.6108608015176665,0.8809523809523808,0.9162500000000001,0.909273384183059
38,2021,Q4,0.386293573630543,0.6857142857142858,0.6387499999999999,0.6684062625451626
38,2022,Q1,0.459805548968461,0.6153846153846154,0.5529166666666667,0.588518667201927
38,2022,Q2,0.48399336020867917,0.8369963369963369,0.8091666666666668,0.8329987956643917
38,2022,Q3,0.5866729902774483,0.8842490842490842,0.9216666666666665,0.9136892814130873
38,2022,Q4,0.4517429452217216,0.6413919413919414,0.6133333333333333,0.6322761942994781
38,2023,Q1,0.5266777329855347,0.6461538461538462,0.6058333333333333,0.6310718586912887
38,2023,Q2,0.5712591889969173,0.7937728937728937,0.7820833333333332,0.7968687274187073
38,2023,Q3,0.5729191368271283,0.8959706959706959,0.9216666666666665,0.9197109594540345
38,2023,Q4,0.4576713303296182,0.6641025641025641,0.615,0.6451224407868326
38,2024,Q1,0.5582167417595447,0.6164835164835164,0.5625,0.5937374548374148
38,2024,Q2,0.4624140384159355,0.834065934065934,0.8254166666666667,0.8398233641107987
38,2024,Q3,0.7607303770452929,0.8864468864468865,0.9337499999999999,0.9209152950622239
38,2024,Q4,0.37775669907517195,0.6750915750915752,0.6395833333333334,0.662786029706945
38,2025,Q1,0.3953047189945459,0.6043956043956044,0.5308333333333334,0.5712565234845444
38,2025,Q2,0.5693621057623903,0.8318681318681317,0.8358333333333334,0.8434363709353673
38,2025,Q3,0.27460279819777095,0.20695970695970695,0.24083333333333332,0.21437173825772785
39,2015,Q1,0.24638368508418307,0.357875457875458,0.24666666666666667,0.29987956643918107
39,2015,Q2,0.47853924590941427,0.6787545787545788,0.6145833333333333,0.6527498996386993
39,2015,Q3,0.40905857244486604,0.8278388278388278,0.7670833333333333,0.8081091930951425
39,2015,Q4,0.311121650462414,0.4494505494505495,0.40124999999999994,0.42472902448815736
39,2016,Q1,0.27104576713303297,0.3714285714285715,0.31375000000000003,0.33962264150943394
39,2016,Q2,0.41783258240455295,0.7043956043956043,0.6229166666666667,0.6712163789642714
39,2016,Q3,0.3998102916765473,0.8230769230769232,0.7604166666666667,0.8024889602569248
39,2016,Q4,0.30661607778041267,0.44578754578754576,0.37833333333333335,0.41148133279807314
39,2017,Q1,0.2667773298553474,0.32893772893772893,0.2816666666666667,0.30068245684464073
39,2017,Q2,0.37443680341474983,0.6930402930402931,0.60625,0.6571657968687273
39,2017,Q3,0.4107185202750771,0.8238095238095239,0.7504166666666666,0.7976716178241668
39,2017,Q4,0.27104576713303297,0.4336996336996337,0.35375,0.3930148534725011
39,2018,Q1,0.291913682712829,0.25750915750915754,0.18458333333333335,0.21517462866318748
39,2018,Q2,0.44415461228361397,0.6710622710622711,0.6133333333333333,0.6487354476114011
39,2018,Q3,0.4133270097225516,0.8051282051282049,0.7579166666666666,0.7912484945804898
39,2018,Q4,0.30685321318472847,0.3915750915750916,0.34625,0.36651947009233243
39,2019,Q1,0.30187336969409534,0.2025641025641026,0.15625,0.17141710156563633
39,2019,Q2,0.49110742233815513,0.6358974358974359,0.595,0.6198313930148535
39,2019,Q3,0.5345032013279583,0.7915750915750915,0.77125,0.7904456041750301
39,2019,Q4,0.32179274365662797,0.3758241758241759,0.3383333333333334,0.35367322360497794
39,2020,Q1,0.2644059758121888,0.32527472527472534,0.27375,0.2950622240064231
39,2020,Q2,0.38487076120464786,0.6717948717948717,0.6008333333333333,0.6423123243677239
39,2020,Q3,0.36969409532843256,0.8296703296703297,0.75375,0.8028904054596546
39,2020,Q4,0.26938581930282196,0.4534798534798535,0.3616666666666667,0.4078683259735047
39,2021,Q1,0.27104576713303297,0.326007326007326,0.26291666666666663,0.28984343637093535
39,2021,Q2,0.3428977946407399,0.698901098901099,0.6058333333333333,0.6599759132878362
39,2021,Q3,0.3934076357600189,0.8553113553113553,0.7770833333333333,0.8281814532316338
39,2021,Q4,0.32795826416884044,0.465934065934066,0.39625,0.4311521477318347
39,2022,Q1,0.24804363291439413,0.3311355311355312,0.2041666666666667,0.2649538338016861
39,2022,Q2,0.4251837799383448,0.656043956043956,0.5866666666666667,0.6270574066639903
39,2022,Q3,0.34977472136589993,0.8597069597069598,0.7758333333333335,0.8297872340425533
39,2022,Q4,0.2847996205833531,0.391941391941392,0.31166666666666665,0.35006021678040944
39,2023,Q1,0.2883566516480911,0.2688644688644689,0.22000000000000003,0.23805700521878764
39,2023,Q2,0.4247095091297131,0.6941391941391942,0.6225,0.665194700923324
39,2023,Q3,0.42494664453402886,0.8263736263736262,0.7637499999999999,0.8057005218787635
39,2023,Q4,0.3201327958264169,0.4743589743589744,0.40041666666666664,0.43757527097551185
39,2024,Q1,0.2610860801517667,0.34139194139194146,0.28208333333333335,0.3079084704937776
39,2024,Q2,0.4809105999525729,0.6813186813186815,0.6170833333333333,0.655961461260538
39,2024,Q3,0.3421863884277923,0.8479853479853481,0.7775000000000001,0.8241670012043357
39,2024,Q4,0.2717571733459806,0.47106227106227105,0.3933333333333333,0.43275792854275397
39,2025,Q1,0.2589518615129239,0.3146520146520147,0.20750000000000002,0.2573263749498193
39,2025,Q2,0.45648565330803886,0.6857142857142858,0.6129166666666667,0.6559614612605379
39,2025,Q3,0.15200379416646906,0.1717948717948718,0.14666666666666664,0.14973906061822556
40,2015,Q1,0.5292862224330093,0.4608058608058608,0.42250000000000004,0.4415897230028102
40,2015,Q2,0.5677021579321793,0.7930402930402929,0.775,0.7928542753914091
40,2015,Q3,0.5520512212473323,0.8553113553113553,0.8654166666666668,0.8707346447209956
40,2015,Q4,0.6587621531894713,0.6380952380952382,0.6220833333333333,0.6342834203131273
40,2016,Q1,0.5513398150343847,0.5131868131868133,0.48624999999999996,0.5006021678040947
40,2016,Q2,0.4868389850604696,0.7886446886446886,0.7570833333333334,0.7820152549177039
40,2016,Q3,0.50343846336258,0.8945054945054945,0.9004166666666666,0.9088719389803293
40,2016,Q4,0.4787763813137302,0.6369963369963371,0.57125,0.6089923725411481
40,2017,Q1,0.5200379416646905,0.5659340659340659,0.5404166666666667,0.5556001605780811
40,2017,Q2,0.6276974152240931,0.7875457875457876,0.7708333333333333,0.7876354877559212
40,2017,Q3,0.571733459805549,0.849084249084249,0.8595833333333334,0.8643115214773182
40,2017,Q4,0.5186151292387953,0.5945054945054946,0.5529166666666667,0.5768767563227619
40,2018,Q1,0.6755987668958976,0.5043956043956045,0.48375,0.49417904456041767
40,2018,Q2,0.6222433009248282,0.7838827838827839,0.7658333333333334,0.783621035728623
40,2018,Q3,0.5835902300213421,0.8695970695970695,0.9004166666666666,0.895222802087515
40,2018,Q4,0.6156035096039839,0.567032967032967,0.5658333333333333,0.5684464070654357
40,2019,Q1,0.7505335546597107,0.5146520146520147,0.5,0.5078281814532317
40,2019,Q2,0.6061180934313493,0.787179487179487,0.7716666666666667,0.7880369329586511
40,2019,Q3,0.4775907042921508,0.8923076923076921,0.8883333333333333,0.9016459253311923
40,2019,Q4,0.6575764761678918,0.5981684981684983,0.5558333333333334,0.5804897631473305
40,2020,Q1,0.7967749585013043,0.5366300366300367,0.5425,0.5403452428743477
40,2020,Q2,0.5819302821911311,0.7501831501831503,0.7304166666666666,0.7482938578883982
40,2020,Q3,0.5833530946170262,0.8553113553113553,0.8829166666666666,0.8791649939783219
40,2020,Q4,0.5015413801280532,0.6040293040293041,0.5554166666666667,0.5832998795664392
40,2021,Q1,0.6654019445103154,0.5062271062271063,0.49083333333333334,0.4985949417904456
40,2021,Q2,0.5015413801280532,0.7597069597069597,0.7324999999999999,0.7539140907266159
40,2021,Q3,0.6305430400758834,0.852014652014652,0.87375,0.8727418707346446
40,2021,Q4,0.5013042447237372,0.6271062271062271,0.5912499999999999,0.6138097149739061
40,2022,Q1,0.6801043395778991,0.5190476190476191,0.4608333333333333,0.4913689281413088
40,2022,Q2,0.5048612757884752,0.7886446886446886,0.75875,0.7828181453231634
40,2022,Q3,0.5243063789423762,0.8670329670329671,0.8729166666666665,0.8811722199919712
40,2022,Q4,0.49537585961584063,0.5842490842490843,0.5308333333333334,0.560417503010839
40,2023,Q1,0.6198719468816696,0.5630036630036631,0.5375,0.5519871537535127
40,2023,Q2,0.5081811714488973,0.7666666666666665,0.7370833333333333,0.7603372139702931
40,2023,Q3,0.5511026796300689,0.8597069597069598,0.86875,0.8747490967482938
40,2023,Q4,0.3827365425658051,0.6179487179487181,0.5658333333333333,0.5965475712565237
40,2024,Q1,0.587384396490396,0.536996336996337,0.495,0.5178643115214774
40,2024,Q2,0.5750533554659711,0.7915750915750915,0.7883333333333333,0.7988759534323564
40,2024,Q3,0.5461228361394357,0.8684981684981685,0.8758333333333332,0.8831794460056202
40,2024,Q4,0.4564856533080389,0.6245421245421245,0.59375,0.6130068245684464
40,2025,Q1,0.5729191368271284,0.5175824175824176,0.46125000000000005,0.49056603773584906
40,2025,Q2,0.6995494427317999,0.7827838827838827,0.7895833333333332,0.7944600562023284
40,2025,Q3,0.12686744130898744,0.20183150183150192,0.21291666666666664,0.19791248494580482
41,2015,Q1,0.3976760730377045,0.5890109890109891,0.54375,0.5696507426736251
41,2015,Q2,0.6229547071377758,0.8362637362637362,0.8375,0.8470493777599357
41,2015,Q3,0.3379179511501067,0.9545787545787545,0.9391666666666666,0.9602569249297469
41,2015,Q4,0.5240692435380603,0.7047619047619047,0.6583333333333332,0.688478522681654
41,2016,Q1,0.3414749822148447,0.6611721611721612,0.575,0.6242472902448816
41,2016,Q2,0.5233578373251127,0.846153846153846,0.8287500000000001,0.8482537133681252
41,2016,Q3,0.4538771638605644,0.9391941391941392,0.9462499999999998,0.9554395824969891
41,2016,Q4,0.34740336732274124,0.7146520146520147,0.6762500000000001,0.702529104777198
41,2017,Q1,0.365425658050747,0.6952380952380953,0.6258333333333335,0.6676033721397029
41,2017,Q2,0.4254209153426607,0.8637362637362637,0.8254166666666667,0.8558811722199919
41,2017,Q3,0.5124496087265829,0.9285714285714286,0.9266666666666665,0.9401846647932557
41,2017,Q4,0.31965852501778513,0.7007326007326007,0.6354166666666667,0.6748293857888398
41,2018,Q1,0.34550628408821443,0.643956043956044,0.56,0.6073865917302289
41,2018,Q2,0.3594972729428504,0.8897435897435898,0.8387499999999999,0.8767563227619429
41,2018,Q3,0.487787526677733,0.9373626373626374,0.9416666666666664,0.9522280208751506
41,2018,Q4,0.5117382025136353,0.645054945054945,0.6233333333333333,0.6386993175431556
41,2019,Q1,0.3123073274839934,0.6142857142857143,0.5679166666666667,0.595343235648334
41,2019,Q2,0.5364002845624852,0.8435897435897437,0.8225000000000001,0.8434363709353673
41,2019,Q3,0.34811477353568887,0.9692307692307691,0.9591666666666665,0.9783219590525892
41,2019,Q4,0.3450320132795826,0.684981684981685,0.6070833333333333,0.6527498996386994
41,2020,Q1,0.39293336495138725,0.6468864468864469,0.6029166666666667,0.6294660778803695
41,2020,Q2,0.4052644059758122,0.8688644688644688,0.8245833333333333,0.8586912886391006
41,2020,Q3,0.4114299264880247,0.946886446886447,0.93125,0.9522280208751506
41,2020,Q4,0.31586435854873135,0.7146520146520147,0.6216666666666667,0.6764351665997592
41,2021,Q1,0.32108133744368034,0.6084249084249085,0.5416666666666667,0.578883982336411
41,2021,Q2,0.5198008062603747,0.8355311355311356,0.8254166666666667,0.8406262545162587
41,2021,Q3,0.42067820725634336,0.9304029304029304,0.9274999999999999,0.9413890004014451
41,2021,Q4,0.3260611809343135,0.7494505494505493,0.6766666666666667,0.7213970293054998
41,2022,Q1,0.29713066160777807,0.6267399267399268,0.5020833333333334,0.5704536330790847
41,2022,Q2,0.3452691486838985,0.9109890109890108,0.8616666666666667,0.8996386993175433
41,2022,Q3,0.38676784443917483,0.9637362637362636,0.95,0.9710959454034526
41,2022,Q4,0.379416646905383,0.6736263736263737,0.6304166666666667,0.6579686872741871
41,2023,Q1,0.3201327958264169,0.6611721611721612,0.5925,0.6326776395022079
41,2023,Q2,0.43846336258003327,0.8644688644688645,0.83375,0.8602970694500202
41,2023,Q3,0.32914394119041973,1.0,0.9695833333333332,1.0
41,2023,Q4,0.386293573630543,0.6978021978021979,0.65625,0.6832597350461662
41,2024,Q1,0.3772824282665402,0.645054945054945,0.5833333333333333,0.6194299478121237
41,2024,Q2,0.4771164334835191,0.886080586080586,0.8699999999999999,0.8896025692492976
41,2024,Q3,0.40953284325349776,0.9531135531135532,0.9441666666666666,0.9622641509433961
41,2024,Q4,0.33910362817168604,0.7520146520146519,0.68625,0.7278201525491771
41,2025,Q1,0.3196585250177852,0.6417582417582419,0.5566666666666666,0.60497792051385
41,2025,Q2,0.49419018259426134,0.8717948717948716,0.8537500000000001,0.8739462063428342
41,2025,Q3,0.1230732748399336,0.24395604395604403,0.2458333333333334,0.23725411481332792
42,2015,Q1,0.28313967275314206,0.4743589743589744,0.4033333333333333,0.4391810517864312
42,2015,Q2,0.34835190894000473,0.6937728937728938,0.6120833333333333,0.6599759132878362
42,2015,Q3,0.31183305667536165,0.8329670329670331,0.7508333333333332,0.8032918506623845
42,2015,Q4,0.32700972255157695,0.4641025641025642,0.41125000000000006,0.4371738257727821
42,2016,Q1,0.30305904671567463,0.41868131868131875,0.35458333333333336,0.38538739462063426
42,2016,Q2,0.30661607778041267,0.7047619047619047,0.6183333333333334,0.6692091529506222
42,2016,Q3,0.3125444628883092,0.8311355311355311,0.7395833333333333,0.7964672822159774
42,2016,Q4,0.31562722314441544,0.4945054945054945,0.4325,0.4644720995584104
42,2017,Q1,0.3658999288593787,0.42930402930402944,0.38625,0.4062625451625853
42,2017,Q2,0.2729428503675599,0.7032967032967034,0.6020833333333334,0.6607788036932959
42,2017,Q3,0.3179985771875741,0.8344322344322344,0.7558333333333334,0.8065034122842231
42,2017,Q4,0.2523120701920797,0.5161172161172162,0.41125,0.46567643516659984
42,2018,Q1,0.2968935262034622,0.4300366300366301,0.3570833333333333,0.3922119630670414
42,2018,Q2,0.2748399336020868,0.7267399267399267,0.6199999999999999,0.6820553994379767
42,2018,Q3,0.27223144415461226,0.8692307692307694,0.7745833333333334,0.8342031312725813
42,2018,Q4,0.33554659710694806,0.4399267399267401,0.39249999999999996,0.41509433962264153
42,2019,Q1,0.3787052406924354,0.36666666666666675,0.32958333333333334,0.3448414291449217
42,2019,Q2,0.34882617974863644,0.6582417582417583,0.58375,0.6270574066639903
42,2019,Q3,0.26867441308987433,0.8498168498168499,0.7529166666666667,0.8137294259333601
42,2019,Q4,0.31041024424946645,0.4567765567765569,0.3754166666666667,0.41629867523083103
42,2020,Q1,0.2976049324164098,0.4084249084249085,0.3504166666666667,0.37775993576876754
42,2020,Q2,0.26962295470713776,0.708058608058608,0.6033333333333333,0.6635889201124048
42,2020,Q3,0.2449608726582879,0.8761904761904761,0.7591666666666667,0.8305901244480128
42,2020,Q4,0.2644059758121888,0.5003663003663004,0.3975,0.4508229626655962
42,2021,Q1,0.29381076594735595,0.40512820512820513,0.33875,0.3701324769169008
42,2021,Q2,0.2575290490870287,0.7304029304029305,0.6166666666666666,0.6820553994379768
42,2021,Q3,0.3372065449371591,0.8571428571428571,0.765,0.8229626655961463
42,2021,Q4,0.3376808157457909,0.4901098901098902,0.43249999999999994,0.4616619831393015
42,2022,Q1,0.2667773298553474,0.42197802197802203,0.3258333333333333,0.3729425933360096
42,2022,Q2,0.26914868389850605,0.7036630036630036,0.5845833333333333,0.6523484544359696
42,2022,Q3,0.3172871709746265,0.8659340659340659,0.78,0.8350060216780409
42,2022,Q4,0.3220298790609438,0.45604395604395603,0.3879166666666667,0.42151746286631875
42,2023,Q1,0.3903248755039127,0.33919413919413927,0.29874999999999996,0.3147330389401847
42,2023,Q2,0.28171686032724685,0.6754578754578756,0.5829166666666666,0.6362906463267765
42,2023,Q3,0.3125444628883092,0.8446886446886448,0.7591666666666667,0.8137294259333601
42,2023,Q4,0.27649988143229787,0.5021978021978022,0.42666666666666664,0.46567643516659984
42,2024,Q1,0.3500118567702158,0.40915750915750926,0.3695833333333333,0.3873946206342835
42,2024,Q2,0.2774484230495613,0.7098901098901098,0.6079166666666668,0.6672019269369731
42,2024,Q3,0.28622243300924827,0.8663003663003664,0.7662500000000001,0.8289843436370935
42,2024,Q4,0.2926250889257766,0.5095238095238095,0.43375,0.4729024488157367
42,2025,Q1,0.2895423286696704,0.4271062271062272,0.35000000000000003,0.3881975110397431
42,2025,Q2,0.2743656627934551,0.7208791208791209,0.6166666666666666,0.6772380570052188
42,2025,Q3,0.020156509366848492,0.2018315018315018,0.13874999999999998,0.16258530710558008
43,2015,Q1,0.3666113350723263,0.19487179487179493,0.08791666666666667,0.1336812525090325
43,2015,Q2,0.5677021579321793,0.6296703296703298,0.5770833333333334,0.6081894821356885
43,2015,Q3,0.5050984111927911,0.7644688644688644,0.7350000000000001,0.7575270975511844
43,2015,Q4,0.47189945458857,0.45714285714285724,0.4445833333333333,0.4500200722601365
43,2016,Q1,0.44652596632677255,0.31611721611721616,0.27,0.2886391007627459
43,2016,Q2,0.43087502964192553,0.6219780219780221,0.5549999999999999,0.592934564431955
43,2016,Q3,0.4816220061655205,0.7644688644688644,0.7308333333333333,0.7559213167402651
43,2016,Q4,0.4617026322029879,0.4128205128205129,0.41125000000000006,0.40907266158169414
43,2017,Q1,0.43182357125918897,0.2904761904761905,0.26291666666666663,0.2705740666399037
43,2017,Q2,0.6144178325824046,0.6201465201465202,0.5912499999999999,0.6101967081493377
43,2017,Q3,0.48019919373962533,0.7388278388278389,0.7150000000000001,0.7338418305901245
43,2017,Q4,0.4764050272705715,0.4062271062271062,0.3808333333333333,0.3910076274588519
43,2018,Q1,0.45079440360445816,0.28021978021978017,0.24375,0.2557205941389001
43,2018,Q2,0.47616789186625563,0.6076923076923078,0.5579166666666666,0.5869128863910077
43,2018,Q3,0.5245435143466921,0.7666666666666665,0.7579166666666666,0.7695704536330793
43,2018,Q4,0.5695992411667062,0.3622710622710623,0.3779166666666666,0.36531513448414293
43,2019,Q1,0.4590941427555134,0.2542124542124542,0.1866666666666667,0.21397029305499798
43,2019,Q2,0.626037467393882,0.5978021978021979,0.5679166666666667,0.586109995985548
43,2019,Q3,0.47189945458857,0.7498168498168498,0.7095833333333333,0.7378562826174229
43,2019,Q4,0.5667536163149158,0.38461538461538464,0.3729166666666667,0.3749498193496587
43,2020,Q1,0.43917476879298084,0.31428571428571433,0.27708333333333335,0.2902448815736652
43,2020,Q2,0.44605169551814083,0.6157509157509158,0.5616666666666668,0.592934564431955
43,2020,Q3,0.4882617974863647,0.7567765567765568,0.7270833333333332,0.7498996386993176
43,2020,Q4,0.4849419018259426,0.4300366300366301,0.41833333333333333,0.4219189080690486
43,2021,Q1,0.36637419966801044,0.2827838827838828,0.24124999999999996,0.25572059413889997
43,2021,Q2,0.4484230495612995,0.6435897435897436,0.5945833333333332,0.6238458450421518
43,2021,Q3,0.5847759070429216,0.7355311355311356,0.7504166666666666,0.7494981934965876
43,2021,Q4,0.49205596395541856,0.43296703296703304,0.4354166666666667,0.43195503813729436
43,2022,Q1,0.43087502964192553,0.2754578754578755,0.1925,0.22882376555600162
43,2022,Q2,0.4994071614892103,0.6373626373626374,0.5825,0.6146126053793657
43,2022,Q3,0.5323689826891156,0.7560439560439561,0.73125,0.7511039743075072
43,2022,Q4,0.48375622480436326,0.4483516483516484,0.41500000000000004,0.4307507025291048
43,2023,Q1,0.44723737253972023,0.30952380952380953,0.29541666666666666,0.29666800481734246
43,2023,Q2,0.5084183068532132,0.634065934065934,0.57625,0.6101967081493377
43,2023,Q3,0.6793929333649514,0.7454212454212455,0.7504166666666666,0.7555198715375351
43,2023,Q4,0.5342660659236423,0.43040293040293054,0.4529166666666667,0.43877960658370135
43,2024,Q1,0.4818591415698364,0.3201465201465202,0.3129166666666667,0.31071858691288634
43,2024,Q2,0.5216978894949016,0.6483516483516484,0.6133333333333333,0.6354877559213168
43,2024,Q3,0.5639079914631255,0.7608058608058608,0.7466666666666667,0.7615415495784825
43,2024,Q4,0.43680341474982215,0.4289377289377291,0.4066666666666666,0.41589723002810114
43,2025,Q1,0.4159354991700261,0.27802197802197803,0.22916666666666669,0.24729024488157364
43,2025,Q2,0.5724448660184965,0.6285714285714286,0.5991666666666667,0.6182256122039342
43,2025,Q3,0.10125681764287409,0.136996336996337,0.10458333333333333,0.10999598554797274
44,2015,Q1,0.4396490396016125,0.42820512820512824,0.38,0.4030509835407467
44,2015,Q2,0.548968460991226,0.767032967032967,0.7437499999999999,0.7635487755921316
44,2015,Q3,0.5447000237135404,0.8296703296703297,0.8474999999999999,0.8482537133681253
44,2015,Q4,0.5515769504387006,0.6091575091575091,0.5929166666666668,0.6041750301083902
44,2016,Q1,0.45601138249940715,0.4860805860805862,0.4508333333333333,0.46888799678843845
44,2016,Q2,0.5653308038890207,0.7366300366300366,0.7129166666666666,0.7318346045764754
44,2016,Q3,0.542091534266066,0.8586080586080586,0.8854166666666667,0.8815736651947009
44,2016,Q4,0.4183068532131848,0.5842490842490844,0.53875,0.5648334002408671
44,2017,Q1,0.41569836376571023,0.5238095238095238,0.48125,0.5038137294259334
44,2017,Q2,0.6004268437277686,0.7567765567765568,0.7420833333333333,0.7575270975511843
44,2017,Q3,0.4828076831870998,0.8296703296703297,0.8412499999999999,0.8450421517462865
44,2017,Q4,0.3915105525254921,0.5663003663003663,0.5287499999999999,0.5499799277398636
44,2018,Q1,0.4678681527152003,0.46703296703296704,0.4304166666666666,0.4484142914492172
44,2018,Q2,0.6450082997391511,0.7575091575091576,0.7408333333333333,0.7567242071457246
44,2018,Q3,0.6805786103865307,0.8395604395604396,0.8816666666666666,0.8695303091128062
44,2018,Q4,0.6179748636471426,0.5435897435897437,0.5458333333333334,0.5459654757125653
44,2019,Q1,0.512212473322267,0.47802197802197804,0.4508333333333333,0.4636692091529506
44,2019,Q2,0.5480199193739625,0.7695970695970695,0.7533333333333333,0.7695704536330791
44,2019,Q3,0.43680341474982215,0.8652014652014652,0.8616666666666667,0.8743476515455639
44,2019,Q4,0.49869575527626275,0.5681318681318681,0.5408333333333333,0.5568044961862706
44,2020,Q1,0.49869575527626275,0.5238095238095238,0.5041666666666667,0.5146527498996387
44,2020,Q2,0.6051695518140859,0.7168498168498167,0.7033333333333334,0.7169811320754716
44,2020,Q3,0.6668247569362106,0.8358974358974358,0.8641666666666665,0.8594941790445604
44,2020,Q4,0.5902300213421864,0.5838827838827839,0.5520833333333333,0.5708550782818145
44,2021,Q1,0.4991700260848945,0.4728937728937729,0.4525,0.46246487354476123
44,2021,Q2,0.4401233104102442,0.7483516483516482,0.7054166666666666,0.735046166198314
44,2021,Q3,0.5778989803177614,0.8465201465201465,0.8533333333333335,0.8598956242472904
44,2021,Q4,0.35665164809106004,0.6018315018315019,0.5641666666666667,0.5865114411882778
44,2022,Q1,0.4809105999525729,0.4956043956043957,0.4341666666666667,0.46527498996387
44,2022,Q2,0.5003557031064738,0.7545787545787547,0.7225,0.7462866318747492
44,2022,Q3,0.5221721603035333,0.8380952380952381,0.8520833333333334,0.8550782818145324
44,2022,Q4,0.4818591415698364,0.5553113553113553,0.5129166666666667,0.5367322360497792
44,2023,Q1,0.41783258240455295,0.5388278388278388,0.4991666666666667,0.521075873143316
44,2023,Q2,0.5072326298316339,0.7373626373626373,0.69625,0.7246085909273385
44,2023,Q3,0.5254920559639554,0.8384615384615385,0.8516666666666668,0.8546768366118025
44,2023,Q4,0.43680341474982215,0.5901098901098901,0.5304166666666668,0.5640305098354075
44,2024,Q1,0.5394830448185914,0.516849816849817,0.4720833333333333,0.49538338016860706
44,2024,Q2,0.43798909177140144,0.7747252747252747,0.7504166666666666,0.7711762344439984
44,2024,Q3,0.6419255394830449,0.8395604395604396,0.85625,0.8574869530309114
44,2024,Q4,0.3640028456248518,0.5893772893772895,0.5441666666666667,0.5700521878763549
44,2025,Q1,0.46407398624614654,0.489010989010989,0.43125,0.460457647531112
44,2025,Q2,0.5710220535926014,0.7695970695970695,0.7504166666666666,0.7683661180248896
44,2025,Q3,0.21674175954470004,0.1765567765567765,0.19333333333333327,0.17503010839020475
45,2015,Q1,0.5482570547782785,0.44798534798534806,0.47250000000000003,0.4580489763147331
45,2015,Q2,0.31633862935736307,0.6681318681318682,0.6108333333333333,0.6451224407868326
45,2015,Q3,0.30329618211999054,0.764102564102564,0.7033333333333334,0.7422721798474508
45,2015,Q4,0.7626274602798196,0.4421245421245422,0.47833333333333333,0.45764753111200324
45,2016,Q1,0.6741759544700023,0.41465201465201473,0.45500000000000007,0.4311521477318346
45,2016,Q2,0.3440834716623192,0.6604395604395604,0.6137499999999999,0.6427137695704537
45,2016,Q3,0.30187336969409534,0.7388278388278386,0.68625,0.7201926936973104
45,2016,Q4,0.7500592838510789,0.4179487179487179,0.47333333333333333,0.4415897230028102
45,2017,Q1,0.6848470476642163,0.3417582417582417,0.3808333333333333,0.35568044961862705
45,2017,Q2,0.4360920085368746,0.6175824175824176,0.5854166666666667,0.6057808109193096
45,2017,Q3,0.26250889257766186,0.7879120879120879,0.7095833333333333,0.7587314331593739
45,2017,Q4,0.6770215793217926,0.4150183150183151,0.4520833333333334,0.43075070252910486
45,2018,Q1,0.5918899691723974,0.38937728937728944,0.4216666666666667,0.4018466479325572
45,2018,Q2,0.4138012805311833,0.6315018315018316,0.6004166666666666,0.6206342834203132
45,2018,Q3,0.276262746027982,0.7611721611721611,0.6933333333333334,0.7358490566037738
45,2018,Q4,0.6027981977709271,0.4380952380952381,0.47125000000000006,0.4520272982737856
45,2019,Q1,0.46336258003319897,0.3553113553113553,0.37083333333333335,0.35808912083500605
45,2019,Q2,0.37728242826654024,0.6329670329670329,0.6020833333333334,0.6218386190285027
45,2019,Q3,0.35594024187811246,0.732967032967033,0.7050000000000001,0.7258129265355279
45,2019,Q4,0.4922930993597344,0.4175824175824176,0.45125000000000004,0.4311521477318347
45,2020,Q1,0.6594735594024187,0.4010989010989011,0.4216666666666667,0.4078683259735047
45,2020,Q2,0.3988617500592839,0.617948717948718,0.5845833333333333,0.6049779205138499
45,2020,Q3,0.30329618211999054,0.7663003663003664,0.7029166666666666,0.7434765154556403
45,2020,Q4,0.6163149158169315,0.4391941391941392,0.47458333333333336,0.4544359694901646
45,2021,Q1,0.5947355940241879,0.387912087912088,0.4166666666666667,0.3982336411079888
45,2021,Q2,0.3123073274839934,0.6600732600732601,0.5929166666666668,0.6322761942994781
45,2021,Q3,0.31776144178325827,0.7710622710622711,0.7133333333333333,0.7507025291047772
45,2021,Q4,0.7204173583115959,0.4216117216117216,0.46333333333333326,0.4391810517864312
45,2022,Q1,0.5394830448185914,0.3937728937728939,0.41541666666666666,0.4006423123243677
45,2022,Q2,0.5133981503438464,0.5684981684981686,0.5583333333333333,0.5656362906463268
45,2022,Q3,0.25539483044818595,0.8010989010989011,0.7270833333333334,0.7743877960658369
45,2022,Q4,0.6020867915579797,0.4197802197802199,0.43208333333333326,0.42352468887996797
45,2023,Q1,0.484230495612995,0.37472527472527484,0.4020833333333334,0.38418305901244476
45,2023,Q2,0.3770452928622244,0.6402930402930402,0.6004166666666666,0.6246487354476115
45,2023,Q3,0.3092245672278871,0.7703296703296703,0.7120833333333334,0.7503010839020473
45,2023,Q4,0.583827365425658,0.4465201465201466,0.49124999999999996,0.46647932557205946
45,2024,Q1,0.5714963244012331,0.39120879120879115,0.42666666666666675,0.4054596547571257
45,2024,Q2,0.37941664690538296,0.6142857142857143,0.5708333333333334,0.5965475712565235
45,2024,Q3,0.2895423286696704,0.7864468864468864,0.7229166666666667,0.7639502207948616
45,2024,Q4,0.6699075171923169,0.44358974358974357,0.48875,0.46366920915295073
45,2025,Q1,0.5198008062603747,0.38131868131868135,0.4054166666666667,0.388598956242473
45,2025,Q2,0.3175243063789424,0.6487179487179487,0.5883333333333333,0.623444399839422
45,2025,Q3,0.022053592601375422,0.14835164835164835,0.10666666666666666,0.11762344439983936
46,2015,Q1,0.47545648565330806,0.368864468864469,0.32166666666666666,0.34203131272581294
46,2015,Q2,0.5850130424472373,0.7439560439560439,0.6995833333333333,0.7298273785628263
46,2015,Q3,0.5397201802229072,0.8051282051282052,0.8037500000000002,0.8133279807306303
46,2015,Q4,0.45767133032961815,0.5831501831501833,0.5525,0.5704536330790847
46,2016,Q1,0.4346691961109793,0.4428571428571429,0.39875,0.41951023685266964
46,2016,Q2,0.5861987194688167,0.7216117216117215,0.6725000000000001,0.7045363307908471
46,2016,Q3,0.4970358074460517,0.8428571428571427,0.8358333333333334,0.8498594941790445
46,2016,Q4,0.4626511738202514,0.5468864468864469,0.5095833333333333,0.5299076676033722
46,2017,Q1,0.48375622480436326,0.47582417582417585,0.4520833333333333,0.46326776395022085
46,2017,Q2,0.5869101256817643,0.7322344322344322,0.695,0.7213970293054998
46,2017,Q3,0.49822148446763104,0.7967032967032965,0.7904166666666667,0.8020875150541951
46,2017,Q4,0.4507944036044581,0.5285714285714287,0.49000000000000005,0.5106382978723404
46,2018,Q1,0.5565567939293337,0.4194139194139195,0.38916666666666666,0.4022480931352871
46,2018,Q2,0.6376571022053593,0.7274725274725273,0.6945833333333333,0.718988358089121
46,2018,Q3,0.7026322029879061,0.817948717948718,0.8412500000000002,0.8382175832998795
46,2018,Q4,0.5518140858430164,0.501098901098901,0.50625,0.5038137294259334
46,2019,Q1,0.5098411192791084,0.43150183150183147,0.4074999999999999,0.41790445604175036
46,2019,Q2,0.5688878349537586,0.7366300366300366,0.7054166666666666,0.7286230429546368
46,2019,Q3,0.4417832582404553,0.8443223443223443,0.8150000000000001,0.8402248093135287
46,2019,Q4,0.5283376808157457,0.5373626373626375,0.49416666666666664,0.5178643115214774
46,2020,Q1,0.5335546597106948,0.476923076923077,0.4604166666666667,0.46808510638297873
46,2020,Q2,0.6409769978657814,0.6860805860805862,0.6541666666666667,0.6756322761942994
46,2020,Q3,0.5364002845624852,0.817948717948718,0.8166666666666668,0.8261742272179847
46,2020,Q4,0.4690538297367797,0.53992673992674,0.50625,0.5246888799678844
46,2021,Q1,0.4799620583353094,0.42857142857142855,0.40625,0.41549578482537136
46,2021,Q2,0.4937159117856296,0.7124542124542124,0.6591666666666668,0.6932958651144119
46,2021,Q3,0.5442257529049087,0.8161172161172161,0.8125,0.8233641107988761
46,2021,Q4,0.39672753142044104,0.5633699633699635,0.5270833333333333,0.5475712565234846
46,2022,Q1,0.5024899217453166,0.4399267399267399,0.37041666666666667,0.40425531914893614
46,2022,Q2,0.5494427317998577,0.726007326007326,0.6720833333333334,0.7065435568044962
46,2022,Q3,0.5845387716386057,0.7996336996336996,0.8083333333333333,0.8125250903251705
46,2022,Q4,0.43917476879298084,0.5190476190476191,0.4654166666666667,0.4941790445604175
46,2023,Q1,0.45553711169077543,0.48681318681318686,0.4525,0.46969088719389807
46,2023,Q2,0.4635997154375148,0.7131868131868132,0.6408333333333334,0.6848655158570855
46,2023,Q3,0.5330803889020631,0.804029304029304,0.805,0.8133279807306303
46,2023,Q4,0.40431586435854877,0.5487179487179488,0.5016666666666667,0.5270975511842634
46,2024,Q1,0.5022527863410007,0.4721611721611722,0.43624999999999997,0.453633079084705
46,2024,Q2,0.5093668484704766,0.7509157509157509,0.7108333333333333,0.739462063428342
46,2024,Q3,0.4771164334835191,0.8355311355311356,0.8025,0.8289843436370933
46,2024,Q4,0.4142755513398151,0.550915750915751,0.5058333333333334,0.5307105580088319
46,2025,Q1,0.4688166943324638,0.4307692307692308,0.3745833333333334,0.4014452027298274
46,2025,Q2,0.6137064263694569,0.7351648351648351,0.6991666666666666,0.7242071457246086
46,2025,Q3,0.16267488736068295,0.16959706959706963,0.17083333333333336,0.16057808109193097
47,2015,Q1,0.26606592364239984,0.22564102564102562,0.1675,0.18908069048574866
47,2015,Q2,0.5115010671093195,0.6556776556776557,0.60875,0.6378964271376957
47,2015,Q3,0.505335546597107,0.7677655677655677,0.7633333333333333,0.7735849056603772
47,2015,Q4,0.4728479962058335,0.4494505494505495,0.46208333333333335,0.4540345242874348
47,2016,Q1,0.35878586672990276,0.28974358974358977,0.27749999999999997,0.2773986350863107
47,2016,Q2,0.47830211050509835,0.650915750915751,0.6100000000000001,0.6354877559213168
47,2016,Q3,0.6151292387953521,0.7717948717948716,0.7825,0.7848253713368124
47,2016,Q4,0.3867678444391748,0.4252747252747253,0.4262499999999999,0.42312324367723814
47,2017,Q1,0.3533317524306379,0.29853479853479853,0.28250000000000003,0.2846246487354476
47,2017,Q2,0.5930756461939768,0.6490842490842491,0.6158333333333333,0.6374949819349659
47,2017,Q3,0.47427080863172866,0.7582417582417582,0.7412500000000001,0.7575270975511843
47,2017,Q4,0.3751482096276974,0.3747252747252747,0.37333333333333335,0.3701324769169008
47,2018,Q1,0.3123073274839934,0.25531135531135535,0.19458333333333336,0.2187876354877559
47,2018,Q2,0.5266777329855348,0.6413919413919414,0.5970833333333333,0.6242472902448816
47,2018,Q3,0.5748162200616552,0.7703296703296704,0.7641666666666668,0.7747892412685669
47,2018,Q4,0.4334835190894001,0.3498168498168498,0.37958333333333333,0.3592934564431955
47,2019,Q1,0.3658999288593787,0.21978021978021978,0.16291666666666668,0.18386190285026097
47,2019,Q2,0.5390087740099596,0.6175824175824176,0.5883333333333333,0.6073865917302288
47,2019,Q3,0.603272468579559,0.7619047619047619,0.7675,0.7723805700521879
47,2019,Q4,0.4531657576476168,0.35750915750915757,0.37666666666666665,0.3621035728623043
47,2020,Q1,0.346217690301162,0.2923076923076924,0.27041666666666664,0.27498996386993174
47,2020,Q2,0.49276737016836614,0.6362637362637364,0.5974999999999999,0.6214371738257729
47,2020,Q3,0.5119753379179511,0.7630036630036631,0.7550000000000001,0.7667603372139703
47,2020,Q4,0.36471425183779943,0.3989010989010989,0.39125000000000004,0.3918105178643116
47,2021,Q1,0.31135878586672994,0.273992673992674,0.23166666666666663,0.24648735447611403
47,2021,Q2,0.4455774247095092,0.6673992673992675,0.6275000000000001,0.6535527900441591
47,2021,Q3,0.5079440360445814,0.7805860805860806,0.7541666666666667,0.7759935768767564
47,2021,Q4,0.34882617974863644,0.43040293040293054,0.4229166666666667,0.4243275792854276
47,2022,Q1,0.32914394119041973,0.22930402930402932,0.16333333333333333,0.18908069048574871
47,2022,Q2,0.47118804837562245,0.6307692307692309,0.6075000000000002,0.6230429546366921
47,2022,Q3,0.4927673701683662,0.7619047619047619,0.7533333333333333,0.7659574468085106
47,2022,Q4,0.37728242826654024,0.3937728937728938,0.3770833333333333,0.38217583299879565
47,2023,Q1,0.38178800094854165,0.2813186813186814,0.26958333333333334,0.2685668406262545
47,2023,Q2,0.40502727057149635,0.6663003663003663,0.6083333333333334,0.6435166599759132
47,2023,Q3,0.45980554896846104,0.773992673992674,0.7583333333333332,0.7743877960658369
47,2023,Q4,0.37230258477590705,0.43626373626373627,0.44791666666666663,0.43998394219189085
47,2024,Q1,0.32653545174294524,0.33919413919413927,0.32125,0.32557205941389
47,2024,Q2,0.6165520512212475,0.6608058608058608,0.63,0.65114411882778
47,2024,Q3,0.4607540905857244,0.7816849816849816,0.75875,0.778803693295865
47,2024,Q4,0.3779938344794878,0.4380952380952382,0.4295833333333333,0.4319550381372943
47,2025,Q1,0.33222670144652594,0.2761904761904762,0.21500000000000002,0.23966278602970692
47,2025,Q2,0.498221484467631,0.6472527472527474,0.6100000000000001,0.6330790847049378
47,2025,Q3,0.1856770215793218,0.13553113553113552,0.13750000000000004,0.1252509032517061
48,2015,Q1,0.2769741522409296,0.38791208791208787,0.3,0.34203131272581294
48,2015,Q2,0.4202039364477116,0.6157509157509159,0.5375,0.5812926535527901
48,2015,Q3,0.29926488024662085,0.7772893772893773,0.6566666666666666,0.7270172621437174
48,2015,Q4,0.3047189945458857,0.4102564102564103,0.3370833333333333,0.3725411481332798
48,2016,Q1,0.313018733696941,0.3611721611721613,0.29375,0.3243677238057005
48,2016,Q2,0.35997154375148216,0.6326007326007327,0.5366666666666667,0.5901244480128462
48,2016,Q3,0.30946170263220296,0.7692307692307693,0.6483333333333333,0.7193898032918508
48,2016,Q4,0.33222670144652594,0.4230769230769231,0.3329166666666667,0.3769570453633078
48,2017,Q1,0.3580744605169552,0.34285714285714286,0.27791666666666665,0.3067041348855881
48,2017,Q2,0.3611572207730614,0.6164835164835164,0.5204166666666666,0.5732637494981936
48,2017,Q3,0.32392696229547074,0.7677655677655677,0.6579166666666667,0.7226013649136893
48,2017,Q4,0.30424472373725403,0.4168498168498168,0.3329166666666667,0.3737454837414693
48,2018,Q1,0.3096988380365189,0.3274725274725274,0.2445833333333333,0.2818145323163388
48,2018,Q2,0.38344794877875266,0.634065934065934,0.53125,0.5881172219991971
48,2018,Q3,0.2883566516480911,0.7827838827838827,0.65375,0.7290244881573666
48,2018,Q4,0.3056675361631492,0.37692307692307697,0.3070833333333333,0.33962264150943394
48,2019,Q1,0.31088451505809817,0.2835164835164835,0.20374999999999996,0.23805700521878764
48,2019,Q2,0.40147023950675836,0.5787545787545788,0.5066666666666666,0.5459654757125653
48,2019,Q3,0.32819539957315624,0.7728937728937728,0.66125,0.7270172621437175
48,2019,Q4,0.29926488024662085,0.3673992673992674,0.28750000000000003,0.3247691690084304
48,2020,Q1,0.3035333175243064,0.32344322344322346,0.25125000000000003,0.2838217583299879
48,2020,Q2,0.3267725871472611,0.6153846153846154,0.50625,0.5664391810517866
48,2020,Q3,0.26914868389850605,0.7989010989010987,0.6504166666666666,0.7358490566037738
48,2020,Q4,0.2833768081574579,0.42600732600732605,0.3154166666666667,0.3705339221196307
48,2021,Q1,0.3035333175243064,0.3128205128205128,0.22874999999999995,0.2669610598153352
48,2021,Q2,0.31539008774009963,0.6347985347985348,0.5183333333333333,0.5828984343637094
48,2021,Q3,0.30732748399336024,0.7996336996336995,0.6695833333333334,0.7458851866720192
48,2021,Q4,0.31942138961346933,0.435897435897436,0.37041666666666667,0.4022480931352871
48,2022,Q1,0.27768555845387716,0.33589743589743587,0.22791666666666668,0.27900441589723
48,2022,Q2,0.3594972729428504,0.5901098901098901,0.48958333333333337,0.5443596949016459
48,2022,Q3,0.3120701920796775,0.8117216117216118,0.6870833333333334,0.7607386591730229
48,2022,Q4,0.3047189945458857,0.38131868131868135,0.2875,0.3327980730630269
48,2023,Q1,0.31894711880483756,0.2681318681318682,0.19291666666666665,0.22480931352870331
48,2023,Q2,0.3957789898031776,0.5970695970695972,0.5166666666666667,0.5608189482135688
48,2023,Q3,0.3369694095328432,0.7743589743589744,0.66625,0.7302288237655561
48,2023,Q4,0.3009248280768319,0.4344322344322344,0.35083333333333333,0.3918105178643116
48,2024,Q1,0.3137301399098886,0.3395604395604396,0.25875000000000004,0.29546366920915296
48,2024,Q2,0.33554659710694806,0.6241758241758242,0.5175,0.5764753111200323
48,2024,Q3,0.28622243300924827,0.804029304029304,0.66375,0.7454837414692894
48,2024,Q4,0.2847996205833531,0.4531135531135532,0.36083333333333334,0.40706543556804503
48,2025,Q1,0.3179985771875741,0.32051282051282054,0.23083333333333336,0.27177840224809313
48,2025,Q2,0.33910362817168604,0.6333333333333333,0.5204166666666666,0.5824969891609796
48,2025,Q3,0.040075883329381085,0.15787545787545784,0.07333333333333333,0.10638297872340427
49,2015,Q1,0.5183779938344795,0.7131868131868132,0.75875,0.7414692894419911
49,2015,Q2,0.5916528337680816,0.7322344322344322,0.8045833333333334,0.7735849056603772
49,2015,Q3,0.908940004742708,0.7791208791208791,0.8670833333333334,0.8293857888398233
49,2015,Q4,0.7612046478539247,0.7465201465201464,0.8245833333333333,0.7916499397832194
49,2016,Q1,0.4036044581456012,0.7201465201465201,0.7670833333333333,0.7490967482938579
49,2016,Q2,0.6525966326772588,0.7311355311355311,0.8166666666666668,0.778803693295865
49,2016,Q3,0.7505335546597107,0.765934065934066,0.85125,0.8149337615415495
49,2016,Q4,0.7538534503201328,0.7227106227106227,0.8104166666666668,0.7715776796467282
49,2017,Q1,0.4934787763813137,0.7128205128205127,0.7704166666666667,0.746688077077479
49,2017,Q2,0.5409058572444866,0.7402930402930402,0.8120833333333334,0.7812123645122442
49,2017,Q3,0.44225752904908705,0.7706959706959706,0.8462500000000001,0.8149337615415495
49,2017,Q4,0.8129001659947831,0.7183150183150182,0.8012499999999999,0.7639502207948616
49,2018,Q1,0.7649988143229784,0.6963369963369965,0.7766666666666667,0.7410678442392613
49,2018,Q2,0.7287170974626511,0.7326007326007326,0.8237500000000001,0.7828181453231634
49,2018,Q3,1.0,0.7688644688644689,0.8595833333333334,0.8201525491770373
49,2018,Q4,0.7346454825705478,0.7347985347985347,0.8183333333333334,0.7820152549177039
49,2019,Q1,0.5755276262746027,0.6945054945054945,0.7558333333333334,0.7298273785628263
49,2019,Q2,0.5760018970832346,0.7476190476190476,0.8208333333333334,0.7900441589723002
49,2019,Q3,0.6075409058572444,0.7835164835164835,0.8691666666666666,0.8329987956643917
49,2019,Q4,0.6293573630543041,0.7516483516483518,0.8333333333333334,0.7980730630268968
49,2020,Q1,0.8937633388664927,0.7010989010989012,0.78125,0.7458851866720194
49,2020,Q2,0.4429689352620346,0.7413919413919414,0.8154166666666667,0.7840224809313528
49,2020,Q3,0.5008299739151055,0.7703296703296704,0.8483333333333334,0.8157366519470091
49,2020,Q4,0.5845387716386057,0.7461538461538461,0.8245833333333333,0.7908470493777598
49,2021,Q1,0.9343134930045055,0.6959706959706962,0.7762499999999999,0.7406663990365315
49,2021,Q2,0.4275551339815034,0.7278388278388278,0.7995833333333333,0.7687675632276195
49,2021,Q3,0.5055726820014229,0.7575091575091576,0.8400000000000001,0.8044961862705741
49,2021,Q4,0.6480910599952573,0.7307692307692307,0.8079166666666667,0.7747892412685669
49,2022,Q1,0.3658999288593787,0.7205128205128205,0.7708333333333334,0.7511039743075071
49,2022,Q2,0.4654967986720417,0.7336996336996336,0.8116666666666668,0.7784022480931352
49,2022,Q3,0.4273179985771876,0.7666666666666666,0.8366666666666667,0.8077077478924126
49,2022,Q4,0.5456485653308039,0.7399267399267401,0.8145833333333334,0.7828181453231634
49,2023,Q1,0.7986720417358312,0.7080586080586081,0.7841666666666667,0.7503010839020473
49,2023,Q2,0.5558453877163861,0.724175824175824,0.8041666666666668,0.7691690084303491
49,2023,Q3,0.42589518615129235,0.7695970695970695,0.8429166666666668,0.8129265355279003
49,2023,Q4,0.5243063789423762,0.7373626373626374,0.8116666666666668,0.7800080289040544
49,2024,Q1,0.4358548731325587,0.698901098901099,0.7725000000000001,0.739863508631072
49,2024,Q2,0.5956841356414514,0.7300366300366301,0.8141666666666667,0.7771979124849459
49,2024,Q3,0.6286459568413564,0.7630036630036631,0.8462500000000001,0.8105178643115215
49,2024,Q4,0.5145838273654257,0.7406593406593407,0.8150000000000001,0.7832195905258932
49,2025,Q1,0.49988143229784204,0.7153846153846153,0.7795833333333333,0.7523083099156966
49,2025,Q2,0.47853924590941427,0.7333333333333332,0.8150000000000001,0.7796065837013246
49,2025,Q3,0.10860801517666589,0.11794871794871788,0.17083333333333336,0.13207547169811323
50,2015,Q1,0.398624614654968,0.13369963369963367,0.12250000000000001,0.11682055399437978
50,2015,Q2,0.3832108133744368,0.4787545787545789,0.47624999999999995,0.47691690084303495
50,2015,Q3,0.582167417595447,0.5208791208791209,0.57125,0.5455640305098355
50,2015,Q4,0.4918188285511027,0.19340659340659339,0.2333333333333333,0.20313127258129263
50,2016,Q1,0.4026559165283377,0.19157509157509162,0.2029166666666667,0.1874749096748294
50,2016,Q2,0.4078728954232867,0.49157509157509166,0.4945833333333334,0.4921718185467684
50,2016,Q3,0.5883329381076594,0.5564102564102564,0.60375,0.5804897631473305
50,2016,Q4,0.3851078966089637,0.17216117216117213,0.19083333333333335,0.17141710156563633
50,2017,Q1,0.3787052406924354,0.07326007326007326,0.02708333333333334,0.0381372942593336
50,2017,Q2,0.3625800331989566,0.4652014652014653,0.46375,0.462866318747491
50,2017,Q3,0.5762390324875504,0.5454212454212455,0.5983333333333334,0.572059413890004
50,2017,Q4,0.4899217453165758,0.22271062271062275,0.2654166666666667,0.23524688879967884
50,2018,Q1,0.38155086554422574,0.13589743589743591,0.13416666666666668,0.12364512244078682
50,2018,Q2,0.41759544700023715,0.4340659340659341,0.45166666666666677,0.4403853873946207
50,2018,Q3,0.5077069006402656,0.5501831501831503,0.5966666666666667,0.5740666399036533
50,2018,Q4,0.49679867204173583,0.21172161172161175,0.25375000000000003,0.2228020875150542
50,2019,Q1,0.3976760730377045,0.1813186813186813,0.18333333333333332,0.17262143717382578
50,2019,Q2,0.37087977235001185,0.4765567765567766,0.4804166666666667,0.4777197912484947
50,2019,Q3,0.5039127341712119,0.5706959706959707,0.61125,0.5921316740264955
50,2019,Q4,0.5335546597106948,0.19267399267399268,0.2354166666666667,0.20393416298675232
50,2020,Q1,0.3964903960161252,0.032234432234432245,0.0,0.0024086712163789666
50,2020,Q2,0.4017073749110742,0.4604395604395605,0.4641666666666667,0.46085909273384185
50,2020,Q3,0.5072326298316339,0.5428571428571429,0.5870833333333334,0.565234845443597
50,2020,Q4,0.4991700260848945,0.1860805860805861,0.21541666666666667,0.19068647129666802
50,2021,Q1,0.4128527389139199,0.08095238095238094,0.05791666666666667,0.05700521878763548
50,2021,Q2,0.3870049798434906,0.4417582417582418,0.4333333333333334,0.4359694901645926
50,2021,Q3,0.5359260137538534,0.5201465201465203,0.5745833333333333,0.5467683661180249
50,2021,Q4,0.48636471425183775,0.13113553113553117,0.15500000000000003,0.13167402649538337
50,2022,Q1,0.4726108608015177,0.09926739926739929,0.09333333333333334,0.08430349257326375
50,2022,Q2,0.30732748399336024,0.4571428571428571,0.4370833333333334,0.4464070654355681
50,2022,Q3,0.6284088214370406,0.5296703296703297,0.5916666666666666,0.5604175030108391
50,2022,Q4,0.5160066397913209,0.17765567765567764,0.2104166666666667,0.18346045764753116
50,2023,Q1,0.41166706189234054,0.11465201465201469,0.10083333333333333,0.09634684865515858
50,2023,Q2,0.41166706189234054,0.40293040293040305,0.40541666666666665,0.4014452027298274
50,2023,Q3,0.5470713777566991,0.5465201465201466,0.60625,0.5764753111200323
50,2023,Q4,0.538534503201328,0.18754578754578755,0.21500000000000002,0.19148936170212766
50,2024,Q1,0.41356414512686746,0.10329670329670328,0.09833333333333334,0.08871938980329186
50,2024,Q2,0.3644771164334835,0.4501831501831502,0.45375,0.4504215174628664
50,2024,Q3,0.5781361157220773,0.5241758241758242,0.5854166666666667,0.5543958249698918
50,2024,Q4,0.44249466445340296,0.18608058608058606,0.22374999999999998,0.19470092332396624
50,2025,Q1,0.4114299264880247,0.16043956043956045,0.15833333333333335,0.1493376154154958
50,2025,Q2,0.4325349774721366,0.43699633699633705,0.45541666666666664,0.4439983942191892
50,2025,Q3,0.15722077306141807,0.0,0.031249999999999972,0.0
