State,City,ApiaryID,HiveID,InsptDate,Is_First_Inspection,Days_Since_Last_Inspection,Hive_Age_Days,Prev_Brood_Status,Prev_Bees_Status,Prev_Queen_Status,Prev_Food_Status,Prev_Stressors_Status,Prev_Space_Status,Prev_Health_Status,Healthy
NC,Durham,1,1,2016-06-15,1,,0,,,,,,,,0
NC,Durham,1,1,2016-07-22,0,37.0,37,1.0,1.0,1.0,1.0,0.0,1.0,0.0,0
NC,Durham,1,1,2016-08-01,0,10.0,47,1.0,1.0,1.0,1.0,0.0,1.0,0.0,1
NC,Durham,1,1,2016-08-08,0,7.0,54,1.0,1.0,1.0,1.0,1.0,1.0,1.0,1
NC,Durham,1,1,2016-08-15,0,7.0,61,1.0,1.0,1.0,1.0,1.0,1.0,1.0,0
NC,Durham,1,1,2016-08-22,0,7.0,68,1.0,1.0,1.0,1.0,0.0,1.0,0.0,1
NC,Durham,1,1,2016-08-29,0,7.0,75,1.0,1.0,1.0,1.0,1.0,1.0,1.0,1
NC,Durham,1,1,2016-09-08,0,10.0,85,1.0,1.0,1.0,1.0,1.0,1.0,1.0,0
NC,Durham,1,1,2016-09-16,0,8.0,93,1.0,1.0,1.0,0.0,0.0,1.0,0.0,1
NC,Durham,1,1,2016-09-27,0,11.0,104,1.0,1.0,1.0,1.0,1.0,1.0,1.0,0
NC,Durham,1,1,2016-10-04,0,7.0,111,1.0,1.0,1.0,1.0,0.0,1.0,0.0,0
NC,Durham,1,1,2016-10-11,0,7.0,118,1.0,1.0,1.0,0.0,0.0,1.0,0.0,0
NC,Durham,1,1,2016-10-24,0,13.0,131,1.0,1.0,1.0,0.0,0.0,1.0,0.0,0
NC,Durham,1,1,2017-03-07,0,134.0,265,1.0,1.0,1.0,1.0,0.0,1.0,0.0,0
NC,Durham,1,2,2016-07-28,1,,0,,,,,,,,0
NC,Durham,1,2,2016-08-01,0,4.0,4,1.0,1.0,1.0,0.0,0.0,1.0,0.0,0
NC,Durham,1,2,2016-08-08,0,7.0,11,1.0,0.0,1.0,0.0,0.0,0.0,0.0,0
NC,Durham,1,3,2017-02-08,1,,0,,,,,,,,0
NC,Durham,1,4,2016-03-18,1,,0,,,,,,,,0
NC,Durham,1,4,2016-03-24,0,6.0,6,1.0,1.0,1.0,1.0,0.0,1.0,0.0,1
NC,Durham,1,4,2016-06-15,0,83.0,89,1.0,1.0,1.0,1.0,1.0,1.0,1.0,0
NC,Durham,1,4,2016-07-28,0,43.0,132,0.0,1.0,0.0,1.0,0.0,1.0,0.0,0
NC,Durham,1,4,2016-08-02,0,5.0,137,1.0,1.0,1.0,1.0,0.0,1.0,0.0,0
NC,Durham,1,4,2016-08-05,0,3.0,140,1.0,1.0,1.0,1.0,0.0,1.0,0.0,0
NC,Durham,1,4,2016-08-09,0,4.0,144,0.0,0.0,1.0,1.0,0.0,1.0,0.0,0
NC,Durham,1,4,2016-08-16,0,7.0,151,0.0,0.0,1.0,1.0,0.0,1.0,0.0,0
NC,Durham,1,4,2016-08-23,0,7.0,158,1.0,0.0,1.0,1.0,0.0,1.0,0.0,0
NC,Durham,1,4,2016-08-29,0,6.0,164,1.0,1.0,1.0,1.0,0.0,0.0,0.0,0
NC,Durham,1,4,2016-09-06,0,8.0,172,0.0,0.0,0.0,0.0,0.0,1.0,0.0,0
NC,Durham,1,4,2016-09-14,0,8.0,180,0.0,0.0,0.0,0.0,0.0,1.0,0.0,0
NC,Durham,1,4,2016-09-27,0,13.0,193,1.0,0.0,0.0,1.0,0.0,0.0,0.0,0
NC,Durham,1,4,2016-10-04,0,7.0,200,0.0,0.0,0.0,1.0,0.0,0.0,0.0,0
NC,Durham,1,4,2016-10-11,0,7.0,207,0.0,1.0,0.0,0.0,0.0,1.0,0.0,0
NC,Durham,1,4,2016-10-24,0,13.0,220,1.0,1.0,1.0,0.0,0.0,0.0,0.0,0
NC,Durham,1,4,2017-03-07,0,134.0,354,1.0,1.0,1.0,1.0,0.0,1.0,0.0,0
NC,Durham,1,4,2017-03-24,0,17.0,371,1.0,1.0,0.0,1.0,1.0,0.0,0.0,0
NC,Durham,1,4,2017-03-29,0,5.0,376,1.0,1.0,1.0,1.0,1.0,0.0,0.0,0
NC,Durham,1,4,2017-04-04,0,6.0,382,1.0,1.0,1.0,1.0,0.0,1.0,0.0,0
NC,Durham,1,4,2017-04-10,0,6.0,388,1.0,1.0,1.0,1.0,1.0,0.0,0.0,1
NC,Durham,1,4,2017-04-21,0,11.0,399,1.0,1.0,1.0,1.0,1.0,1.0,1.0,1
NC,Durham,1,4,2017-04-28,0,7.0,406,1.0,1.0,1.0,1.0,1.0,1.0,1.0,1
NC,Durham,1,4,2017-05-02,0,4.0,410,1.0,1.0,1.0,1.0,1.0,1.0,1.0,0
NC,Durham,1,4,2017-05-08,0,6.0,416,1.0,0.5,1.0,1.0,0.0,1.0,0.0,0
NC,Durham,1,4,2017-05-10,0,2.0,418,0.0,0.0,1.0,0.0,0.0,0.0,0.0,0
NC,Durham,1,4,2017-05-16,0,6.0,424,0.0,0.0,1.0,1.0,0.0,0.0,0.0,0
NC,Durham,1,4,2017-05-25,0,9.0,433,1.0,1.0,1.0,1.0,0.0,0.0,0.0,0
NC,Durham,1,4,2017-06-06,0,12.0,445,1.0,1.0,1.0,1.0,0.0,0.0,0.0,0
NC,Durham,1,4,2017-06-12,0,6.0,451,1.0,0.0,1.0,1.0,0.0,1.0,0.0,0
NC,Durham,1,4,2017-06-23,0,11.0,462,1.0,0.0,1.0,1.0,0.0,1.0,0.0,0
NC,Durham,1,4,2017-06-26,0,3.0,465,1.0,1.0,1.0,1.0,0.0,1.0,0.0,0
NC,Durham,1,4,2017-07-03,0,7.0,472,1.0,1.0,1.0,1.0,0.0,1.0,0.0,1
NC,Durham,1,4,2017-07-11,0,8.0,480,1.0,1.0,1.0,1.0,1.0,1.0,1.0,1
NC,Durham,1,4,2017-07-25,0,14.0,494,1.0,1.0,1.0,1.0,1.0,1.0,1.0,1
NC,Durham,1,4,2017-08-07,0,13.0,507,1.0,1.0,1.0,1.0,1.0,1.0,1.0,0
NC,Durham,1,4,2017-08-18,0,11.0,518,1.0,1.0,1.0,1.0,0.0,1.0,0.0,0
NC,Durham,1,4,2017-08-24,0,6.0,524,1.0,1.0,1.0,1.0,1.0,0.0,0.0,1
NC,Durham,1,4,2017-08-30,0,6.0,530,1.0,1.0,1.0,1.0,1.0,1.0,1.0,0
NC,Durham,1,4,2017-09-05,0,6.0,536,1.0,1.0,1.0,1.0,0.0,1.0,0.0,0
NC,Durham,1,4,2017-09-13,0,8.0,544,1.0,1.0,1.0,1.0,0.0,1.0,0.0,1
NC,Durham,1,4,2017-09-19,0,6.0,550,1.0,1.0,1.0,1.0,1.0,1.0,1.0,0
NC,Durham,1,4,2017-09-25,0,6.0,556,1.0,1.0,1.0,1.0,0.0,1.0,0.0,1
NC,Durham,1,4,2017-10-03,0,8.0,564,1.0,1.0,1.0,1.0,1.0,1.0,1.0,1
NC,Durham,1,4,2017-10-10,0,7.0,571,1.0,1.0,1.0,1.0,1.0,1.0,1.0,0
NC,Durham,1,4,2017-10-12,0,2.0,573,1.0,1.0,1.0,1.0,0.0,0.0,0.0,0
NC,Durham,1,4,2017-10-17,0,5.0,578,1.0,1.0,1.0,1.0,0.0,1.0,0.0,0
NC,Durham,1,4,2017-10-24,0,7.0,585,1.0,1.0,1.0,1.0,0.0,1.0,0.0,0
NC,Durham,1,4,2017-11-03,0,10.0,595,0.0,1.0,1.0,1.0,0.0,1.0,0.0,0
NC,Durham,1,5,2016-08-01,1,,0,,,,,,,,0
NC,Durham,1,5,2016-08-08,0,7.0,7,1.0,1.0,1.0,1.0,0.0,1.0,0.0,0
NC,Durham,1,5,2016-08-15,0,7.0,14,1.0,1.0,1.0,0.0,0.0,1.0,0.0,0
NC,Durham,1,5,2016-08-22,0,7.0,21,1.0,1.0,0.0,1.0,0.0,1.0,0.0,0
NC,Durham,1,5,2016-08-29,0,7.0,28,1.0,1.0,0.0,0.0,0.0,1.0,0.0,0
NC,Durham,1,5,2016-09-08,0,10.0,38,1.0,1.0,0.0,1.0,1.0,1.0,0.0,0
NC,Durham,1,5,2016-09-16,0,8.0,46,1.0,1.0,0.0,0.0,1.0,1.0,0.0,0
NC,Durham,1,5,2016-09-27,0,11.0,57,1.0,1.0,0.0,1.0,1.0,1.0,0.0,0
NC,Durham,1,5,2016-10-04,0,7.0,64,1.0,1.0,0.0,1.0,0.0,1.0,0.0,0
NC,Durham,1,5,2016-10-11,0,7.0,71,1.0,1.0,0.0,1.0,0.0,1.0,0.0,0
NC,Durham,1,5,2016-10-24,0,13.0,84,1.0,1.0,1.0,1.0,0.0,1.0,0.0,0
NC,Durham,1,5,2017-03-07,0,134.0,218,1.0,1.0,1.0,1.0,0.0,1.0,0.0,0
NC,Durham,1,5,2017-03-24,0,17.0,235,0.0,1.0,0.0,1.0,0.0,1.0,0.0,0
NC,Durham,1,5,2017-03-29,0,5.0,240,0.0,1.0,0.5,1.0,0.0,0.0,0.0,0
NC,Durham,1,5,2017-04-04,0,6.0,246,0.0,0.0,1.0,1.0,0.0,0.0,0.0,0
NC,Durham,1,5,2017-04-10,0,6.0,252,0.0,0.0,1.0,1.0,0.0,1.0,0.0,0
NC,Durham,1,5,2017-04-21,0,11.0,263,1.0,1.0,1.0,1.0,0.0,0.0,0.0,0
NC,Durham,1,5,2017-04-28,0,7.0,270,1.0,1.0,1.0,1.0,0.0,0.0,0.0,0
NC,Durham,1,5,2017-05-02,0,4.0,274,0.0,1.0,0.0,1.0,0.0,1.0,0.0,0
NC,Durham,1,5,2017-05-08,0,6.0,280,1.0,1.0,1.0,1.0,0.0,0.0,0.0,0
NC,Durham,1,5,2017-05-16,0,8.0,288,1.0,0.0,1.0,1.0,0.0,1.0,0.0,0
NC,Durham,1,6,2017-05-25,1,,0,,,,,,,,0
NC,Durham,1,7,2016-03-08,1,,0,,,,,,,,0
NC,Durham,1,7,2016-03-18,0,10.0,10,1.0,1.0,1.0,1.0,0.0,1.0,0.0,0
NC,Durham,1,7,2016-03-24,0,6.0,16,0.0,1.0,1.0,1.0,1.0,1.0,0.0,0
NC,Durham,1,7,2016-04-25,0,32.0,48,0.0,1.0,1.0,1.0,0.0,1.0,0.0,0
NC,Durham,1,7,2016-04-27,0,2.0,50,0.0,1.0,0.0,1.0,0.0,0.0,0.0,0
NC,Durham,1,7,2016-06-15,0,49.0,99,0.0,1.0,0.0,1.0,1.0,1.0,0.0,0
NC,Durham,1,7,2016-07-22,0,37.0,136,1.0,1.0,1.0,1.0,0.0,1.0,0.0,0
NC,Durham,1,7,2016-07-28,0,6.0,142,1.0,1.0,1.0,1.0,0.0,1.0,0.0,0
NC,Durham,1,7,2016-08-01,0,4.0,146,1.0,1.0,0.0,0.0,0.0,1.0,0.0,0
NC,Durham,1,7,2016-08-08,0,7.0,153,1.0,1.0,1.0,1.0,0.0,1.0,0.0,0
NC,Durham,1,7,2016-08-15,0,7.0,160,1.0,1.0,1.0,1.0,0.0,1.0,0.0,0
NC,Durham,1,7,2016-08-22,0,7.0,167,1.0,0.0,1.0,1.0,1.0,1.0,0.0,0
NC,Durham,1,7,2016-08-29,0,7.0,174,1.0,1.0,1.0,0.0,1.0,1.0,0.0,0
NC,Durham,1,7,2016-09-08,0,10.0,184,1.0,1.0,1.0,0.0,1.0,1.0,0.0,1
NC,Durham,1,7,2016-09-16,0,8.0,192,1.0,1.0,1.0,1.0,1.0,1.0,1.0,1
NC,Durham,1,7,2016-09-27,0,11.0,203,1.0,1.0,1.0,1.0,1.0,1.0,1.0,0
NC,Durham,1,7,2016-10-04,0,7.0,210,1.0,1.0,1.0,1.0,0.0,1.0,0.0,0
NC,Durham,1,7,2016-10-11,0,7.0,217,1.0,1.0,1.0,0.0,0.0,1.0,0.0,0
NC,Durham,1,7,2016-10-24,0,13.0,230,1.0,1.0,1.0,1.0,0.0,0.0,0.0,0
NC,Durham,1,7,2017-03-07,0,134.0,364,1.0,1.0,1.0,1.0,0.0,1.0,0.0,0
NC,Durham,1,7,2017-03-24,0,17.0,381,0.0,0.0,0.0,1.0,0.0,1.0,0.0,0
NC,Durham,1,7,2017-03-29,0,5.0,386,0.0,0.5,0.0,1.0,0.0,1.0,0.0,0
NC,Durham,1,7,2017-04-04,0,6.0,392,0.0,0.0,1.0,1.0,0.0,1.0,0.0,1
NC,Durham,1,7,2017-04-10,0,6.0,398,1.0,1.0,1.0,1.0,1.0,1.0,1.0,0
NC,Durham,1,7,2017-04-11,0,1.0,399,1.0,1.0,1.0,1.0,1.0,0.0,0.0,0
NC,Durham,1,7,2017-04-21,0,10.0,409,0.0,0.0,1.0,1.0,0.0,0.0,0.0,0
NC,Durham,1,7,2017-04-28,0,7.0,416,1.0,1.0,1.0,1.0,0.0,1.0,0.0,0
NC,Durham,1,7,2017-05-02,0,4.0,420,1.0,1.0,1.0,1.0,0.0,1.0,0.0,0
NC,Durham,1,7,2017-05-08,0,6.0,426,1.0,1.0,1.0,1.0,0.0,0.0,0.0,0
NC,Durham,1,7,2017-05-16,0,8.0,434,1.0,0.0,1.0,1.0,0.0,0.0,0.0,0
NC,Durham,1,7,2017-06-06,0,21.0,455,0.0,0.0,1.0,1.0,0.0,0.0,0.0,0
NC,Durham,1,7,2017-06-21,0,15.0,470,0.0,0.0,0.0,0.0,0.0,0.0,0.0,0
NC,Durham,1,8,2017-03-29,1,,0,,,,,,,,0
NC,Durham,1,8,2017-04-04,0,6.0,6,0.0,0.0,0.0,1.0,1.0,1.0,0.0,0
NC,Durham,1,8,2017-04-10,0,6.0,12,0.0,0.0,1.0,1.0,1.0,1.0,0.0,0
NC,Durham,1,8,2017-04-21,0,11.0,23,0.0,0.0,1.0,1.0,0.0,1.0,0.0,0
NC,Durham,1,8,2017-04-28,0,7.0,30,1.0,1.0,1.0,1.0,1.0,0.0,0.0,0
NC,Durham,1,8,2017-05-02,0,4.0,34,1.0,1.0,1.0,1.0,1.0,0.0,0.0,0
NC,Durham,1,8,2017-05-08,0,6.0,40,1.0,1.0,1.0,1.0,1.0,0.0,0.0,1
NC,Durham,1,8,2017-05-16,0,8.0,48,1.0,1.0,1.0,1.0,1.0,1.0,1.0,0
NC,Durham,1,8,2017-05-25,0,9.0,57,1.0,1.0,1.0,1.0,0.0,0.0,0.0,1
NC,Durham,1,8,2017-06-06,0,12.0,69,1.0,1.0,1.0,1.0,1.0,1.0,1.0,0
NC,Durham,1,8,2017-06-12,0,6.0,75,1.0,1.0,1.0,0.0,0.0,1.0,0.0,0
NC,Durham,1,8,2017-06-21,0,9.0,84,1.0,1.0,1.0,0.0,0.0,0.0,0.0,0
NC,Durham,1,8,2017-06-26,0,5.0,89,0.0,0.0,1.0,1.0,0.0,0.0,0.0,0
NC,Durham,1,8,2017-07-03,0,7.0,96,1.0,1.0,1.0,1.0,0.0,1.0,0.0,0
NC,Durham,1,8,2017-07-11,0,8.0,104,1.0,1.0,1.0,1.0,0.0,1.0,0.0,0
NC,Durham,1,8,2017-07-25,0,14.0,118,1.0,1.0,1.0,1.0,0.0,1.0,0.0,0
NC,Durham,1,8,2017-08-07,0,13.0,131,1.0,1.0,1.0,1.0,0.0,1.0,0.0,0
NC,Durham,1,8,2017-08-18,0,11.0,142,1.0,1.0,1.0,0.0,0.0,0.5,0.0,0
NC,Durham,1,8,2017-08-24,0,6.0,148,1.0,1.0,1.0,1.0,0.0,1.0,0.0,0
NC,Durham,1,8,2017-08-30,0,6.0,154,1.0,1.0,1.0,1.0,0.0,0.5,0.0,0
NC,Durham,1,8,2017-09-05,0,6.0,160,0.0,1.0,1.0,0.0,0.0,1.0,0.0,0
NC,Durham,1,8,2017-09-13,0,8.0,168,1.0,1.0,1.0,0.0,0.0,1.0,0.0,0
NC,Durham,1,9,2016-04-27,1,,0,,,,,,,,0
NC,Durham,1,9,2016-07-27,0,91.0,91,0.0,1.0,1.0,1.0,0.0,1.0,0.0,0
NC,Durham,1,9,2016-08-01,0,5.0,96,1.0,1.0,0.0,1.0,0.0,0.0,0.0,0
NC,Durham,1,9,2016-08-08,0,7.0,103,1.0,1.0,1.0,1.0,0.0,0.0,0.0,0
NC,Durham,1,9,2016-08-15,0,7.0,110,0.0,1.0,0.0,1.0,0.0,1.0,0.0,0
NC,Durham,1,9,2016-08-22,0,7.0,117,1.0,1.0,0.0,0.0,0.0,1.0,0.0,0
NC,Durham,1,9,2016-08-29,0,7.0,124,1.0,1.0,0.0,1.0,1.0,1.0,0.0,0
NC,Durham,1,9,2016-09-08,0,10.0,134,1.0,1.0,0.0,0.0,1.0,1.0,0.0,0
NC,Durham,1,9,2016-09-16,0,8.0,142,1.0,1.0,1.0,0.0,1.0,1.0,0.0,0
NC,Durham,1,9,2016-09-27,0,11.0,153,1.0,1.0,0.0,0.0,1.0,1.0,0.0,0
NC,Durham,1,9,2016-10-04,0,7.0,160,1.0,1.0,0.0,1.0,1.0,1.0,0.0,0
NC,Durham,1,9,2016-10-11,0,7.0,167,1.0,1.0,0.0,1.0,1.0,1.0,0.0,0
NC,Durham,1,9,2016-10-24,0,13.0,180,1.0,1.0,0.0,1.0,0.0,1.0,0.0,0
NC,Durham,1,9,2017-03-07,0,134.0,314,1.0,1.0,0.0,1.0,0.0,1.0,0.0,0
NC,Durham,1,9,2017-03-24,0,17.0,331,0.0,0.0,0.0,1.0,0.0,0.0,0.0,0
NC,Durham,1,9,2017-03-29,0,5.0,336,0.0,0.0,0.0,1.0,0.0,0.0,0.0,0
NC,Durham,1,9,2017-07-11,0,104.0,440,0.0,0.0,0.0,1.0,0.0,0.0,0.0,1
NC,Durham,1,10,2016-06-15,1,,0,,,,,,,,0
NC,Durham,1,10,2016-07-28,0,43.0,43,1.0,1.0,1.0,0.0,1.0,1.0,0.0,1
NC,Durham,1,10,2016-08-01,0,4.0,47,1.0,1.0,1.0,1.0,1.0,1.0,1.0,0
NC,Durham,1,10,2016-08-08,0,7.0,54,1.0,1.0,1.0,1.0,1.0,0.0,0.0,0
NC,Durham,1,10,2016-08-16,0,8.0,62,1.0,1.0,1.0,1.0,0.0,1.0,0.0,1
NC,Durham,1,10,2016-08-22,0,6.0,68,1.0,1.0,1.0,1.0,1.0,1.0,1.0,0
NC,Durham,1,10,2016-08-29,0,7.0,75,1.0,1.0,1.0,1.0,0.0,1.0,0.0,1
NC,Durham,1,10,2016-09-08,0,10.0,85,1.0,1.0,1.0,1.0,1.0,1.0,1.0,0
NC,Durham,1,10,2016-09-16,0,8.0,93,1.0,1.0,1.0,0.0,0.0,1.0,0.0,0
NC,Durham,1,10,2016-09-27,0,11.0,104,1.0,1.0,1.0,1.0,0.5,1.0,0.0,0
NC,Durham,1,10,2016-10-04,0,7.0,111,0.0,1.0,1.0,1.0,1.0,0.0,0.0,0
NC,Durham,1,10,2016-10-11,0,7.0,118,1.0,1.0,1.0,0.0,0.0,1.0,0.0,0
NC,Durham,1,10,2016-10-24,0,13.0,131,1.0,1.0,1.0,0.0,1.0,0.0,0.0,0
NC,Durham,1,10,2017-03-07,0,134.0,265,1.0,1.0,1.0,1.0,0.0,1.0,0.0,0
NC,Durham,1,10,2017-03-24,0,17.0,282,1.0,1.0,0.0,1.0,0.0,0.0,0.0,0
NC,Durham,1,10,2017-03-29,0,5.0,287,0.0,0.5,0.0,1.0,0.0,0.0,0.0,0
NC,Durham,1,10,2017-04-04,0,6.0,293,0.0,1.0,0.0,1.0,0.0,1.0,0.0,0
NC,Durham,1,10,2017-04-10,0,6.0,299,0.0,1.0,1.0,1.0,1.0,1.0,0.0,0
NC,Durham,1,10,2017-04-11,0,1.0,300,1.0,1.0,1.0,1.0,0.0,1.0,0.0,0
NC,Durham,1,10,2017-04-21,0,10.0,310,1.0,1.0,1.0,1.0,0.0,0.0,0.0,0
NC,Durham,1,10,2017-04-28,0,7.0,317,1.0,1.0,1.0,1.0,1.0,0.0,0.0,0
NC,Durham,1,10,2017-05-02,0,4.0,321,1.0,1.0,1.0,1.0,1.0,0.0,0.0,0
NC,Durham,1,10,2017-05-08,0,6.0,327,1.0,1.0,1.0,1.0,0.0,1.0,0.0,0
NC,Durham,1,10,2017-05-16,0,8.0,335,1.0,1.0,1.0,1.0,0.0,1.0,0.0,0
NC,Durham,1,10,2017-05-25,0,9.0,344,1.0,1.0,1.0,1.0,0.0,0.0,0.0,0
NC,Durham,1,10,2017-06-06,0,12.0,356,1.0,1.0,0.0,1.0,0.0,1.0,0.0,0
NC,Durham,1,10,2017-06-12,0,6.0,362,1.0,0.0,0.0,0.0,0.0,1.0,0.0,0
NC,Durham,1,10,2017-06-21,0,9.0,371,1.0,1.0,1.0,1.0,0.0,1.0,0.0,0
NC,Durham,1,10,2017-06-26,0,5.0,376,1.0,1.0,1.0,1.0,0.0,1.0,0.0,1
NC,Durham,1,10,2017-07-03,0,7.0,383,1.0,1.0,1.0,1.0,1.0,1.0,1.0,0
NC,Durham,1,10,2017-07-11,0,8.0,391,1.0,1.0,1.0,1.0,0.0,1.0,0.0,0
NC,Durham,1,10,2017-07-25,0,14.0,405,1.0,1.0,1.0,1.0,0.0,1.0,0.0,0
NC,Durham,1,10,2017-08-07,0,13.0,418,0.0,1.0,0.0,1.0,0.0,0.0,0.0,0
NC,Durham,1,10,2017-08-18,0,11.0,429,1.0,1.0,1.0,1.0,0.0,1.0,0.0,0
NC,Durham,1,10,2017-08-24,0,6.0,435,1.0,1.0,1.0,1.0,0.0,1.0,0.0,0
NC,Durham,1,10,2017-08-30,0,6.0,441,1.0,1.0,1.0,1.0,0.0,1.0,0.0,0
NC,Durham,1,10,2017-09-05,0,6.0,447,1.0,1.0,1.0,1.0,0.0,1.0,0.0,0
NC,Durham,1,10,2017-09-13,0,8.0,455,0.0,1.0,0.0,1.0,1.0,1.0,0.0,0
NC,Durham,1,10,2017-09-19,0,6.0,461,0.0,1.0,0.0,1.0,1.0,1.0,0.0,0
NC,Durham,1,10,2017-09-25,0,6.0,467,0.0,1.0,0.0,1.0,0.0,1.0,0.0,0
NC,Durham,1,10,2017-10-03,0,8.0,475,0.0,1.0,1.0,1.0,0.0,1.0,0.0,1
NC,Durham,1,10,2017-10-10,0,7.0,482,1.0,1.0,1.0,1.0,1.0,1.0,1.0,0
NC,Durham,1,10,2017-10-17,0,7.0,489,1.0,1.0,1.0,1.0,0.0,0.0,0.0,0
NC,Durham,1,10,2017-10-24,0,7.0,496,1.0,1.0,1.0,1.0,0.0,1.0,0.0,0
NC,Durham,1,10,2017-11-03,0,10.0,506,1.0,1.0,1.0,1.0,0.0,0.0,0.0,0
NC,Durham,1,11,2017-04-04,1,,0,,,,,,,,0
NC,Durham,1,11,2017-04-10,0,6.0,6,0.0,0.0,1.0,1.0,1.0,1.0,0.0,0
NC,Durham,1,11,2017-04-21,0,11.0,17,0.0,0.0,1.0,1.0,1.0,1.0,0.0,0
NC,Durham,1,11,2017-04-28,0,7.0,24,0.0,0.0,0.0,1.0,0.0,1.0,0.0,0
NC,Durham,1,11,2017-05-02,0,4.0,28,0.0,1.0,0.0,1.0,0.0,1.0,0.0,0
NC,Durham,1,11,2017-05-08,0,6.0,34,0.0,0.0,0.0,1.0,0.0,1.0,0.0,0
NC,Durham,1,11,2017-05-16,0,8.0,42,0.0,0.5,0.0,1.0,0.0,1.0,0.0,0
NC,Durham,1,11,2017-05-25,0,9.0,51,0.0,1.0,0.0,0.0,0.0,1.0,0.0,0
NC,Durham,1,11,2017-06-06,0,12.0,63,0.0,1.0,1.0,1.0,0.0,1.0,0.0,0
NC,Durham,1,11,2017-06-12,0,6.0,69,1.0,0.0,1.0,1.0,0.0,1.0,0.0,0
NC,Durham,1,11,2017-06-21,0,9.0,78,1.0,1.0,1.0,0.0,0.0,1.0,0.0,0
NC,Durham,1,11,2017-06-26,0,5.0,83,1.0,1.0,1.0,1.0,1.0,0.0,0.0,1
NC,Durham,1,11,2017-07-03,0,7.0,90,1.0,1.0,1.0,1.0,1.0,1.0,1.0,1
NC,Durham,1,11,2017-07-11,0,8.0,98,1.0,1.0,1.0,1.0,1.0,1.0,1.0,0
NC,Durham,1,11,2017-07-25,0,14.0,112,1.0,1.0,1.0,1.0,1.0,0.0,0.0,0
NC,Durham,1,11,2017-08-07,0,13.0,125,1.0,1.0,1.0,1.0,0.0,0.0,0.0,0
NC,Durham,1,11,2017-08-18,0,11.0,136,1.0,1.0,1.0,1.0,0.0,1.0,0.0,0
NC,Durham,1,11,2017-08-24,0,6.0,142,1.0,1.0,1.0,1.0,0.0,1.0,0.0,1
NC,Durham,1,11,2017-08-30,0,6.0,148,1.0,1.0,1.0,1.0,1.0,1.0,1.0,0
NC,Durham,1,11,2017-09-05,0,6.0,154,1.0,1.0,1.0,1.0,0.0,1.0,0.0,1
NC,Durham,1,11,2017-09-13,0,8.0,162,1.0,1.0,1.0,1.0,1.0,1.0,1.0,0
NC,Durham,1,11,2017-09-19,0,6.0,168,1.0,1.0,1.0,1.0,0.0,1.0,0.0,0
NC,Durham,1,11,2017-09-25,0,6.0,174,1.0,1.0,1.0,0.0,0.0,1.0,0.0,0
NC,Durham,1,11,2017-10-03,0,8.0,182,1.0,1.0,1.0,1.0,0.0,1.0,0.0,0
NC,Durham,1,11,2017-10-10,0,7.0,189,1.0,1.0,1.0,0.0,1.0,1.0,0.0,0
NC,Durham,1,11,2017-10-17,0,7.0,196,1.0,1.0,1.0,1.0,0.0,1.0,0.0,0
NC,Durham,1,11,2017-10-24,0,7.0,203,1.0,1.0,1.0,1.0,0.0,1.0,0.0,0
NC,Durham,1,11,2017-11-03,0,10.0,213,1.0,1.0,1.0,1.0,0.0,1.0,0.0,0
NC,Durham,1,12,2017-04-04,1,,0,,,,,,,,0
NC,Durham,1,12,2017-04-10,0,6.0,6,0.0,0.0,1.0,1.0,1.0,1.0,0.0,0
NC,Durham,1,12,2017-04-21,0,11.0,17,0.0,0.0,1.0,1.0,0.0,1.0,0.0,0
NC,Durham,1,12,2017-04-26,0,5.0,22,1.0,1.0,1.0,1.0,1.0,0.0,0.0,1
NC,Durham,1,12,2017-05-02,0,6.0,28,1.0,1.0,1.0,1.0,1.0,1.0,1.0,0
NC,Durham,1,12,2017-05-08,0,6.0,34,1.0,1.0,1.0,1.0,1.0,0.0,0.0,0
NC,Durham,1,12,2017-05-16,0,8.0,42,1.0,1.0,1.0,1.0,0.0,1.0,0.0,0
NC,Durham,1,12,2017-05-25,0,9.0,51,1.0,1.0,1.0,1.0,0.0,1.0,0.0,0
NC,Durham,1,12,2017-06-06,0,12.0,63,1.0,1.0,1.0,1.0,0.0,1.0,0.0,0
NC,Durham,1,12,2017-06-12,0,6.0,69,1.0,1.0,1.0,1.0,0.0,1.0,0.0,1
NC,Durham,1,12,2017-06-21,0,9.0,78,1.0,1.0,1.0,1.0,1.0,1.0,1.0,1
NC,Durham,1,12,2017-06-26,0,5.0,83,1.0,1.0,1.0,1.0,1.0,1.0,1.0,0
NC,Durham,1,12,2017-07-03,0,7.0,90,1.0,1.0,1.0,1.0,0.0,1.0,0.0,1
NC,Durham,1,12,2017-07-25,0,22.0,112,1.0,1.0,1.0,1.0,1.0,1.0,1.0,1
NC,Durham,1,12,2017-08-07,0,13.0,125,1.0,1.0,1.0,1.0,1.0,1.0,1.0,0
NC,Durham,1,12,2017-08-18,0,11.0,136,1.0,1.0,1.0,1.0,0.0,1.0,0.0,0
NC,Durham,1,12,2017-08-24,0,6.0,142,1.0,1.0,1.0,1.0,0.0,1.0,0.0,0
NC,Durham,1,12,2017-08-30,0,6.0,148,1.0,1.0,1.0,1.0,0.0,1.0,0.0,0
NC,Durham,1,12,2017-09-05,0,6.0,154,1.0,1.0,1.0,1.0,0.0,1.0,0.0,0
NC,Durham,1,12,2017-09-13,0,8.0,162,1.0,1.0,1.0,1.0,0.0,1.0,0.0,0
NC,Durham,1,12,2017-09-19,0,6.0,168,1.0,1.0,1.0,1.0,0.0,1.0,0.0,0
NC,Durham,1,12,2017-09-25,0,6.0,174,1.0,1.0,1.0,1.0,0.0,1.0,0.0,0
NC,Durham,1,12,2017-10-03,0,8.0,182,1.0,1.0,1.0,0.0,0.0,1.0,0.0,0
NC,Durham,1,12,2017-10-10,0,7.0,189,0.0,1.0,1.0,1.0,1.0,1.0,0.0,0
NC,Durham,1,12,2017-10-17,0,7.0,196,1.0,1.0,1.0,1.0,0.0,1.0,0.0,0
NC,Durham,1,12,2017-10-24,0,7.0,203,1.0,1.0,1.0,1.0,0.0,1.0,0.0,0
NC,Durham,1,12,2017-11-03,0,10.0,213,1.0,1.0,1.0,1.0,0.0,1.0,0.0,0
NC,Durham,1,13,2017-08-24,1,,0,,,,,,,,1
NC,Durham,1,13,2017-08-30,0,6.0,6,1.0,1.0,1.0,1.0,1.0,1.0,1.0,0
NC,Durham,1,13,2017-09-05,0,6.0,12,1.0,1.0,1.0,1.0,0.0,1.0,0.0,0
NC,Durham,1,13,2017-09-13,0,8.0,20,1.0,1.0,1.0,1.0,0.0,1.0,0.0,0
NC,Durham,1,13,2017-09-25,0,12.0,32,1.0,1.0,1.0,1.0,0.0,1.0,0.0,0
NC,Durham,1,13,2017-10-03,0,8.0,40,1.0,1.0,1.0,0.0,0.0,1.0,0.0,0
NC,Durham,1,13,2017-10-10,0,7.0,47,1.0,1.0,1.0,0.0,0.0,1.0,0.0,0
NC,Durham,1,13,2017-10-17,0,7.0,54,1.0,1.0,1.0,1.0,0.0,1.0,0.0,0
NC,Durham,1,13,2017-10-24,0,7.0,61,1.0,1.0,1.0,0.0,0.0,0.0,0.0,0
NC,Durham,1,13,2017-11-03,0,10.0,71,1.0,1.0,1.0,0.0,0.0,0.0,0.0,0
NC,Durham,1,14,2017-09-21,1,,0,,,,,,,,0
NC,Durham,1,15,2017-09-21,1,,0,,,,,,,,0
NC,Durham,1,16,2017-09-21,1,,0,,,,,,,,0
NC,Durham,1,17,2017-09-21,1,,0,,,,,,,,0
NC,Durham,1,18,2017-09-21,1,,0,,,,,,,,0
NC,Durham,1,19,2017-09-21,1,,0,,,,,,,,0
NC,Durham,1,20,2017-09-21,1,,0,,,,,,,,0
NC,Durham,1,21,2017-09-21,1,,0,,,,,,,,1
NC,Durham,1,22,2017-09-21,1,,0,,,,,,,,0
NC,Durham,1,23,2017-09-21,1,,0,,,,,,,,0
NC,Durham,1,24,2017-09-21,1,,0,,,,,,,,0
NC,Durham,1,25,2017-09-21,1,,0,,,,,,,,0
NC,Durham,1,26,2017-03-29,1,,0,,,,,,,,0
NC,Durham,2,27,2018-04-06,1,,0,,,,,,,,0
NC,Durham,2,27,2018-04-12,0,6.0,6,0.0,1.0,0.0,1.0,0.0,0.0,0.0,0
NC,Durham,2,27,2018-04-18,0,6.0,12,0.0,1.0,0.0,1.0,0.0,0.0,0.0,0
NC,Durham,2,27,2018-04-27,0,9.0,21,0.0,0.0,0.0,1.0,0.0,0.0,0.0,0
NC,Durham,2,27,2018-05-02,0,5.0,26,0.0,0.0,0.0,1.0,0.0,1.0,0.0,0
NC,Durham,2,27,2018-05-09,0,7.0,33,0.0,0.0,1.0,1.0,0.0,1.0,0.0,0
NC,Durham,2,27,2018-05-22,0,13.0,46,1.0,1.0,1.0,1.0,0.0,1.0,0.0,0
NC,Durham,2,27,2018-05-31,0,9.0,55,1.0,1.0,1.0,1.0,1.0,0.0,0.0,1
NC,Durham,2,27,2018-06-06,0,6.0,61,1.0,1.0,1.0,1.0,1.0,1.0,1.0,1
NC,Durham,2,27,2018-06-15,0,9.0,70,1.0,1.0,1.0,1.0,1.0,1.0,1.0,0
NC,Durham,2,27,2018-06-21,0,6.0,76,1.0,1.0,1.0,1.0,1.0,0.0,0.0,0
NC,Durham,2,27,2018-06-27,0,6.0,82,1.0,1.0,1.0,1.0,1.0,0.0,0.0,0
NC,Durham,2,27,2018-07-03,0,6.0,88,1.0,1.0,1.0,1.0,0.0,1.0,0.0,0
NC,Durham,2,27,2018-07-10,0,7.0,95,1.0,1.0,1.0,1.0,0.0,0.0,0.0,0
NC,Durham,2,27,2018-07-17,0,7.0,102,1.0,1.0,1.0,1.0,0.0,0.0,0.0,1
NC,Durham,2,27,2018-07-26,0,9.0,111,1.0,1.0,1.0,1.0,1.0,1.0,1.0,0
NC,Durham,2,27,2018-08-01,0,6.0,117,1.0,1.0,1.0,1.0,1.0,0.0,0.0,0
NC,Durham,2,27,2018-08-07,0,6.0,123,1.0,1.0,1.0,1.0,1.0,0.0,0.0,1
NC,Durham,2,27,2018-08-14,0,7.0,130,1.0,1.0,1.0,1.0,1.0,1.0,1.0,0
NC,Durham,2,27,2018-08-21,0,7.0,137,1.0,1.0,1.0,1.0,0.0,1.0,0.0,1
NC,Durham,2,27,2018-08-30,0,9.0,146,1.0,1.0,1.0,1.0,1.0,1.0,1.0,0
NC,Durham,2,27,2018-09-05,0,6.0,152,1.0,1.0,1.0,1.0,0.0,0.0,0.0,0
NC,Durham,2,27,2018-09-19,0,14.0,166,1.0,1.0,1.0,1.0,0.0,1.0,0.0,0
NC,Durham,2,27,2018-09-25,0,6.0,172,1.0,1.0,1.0,1.0,0.0,1.0,0.0,0
NC,Durham,2,27,2018-10-03,0,8.0,180,0.0,1.0,0.0,1.0,1.0,1.0,0.0,0
NC,Durham,2,27,2018-10-09,0,6.0,186,0.0,0.0,0.0,1.0,1.0,0.0,0.0,0
NC,Durham,2,27,2018-10-15,0,6.0,192,0.0,1.0,0.0,1.0,1.0,1.0,0.0,0
NC,Durham,2,27,2018-10-23,0,8.0,200,0.0,1.0,0.0,1.0,1.0,1.0,0.0,0
NC,Durham,2,27,2018-10-31,0,8.0,208,1.0,0.0,1.0,1.0,1.0,0.0,0.0,0
NC,Durham,2,28,2018-04-10,1,,0,,,,,,,,0
NC,Durham,2,28,2018-04-18,0,8.0,8,0.0,0.0,0.0,0.0,0.0,0.0,0.0,0
NC,Durham,2,28,2018-04-27,0,9.0,17,0.0,0.0,0.0,1.0,0.0,0.0,0.0,0
NC,Durham,2,28,2018-05-02,0,5.0,22,0.0,0.0,1.0,0.0,0.0,1.0,0.0,1
NC,Durham,2,28,2018-05-09,0,7.0,29,1.0,1.0,1.0,1.0,1.0,1.0,1.0,0
NC,Durham,2,28,2018-05-22,0,13.0,42,1.0,1.0,1.0,1.0,0.0,1.0,0.0,1
NC,Durham,2,28,2018-05-31,0,9.0,51,1.0,1.0,1.0,1.0,1.0,1.0,1.0,1
NC,Durham,2,28,2018-06-07,0,7.0,58,1.0,1.0,1.0,1.0,1.0,1.0,1.0,1
NC,Durham,2,28,2018-06-15,0,8.0,66,1.0,1.0,1.0,1.0,1.0,1.0,1.0,0
NC,Durham,2,28,2018-06-21,0,6.0,72,1.0,1.0,1.0,1.0,1.0,0.0,0.0,0
NC,Durham,2,28,2018-06-27,0,6.0,78,1.0,1.0,1.0,1.0,0.0,0.0,0.0,0
NC,Durham,2,28,2018-07-03,0,6.0,84,0.0,1.0,0.0,1.0,0.0,1.0,0.0,0
NC,Durham,2,28,2018-07-12,0,9.0,93,1.0,1.0,0.0,1.0,1.0,1.0,0.0,0
NC,Durham,2,28,2018-07-18,0,6.0,99,1.0,1.0,1.0,1.0,0.0,0.0,0.0,0
NC,Durham,2,28,2018-07-26,0,8.0,107,1.0,1.0,1.0,1.0,0.0,1.0,0.0,1
NC,Durham,2,28,2018-08-01,0,6.0,113,1.0,1.0,1.0,1.0,1.0,1.0,1.0,0
NC,Durham,2,28,2018-08-08,0,7.0,120,1.0,1.0,1.0,1.0,0.0,1.0,0.0,1
NC,Durham,2,28,2018-08-14,0,6.0,126,1.0,1.0,1.0,1.0,1.0,1.0,1.0,0
NC,Durham,2,29,2018-04-12,1,,0,,,,,,,,0
NC,Durham,2,29,2018-04-18,0,6.0,6,0.0,1.0,0.0,1.0,1.0,1.0,0.0,0
NC,Durham,2,29,2018-04-27,0,9.0,15,0.0,1.0,1.0,1.0,1.0,1.0,0.0,0
NC,Durham,2,29,2018-05-02,0,5.0,20,0.0,1.0,0.0,1.0,0.0,1.0,0.0,0
NC,Durham,2,29,2018-05-09,0,7.0,27,0.0,1.0,1.0,1.0,1.0,1.0,0.0,1
NC,Durham,2,29,2018-05-24,0,15.0,42,1.0,1.0,1.0,1.0,1.0,1.0,1.0,0
NC,Durham,2,29,2018-05-31,0,7.0,49,0.0,1.0,1.0,1.0,0.0,1.0,0.0,1
NC,Durham,2,29,2018-06-07,0,7.0,56,1.0,1.0,1.0,1.0,1.0,1.0,1.0,1
NC,Durham,2,29,2018-06-15,0,8.0,64,1.0,1.0,1.0,1.0,1.0,1.0,1.0,0
NC,Durham,2,29,2018-06-21,0,6.0,70,1.0,1.0,1.0,1.0,0.0,0.0,0.0,0
NC,Durham,2,29,2018-06-27,0,6.0,76,1.0,1.0,1.0,1.0,0.0,1.0,0.0,0
NC,Durham,2,29,2018-07-03,0,6.0,82,1.0,1.0,1.0,1.0,0.0,1.0,0.0,1
NC,Durham,2,29,2018-07-12,0,9.0,91,1.0,1.0,1.0,1.0,1.0,1.0,1.0,0
NC,Durham,2,29,2018-07-18,0,6.0,97,1.0,1.0,1.0,1.0,0.0,1.0,0.0,0
NC,Durham,2,29,2018-07-26,0,8.0,105,1.0,1.0,1.0,1.0,0.0,1.0,0.0,0
NC,Durham,2,29,2018-08-01,0,6.0,111,1.0,1.0,1.0,1.0,0.0,1.0,0.0,0
NC,Durham,2,29,2018-08-08,0,7.0,118,1.0,1.0,1.0,1.0,0.0,1.0,0.0,1
NC,Durham,2,29,2018-08-15,0,7.0,125,1.0,1.0,1.0,1.0,1.0,1.0,1.0,0
NC,Durham,2,29,2018-08-23,0,8.0,133,1.0,1.0,1.0,1.0,0.0,1.0,0.0,0
NC,Durham,2,29,2018-08-30,0,7.0,140,1.0,1.0,1.0,1.0,0.0,1.0,0.0,0
NC,Durham,2,29,2018-09-05,0,6.0,146,1.0,1.0,1.0,1.0,0.0,0.0,0.0,0
NC,Durham,2,29,2018-09-19,0,14.0,160,1.0,1.0,1.0,1.0,0.0,1.0,0.0,0
NC,Durham,2,29,2018-09-26,0,7.0,167,1.0,1.0,1.0,1.0,0.0,1.0,0.0,0
NC,Durham,2,29,2018-10-03,0,7.0,174,1.0,1.0,1.0,1.0,0.0,1.0,0.0,0
NC,Durham,2,29,2018-10-09,0,6.0,180,1.0,1.0,1.0,1.0,0.0,1.0,0.0,0
NC,Durham,2,29,2018-10-15,0,6.0,186,1.0,1.0,1.0,1.0,0.0,1.0,0.0,0
NC,Durham,2,29,2018-10-23,0,8.0,194,1.0,1.0,1.0,1.0,0.0,1.0,0.0,0
NC,Durham,2,30,2018-07-03,1,,0,,,,,,,,0
NC,Durham,2,30,2018-07-10,0,7.0,7,0.0,1.0,1.0,1.0,1.0,1.0,0.0,1
NC,Durham,2,31,2018-04-12,1,,0,,,,,,,,0
NC,Durham,2,31,2018-04-18,0,6.0,6,0.0,0.0,0.0,1.0,0.0,1.0,0.0,0
NC,Durham,2,31,2018-04-27,0,9.0,15,0.0,1.0,1.0,1.0,1.0,0.0,0.0,0
NC,Durham,2,31,2018-05-02,0,5.0,20,0.0,0.0,1.0,1.0,1.0,0.0,0.0,1
NC,Durham,2,31,2018-05-09,0,7.0,27,1.0,1.0,1.0,1.0,1.0,1.0,1.0,1
NC,Durham,2,31,2018-05-24,0,15.0,42,1.0,1.0,1.0,1.0,1.0,1.0,1.0,0
NC,Durham,2,31,2018-05-31,0,7.0,49,1.0,1.0,1.0,1.0,0.0,0.0,0.0,0
NC,Durham,2,31,2018-06-07,0,7.0,56,1.0,1.0,1.0,1.0,1.0,0.0,0.0,0
NC,Durham,2,31,2018-06-15,0,8.0,64,1.0,1.0,1.0,1.0,0.0,0.0,0.0,0
NC,Durham,2,31,2018-06-21,0,6.0,70,1.0,1.0,1.0,1.0,0.0,0.0,0.0,0
NC,Durham,2,31,2018-06-27,0,6.0,76,1.0,1.0,1.0,1.0,1.0,0.0,0.0,0
NC,Durham,2,31,2018-07-03,0,6.0,82,1.0,1.0,1.0,1.0,0.0,1.0,0.0,1
NC,Durham,2,31,2018-07-12,0,9.0,91,1.0,1.0,1.0,1.0,1.0,1.0,1.0,1
NC,Durham,2,31,2018-07-18,0,6.0,97,1.0,1.0,1.0,1.0,1.0,1.0,1.0,0
NC,Durham,2,31,2018-07-26,0,8.0,105,1.0,1.0,1.0,1.0,0.0,1.0,0.0,0
NC,Durham,2,31,2018-08-01,0,6.0,111,1.0,1.0,1.0,1.0,0.0,1.0,0.0,0
NC,Durham,2,31,2018-08-08,0,7.0,118,1.0,1.0,1.0,1.0,0.0,1.0,0.0,1
NC,Durham,2,31,2018-08-15,0,7.0,125,1.0,1.0,1.0,1.0,1.0,1.0,1.0,0
NC,Durham,2,31,2018-08-23,0,8.0,133,1.0,1.0,1.0,0.0,0.0,1.0,0.0,0
NC,Durham,2,31,2018-08-30,0,7.0,140,1.0,1.0,1.0,1.0,0.0,1.0,0.0,0
NC,Durham,2,31,2018-09-05,0,6.0,146,1.0,1.0,1.0,1.0,0.0,1.0,0.0,0
NC,Durham,2,31,2018-09-19,0,14.0,160,1.0,1.0,1.0,1.0,0.0,1.0,0.0,0
NC,Durham,2,31,2018-09-26,0,7.0,167,1.0,1.0,1.0,1.0,0.0,1.0,0.0,0
NC,Durham,2,31,2018-10-03,0,7.0,174,1.0,1.0,1.0,1.0,0.0,1.0,0.0,0
NC,Durham,2,31,2018-10-09,0,6.0,180,1.0,1.0,1.0,1.0,0.0,1.0,0.0,0
NC,Durham,2,31,2018-10-15,0,6.0,186,1.0,1.0,1.0,1.0,0.0,1.0,0.0,0
NC,Durham,2,31,2018-10-23,0,8.0,194,1.0,1.0,1.0,1.0,0.0,0.0,0.0,0
NC,Durham,2,32,2018-04-10,1,,0,,,,,,,,0
NC,Durham,2,32,2018-04-18,0,8.0,8,0.0,1.0,0.0,0.0,1.0,1.0,0.0,0
NC,Durham,2,32,2018-04-27,0,9.0,17,0.0,1.0,0.0,1.0,1.0,1.0,0.0,0
NC,Durham,2,32,2018-05-02,0,5.0,22,0.0,1.0,1.0,1.0,0.0,1.0,0.0,0
NC,Durham,2,32,2018-05-09,0,7.0,29,0.0,1.0,1.0,1.0,1.0,1.0,0.0,0
NC,Durham,2,32,2018-05-24,0,15.0,44,0.0,1.0,1.0,1.0,0.0,1.0,0.0,0
NC,Durham,2,32,2018-05-31,0,7.0,51,1.0,1.0,1.0,1.0,1.0,0.0,0.0,0
NC,Durham,2,32,2018-06-07,0,7.0,58,1.0,1.0,1.0,1.0,1.0,0.0,0.0,0
NC,Durham,2,32,2018-06-15,0,8.0,66,1.0,1.0,1.0,1.0,1.0,0.0,0.0,0
NC,Durham,2,32,2018-06-21,0,6.0,72,1.0,1.0,1.0,1.0,0.0,0.0,0.0,0
NC,Durham,2,32,2018-06-27,0,6.0,78,1.0,1.0,1.0,1.0,1.0,0.0,0.0,0
NC,Durham,2,32,2018-07-03,0,6.0,84,1.0,1.0,1.0,1.0,0.0,1.0,0.0,1
NC,Durham,2,32,2018-07-12,0,9.0,93,1.0,1.0,1.0,1.0,1.0,1.0,1.0,1
NC,Durham,2,32,2018-07-18,0,6.0,99,1.0,1.0,1.0,1.0,1.0,1.0,1.0,0
NC,Durham,2,32,2018-07-26,0,8.0,107,1.0,1.0,1.0,1.0,0.0,1.0,0.0,0
NC,Durham,2,32,2018-08-01,0,6.0,113,1.0,1.0,1.0,1.0,0.0,1.0,0.0,1
NC,Durham,2,32,2018-08-09,0,8.0,121,1.0,1.0,1.0,1.0,1.0,1.0,1.0,0
NC,Durham,2,32,2018-08-15,0,6.0,127,1.0,1.0,1.0,1.0,0.0,1.0,0.0,0
NC,Durham,2,32,2018-08-23,0,8.0,135,1.0,1.0,1.0,0.0,0.0,1.0,0.0,0
NC,Durham,2,32,2018-08-30,0,7.0,142,1.0,1.0,1.0,1.0,0.0,1.0,0.0,0
NC,Durham,2,32,2018-09-05,0,6.0,148,1.0,1.0,1.0,1.0,0.0,1.0,0.0,0
NC,Durham,2,32,2018-09-19,0,14.0,162,1.0,1.0,1.0,1.0,0.0,1.0,0.0,0
NC,Durham,2,32,2018-09-26,0,7.0,169,1.0,1.0,1.0,1.0,0.0,1.0,0.0,0
NC,Durham,2,32,2018-10-03,0,7.0,176,1.0,1.0,1.0,1.0,0.0,1.0,0.0,0
NC,Durham,2,32,2018-10-09,0,6.0,182,1.0,1.0,1.0,1.0,0.0,1.0,0.0,0
NC,Durham,2,32,2018-10-15,0,6.0,188,1.0,1.0,1.0,1.0,0.0,1.0,0.0,0
NC,Durham,2,32,2018-10-23,0,8.0,196,1.0,1.0,1.0,1.0,0.0,1.0,0.0,0
NC,Durham,2,33,2018-04-27,1,,0,,,,,,,,0
NC,Durham,2,33,2018-07-03,0,67.0,67,0.0,0.0,1.0,1.0,1.0,0.0,0.0,0
NC,Durham,2,33,2018-07-10,0,7.0,74,0.0,0.0,0.0,0.0,0.0,0.0,0.0,0
NC,Durham,2,33,2018-07-18,0,8.0,82,0.0,0.0,0.0,0.0,0.0,0.0,0.0,0
NC,Durham,2,33,2018-07-26,0,8.0,90,0.0,0.0,0.0,0.0,0.0,0.0,0.0,0
NC,Durham,2,33,2018-08-01,0,6.0,96,0.0,0.0,0.0,1.0,0.0,0.0,0.0,0
NC,Durham,2,33,2018-08-08,0,7.0,103,0.0,1.0,0.0,1.0,1.0,1.0,0.0,0
NC,Durham,2,33,2018-08-14,0,6.0,109,0.0,1.0,0.0,1.0,1.0,1.0,0.0,0
NC,Durham,2,33,2018-08-23,0,9.0,118,0.0,1.0,1.0,1.0,0.0,1.0,0.0,1
NC,Durham,2,33,2018-08-30,0,7.0,125,1.0,1.0,1.0,1.0,1.0,1.0,1.0,0
NC,Durham,2,33,2018-09-05,0,6.0,131,1.0,1.0,1.0,1.0,0.0,0.0,0.0,0
NC,Durham,2,33,2018-09-19,0,14.0,145,1.0,1.0,1.0,1.0,0.0,1.0,0.0,0
NC,Durham,2,33,2018-09-26,0,7.0,152,1.0,1.0,1.0,1.0,0.0,1.0,0.0,0
NC,Durham,2,33,2018-10-03,0,7.0,159,1.0,1.0,1.0,1.0,0.0,1.0,0.0,0
NC,Durham,2,33,2018-10-09,0,6.0,165,1.0,1.0,1.0,1.0,0.0,1.0,0.0,0
NC,Durham,2,33,2018-10-15,0,6.0,171,1.0,1.0,1.0,1.0,0.0,1.0,0.0,0
NC,Durham,2,33,2018-10-23,0,8.0,179,1.0,1.0,1.0,1.0,0.0,1.0,0.0,0
NC,Durham,2,33,2018-10-31,0,8.0,187,0.0,1.0,1.0,1.0,1.0,1.0,0.0,0
NC,Durham,2,34,2018-04-27,1,,0,,,,,,,,0
NC,Durham,2,34,2018-06-15,0,49.0,49,0.0,0.0,1.0,0.0,0.0,0.0,0.0,0
NC,Durham,2,34,2018-06-21,0,6.0,55,0.0,1.0,0.0,0.0,0.0,0.0,0.0,0
NC,Durham,2,34,2018-06-27,0,6.0,61,0.0,1.0,1.0,1.0,1.0,1.0,0.0,0
NC,Durham,2,34,2018-07-03,0,6.0,67,0.0,1.0,0.0,1.0,0.0,1.0,0.0,0
NC,Durham,2,34,2018-07-10,0,7.0,74,0.0,1.0,1.0,1.0,0.0,1.0,0.0,1
NC,Durham,2,35,2018-04-12,1,,0,,,,,,,,0
NC,Durham,2,35,2018-04-18,0,6.0,6,0.0,1.0,0.0,1.0,1.0,1.0,0.0,0
NC,Durham,2,35,2018-04-27,0,9.0,15,0.0,1.0,1.0,1.0,1.0,1.0,0.0,0
NC,Durham,2,35,2018-05-02,0,5.0,20,0.0,1.0,1.0,1.0,0.0,1.0,0.0,1
NC,Durham,2,35,2018-05-09,0,7.0,27,1.0,1.0,1.0,1.0,1.0,1.0,1.0,1
NC,Durham,2,35,2018-05-24,0,15.0,42,1.0,1.0,1.0,1.0,1.0,1.0,1.0,0
NC,Durham,2,35,2018-05-31,0,7.0,49,1.0,1.0,1.0,1.0,0.0,0.0,0.0,1
NC,Durham,2,35,2018-06-07,0,7.0,56,1.0,1.0,1.0,1.0,1.0,1.0,1.0,0
NC,Durham,2,35,2018-06-15,0,8.0,64,1.0,1.0,1.0,1.0,1.0,0.0,0.0,0
NC,Durham,2,35,2018-06-21,0,6.0,70,0.0,1.0,0.0,1.0,0.0,0.0,0.0,0
NC,Durham,2,35,2018-06-27,0,6.0,76,0.0,1.0,0.0,1.0,0.0,1.0,0.0,0
NC,Durham,2,35,2018-07-03,0,6.0,82,0.0,1.0,0.0,1.0,0.0,1.0,0.0,0
NC,Durham,2,35,2018-07-12,0,9.0,91,0.0,1.0,1.0,1.0,0.0,1.0,0.0,0
NC,Durham,2,35,2018-07-18,0,6.0,97,1.0,1.0,1.0,1.0,0.0,0.0,0.0,0
NC,Durham,2,35,2018-07-26,0,8.0,105,1.0,1.0,1.0,1.0,0.0,0.0,0.0,0
NC,Durham,2,35,2018-08-01,0,6.0,111,1.0,1.0,1.0,1.0,0.0,1.0,0.0,0
NC,Durham,2,35,2018-08-08,0,7.0,118,1.0,1.0,1.0,1.0,0.0,1.0,0.0,1
NC,Durham,2,35,2018-08-15,0,7.0,125,1.0,1.0,1.0,1.0,1.0,1.0,1.0,0
NC,Durham,2,36,2018-04-10,1,,0,,,,,,,,1
NC,Durham,2,36,2018-04-18,0,8.0,8,1.0,1.0,1.0,1.0,1.0,1.0,1.0,0
NC,Durham,2,36,2018-04-27,0,9.0,17,0.0,1.0,0.0,1.0,1.0,0.0,0.0,0
NC,Durham,2,36,2018-05-02,0,5.0,22,1.0,1.0,1.0,1.0,1.0,0.0,0.0,0
NC,Durham,2,36,2018-05-09,0,7.0,29,1.0,1.0,0.0,1.0,1.0,0.0,0.0,0
NC,Durham,2,36,2018-05-22,0,13.0,42,1.0,1.0,0.0,1.0,1.0,0.0,0.0,0
NC,Durham,2,36,2018-06-01,0,10.0,52,1.0,1.0,0.0,1.0,1.0,1.0,0.0,0
NC,Durham,2,36,2018-06-07,0,6.0,58,1.0,1.0,0.0,1.0,1.0,1.0,0.0,0
NC,Durham,2,36,2018-06-15,0,8.0,66,1.0,1.0,0.0,1.0,1.0,1.0,0.0,0
NC,Durham,2,36,2018-06-21,0,6.0,72,1.0,1.0,0.0,1.0,0.0,0.0,0.0,0
NC,Durham,2,36,2018-06-27,0,6.0,78,1.0,1.0,0.0,1.0,1.0,1.0,0.0,0
NC,Durham,2,36,2018-07-03,0,6.0,84,1.0,1.0,0.0,1.0,0.0,1.0,0.0,0
NC,Durham,2,36,2018-07-10,0,7.0,91,1.0,1.0,0.0,1.0,1.0,1.0,0.0,0
NC,Durham,2,37,2018-06-15,1,,0,,,,,,,,0
NC,Durham,2,37,2018-06-21,0,6.0,6,1.0,1.0,1.0,1.0,0.0,0.0,0.0,0
NC,Durham,2,37,2018-06-27,0,6.0,12,1.0,1.0,0.0,1.0,1.0,1.0,0.0,0
NC,Durham,2,37,2018-07-03,0,6.0,18,1.0,1.0,0.0,1.0,1.0,1.0,0.0,0
NC,Durham,2,37,2018-07-10,0,7.0,25,1.0,1.0,0.0,1.0,0.0,1.0,0.0,0
NC,Durham,2,39,2018-07-24,1,,0,,,,,,,,0
NC,Clayton,3,40,2016-04-19,1,,0,,,,,,,,0
NC,Clayton,3,40,2016-04-22,0,3.0,3,0.0,0.0,0.0,0.0,0.0,1.0,0.0,0
NC,Clayton,3,40,2016-04-26,0,4.0,7,0.0,0.0,1.0,1.0,1.0,1.0,0.0,0
NC,Clayton,3,40,2016-04-29,0,3.0,10,0.0,0.0,1.0,1.0,1.0,1.0,0.0,1
NC,Clayton,3,40,2016-05-03,0,4.0,14,1.0,1.0,1.0,1.0,1.0,1.0,1.0,1
NC,Clayton,3,40,2016-05-10,0,7.0,21,1.0,1.0,1.0,1.0,1.0,1.0,1.0,1
NC,Clayton,3,40,2016-05-13,0,3.0,24,1.0,1.0,1.0,1.0,1.0,1.0,1.0,1
NC,Clayton,3,40,2016-05-18,0,5.0,29,1.0,1.0,1.0,1.0,1.0,1.0,1.0,1
NC,Clayton,3,40,2016-05-25,0,7.0,36,1.0,1.0,1.0,1.0,1.0,1.0,1.0,1
NC,Clayton,3,40,2016-06-01,0,7.0,43,1.0,1.0,1.0,1.0,1.0,1.0,1.0,1
NC,Clayton,3,40,2016-06-08,0,7.0,50,1.0,1.0,1.0,1.0,1.0,1.0,1.0,1
NC,Clayton,3,40,2016-06-15,0,7.0,57,1.0,1.0,1.0,1.0,1.0,1.0,1.0,1
NC,Clayton,3,40,2016-06-23,0,8.0,65,1.0,1.0,1.0,1.0,1.0,1.0,1.0,1
NC,Clayton,3,40,2016-06-30,0,7.0,72,1.0,1.0,1.0,1.0,1.0,1.0,1.0,1
NC,Clayton,3,40,2016-07-12,0,12.0,84,1.0,1.0,1.0,1.0,1.0,1.0,1.0,1
NC,Clayton,3,40,2016-07-21,0,9.0,93,1.0,1.0,1.0,1.0,1.0,1.0,1.0,1
NC,Clayton,3,40,2016-07-26,0,5.0,98,1.0,1.0,1.0,1.0,1.0,1.0,1.0,1
NC,Clayton,3,40,2016-08-09,0,14.0,112,1.0,1.0,1.0,1.0,1.0,1.0,1.0,1
NC,Clayton,3,40,2016-08-24,0,15.0,127,1.0,1.0,1.0,1.0,1.0,1.0,1.0,1
NC,Clayton,3,40,2016-08-31,0,7.0,134,1.0,1.0,1.0,1.0,1.0,1.0,1.0,0
NC,Clayton,3,40,2016-09-08,0,8.0,142,1.0,1.0,1.0,1.0,0.0,0.0,0.0,0
NC,Clayton,3,40,2016-09-13,0,5.0,147,1.0,1.0,1.0,1.0,0.0,1.0,0.0,0
NC,Clayton,3,40,2016-09-19,0,6.0,153,1.0,1.0,1.0,1.0,0.0,1.0,0.0,1
NC,Clayton,3,40,2016-10-03,0,14.0,167,1.0,1.0,1.0,1.0,1.0,1.0,1.0,0
NC,Clayton,3,40,2016-10-10,0,7.0,174,1.0,1.0,1.0,1.0,0.0,1.0,0.0,0
NC,Clayton,3,40,2016-10-17,0,7.0,181,1.0,1.0,1.0,1.0,0.0,1.0,0.0,0
NC,Clayton,3,40,2016-10-24,0,7.0,188,1.0,1.0,1.0,1.0,0.0,1.0,0.0,0
NC,Clayton,3,41,2016-04-19,1,,0,,,,,,,,0
NC,Clayton,3,41,2016-04-22,0,3.0,3,0.0,0.0,0.0,0.0,0.0,1.0,0.0,0
NC,Clayton,3,41,2016-04-26,0,4.0,7,0.0,0.0,1.0,1.0,1.0,1.0,0.0,0
NC,Clayton,3,41,2016-04-29,0,3.0,10,0.0,0.0,1.0,1.0,1.0,1.0,0.0,0
NC,Clayton,3,41,2016-05-03,0,4.0,14,0.0,0.0,1.0,1.0,1.0,1.0,0.0,0
NC,Clayton,3,41,2016-05-10,0,7.0,21,1.0,0.0,1.0,1.0,1.0,1.0,0.0,0
NC,Clayton,3,41,2016-05-13,0,3.0,24,1.0,1.0,1.0,1.0,0.0,1.0,0.0,1
NC,Clayton,3,41,2016-05-18,0,5.0,29,1.0,1.0,1.0,1.0,1.0,1.0,1.0,1
NC,Clayton,3,41,2016-05-25,0,7.0,36,1.0,1.0,1.0,1.0,1.0,1.0,1.0,1
NC,Clayton,3,41,2016-06-01,0,7.0,43,1.0,1.0,1.0,1.0,1.0,1.0,1.0,1
NC,Clayton,3,41,2016-06-08,0,7.0,50,1.0,1.0,1.0,1.0,1.0,1.0,1.0,1
NC,Clayton,3,41,2016-06-15,0,7.0,57,1.0,1.0,1.0,1.0,1.0,1.0,1.0,1
NC,Clayton,3,41,2016-06-23,0,8.0,65,1.0,1.0,1.0,1.0,1.0,1.0,1.0,1
NC,Clayton,3,41,2016-06-30,0,7.0,72,1.0,1.0,1.0,1.0,1.0,1.0,1.0,1
NC,Clayton,3,41,2016-07-12,0,12.0,84,1.0,1.0,1.0,1.0,1.0,1.0,1.0,1
NC,Clayton,3,41,2016-07-26,0,14.0,98,1.0,1.0,1.0,1.0,1.0,1.0,1.0,1
NC,Clayton,3,41,2016-08-09,0,14.0,112,1.0,1.0,1.0,1.0,1.0,1.0,1.0,1
NC,Clayton,3,41,2016-08-24,0,15.0,127,1.0,1.0,1.0,1.0,1.0,1.0,1.0,1
NC,Clayton,3,41,2016-08-31,0,7.0,134,1.0,1.0,1.0,1.0,1.0,1.0,1.0,0
NC,Clayton,3,41,2016-09-08,0,8.0,142,0.0,1.0,1.0,1.0,0.0,0.0,0.0,0
NC,Clayton,3,41,2016-09-13,0,5.0,147,1.0,1.0,1.0,1.0,0.0,1.0,0.0,0
NC,Clayton,3,41,2016-09-19,0,6.0,153,1.0,1.0,1.0,1.0,0.0,1.0,0.0,0
NC,Clayton,3,41,2016-10-03,0,14.0,167,1.0,1.0,1.0,1.0,0.0,1.0,0.0,0
NC,Clayton,3,41,2016-10-10,0,7.0,174,1.0,1.0,1.0,1.0,0.0,1.0,0.0,0
NC,Clayton,3,41,2016-10-17,0,7.0,181,1.0,1.0,0.0,1.0,0.0,1.0,0.0,0
NC,Clayton,3,41,2016-10-24,0,7.0,188,1.0,1.0,1.0,1.0,0.0,1.0,0.0,0
NC,Clayton,3,42,2016-04-19,1,,0,,,,,,,,0
NC,Clayton,3,42,2016-04-22,0,3.0,3,0.0,0.0,0.0,0.0,0.0,1.0,0.0,0
NC,Clayton,3,42,2016-04-26,0,4.0,7,0.0,0.0,0.0,1.0,1.0,1.0,0.0,0
NC,Clayton,3,42,2016-05-03,0,7.0,14,0.0,0.0,0.0,1.0,1.0,1.0,0.0,0
NC,Clayton,3,42,2016-05-10,0,7.0,21,0.0,0.0,0.0,1.0,1.0,1.0,0.0,0
NC,Durham,4,43,2017-10-23,1,,0,,,,,,,,0
NC,Durham,4,44,2018-07-12,1,,0,,,,,,,,1
NC,Durham,4,44,2018-08-02,0,21.0,21,1.0,1.0,1.0,1.0,1.0,1.0,1.0,0
NC,Durham,4,44,2018-08-08,0,6.0,27,1.0,1.0,0.0,0.0,1.0,1.0,0.0,0
NC,Durham,4,44,2018-08-23,0,15.0,42,0.0,1.0,0.0,1.0,1.0,0.0,0.0,0
NC,Durham,4,44,2018-09-05,0,13.0,55,1.0,1.0,1.0,1.0,1.0,0.0,0.0,1
NC,Durham,4,44,2018-09-18,0,13.0,68,1.0,1.0,1.0,1.0,1.0,1.0,1.0,0
NC,Durham,4,44,2018-09-27,0,9.0,77,1.0,1.0,1.0,1.0,1.0,0.0,0.0,0
NC,Durham,4,44,2018-10-08,0,11.0,88,1.0,1.0,1.0,1.0,0.0,1.0,0.0,1
NC,Durham,4,44,2018-10-30,0,22.0,110,1.0,1.0,1.0,1.0,1.0,1.0,1.0,1
NC,Durham,4,44,2018-11-07,0,8.0,118,1.0,1.0,1.0,1.0,1.0,1.0,1.0,0
NC,Durham,4,44,2018-12-03,0,26.0,144,1.0,1.0,1.0,1.0,1.0,0.0,0.0,0
NC,Durham,4,45,2018-07-12,1,,0,,,,,,,,0
NC,Durham,4,45,2018-07-31,0,19.0,19,1.0,1.0,1.0,1.0,1.0,0.0,0.0,0
NC,Durham,4,45,2018-09-05,0,36.0,55,0.0,1.0,0.0,0.0,0.0,1.0,0.0,1
NC,Durham,4,45,2018-09-11,0,6.0,61,1.0,1.0,1.0,1.0,1.0,1.0,1.0,1
NC,Durham,4,45,2018-09-19,0,8.0,69,1.0,1.0,1.0,1.0,1.0,1.0,1.0,1
NC,Durham,4,45,2018-09-27,0,8.0,77,1.0,1.0,1.0,1.0,1.0,1.0,1.0,0
NC,Durham,4,45,2018-10-08,0,11.0,88,0.0,1.0,1.0,1.0,0.0,1.0,0.0,0
NC,Durham,4,45,2018-10-30,0,22.0,110,1.0,1.0,1.0,1.0,0.0,1.0,0.0,1
NC,Durham,4,45,2018-11-07,0,8.0,118,1.0,1.0,1.0,1.0,1.0,1.0,1.0,0
NC,Durham,4,45,2018-12-03,0,26.0,144,1.0,1.0,1.0,1.0,1.0,0.0,0.0,0
NC,Durham,4,46,2018-03-16,1,,0,,,,,,,,0
NC,Durham,4,46,2018-03-29,0,13.0,13,1.0,1.0,1.0,0.0,1.0,1.0,0.0,0
NC,Durham,4,46,2018-04-02,0,4.0,17,1.0,1.0,1.0,0.0,1.0,1.0,0.0,0
NC,Durham,4,46,2018-04-05,0,3.0,20,0.0,1.0,0.0,1.0,1.0,1.0,0.0,0
NC,Durham,4,46,2018-04-10,0,5.0,25,0.0,1.0,0.0,1.0,1.0,1.0,0.0,0
NC,Durham,4,46,2018-04-13,0,3.0,28,0.0,1.0,0.0,1.0,1.0,1.0,0.0,1
NC,Durham,4,46,2018-04-18,0,5.0,33,1.0,1.0,1.0,1.0,1.0,1.0,1.0,0
NC,Durham,4,46,2018-04-26,0,8.0,41,0.0,0.0,0.0,1.0,1.0,1.0,0.0,0
NC,Durham,4,47,2018-03-16,1,,0,,,,,,,,0
NC,Durham,4,47,2018-03-29,0,13.0,13,1.0,1.0,1.0,0.0,1.0,1.0,0.0,0
NC,Durham,4,47,2018-04-05,0,7.0,20,1.0,1.0,1.0,0.0,0.0,1.0,0.0,1
NC,Durham,4,47,2018-04-10,0,5.0,25,1.0,1.0,1.0,1.0,1.0,1.0,1.0,1
NC,Durham,4,47,2018-04-18,0,8.0,33,1.0,1.0,1.0,1.0,1.0,1.0,1.0,1
NC,Durham,4,47,2018-04-26,0,8.0,41,1.0,1.0,1.0,1.0,1.0,1.0,1.0,1
NC,Durham,4,47,2018-05-14,0,18.0,59,1.0,1.0,1.0,1.0,1.0,1.0,1.0,0
NC,Durham,4,47,2018-05-23,0,9.0,68,1.0,1.0,1.0,0.0,1.0,1.0,0.0,1
NC,Durham,4,47,2018-06-11,0,19.0,87,1.0,1.0,1.0,1.0,1.0,1.0,1.0,0
NC,Durham,4,47,2018-06-28,0,17.0,104,1.0,1.0,1.0,0.0,1.0,1.0,0.0,0
NC,Durham,4,47,2018-08-02,0,35.0,139,1.0,1.0,0.0,0.0,1.0,1.0,0.0,0
NC,Durham,4,47,2018-08-08,0,6.0,145,1.0,1.0,1.0,0.0,1.0,1.0,0.0,0
NC,Durham,4,47,2018-08-23,0,15.0,160,1.0,1.0,1.0,0.0,1.0,1.0,0.0,0
NC,Durham,4,47,2018-09-18,0,26.0,186,1.0,1.0,1.0,0.0,1.0,1.0,0.0,1
NC,Durham,4,47,2018-09-26,0,8.0,194,1.0,1.0,1.0,1.0,1.0,1.0,1.0,1
NC,Durham,4,47,2018-10-08,0,12.0,206,1.0,1.0,1.0,1.0,1.0,1.0,1.0,0
NC,Durham,4,47,2018-10-30,0,22.0,228,1.0,1.0,1.0,0.0,1.0,1.0,0.0,0
NC,Durham,4,47,2018-11-06,0,7.0,235,0.0,1.0,0.0,1.0,0.0,1.0,0.0,1
NC,Durham,4,47,2018-11-06,0,0.0,235,1.0,1.0,1.0,1.0,1.0,1.0,1.0,0
NC,Durham,4,48,2018-03-16,1,,0,,,,,,,,0
NC,Durham,4,48,2018-04-02,0,17.0,17,0.0,1.0,0.0,1.0,1.0,1.0,0.0,0
NC,Durham,4,48,2018-04-12,0,10.0,27,0.0,1.0,0.0,1.0,1.0,1.0,0.0,1
NC,Durham,4,48,2018-04-13,0,1.0,28,1.0,1.0,1.0,1.0,1.0,1.0,1.0,1
NC,Durham,4,48,2018-04-26,0,13.0,41,1.0,1.0,1.0,1.0,1.0,1.0,1.0,1
NC,Durham,4,48,2018-05-14,0,18.0,59,1.0,1.0,1.0,1.0,1.0,1.0,1.0,1
NC,Durham,4,48,2018-06-13,0,30.0,89,1.0,1.0,1.0,1.0,1.0,1.0,1.0,0
NC,Durham,4,48,2018-06-28,0,15.0,104,1.0,1.0,1.0,0.0,0.0,0.0,0.0,0
NC,Durham,4,48,2018-08-02,0,35.0,139,0.0,1.0,1.0,0.0,1.0,1.0,0.0,0
NC,Durham,4,48,2018-08-08,0,6.0,145,1.0,1.0,1.0,0.0,0.0,1.0,0.0,0
NC,Durham,4,48,2018-08-23,0,15.0,160,1.0,1.0,1.0,0.0,1.0,1.0,0.0,0
NC,Durham,4,48,2018-09-05,0,13.0,173,1.0,1.0,1.0,0.0,1.0,0.0,0.0,0
NC,Durham,4,49,2018-03-16,1,,0,,,,,,,,0
NC,Durham,4,49,2018-03-29,0,13.0,13,0.0,1.0,0.0,1.0,1.0,1.0,0.0,0
NC,Durham,4,49,2018-04-02,0,4.0,17,0.0,0.0,0.0,0.0,0.0,1.0,0.0,0
NC,Durham,4,49,2018-04-12,0,10.0,27,0.0,1.0,0.0,1.0,1.0,1.0,0.0,0
NC,Durham,4,49,2018-04-18,0,6.0,33,0.0,0.0,1.0,1.0,1.0,1.0,0.0,0
NC,Durham,4,49,2018-04-23,0,5.0,38,0.0,1.0,0.0,1.0,1.0,1.0,0.0,0
NC,Durham,4,49,2018-04-25,0,2.0,40,0.0,0.0,0.0,1.0,1.0,1.0,0.0,0
NC,Durham,4,49,2018-04-26,0,1.0,41,0.0,0.0,0.0,1.0,0.0,0.0,0.0,0
NC,Durham,4,49,2018-05-03,0,7.0,48,0.0,0.0,0.0,1.0,0.0,1.0,0.0,1
NC,Durham,4,49,2018-05-15,0,12.0,60,1.0,1.0,1.0,1.0,1.0,1.0,1.0,1
NC,Durham,4,49,2018-05-23,0,8.0,68,1.0,1.0,1.0,1.0,1.0,1.0,1.0,1
NC,Durham,4,49,2018-06-13,0,21.0,89,1.0,1.0,1.0,1.0,1.0,1.0,1.0,1
NC,Durham,4,49,2018-06-28,0,15.0,104,1.0,1.0,1.0,1.0,1.0,1.0,1.0,0
NC,Durham,4,49,2018-08-02,0,35.0,139,0.0,1.0,0.0,1.0,1.0,0.0,0.0,0
NC,Durham,4,49,2018-08-08,0,6.0,145,1.0,1.0,1.0,0.0,0.0,1.0,0.0,1
NC,Durham,4,49,2018-08-23,0,15.0,160,1.0,1.0,1.0,1.0,1.0,1.0,1.0,1
NC,Durham,4,49,2018-09-05,0,13.0,173,1.0,1.0,1.0,1.0,1.0,1.0,1.0,0
NC,Durham,4,50,2017-08-30,1,,0,,,,,,,,1
NC,Durham,4,50,2017-09-07,0,8.0,8,1.0,1.0,1.0,1.0,1.0,1.0,1.0,0
NC,Durham,4,50,2017-09-12,0,5.0,13,1.0,1.0,1.0,1.0,0.0,0.0,0.0,0
NC,Durham,4,50,2017-09-21,0,9.0,22,1.0,1.0,1.0,0.0,0.0,1.0,0.0,0
NC,Durham,4,50,2017-10-02,0,11.0,33,1.0,1.0,1.0,1.0,0.0,0.0,0.0,0
NC,Durham,4,50,2018-04-25,0,205.0,238,1.0,1.0,1.0,1.0,0.0,1.0,0.0,1
NC,Durham,4,50,2018-05-14,0,19.0,257,1.0,1.0,1.0,1.0,1.0,1.0,1.0,0
NC,Durham,4,50,2018-05-23,0,9.0,266,0.0,1.0,0.0,1.0,1.0,1.0,0.0,1
NC,Durham,4,50,2018-05-31,0,8.0,274,1.0,1.0,1.0,1.0,1.0,1.0,1.0,0
NC,Durham,4,50,2018-06-04,0,4.0,278,1.0,1.0,1.0,1.0,1.0,0.0,0.0,1
NC,Durham,4,50,2018-06-13,0,9.0,287,1.0,1.0,1.0,1.0,1.0,1.0,1.0,1
NC,Durham,4,50,2018-06-26,0,13.0,300,1.0,1.0,1.0,1.0,1.0,1.0,1.0,1
NC,Durham,4,50,2018-07-31,0,35.0,335,1.0,1.0,1.0,1.0,1.0,1.0,1.0,0
NC,Durham,4,50,2018-08-06,0,6.0,341,0.0,1.0,0.0,0.0,1.0,1.0,0.0,1
NC,Durham,4,50,2018-09-05,0,30.0,371,1.0,1.0,1.0,1.0,1.0,1.0,1.0,1
NC,Durham,4,50,2018-09-19,0,14.0,385,1.0,1.0,1.0,1.0,1.0,1.0,1.0,1
NC,Durham,4,50,2018-09-27,0,8.0,393,1.0,1.0,1.0,1.0,1.0,1.0,1.0,1
NC,Durham,4,50,2018-10-08,0,11.0,404,1.0,1.0,1.0,1.0,1.0,1.0,1.0,1
NC,Durham,4,50,2018-10-30,0,22.0,426,1.0,1.0,1.0,1.0,1.0,1.0,1.0,1
NC,Durham,4,50,2018-11-07,0,8.0,434,1.0,1.0,1.0,1.0,1.0,1.0,1.0,0
NC,Durham,4,50,2018-12-03,0,26.0,460,1.0,1.0,1.0,0.0,1.0,1.0,0.0,0
NC,Durham,4,51,2018-03-16,1,,0,,,,,,,,1
NC,Durham,4,51,2018-03-29,0,13.0,13,1.0,1.0,1.0,1.0,1.0,1.0,1.0,0
NC,Durham,4,51,2018-04-02,0,4.0,17,1.0,1.0,1.0,0.0,1.0,1.0,0.0,1
NC,Durham,4,51,2018-04-12,0,10.0,27,1.0,1.0,1.0,1.0,1.0,1.0,1.0,0
NC,Durham,4,51,2018-04-18,0,6.0,33,0.0,1.0,0.0,1.0,1.0,1.0,0.0,0
NC,Durham,4,51,2018-04-25,0,7.0,40,0.0,0.0,0.0,1.0,1.0,1.0,0.0,1
NC,Durham,4,51,2018-04-26,0,1.0,41,1.0,1.0,1.0,1.0,1.0,1.0,1.0,0
NC,Durham,4,51,2018-05-14,0,18.0,59,1.0,1.0,0.0,1.0,1.0,1.0,0.0,0
NC,Durham,4,51,2018-05-23,0,9.0,68,0.0,1.0,0.0,1.0,0.0,1.0,0.0,0
NC,Durham,4,51,2018-05-31,0,8.0,76,0.0,0.0,0.0,1.0,1.0,1.0,0.0,0
NC,Durham,4,51,2018-06-04,0,4.0,80,0.0,1.0,0.0,1.0,1.0,0.0,0.0,0
NC,Durham,4,51,2018-06-11,0,7.0,87,0.0,0.0,1.0,1.0,1.0,1.0,0.0,1
NC,Durham,4,51,2018-06-21,0,10.0,97,1.0,1.0,1.0,1.0,1.0,1.0,1.0,0
NC,Durham,4,51,2018-06-28,0,7.0,104,1.0,1.0,1.0,1.0,0.0,0.0,0.0,0
NC,Durham,4,51,2018-07-12,0,14.0,118,1.0,1.0,1.0,1.0,0.0,1.0,0.0,0
NC,Durham,4,51,2018-08-02,0,21.0,139,1.0,1.0,1.0,0.0,0.0,1.0,0.0,0
NC,Durham,4,51,2018-08-08,0,6.0,145,0.0,0.0,0.0,0.0,0.0,0.0,0.0,0
NC,Durham,4,52,2018-03-16,1,,0,,,,,,,,1
NC,Durham,4,52,2018-03-28,0,12.0,12,1.0,1.0,1.0,1.0,1.0,1.0,1.0,1
NC,Durham,4,52,2018-03-29,0,1.0,13,1.0,1.0,1.0,1.0,1.0,1.0,1.0,1
NC,Durham,4,52,2018-04-02,0,4.0,17,1.0,1.0,1.0,1.0,1.0,1.0,1.0,0
NC,Durham,4,52,2018-04-12,0,10.0,27,0.0,1.0,0.0,1.0,1.0,1.0,0.0,0
NC,Durham,4,52,2018-04-18,0,6.0,33,0.0,1.0,0.0,1.0,1.0,1.0,0.0,0
NC,Durham,4,52,2018-04-26,0,8.0,41,0.0,1.0,0.0,1.0,0.0,1.0,0.0,0
NC,Durham,4,52,2018-05-03,0,7.0,48,0.0,0.0,0.0,1.0,1.0,1.0,0.0,0
NC,Durham,4,52,2018-05-15,0,12.0,60,0.0,0.0,0.0,1.0,1.0,1.0,0.0,0
NC,Durham,4,52,2018-05-23,0,8.0,68,0.0,0.0,0.0,1.0,1.0,1.0,0.0,0
NC,Durham,4,52,2018-06-13,0,21.0,89,0.0,0.0,0.0,0.0,0.0,0.0,0.0,0
NC,Durham,4,53,2018-04-02,1,,0,,,,,,,,1
NC,Durham,4,53,2018-04-12,0,10.0,10,1.0,1.0,1.0,1.0,1.0,1.0,1.0,1
NC,Durham,4,53,2018-04-25,0,13.0,23,1.0,1.0,1.0,1.0,1.0,1.0,1.0,1
NC,Durham,4,53,2018-04-26,0,1.0,24,1.0,1.0,1.0,1.0,1.0,1.0,1.0,1
NC,Durham,4,53,2018-05-14,0,18.0,42,1.0,1.0,1.0,1.0,1.0,1.0,1.0,0
NC,Durham,4,53,2018-05-23,0,9.0,51,0.0,1.0,1.0,1.0,1.0,1.0,0.0,1
NC,Durham,4,53,2018-05-31,0,8.0,59,1.0,1.0,1.0,1.0,1.0,1.0,1.0,0
NC,Durham,4,53,2018-06-04,0,4.0,63,1.0,1.0,1.0,1.0,1.0,0.0,0.0,1
NC,Durham,4,53,2018-06-06,0,2.0,65,1.0,1.0,1.0,1.0,1.0,1.0,1.0,1
NC,Durham,4,53,2018-06-11,0,5.0,70,1.0,1.0,1.0,1.0,1.0,1.0,1.0,0
NC,Durham,4,53,2018-06-28,0,17.0,87,1.0,1.0,1.0,0.0,1.0,1.0,0.0,0
NC,Durham,4,53,2018-08-06,0,39.0,126,1.0,1.0,1.0,1.0,0.0,1.0,0.0,0
NC,Durham,4,53,2018-08-08,0,2.0,128,0.0,1.0,1.0,0.0,1.0,1.0,0.0,0
NC,Durham,4,53,2018-08-23,0,15.0,143,0.0,1.0,0.0,0.0,1.0,1.0,0.0,0
NC,Durham,4,53,2018-09-18,0,26.0,169,1.0,1.0,0.0,1.0,0.0,1.0,0.0,0
NC,Durham,4,53,2018-09-26,0,8.0,177,1.0,1.0,1.0,1.0,0.0,1.0,0.0,1
NC,Durham,4,53,2018-10-08,0,12.0,189,1.0,1.0,1.0,1.0,1.0,1.0,1.0,0
NC,Durham,4,53,2018-11-06,0,29.0,218,1.0,1.0,1.0,0.0,1.0,1.0,0.0,0
NC,Durham,4,53,2018-11-07,0,1.0,219,1.0,0.0,1.0,1.0,1.0,1.0,0.0,0
NC,Durham,4,53,2018-12-03,0,26.0,245,1.0,0.0,1.0,1.0,1.0,1.0,0.0,0
NC,Durham,4,54,2018-03-16,1,,0,,,,,,,,0
NC,Durham,4,54,2018-04-02,0,17.0,17,1.0,0.0,1.0,0.0,1.0,1.0,0.0,0
NC,Durham,4,54,2018-04-05,0,3.0,20,1.0,0.0,1.0,1.0,0.0,1.0,0.0,1
NC,Durham,4,54,2018-04-18,0,13.0,33,1.0,1.0,1.0,1.0,1.0,1.0,1.0,1
NC,Durham,4,54,2018-04-26,0,8.0,41,1.0,1.0,1.0,1.0,1.0,1.0,1.0,1
NC,Durham,4,54,2018-05-14,0,18.0,59,1.0,1.0,1.0,1.0,1.0,1.0,1.0,0
NC,Durham,4,54,2018-05-23,0,9.0,68,0.0,1.0,1.0,0.0,1.0,1.0,0.0,0
NC,Durham,4,54,2018-05-31,0,8.0,76,0.0,0.0,0.0,1.0,0.0,1.0,0.0,0
NC,Durham,4,54,2018-06-04,0,4.0,80,0.0,0.0,0.0,1.0,1.0,1.0,0.0,0
NC,Durham,4,54,2018-06-11,0,7.0,87,0.0,0.0,1.0,1.0,1.0,1.0,0.0,0
NC,Durham,4,54,2018-06-12,0,1.0,88,1.0,1.0,1.0,0.0,1.0,1.0,0.0,1
NC,Durham,4,54,2018-06-21,0,9.0,97,1.0,1.0,1.0,1.0,1.0,1.0,1.0,0
NC,Durham,4,54,2018-06-28,0,7.0,104,1.0,1.0,1.0,0.0,0.0,1.0,0.0,0
NC,Durham,4,54,2018-07-12,0,14.0,118,1.0,1.0,1.0,0.0,0.0,1.0,0.0,0
NC,Durham,4,54,2018-08-06,0,25.0,143,0.0,1.0,1.0,0.0,0.0,1.0,0.0,0
NC,Durham,4,55,2018-03-16,1,,0,,,,,,,,0
NC,Durham,4,55,2018-04-02,0,17.0,17,1.0,0.0,1.0,0.0,1.0,1.0,0.0,0
NC,Durham,4,55,2018-04-05,0,3.0,20,1.0,0.0,1.0,1.0,0.0,1.0,0.0,1
NC,Durham,4,55,2018-04-12,0,7.0,27,1.0,1.0,1.0,1.0,1.0,1.0,1.0,1
NC,Durham,4,55,2018-04-18,0,6.0,33,1.0,1.0,1.0,1.0,1.0,1.0,1.0,1
NC,Durham,4,55,2018-04-26,0,8.0,41,1.0,1.0,1.0,1.0,1.0,1.0,1.0,0
NC,Durham,4,55,2018-05-03,0,7.0,48,0.0,1.0,0.0,1.0,0.0,1.0,0.0,0
NC,Durham,4,55,2018-05-16,0,13.0,61,0.0,1.0,0.0,1.0,1.0,1.0,0.0,0
NC,Durham,4,55,2018-05-23,0,7.0,68,0.0,0.0,1.0,1.0,1.0,1.0,0.0,0
NC,Durham,4,55,2018-05-31,0,8.0,76,1.0,1.0,0.0,1.0,0.0,1.0,0.0,0
NC,Durham,4,55,2018-06-04,0,4.0,80,0.0,1.0,0.0,1.0,1.0,1.0,0.0,0
NC,Durham,4,55,2018-06-11,0,7.0,87,0.0,0.0,1.0,1.0,1.0,1.0,0.0,0
NC,Durham,4,55,2018-06-21,0,10.0,97,1.0,1.0,1.0,0.0,1.0,1.0,0.0,0
NC,Durham,4,55,2018-06-28,0,7.0,104,1.0,1.0,1.0,0.0,0.0,1.0,0.0,0
NC,Durham,4,55,2018-07-12,0,14.0,118,0.0,1.0,0.0,0.0,0.0,1.0,0.0,0
NC,Durham,4,56,2018-04-05,1,,0,,,,,,,,1
NC,Durham,4,56,2018-04-12,0,7.0,7,1.0,1.0,1.0,1.0,1.0,1.0,1.0,1
NC,Durham,4,56,2018-04-26,0,14.0,21,1.0,1.0,1.0,1.0,1.0,1.0,1.0,0
NC,Durham,4,56,2018-05-14,0,18.0,39,0.0,1.0,1.0,1.0,1.0,1.0,0.0,1
NC,Durham,4,56,2018-05-23,0,9.0,48,1.0,1.0,1.0,1.0,1.0,1.0,1.0,0
NC,Durham,4,56,2018-06-13,0,21.0,69,1.0,1.0,1.0,1.0,0.0,1.0,0.0,0
NC,Durham,4,56,2018-06-26,0,13.0,82,1.0,1.0,1.0,1.0,1.0,0.0,0.0,0
NC,Durham,4,56,2018-08-02,0,37.0,119,1.0,1.0,1.0,1.0,1.0,0.0,0.0,0
NC,Durham,4,56,2018-09-04,0,33.0,152,1.0,1.0,1.0,0.0,1.0,1.0,0.0,0
NC,Durham,4,56,2018-09-19,0,15.0,167,1.0,1.0,1.0,1.0,1.0,0.0,0.0,0
NC,Durham,4,56,2018-09-27,0,8.0,175,0.0,1.0,0.0,1.0,1.0,1.0,0.0,0
NC,Durham,4,56,2018-10-08,0,11.0,186,0.0,1.0,0.0,1.0,1.0,1.0,0.0,0
NC,Durham,4,56,2018-10-15,0,7.0,193,1.0,1.0,1.0,1.0,0.0,1.0,0.0,0
NC,Durham,4,56,2018-10-30,0,15.0,208,1.0,1.0,1.0,1.0,0.0,1.0,0.0,1
NC,Durham,4,56,2018-11-07,0,8.0,216,1.0,1.0,1.0,1.0,1.0,1.0,1.0,0
NC,Durham,4,56,2018-12-03,0,26.0,242,1.0,1.0,1.0,1.0,1.0,0.0,0.0,1
NC,Durham,4,57,2018-04-04,1,,0,,,,,,,,1
NC,Durham,4,57,2018-04-12,0,8.0,8,1.0,1.0,1.0,1.0,1.0,1.0,1.0,1
NC,Durham,4,57,2018-04-18,0,6.0,14,1.0,1.0,1.0,1.0,1.0,1.0,1.0,0
NC,Durham,4,57,2018-04-23,0,5.0,19,0.0,1.0,0.0,1.0,0.0,1.0,0.0,0
NC,Durham,4,57,2018-04-26,0,3.0,22,0.0,1.0,0.0,1.0,1.0,1.0,0.0,0
NC,Durham,4,57,2018-05-03,0,7.0,29,0.0,1.0,1.0,1.0,1.0,1.0,0.0,0
NC,Durham,4,57,2018-05-16,0,13.0,42,0.0,1.0,0.0,1.0,1.0,1.0,0.0,0
NC,Durham,4,57,2018-05-23,0,7.0,49,0.0,0.0,0.0,1.0,1.0,1.0,0.0,0
NC,Durham,4,57,2018-05-31,0,8.0,57,0.0,0.0,0.0,1.0,1.0,1.0,0.0,0
NC,Durham,4,58,2018-04-04,1,,0,,,,,,,,0
NC,Durham,4,58,2018-04-12,0,8.0,8,0.0,0.0,1.0,1.0,1.0,1.0,0.0,0
NC,Durham,4,58,2018-04-18,0,6.0,14,1.0,1.0,0.0,1.0,1.0,1.0,0.0,1
NC,Durham,4,58,2018-04-23,0,5.0,19,1.0,1.0,1.0,1.0,1.0,1.0,1.0,0
NC,Durham,4,58,2018-04-26,0,3.0,22,0.0,1.0,0.0,1.0,1.0,1.0,0.0,0
NC,Durham,4,58,2018-05-03,0,7.0,29,0.0,1.0,0.0,1.0,1.0,1.0,0.0,0
NC,Durham,4,58,2018-05-14,0,11.0,40,0.0,0.0,0.0,1.0,1.0,1.0,0.0,0
NC,Durham,4,58,2018-05-18,0,4.0,44,0.0,0.0,0.0,0.0,1.0,1.0,0.0,0
NC,Durham,4,58,2018-06-11,0,24.0,68,0.0,0.0,0.0,0.0,0.0,0.0,0.0,0
NC,Durham,4,59,2018-04-04,1,,0,,,,,,,,0
NC,Durham,4,59,2018-04-12,0,8.0,8,0.0,0.0,0.0,1.0,1.0,1.0,0.0,0
NC,Durham,4,59,2018-04-18,0,6.0,14,0.0,0.0,0.0,1.0,1.0,1.0,0.0,0
NC,Durham,4,59,2018-04-26,0,8.0,22,0.0,0.0,0.0,1.0,0.0,1.0,0.0,0
NC,Durham,4,60,2018-04-04,1,,0,,,,,,,,1
NC,Durham,4,60,2018-04-10,0,6.0,6,1.0,1.0,1.0,1.0,1.0,1.0,1.0,0
NC,Durham,4,60,2018-04-19,0,9.0,15,0.0,1.0,0.0,1.0,1.0,0.0,0.0,0
NC,Durham,4,60,2018-04-26,0,7.0,22,0.0,1.0,0.0,1.0,1.0,1.0,0.0,0
NC,Durham,4,60,2018-05-03,0,7.0,29,0.0,0.0,0.0,1.0,1.0,1.0,0.0,0
NC,Durham,4,60,2018-05-15,0,12.0,41,0.0,0.0,0.0,1.0,0.0,1.0,0.0,0
NC,Durham,4,61,2018-04-12,1,,0,,,,,,,,0
NC,Durham,4,61,2018-04-19,0,7.0,7,0.0,0.0,0.0,1.0,1.0,1.0,0.0,0
NC,Durham,4,61,2018-04-26,0,7.0,14,0.0,0.0,0.0,1.0,1.0,1.0,0.0,1
NC,Durham,4,61,2018-05-14,0,18.0,32,1.0,1.0,1.0,1.0,1.0,1.0,1.0,1
NC,Durham,4,61,2018-05-31,0,17.0,49,1.0,1.0,1.0,1.0,1.0,1.0,1.0,0
NC,Durham,4,61,2018-06-04,0,4.0,53,1.0,1.0,1.0,1.0,1.0,0.0,0.0,1
NC,Durham,4,61,2018-06-11,0,7.0,60,1.0,1.0,1.0,1.0,1.0,1.0,1.0,1
NC,Durham,4,61,2018-06-26,0,15.0,75,1.0,1.0,1.0,1.0,1.0,1.0,1.0,1
NC,Durham,4,61,2018-07-31,0,35.0,110,1.0,1.0,1.0,1.0,1.0,1.0,1.0,0
NC,Durham,4,61,2018-08-06,0,6.0,116,0.0,1.0,0.0,1.0,1.0,1.0,0.0,1
NC,Durham,4,61,2018-09-05,0,30.0,146,1.0,1.0,1.0,1.0,1.0,1.0,1.0,1
NC,Durham,4,61,2018-09-19,0,14.0,160,1.0,1.0,1.0,1.0,1.0,1.0,1.0,1
NC,Durham,4,61,2018-09-27,0,8.0,168,1.0,1.0,1.0,1.0,1.0,1.0,1.0,1
NC,Durham,4,61,2018-10-08,0,11.0,179,1.0,1.0,1.0,1.0,1.0,1.0,1.0,1
NC,Durham,4,61,2018-10-30,0,22.0,201,1.0,1.0,1.0,1.0,1.0,1.0,1.0,1
NC,Durham,4,61,2018-11-07,0,8.0,209,1.0,1.0,1.0,1.0,1.0,1.0,1.0,0
NC,Durham,4,61,2018-12-03,0,26.0,235,1.0,1.0,1.0,0.0,1.0,1.0,0.0,0
NC,Durham,4,62,2018-04-18,1,,0,,,,,,,,0
NC,Durham,4,62,2018-04-19,0,1.0,1,0.0,0.0,0.0,1.0,1.0,1.0,0.0,0
NC,Durham,4,62,2018-04-24,0,5.0,6,0.0,0.0,0.0,1.0,1.0,1.0,0.0,0
NC,Durham,4,63,2018-04-05,1,,0,,,,,,,,0
NC,Durham,4,63,2018-04-12,0,7.0,7,1.0,0.0,1.0,1.0,1.0,1.0,0.0,0
NC,Durham,4,63,2018-04-19,0,7.0,14,1.0,0.0,1.0,1.0,1.0,1.0,0.0,0
NC,Durham,4,63,2018-04-23,0,4.0,18,1.0,0.0,1.0,1.0,1.0,1.0,0.0,1
NC,Durham,4,63,2018-04-26,0,3.0,21,1.0,1.0,1.0,1.0,1.0,1.0,1.0,1
NC,Durham,4,63,2018-05-14,0,18.0,39,1.0,1.0,1.0,1.0,1.0,1.0,1.0,0
NC,Durham,4,63,2018-05-23,0,9.0,48,0.0,1.0,0.0,1.0,0.0,1.0,0.0,0
NC,Durham,4,63,2018-05-31,0,8.0,56,0.0,0.0,1.0,1.0,1.0,1.0,0.0,0
NC,Durham,4,63,2018-06-04,0,4.0,60,0.0,1.0,0.0,1.0,0.0,1.0,0.0,0
NC,Durham,4,63,2018-06-11,0,7.0,67,0.0,0.0,1.0,1.0,1.0,1.0,0.0,0
NC,Durham,4,63,2018-06-21,0,10.0,77,1.0,1.0,1.0,0.0,0.0,1.0,0.0,0
NC,Durham,4,63,2018-06-28,0,7.0,84,1.0,1.0,1.0,0.0,0.0,1.0,0.0,0
NC,Durham,4,63,2018-07-12,0,14.0,98,1.0,1.0,1.0,0.0,0.0,1.0,0.0,0
NC,Durham,4,64,2018-04-26,1,,0,,,,,,,,1
NC,Durham,4,64,2018-05-03,0,7.0,7,1.0,1.0,1.0,1.0,1.0,1.0,1.0,1
NC,Durham,4,64,2018-05-16,0,13.0,20,1.0,1.0,1.0,1.0,1.0,1.0,1.0,1
NC,Durham,4,64,2018-05-23,0,7.0,27,1.0,1.0,1.0,1.0,1.0,1.0,1.0,0
NC,Durham,4,64,2018-05-31,0,8.0,35,0.0,1.0,0.0,1.0,1.0,1.0,0.0,0
NC,Durham,4,64,2018-06-04,0,4.0,39,0.0,1.0,1.0,1.0,1.0,1.0,0.0,0
NC,Durham,4,64,2018-06-06,0,2.0,41,0.0,1.0,0.0,1.0,1.0,1.0,0.0,0
NC,Durham,4,64,2018-06-11,0,5.0,46,0.0,1.0,0.0,1.0,1.0,1.0,0.0,1
NC,Durham,4,64,2018-06-21,0,10.0,56,1.0,1.0,1.0,1.0,1.0,1.0,1.0,0
NC,Durham,4,64,2018-06-28,0,7.0,63,1.0,1.0,1.0,1.0,0.0,0.0,0.0,1
NC,Durham,4,64,2018-07-12,0,14.0,77,1.0,1.0,1.0,1.0,1.0,1.0,1.0,0
NC,Durham,4,65,2018-06-06,1,,0,,,,,,,,1
NC,Durham,4,65,2018-06-11,0,5.0,5,1.0,1.0,1.0,1.0,1.0,1.0,1.0,1
NC,Durham,4,65,2018-06-21,0,10.0,15,1.0,1.0,1.0,1.0,1.0,1.0,1.0,0
NC,Durham,4,65,2018-06-26,0,5.0,20,0.0,1.0,0.0,1.0,1.0,1.0,0.0,0
NC,Durham,4,65,2018-07-12,0,16.0,36,0.0,1.0,0.0,1.0,1.0,1.0,0.0,0
NC,Durham,4,65,2018-07-31,0,19.0,55,0.0,1.0,0.0,0.0,1.0,1.0,0.0,0
NC,Durham,4,66,2018-06-11,1,,0,,,,,,,,1
NC,Durham,4,66,2018-06-21,0,10.0,10,1.0,1.0,1.0,1.0,1.0,1.0,1.0,0
NC,Durham,4,66,2018-06-28,0,7.0,17,1.0,1.0,1.0,0.0,1.0,0.0,0.0,1
NC,Durham,4,66,2018-07-12,0,14.0,31,1.0,1.0,1.0,1.0,1.0,1.0,1.0,0
NC,Durham,4,66,2018-08-02,0,21.0,52,1.0,1.0,1.0,0.0,1.0,1.0,0.0,0
NC,Durham,4,66,2018-08-08,0,6.0,58,1.0,1.0,1.0,0.0,0.0,1.0,0.0,1
NC,Durham,4,66,2018-08-23,0,15.0,73,1.0,1.0,1.0,1.0,1.0,1.0,1.0,0
NC,Durham,4,66,2018-09-18,0,26.0,99,0.0,0.0,0.0,0.0,1.0,1.0,0.0,1
NC,Durham,4,66,2018-09-26,0,8.0,107,1.0,1.0,1.0,1.0,1.0,1.0,1.0,1
NC,Durham,4,66,2018-10-08,0,12.0,119,1.0,1.0,1.0,1.0,1.0,1.0,1.0,1
NC,Durham,4,66,2018-10-30,0,22.0,141,1.0,1.0,1.0,1.0,1.0,1.0,1.0,0
NC,Durham,4,66,2018-11-07,0,8.0,149,0.0,1.0,0.0,1.0,0.0,1.0,0.0,0
NC,Durham,4,66,2018-12-03,0,26.0,175,0.0,1.0,1.0,0.0,1.0,0.0,0.0,0
NC,Durham,4,67,2018-07-12,1,,0,,,,,,,,0
NC,Durham,4,67,2018-07-31,0,19.0,19,1.0,1.0,1.0,1.0,1.0,0.0,0.0,1
NC,Durham,4,67,2018-09-05,0,36.0,55,1.0,1.0,1.0,1.0,1.0,1.0,1.0,0
NC,Durham,4,67,2018-09-19,0,14.0,69,1.0,1.0,1.0,1.0,0.0,1.0,0.0,1
NC,Durham,4,67,2018-09-27,0,8.0,77,1.0,1.0,1.0,1.0,1.0,1.0,1.0,1
NC,Durham,4,67,2018-10-08,0,11.0,88,1.0,1.0,1.0,1.0,1.0,1.0,1.0,1
NC,Durham,4,67,2018-10-30,0,22.0,110,1.0,1.0,1.0,1.0,1.0,1.0,1.0,0
NC,Durham,4,67,2018-11-07,0,8.0,118,1.0,1.0,1.0,1.0,1.0,0.0,0.0,0
NC,Durham,4,67,2018-12-03,0,26.0,144,1.0,1.0,1.0,1.0,1.0,0.0,0.0,1
NC,Durham,4,68,2018-08-27,1,,0,,,,,,,,0
NC,Durham,4,68,2018-08-29,0,2.0,2,0.0,1.0,0.0,1.0,1.0,1.0,0.0,0
NC,Durham,4,68,2018-09-04,0,6.0,8,0.0,1.0,0.0,1.0,1.0,1.0,0.0,0
NC,Durham,4,68,2018-09-12,0,8.0,16,0.0,1.0,0.0,1.0,0.0,1.0,0.0,0
NC,Durham,4,68,2018-09-18,0,6.0,22,0.0,1.0,0.0,1.0,1.0,1.0,0.0,0
NC,Durham,4,68,2018-09-19,0,1.0,23,0.0,1.0,0.0,1.0,0.0,1.0,0.0,0
NC,Durham,4,68,2018-09-26,0,7.0,30,1.0,1.0,0.0,1.0,0.0,1.0,0.0,0
NC,Durham,4,68,2018-10-01,0,5.0,35,0.0,1.0,0.0,1.0,1.0,1.0,0.0,0
NC,Durham,4,68,2018-10-08,0,7.0,42,0.0,0.0,0.0,1.0,1.0,1.0,0.0,0
NC,Durham,4,68,2018-10-11,0,3.0,45,0.0,0.0,0.0,1.0,1.0,1.0,0.0,0
NC,Durham,4,68,2018-10-15,0,4.0,49,0.0,0.0,0.0,1.0,1.0,1.0,0.0,0
NC,Durham,4,68,2018-10-18,0,3.0,52,0.0,0.0,0.0,1.0,1.0,1.0,0.0,0
NC,Durham,4,69,2018-09-04,1,,0,,,,,,,,1
NC,Durham,4,69,2018-09-18,0,14.0,14,1.0,1.0,1.0,1.0,1.0,1.0,1.0,1
NC,Durham,4,69,2018-09-26,0,8.0,22,1.0,1.0,1.0,1.0,1.0,1.0,1.0,0
NC,Durham,4,69,2018-10-08,0,12.0,34,1.0,1.0,1.0,0.0,1.0,1.0,0.0,0
NC,Durham,4,69,2018-11-06,0,29.0,63,1.0,1.0,1.0,0.0,1.0,1.0,0.0,0
NC,Durham,4,69,2018-11-07,0,1.0,64,1.0,0.0,1.0,1.0,1.0,1.0,0.0,1
NC,Durham,4,69,2018-12-03,0,26.0,90,1.0,1.0,1.0,1.0,1.0,1.0,1.0,1
NC,Durham,4,70,2016-04-21,1,,0,,,,,,,,0
NC,Durham,4,70,2016-04-28,0,7.0,7,0.0,1.0,1.0,1.0,0.0,1.0,0.0,0
NC,Durham,4,70,2016-05-02,0,4.0,11,0.0,0.0,0.0,1.0,0.0,1.0,0.0,0
NC,Durham,4,70,2016-05-09,0,7.0,18,1.0,1.0,0.0,1.0,1.0,1.0,0.0,1
NC,Durham,4,70,2016-05-24,0,15.0,33,1.0,1.0,1.0,1.0,1.0,1.0,1.0,1
NC,Durham,4,70,2016-06-15,0,22.0,55,1.0,1.0,1.0,1.0,1.0,1.0,1.0,0
NC,Durham,4,70,2016-06-27,0,12.0,67,0.0,0.0,0.0,1.0,0.0,1.0,0.0,0
NC,Durham,4,70,2016-08-11,0,45.0,112,0.0,0.0,0.0,0.0,0.0,0.0,0.0,0
NC,Durham,4,70,2016-08-15,0,4.0,116,0.0,0.0,0.0,0.0,0.0,1.0,0.0,0
NC,Durham,4,70,2016-08-16,0,1.0,117,1.0,0.0,1.0,1.0,0.0,1.0,0.0,1
NC,Durham,4,70,2016-08-24,0,8.0,125,1.0,1.0,1.0,1.0,1.0,1.0,1.0,1
NC,Durham,4,70,2016-08-30,0,6.0,131,1.0,1.0,1.0,1.0,1.0,1.0,1.0,1
NC,Durham,4,70,2016-10-12,0,43.0,174,1.0,1.0,1.0,1.0,1.0,1.0,1.0,0
NC,Durham,4,70,2016-10-26,0,14.0,188,1.0,1.0,1.0,0.0,1.0,1.0,0.0,1
NC,Durham,4,70,2017-02-23,0,120.0,308,1.0,1.0,1.0,1.0,1.0,1.0,1.0,1
NC,Durham,4,70,2017-03-21,0,26.0,334,1.0,1.0,1.0,1.0,1.0,1.0,1.0,1
NC,Durham,4,70,2017-04-17,0,27.0,361,1.0,1.0,1.0,1.0,1.0,1.0,1.0,0
NC,Durham,4,71,2016-04-21,1,,0,,,,,,,,1
NC,Durham,4,71,2016-04-28,0,7.0,7,1.0,1.0,1.0,1.0,1.0,1.0,1.0,1
NC,Durham,4,71,2016-05-24,0,26.0,33,1.0,1.0,1.0,1.0,1.0,1.0,1.0,1
NC,Durham,4,71,2016-06-15,0,22.0,55,1.0,1.0,1.0,1.0,1.0,1.0,1.0,1
NC,Durham,4,71,2016-07-27,0,42.0,97,1.0,1.0,1.0,1.0,1.0,1.0,1.0,1
NC,Durham,4,71,2016-08-02,0,6.0,103,1.0,1.0,1.0,1.0,1.0,1.0,1.0,1
NC,Durham,4,71,2016-08-17,0,15.0,118,1.0,1.0,1.0,1.0,1.0,1.0,1.0,0
NC,Durham,4,71,2016-08-30,0,13.0,131,1.0,1.0,1.0,1.0,0.0,1.0,0.0,1
NC,Durham,4,71,2016-09-27,0,28.0,159,1.0,1.0,1.0,1.0,1.0,1.0,1.0,0
NC,Durham,4,71,2016-10-12,0,15.0,174,1.0,1.0,1.0,1.0,0.0,1.0,0.0,1
NC,Durham,4,71,2016-10-26,0,14.0,188,1.0,1.0,1.0,1.0,1.0,1.0,1.0,1
NC,Durham,4,71,2017-02-23,0,120.0,308,1.0,1.0,1.0,1.0,1.0,1.0,1.0,0
NC,Durham,4,71,2017-03-20,0,25.0,333,0.0,0.0,0.0,0.0,0.0,0.0,0.0,0
NC,Durham,4,72,2016-03-29,1,,0,,,,,,,,1
NC,Durham,4,72,2016-04-28,0,30.0,30,1.0,1.0,1.0,1.0,1.0,1.0,1.0,1
NC,Durham,4,72,2016-05-09,0,11.0,41,1.0,1.0,1.0,1.0,1.0,1.0,1.0,0
NC,Durham,4,72,2016-05-24,0,15.0,56,0.0,1.0,0.0,1.0,1.0,1.0,0.0,1
NC,Durham,4,72,2016-06-16,0,23.0,79,1.0,1.0,1.0,1.0,1.0,1.0,1.0,1
NC,Durham,4,72,2016-08-17,0,62.0,141,1.0,1.0,1.0,1.0,1.0,1.0,1.0,1
NC,Durham,4,72,2016-08-30,0,13.0,154,1.0,1.0,1.0,1.0,1.0,1.0,1.0,1
NC,Durham,4,72,2016-10-12,0,43.0,197,1.0,1.0,1.0,1.0,1.0,1.0,1.0,1
NC,Durham,4,72,2016-10-26,0,14.0,211,1.0,1.0,1.0,1.0,1.0,1.0,1.0,1
NC,Durham,4,72,2017-02-23,0,120.0,331,1.0,1.0,1.0,1.0,1.0,1.0,1.0,0
NC,Durham,4,72,2017-03-21,0,26.0,357,0.0,1.0,1.0,1.0,1.0,1.0,0.0,0
NC,Durham,4,72,2017-04-17,0,27.0,384,1.0,1.0,1.0,1.0,1.0,0.0,0.0,1
NC,Durham,4,73,2016-03-29,1,,0,,,,,,,,1
NC,Durham,4,73,2016-04-28,0,30.0,30,1.0,1.0,1.0,1.0,1.0,1.0,1.0,1
NC,Durham,4,73,2016-05-09,0,11.0,41,1.0,1.0,1.0,1.0,1.0,1.0,1.0,0
NC,Durham,4,73,2016-05-24,0,15.0,56,0.0,1.0,1.0,1.0,1.0,1.0,0.0,0
NC,Durham,4,73,2016-06-08,0,15.0,71,0.0,1.0,0.0,1.0,0.0,1.0,0.0,0
NC,Durham,4,73,2016-06-15,0,7.0,78,0.0,1.0,0.0,1.0,0.0,1.0,0.0,0
NC,Durham,4,73,2016-06-27,0,12.0,90,0.0,1.0,1.0,1.0,1.0,1.0,0.0,1
NC,Durham,4,73,2016-07-01,0,4.0,94,1.0,1.0,1.0,1.0,1.0,1.0,1.0,1
NC,Durham,4,73,2016-07-19,0,18.0,112,1.0,1.0,1.0,1.0,1.0,1.0,1.0,0
NC,Durham,4,73,2016-08-02,0,14.0,126,1.0,1.0,1.0,0.0,1.0,1.0,0.0,1
NC,Durham,4,73,2016-08-30,0,28.0,154,1.0,1.0,1.0,1.0,1.0,1.0,1.0,1
NC,Durham,4,73,2016-10-12,0,43.0,197,1.0,1.0,1.0,1.0,1.0,1.0,1.0,1
NC,Durham,4,73,2016-10-26,0,14.0,211,1.0,1.0,1.0,1.0,1.0,1.0,1.0,1
NC,Durham,4,73,2017-02-22,0,119.0,330,1.0,1.0,1.0,1.0,1.0,1.0,1.0,0
NC,Durham,4,73,2017-04-17,0,54.0,384,0.0,0.0,0.0,1.0,0.0,1.0,0.0,0
NC,Durham,4,74,2016-03-29,1,,0,,,,,,,,1
NC,Durham,4,74,2016-04-28,0,30.0,30,1.0,1.0,1.0,1.0,1.0,1.0,1.0,1
NC,Durham,4,74,2016-05-09,0,11.0,41,1.0,1.0,1.0,1.0,1.0,1.0,1.0,0
NC,Durham,4,74,2016-05-24,0,15.0,56,0.0,1.0,0.0,1.0,0.0,1.0,0.0,0
NC,Durham,4,74,2016-06-16,0,23.0,79,0.0,1.0,1.0,1.0,1.0,1.0,0.0,0
NC,Durham,4,74,2016-06-27,0,11.0,90,0.0,1.0,0.0,1.0,0.0,1.0,0.0,1
NC,Durham,4,74,2016-07-19,0,22.0,112,1.0,1.0,1.0,1.0,1.0,1.0,1.0,0
NC,Durham,4,74,2016-07-27,0,8.0,120,1.0,1.0,1.0,0.0,1.0,1.0,0.0,0
NC,Durham,4,74,2016-08-02,0,6.0,126,0.0,1.0,0.0,0.0,0.0,1.0,0.0,1
NC,Durham,4,74,2016-08-11,0,9.0,135,1.0,1.0,1.0,1.0,1.0,1.0,1.0,0
NC,Durham,4,74,2017-04-12,0,244.0,379,1.0,1.0,1.0,1.0,0.0,1.0,0.0,0
NC,Durham,4,74,2017-04-14,0,2.0,381,1.0,1.0,0.0,1.0,1.0,1.0,0.0,0
NC,Durham,4,75,2016-03-09,1,,0,,,,,,,,1
NC,Durham,4,75,2016-03-29,0,20.0,20,1.0,1.0,1.0,1.0,1.0,1.0,1.0,1
NC,Durham,4,75,2016-04-27,0,29.0,49,1.0,1.0,1.0,1.0,1.0,1.0,1.0,1
NC,Durham,4,75,2016-05-10,0,13.0,62,1.0,1.0,1.0,1.0,1.0,1.0,1.0,1
NC,Durham,4,75,2016-05-24,0,14.0,76,1.0,1.0,1.0,1.0,1.0,1.0,1.0,1
NC,Durham,4,75,2016-06-15,0,22.0,98,1.0,1.0,1.0,1.0,1.0,1.0,1.0,1
NC,Durham,4,75,2016-07-19,0,34.0,132,1.0,1.0,1.0,1.0,1.0,1.0,1.0,1
NC,Durham,4,75,2016-08-16,0,28.0,160,1.0,1.0,1.0,1.0,1.0,1.0,1.0,1
NC,Durham,4,75,2016-08-24,0,8.0,168,1.0,1.0,1.0,1.0,1.0,1.0,1.0,1
NC,Durham,4,75,2016-10-13,0,50.0,218,1.0,1.0,1.0,1.0,1.0,1.0,1.0,1
NC,Durham,4,75,2016-10-26,0,13.0,231,1.0,1.0,1.0,1.0,1.0,1.0,1.0,1
NC,Durham,4,75,2017-02-22,0,119.0,350,1.0,1.0,1.0,1.0,1.0,1.0,1.0,0
NC,Durham,4,75,2017-03-20,0,26.0,376,0.0,0.0,0.0,0.0,0.0,1.0,0.0,0
NC,Durham,4,75,2017-03-27,0,7.0,383,1.0,1.0,0.0,1.0,1.0,1.0,0.0,0
NC,Durham,4,75,2017-04-17,0,21.0,404,1.0,1.0,0.0,0.0,1.0,1.0,0.0,0
NC,Durham,4,76,2016-03-29,1,,0,,,,,,,,1
NC,Durham,4,76,2016-04-27,0,29.0,29,1.0,1.0,1.0,1.0,1.0,1.0,1.0,1
NC,Durham,4,76,2016-06-16,0,50.0,79,1.0,1.0,1.0,1.0,1.0,1.0,1.0,1
NC,Durham,4,76,2016-08-16,0,61.0,140,1.0,1.0,1.0,1.0,1.0,1.0,1.0,0
NC,Durham,4,76,2016-08-24,0,8.0,148,0.0,0.0,0.0,1.0,0.0,0.0,0.0,0
NC,Durham,4,76,2017-04-04,0,223.0,371,0.0,0.0,0.0,0.0,0.0,1.0,0.0,1
NC,Durham,4,76,2017-04-17,0,13.0,384,1.0,1.0,1.0,1.0,1.0,1.0,1.0,1
NC,Durham,4,77,2016-03-20,1,,0,,,,,,,,1
NC,Durham,4,77,2016-04-27,0,38.0,38,1.0,1.0,1.0,1.0,1.0,1.0,1.0,1
NC,Durham,4,77,2016-05-10,0,13.0,51,1.0,1.0,1.0,1.0,1.0,1.0,1.0,0
NC,Durham,4,77,2016-05-24,0,14.0,65,1.0,1.0,1.0,1.0,0.0,0.0,0.0,1
NC,Durham,4,77,2016-06-08,0,15.0,80,1.0,1.0,1.0,1.0,1.0,1.0,1.0,1
NC,Durham,4,77,2016-06-16,0,8.0,88,1.0,1.0,1.0,1.0,1.0,1.0,1.0,0
NC,Durham,4,77,2016-06-27,0,11.0,99,1.0,1.0,0.0,1.0,0.0,0.0,0.0,1
NC,Durham,4,77,2016-08-16,0,50.0,149,1.0,1.0,1.0,1.0,1.0,1.0,1.0,1
NC,Durham,4,77,2016-08-24,0,8.0,157,1.0,1.0,1.0,1.0,1.0,1.0,1.0,1
NC,Durham,4,77,2016-10-13,0,50.0,207,1.0,1.0,1.0,1.0,1.0,1.0,1.0,0
NC,Durham,4,77,2016-10-26,0,13.0,220,0.0,0.0,0.0,0.0,1.0,1.0,0.0,0
NC,Durham,4,77,2016-10-26,0,0.0,220,0.0,0.0,1.0,0.0,1.0,1.0,0.0,0
NC,Durham,4,77,2016-12-07,0,42.0,262,1.0,0.0,1.0,0.0,1.0,1.0,0.0,0
NC,Durham,4,77,2017-03-21,0,104.0,366,0.0,0.0,0.0,0.0,0.0,0.0,0.0,0
NC,Durham,4,77,2017-03-27,0,6.0,372,0.0,0.0,1.0,1.0,1.0,1.0,0.0,0
NC,Durham,4,77,2017-04-17,0,21.0,393,0.0,0.0,1.0,0.0,1.0,1.0,0.0,1
NC,Durham,4,78,2016-03-31,1,,0,,,,,,,,1
NC,Durham,4,78,2016-04-29,0,29.0,29,1.0,1.0,1.0,1.0,1.0,1.0,1.0,1
NC,Durham,4,78,2016-05-10,0,11.0,40,1.0,1.0,1.0,1.0,1.0,1.0,1.0,1
NC,Durham,4,78,2016-05-24,0,14.0,54,1.0,1.0,1.0,1.0,1.0,1.0,1.0,1
NC,Durham,4,78,2016-06-08,0,15.0,69,1.0,1.0,1.0,1.0,1.0,1.0,1.0,0
NC,Durham,4,78,2016-06-16,0,8.0,77,0.0,1.0,0.0,1.0,0.0,1.0,0.0,0
NC,Durham,4,78,2016-06-27,0,11.0,88,0.0,1.0,0.0,1.0,0.0,1.0,0.0,0
NC,Durham,4,78,2016-08-16,0,50.0,138,0.0,1.0,0.0,1.0,0.0,1.0,0.0,0
NC,Durham,4,78,2017-04-11,0,238.0,376,0.0,0.0,0.0,0.0,0.0,0.0,0.0,1
NC,Durham,4,79,2016-03-31,1,,0,,,,,,,,1
NC,Durham,4,79,2016-04-28,0,28.0,28,1.0,1.0,1.0,1.0,1.0,1.0,1.0,1
NC,Durham,4,79,2016-06-16,0,49.0,77,1.0,1.0,1.0,1.0,1.0,1.0,1.0,1
NC,Durham,4,79,2017-03-27,0,284.0,361,1.0,1.0,1.0,1.0,1.0,1.0,1.0,0
NC,Durham,4,80,2016-03-01,1,,0,,,,,,,,1
NC,Durham,4,80,2016-03-13,0,12.0,12,1.0,1.0,1.0,1.0,1.0,1.0,1.0,0
NC,Durham,4,80,2016-03-24,0,11.0,23,0.0,1.0,0.0,1.0,1.0,0.0,0.0,1
NC,Durham,4,80,2016-03-24,0,0.0,23,1.0,1.0,1.0,1.0,1.0,1.0,1.0,0
NC,Durham,4,80,2016-04-11,0,18.0,41,1.0,1.0,0.0,1.0,1.0,1.0,0.0,0
NC,Durham,4,80,2016-04-21,0,10.0,51,0.0,1.0,0.0,1.0,0.0,1.0,0.0,0
NC,Durham,4,80,2016-04-28,0,7.0,58,0.0,1.0,1.0,1.0,1.0,1.0,0.0,1
NC,Durham,4,80,2016-05-10,0,12.0,70,1.0,1.0,1.0,1.0,1.0,1.0,1.0,1
NC,Durham,4,80,2016-06-08,0,29.0,99,1.0,1.0,1.0,1.0,1.0,1.0,1.0,1
NC,Durham,4,80,2016-06-16,0,8.0,107,1.0,1.0,1.0,1.0,1.0,1.0,1.0,1
NC,Durham,4,80,2016-07-01,0,15.0,122,1.0,1.0,1.0,1.0,1.0,1.0,1.0,1
NC,Durham,4,80,2016-07-27,0,26.0,148,1.0,1.0,1.0,1.0,1.0,1.0,1.0,0
NC,Durham,4,80,2016-08-02,0,6.0,154,0.0,1.0,0.0,1.0,0.0,0.0,0.0,0
NC,Durham,4,80,2016-08-16,0,14.0,168,1.0,1.0,1.0,1.0,0.0,1.0,0.0,0
NC,Durham,4,80,2016-08-24,0,8.0,176,1.0,1.0,1.0,0.0,1.0,1.0,0.0,1
NC,Durham,4,80,2016-10-26,0,63.0,239,1.0,1.0,1.0,1.0,1.0,1.0,1.0,1
NC,Durham,4,80,2017-02-23,0,120.0,359,1.0,1.0,1.0,1.0,1.0,1.0,1.0,0
NC,Durham,4,80,2017-03-27,0,32.0,391,1.0,1.0,0.0,1.0,0.0,1.0,0.0,1
NC,Durham,4,81,2016-03-31,1,,0,,,,,,,,1
NC,Durham,4,81,2016-04-28,0,28.0,28,1.0,1.0,1.0,1.0,1.0,1.0,1.0,1
NC,Durham,4,81,2016-05-10,0,12.0,40,1.0,1.0,1.0,1.0,1.0,1.0,1.0,1
NC,Durham,4,81,2016-06-16,0,37.0,77,1.0,1.0,1.0,1.0,1.0,1.0,1.0,1
NC,Durham,4,81,2016-08-16,0,61.0,138,1.0,1.0,1.0,1.0,1.0,1.0,1.0,1
NC,Durham,4,81,2016-08-24,0,8.0,146,1.0,1.0,1.0,1.0,1.0,1.0,1.0,1
NC,Durham,4,82,2016-03-31,1,,0,,,,,,,,0
NC,Durham,4,82,2016-04-11,0,11.0,11,1.0,0.0,0.0,1.0,1.0,1.0,0.0,0
NC,Durham,4,82,2016-04-28,0,17.0,28,1.0,0.0,1.0,1.0,1.0,1.0,0.0,1
NC,Durham,4,82,2016-05-10,0,12.0,40,1.0,1.0,1.0,1.0,1.0,1.0,1.0,1
NC,Durham,4,82,2016-06-16,0,37.0,77,1.0,1.0,1.0,1.0,1.0,1.0,1.0,1
NC,Durham,4,82,2016-08-16,0,61.0,138,1.0,1.0,1.0,1.0,1.0,1.0,1.0,1
NC,Durham,4,82,2016-08-24,0,8.0,146,1.0,1.0,1.0,1.0,1.0,1.0,1.0,1
NC,Durham,4,82,2016-10-13,0,50.0,196,1.0,1.0,1.0,1.0,1.0,1.0,1.0,1
NC,Durham,4,82,2016-10-26,0,13.0,209,1.0,1.0,1.0,1.0,1.0,1.0,1.0,1
NC,Durham,4,82,2017-02-23,0,120.0,329,1.0,1.0,1.0,1.0,1.0,1.0,1.0,0
NC,Durham,4,83,2016-03-08,1,,0,,,,,,,,0
NC,Durham,4,83,2016-04-21,0,44.0,44,0.0,0.0,0.0,0.0,0.0,0.0,0.0,0
NC,Durham,4,83,2016-04-27,0,6.0,50,0.0,1.0,0.0,0.0,0.0,1.0,0.0,1
NC,Durham,4,83,2016-05-09,0,12.0,62,1.0,1.0,1.0,1.0,1.0,1.0,1.0,0
NC,Durham,4,83,2016-05-25,0,16.0,78,0.0,1.0,0.0,1.0,0.0,1.0,0.0,0
NC,Durham,4,83,2016-06-16,0,22.0,100,0.0,1.0,0.0,1.0,0.0,1.0,0.0,1
NC,Durham,4,83,2016-08-24,0,69.0,169,1.0,1.0,1.0,1.0,1.0,1.0,1.0,0
NC,Durham,4,83,2016-09-01,0,8.0,177,1.0,1.0,1.0,1.0,0.0,0.0,0.0,0
NC,Durham,4,83,2016-10-13,0,42.0,219,0.0,1.0,0.0,1.0,1.0,1.0,0.0,0
NC,Durham,4,83,2016-10-26,0,13.0,232,0.0,0.0,0.0,1.0,1.0,1.0,0.0,0
NC,Durham,4,84,2016-03-08,1,,0,,,,,,,,1
NC,Durham,4,84,2016-03-31,0,23.0,23,1.0,1.0,1.0,1.0,1.0,1.0,1.0,1
NC,Durham,4,84,2016-04-11,0,11.0,34,1.0,1.0,1.0,1.0,1.0,1.0,1.0,1
NC,Durham,4,84,2016-04-27,0,16.0,50,1.0,1.0,1.0,1.0,1.0,1.0,1.0,1
NC,Durham,4,84,2016-06-16,0,50.0,100,1.0,1.0,1.0,1.0,1.0,1.0,1.0,1
NC,Durham,4,84,2016-07-27,0,41.0,141,1.0,1.0,1.0,1.0,1.0,1.0,1.0,0
NC,Durham,4,84,2016-08-02,0,6.0,147,1.0,1.0,1.0,0.0,0.0,1.0,0.0,0
NC,Durham,4,84,2016-08-24,0,22.0,169,1.0,1.0,1.0,1.0,0.0,1.0,0.0,1
NC,Durham,4,84,2016-09-01,0,8.0,177,1.0,1.0,1.0,1.0,1.0,1.0,1.0,1
NC,Durham,4,84,2016-10-13,0,42.0,219,1.0,1.0,1.0,1.0,1.0,1.0,1.0,1
NC,Durham,4,84,2016-10-27,0,14.0,233,1.0,1.0,1.0,1.0,1.0,1.0,1.0,1
NC,Durham,4,84,2017-02-23,0,119.0,352,1.0,1.0,1.0,1.0,1.0,1.0,1.0,1
NC,Durham,4,84,2017-04-04,0,40.0,392,1.0,1.0,1.0,1.0,1.0,1.0,1.0,1
NC,Durham,4,85,2016-03-08,1,,0,,,,,,,,1
NC,Durham,4,85,2016-03-08,0,0.0,0,1.0,1.0,1.0,1.0,1.0,1.0,1.0,0
NC,Durham,4,85,2016-03-13,0,5.0,5,1.0,1.0,0.0,1.0,0.0,1.0,0.0,0
NC,Durham,4,85,2016-04-11,0,29.0,34,0.0,0.0,0.0,1.0,1.0,1.0,0.0,0
NC,Durham,4,85,2016-04-27,0,16.0,50,0.0,0.0,0.0,1.0,0.0,1.0,0.0,0
NC,Durham,4,85,2016-05-10,0,13.0,63,0.0,1.0,0.0,1.0,0.0,1.0,0.0,0
NC,Durham,4,85,2016-05-24,0,14.0,77,1.0,1.0,0.0,1.0,0.0,1.0,0.0,1
NC,Durham,4,85,2016-06-16,0,23.0,100,1.0,1.0,1.0,1.0,1.0,1.0,1.0,0
NC,Durham,4,85,2016-06-27,0,11.0,111,0.0,1.0,0.0,1.0,0.0,0.0,0.0,0
NC,Durham,4,85,2016-08-24,0,58.0,169,0.0,1.0,0.0,1.0,0.0,1.0,0.0,0
NC,Durham,4,85,2016-09-01,0,8.0,177,1.0,1.0,1.0,1.0,0.0,1.0,0.0,1
NC,Durham,4,85,2016-09-07,0,6.0,183,1.0,1.0,1.0,1.0,1.0,1.0,1.0,1
NC,Durham,4,85,2017-04-04,0,209.0,392,1.0,1.0,1.0,1.0,1.0,1.0,1.0,1
NC,Durham,4,86,2016-03-09,1,,0,,,,,,,,1
NC,Durham,4,86,2016-03-31,0,22.0,22,1.0,1.0,1.0,1.0,1.0,1.0,1.0,1
NC,Durham,4,86,2016-04-27,0,27.0,49,1.0,1.0,1.0,1.0,1.0,1.0,1.0,1
NC,Durham,4,86,2016-05-10,0,13.0,62,1.0,1.0,1.0,1.0,1.0,1.0,1.0,1
NC,Durham,4,86,2016-06-16,0,37.0,99,1.0,1.0,1.0,1.0,1.0,1.0,1.0,1
NC,Durham,4,86,2016-07-19,0,33.0,132,1.0,1.0,1.0,1.0,1.0,1.0,1.0,1
NC,Durham,4,86,2016-08-02,0,14.0,146,1.0,1.0,1.0,1.0,1.0,1.0,1.0,1
NC,Durham,4,86,2016-08-22,0,20.0,166,1.0,1.0,1.0,1.0,1.0,1.0,1.0,1
NC,Durham,4,86,2016-09-01,0,10.0,176,1.0,1.0,1.0,1.0,1.0,1.0,1.0,1
NC,Durham,4,86,2016-10-13,0,42.0,218,1.0,1.0,1.0,1.0,1.0,1.0,1.0,1
NC,Durham,4,86,2016-10-27,0,14.0,232,1.0,1.0,1.0,1.0,1.0,1.0,1.0,1
NC,Durham,4,86,2017-02-23,0,119.0,351,1.0,1.0,1.0,1.0,1.0,1.0,1.0,1
NC,Durham,4,86,2017-04-04,0,40.0,391,1.0,1.0,1.0,1.0,1.0,1.0,1.0,1
NC,Durham,4,86,2017-04-10,0,6.0,397,1.0,1.0,1.0,1.0,1.0,1.0,1.0,0
NC,Durham,4,87,2016-03-09,1,,0,,,,,,,,1
NC,Durham,4,87,2016-03-31,0,22.0,22,1.0,1.0,1.0,1.0,1.0,1.0,1.0,0
NC,Durham,4,87,2016-04-27,0,27.0,49,1.0,0.0,1.0,1.0,1.0,1.0,0.0,1
NC,Durham,4,87,2016-05-12,0,15.0,64,1.0,1.0,1.0,1.0,1.0,1.0,1.0,1
NC,Durham,4,87,2016-05-26,0,14.0,78,1.0,1.0,1.0,1.0,1.0,1.0,1.0,1
NC,Durham,4,87,2016-06-16,0,21.0,99,1.0,1.0,1.0,1.0,1.0,1.0,1.0,1
NC,Durham,4,87,2016-08-17,0,62.0,161,1.0,1.0,1.0,1.0,1.0,1.0,1.0,0
NC,Durham,4,87,2016-08-24,0,7.0,168,0.0,0.0,0.0,1.0,0.0,1.0,0.0,0
NC,Durham,4,87,2016-09-01,0,8.0,176,0.0,1.0,0.0,0.0,1.0,1.0,0.0,1
NC,Durham,4,87,2016-10-27,0,56.0,232,1.0,1.0,1.0,1.0,1.0,1.0,1.0,1
NC,Durham,4,87,2017-02-24,0,120.0,352,1.0,1.0,1.0,1.0,1.0,1.0,1.0,0
NC,Durham,4,87,2017-04-04,0,39.0,391,1.0,1.0,1.0,1.0,0.0,1.0,0.0,1
NC,Durham,4,88,2016-03-09,1,,0,,,,,,,,1
NC,Durham,4,88,2016-03-31,0,22.0,22,1.0,1.0,1.0,1.0,1.0,1.0,1.0,0
NC,Durham,4,88,2016-04-27,0,27.0,49,1.0,1.0,1.0,1.0,1.0,0.0,0.0,0
NC,Durham,4,88,2016-06-16,0,50.0,99,1.0,1.0,1.0,1.0,1.0,0.0,0.0,1
NC,Durham,4,88,2016-07-19,0,33.0,132,1.0,1.0,1.0,1.0,1.0,1.0,1.0,0
NC,Durham,4,88,2016-07-27,0,8.0,140,0.0,1.0,0.0,1.0,1.0,0.0,0.0,0
NC,Durham,4,88,2016-08-02,0,6.0,146,0.0,0.0,0.0,0.0,0.0,1.0,0.0,0
NC,Durham,4,88,2016-08-24,0,22.0,168,0.0,0.0,0.0,0.0,0.0,1.0,0.0,0
NC,Durham,4,88,2017-04-11,0,230.0,398,0.0,0.0,0.0,0.0,0.0,1.0,0.0,0
NC,Durham,4,89,2016-03-08,1,,0,,,,,,,,1
NC,Durham,4,89,2016-03-31,0,23.0,23,1.0,1.0,1.0,1.0,1.0,1.0,1.0,0
NC,Durham,4,89,2016-04-21,0,21.0,44,1.0,1.0,1.0,1.0,1.0,0.0,0.0,1
NC,Durham,4,89,2016-04-27,0,6.0,50,1.0,1.0,1.0,1.0,1.0,1.0,1.0,1
NC,Durham,4,89,2016-06-16,0,50.0,100,1.0,1.0,1.0,1.0,1.0,1.0,1.0,0
NC,Durham,4,90,2016-03-08,1,,0,,,,,,,,0
NC,Durham,4,90,2016-04-21,0,44.0,44,0.0,0.0,0.0,1.0,0.0,1.0,0.0,0
NC,Durham,4,90,2016-06-16,0,56.0,100,0.0,0.0,0.0,1.0,0.0,1.0,0.0,0
NC,Durham,4,90,2016-06-27,0,11.0,111,0.0,0.0,0.0,0.0,0.0,1.0,0.0,0
NC,Durham,4,91,2016-03-08,1,,0,,,,,,,,0
NC,Durham,4,91,2016-03-31,0,23.0,23,1.0,1.0,0.0,1.0,0.0,1.0,0.0,0
NC,Durham,4,91,2016-04-21,0,21.0,44,0.0,0.0,0.0,1.0,0.0,1.0,0.0,0
NC,Durham,4,91,2016-04-27,0,6.0,50,0.0,1.0,0.0,0.0,0.0,1.0,0.0,0
NC,Durham,4,91,2016-05-12,0,15.0,65,1.0,1.0,0.0,1.0,0.0,1.0,0.0,1
NC,Durham,4,91,2016-05-26,0,14.0,79,1.0,1.0,1.0,1.0,1.0,1.0,1.0,1
NC,Durham,4,91,2016-06-16,0,21.0,100,1.0,1.0,1.0,1.0,1.0,1.0,1.0,1
NC,Durham,4,91,2016-07-19,0,33.0,133,1.0,1.0,1.0,1.0,1.0,1.0,1.0,0
NC,Durham,4,91,2017-03-27,0,251.0,384,0.0,0.0,0.0,0.0,0.0,0.0,0.0,0
NC,Durham,4,91,2017-04-11,0,15.0,399,0.0,1.0,0.0,1.0,0.0,1.0,0.0,0
NC,Durham,4,92,2017-05-10,1,,0,,,,,,,,0
NC,Durham,4,92,2017-05-25,0,15.0,15,0.0,0.5,0.0,1.0,0.0,1.0,0.0,0
NC,Durham,4,92,2017-06-07,0,13.0,28,0.0,1.0,0.0,1.0,1.0,1.0,0.0,0
NC,Durham,4,92,2017-06-13,0,6.0,34,0.0,1.0,0.0,1.0,0.0,1.0,0.0,0
NC,Durham,4,92,2017-07-06,0,23.0,57,0.0,1.0,0.0,1.0,1.0,1.0,0.0,0
NC,Durham,4,92,2017-07-12,0,6.0,63,0.0,0.0,0.0,1.0,1.0,1.0,0.0,0
NC,Durham,4,92,2017-07-18,0,6.0,69,0.0,1.0,1.0,0.0,1.0,1.0,0.0,0
NC,Durham,4,92,2017-07-25,0,7.0,76,0.0,1.0,0.0,1.0,0.0,0.0,0.0,0
NC,Durham,4,92,2017-07-27,0,2.0,78,0.0,0.0,0.0,0.0,0.0,1.0,0.0,0
NC,Durham,4,92,2017-08-03,0,7.0,85,0.0,0.0,1.0,1.0,1.0,1.0,0.0,0
NC,Durham,4,92,2017-08-22,0,19.0,104,0.0,1.0,0.0,0.0,0.0,0.0,0.0,0
NC,Durham,4,92,2017-08-28,0,6.0,110,0.0,0.0,0.0,0.0,1.0,1.0,0.0,0
NC,Durham,4,92,2017-08-30,0,2.0,112,0.0,1.0,0.0,1.0,1.0,1.0,0.0,0
NC,Durham,4,92,2017-09-07,0,8.0,120,0.0,1.0,0.0,0.0,1.0,1.0,0.0,0
NC,Durham,4,92,2017-09-11,0,4.0,124,0.0,0.0,0.0,0.0,0.0,0.0,0.0,0
NC,Durham,4,92,2017-09-26,0,15.0,139,0.0,0.0,0.0,0.0,1.0,1.0,0.0,0
NC,Durham,4,92,2017-10-03,0,7.0,146,0.0,0.0,0.0,0.0,0.0,0.0,0.0,0
NC,Durham,4,93,2017-05-25,1,,0,,,,,,,,1
NC,Durham,4,93,2017-08-30,0,97.0,97,1.0,1.0,1.0,1.0,1.0,1.0,1.0,1
NC,Durham,4,93,2017-09-12,0,13.0,110,1.0,1.0,1.0,1.0,1.0,1.0,1.0,0
NC,Durham,4,93,2017-10-02,0,20.0,130,1.0,1.0,1.0,1.0,0.0,1.0,0.0,0
NC,Durham,4,93,2017-10-05,0,3.0,133,0.0,1.0,1.0,0.0,0.0,1.0,0.0,0
NC,Durham,4,94,2017-05-10,1,,0,,,,,,,,1
NC,Durham,4,94,2017-05-25,0,15.0,15,1.0,1.0,1.0,1.0,1.0,1.0,1.0,1
NC,Durham,4,94,2017-06-07,0,13.0,28,1.0,1.0,1.0,1.0,1.0,1.0,1.0,0
NC,Durham,4,94,2017-07-06,0,29.0,57,1.0,1.0,1.0,1.0,0.0,1.0,0.0,0
NC,Durham,4,94,2017-07-18,0,12.0,69,1.0,1.0,1.0,0.0,1.0,1.0,0.0,0
NC,Durham,4,94,2017-07-27,0,9.0,78,1.0,1.0,1.0,1.0,0.0,1.0,0.0,0
NC,Durham,4,94,2017-08-03,0,7.0,85,1.0,1.0,1.0,1.0,0.0,1.0,0.0,1
NC,Durham,4,94,2017-08-22,0,19.0,104,1.0,1.0,1.0,1.0,1.0,1.0,1.0,1
NC,Durham,4,94,2017-08-30,0,8.0,112,1.0,1.0,1.0,1.0,1.0,1.0,1.0,0
NC,Durham,4,94,2017-09-07,0,8.0,120,1.0,1.0,1.0,1.0,0.0,1.0,0.0,1
NC,Durham,4,94,2017-09-26,0,19.0,139,1.0,1.0,1.0,1.0,1.0,1.0,1.0,0
NC,Durham,4,94,2017-10-04,0,8.0,147,1.0,1.0,1.0,1.0,0.0,0.0,0.0,1
NC,Durham,4,94,2017-10-12,0,8.0,155,1.0,1.0,1.0,1.0,1.0,1.0,1.0,1
NC,Durham,4,94,2017-10-18,0,6.0,161,1.0,1.0,1.0,1.0,1.0,1.0,1.0,0
NC,Durham,4,94,2017-11-02,0,15.0,176,1.0,1.0,1.0,1.0,0.0,1.0,0.0,0
NC,Durham,4,95,2017-05-10,1,,0,,,,,,,,0
NC,Durham,4,95,2017-05-25,0,15.0,15,0.0,0.0,0.0,1.0,0.0,1.0,0.0,0
NC,Durham,4,95,2017-06-07,0,13.0,28,0.0,1.0,0.0,1.0,1.0,1.0,0.0,0
NC,Durham,4,95,2017-07-06,0,29.0,57,0.0,1.0,0.0,1.0,1.0,1.0,0.0,0
NC,Durham,4,95,2017-07-18,0,12.0,69,0.0,0.0,0.0,1.0,1.0,1.0,0.0,0
NC,Durham,4,95,2017-07-25,0,7.0,76,0.0,1.0,1.0,1.0,0.0,0.0,0.0,0
NC,Durham,4,95,2017-08-03,0,9.0,85,1.0,1.0,1.0,0.0,1.0,1.0,0.0,0
NC,Durham,4,95,2017-08-22,0,19.0,104,1.0,0.0,1.0,0.0,1.0,0.0,0.0,0
NC,Durham,4,95,2017-08-30,0,8.0,112,1.0,1.0,1.0,0.0,0.0,1.0,0.0,0
NC,Durham,4,95,2017-09-07,0,8.0,120,0.0,0.0,0.0,1.0,0.0,1.0,0.0,0
NC,Durham,4,95,2017-09-26,0,19.0,139,1.0,0.0,1.0,0.0,1.0,0.0,0.0,0
NC,Durham,4,95,2017-10-03,0,7.0,146,0.0,0.0,1.0,0.0,0.0,0.0,0.0,0
NC,Durham,4,95,2017-10-11,0,8.0,154,0.0,0.0,1.0,0.0,0.0,1.0,0.0,0
NC,Durham,4,95,2017-10-18,0,7.0,161,1.0,0.0,1.0,1.0,0.0,1.0,0.0,0
NC,Durham,4,95,2017-11-02,0,15.0,176,1.0,0.0,1.0,0.0,0.0,1.0,0.0,0
NC,Durham,4,96,2017-08-23,1,,0,,,,,,,,0
NC,Durham,4,96,2017-08-30,0,7.0,7,1.0,1.0,0.0,1.0,1.0,1.0,0.0,1
NC,Durham,4,96,2017-09-07,0,8.0,15,1.0,1.0,1.0,1.0,1.0,1.0,1.0,0
NC,Durham,4,96,2017-09-12,0,5.0,20,1.0,0.0,1.0,1.0,1.0,0.0,0.0,0
NC,Durham,4,96,2017-10-02,0,20.0,40,1.0,1.0,1.0,0.0,0.0,1.0,0.0,0
NC,Durham,4,96,2017-11-02,0,31.0,71,0.0,1.0,1.0,0.0,0.0,1.0,0.0,0
NC,Durham,4,97,2017-05-10,1,,0,,,,,,,,0
NC,Durham,4,97,2017-05-25,0,15.0,15,0.0,0.5,0.0,0.0,0.0,0.0,0.0,0
NC,Durham,4,97,2017-06-07,0,13.0,28,0.0,0.0,0.0,0.0,0.0,1.0,0.0,0
NC,Durham,4,97,2017-07-06,0,29.0,57,0.0,0.0,0.0,1.0,1.0,0.0,0.0,0
NC,Durham,4,97,2017-07-18,0,12.0,69,0.0,0.0,0.0,1.0,0.0,1.0,0.0,0
NC,Durham,4,98,2017-06-28,1,,0,,,,,,,,1
NC,Durham,4,98,2017-07-06,0,8.0,8,1.0,1.0,1.0,1.0,1.0,1.0,1.0,0
NC,Durham,4,99,2017-05-10,1,,0,,,,,,,,0
NC,Durham,4,99,2017-05-25,0,15.0,15,0.0,0.0,1.0,1.0,1.0,0.0,0.0,1
NC,Durham,4,99,2017-06-07,0,13.0,28,1.0,1.0,1.0,1.0,1.0,1.0,1.0,1
NC,Durham,4,99,2017-07-06,0,29.0,57,1.0,1.0,1.0,1.0,1.0,1.0,1.0,0
NC,Durham,4,99,2017-07-18,0,12.0,69,1.0,1.0,1.0,0.0,1.0,1.0,0.0,0
NC,Durham,4,99,2017-07-25,0,7.0,76,1.0,1.0,1.0,1.0,0.0,1.0,0.0,1
NC,Durham,4,99,2017-08-03,0,9.0,85,1.0,1.0,1.0,1.0,1.0,1.0,1.0,0
NC,Durham,4,99,2017-08-22,0,19.0,104,1.0,1.0,1.0,1.0,1.0,0.0,0.0,0
NC,Durham,4,99,2017-08-30,0,8.0,112,1.0,1.0,1.0,1.0,0.0,1.0,0.0,0
NC,Durham,4,99,2017-09-26,0,27.0,139,1.0,1.0,0.0,1.0,1.0,1.0,0.0,0
NC,Durham,4,99,2017-10-02,0,6.0,145,0.0,0.0,0.0,0.0,0.0,0.0,0.0,0
NC,Durham,4,100,2017-05-08,1,,0,,,,,,,,0
NC,Durham,4,100,2017-05-17,0,9.0,9,0.0,1.0,0.0,1.0,1.0,1.0,0.0,0
NC,Durham,4,100,2017-05-25,0,8.0,17,0.0,1.0,0.0,1.0,1.0,1.0,0.0,0
NC,Durham,4,100,2017-06-07,0,13.0,30,0.0,1.0,0.0,1.0,1.0,1.0,0.0,0
NC,Durham,4,100,2017-07-06,0,29.0,59,1.0,0.0,1.0,1.0,1.0,1.0,0.0,0
NC,Durham,4,100,2017-07-12,0,6.0,65,1.0,1.0,1.0,0.0,1.0,1.0,0.0,1
NC,Durham,4,100,2017-07-18,0,6.0,71,1.0,1.0,1.0,1.0,1.0,1.0,1.0,0
NC,Durham,4,100,2017-07-27,0,9.0,80,0.0,0.0,1.0,1.0,0.0,0.0,0.0,1
NC,Durham,4,100,2017-08-03,0,7.0,87,1.0,1.0,1.0,1.0,1.0,1.0,1.0,0
NC,Durham,4,100,2017-08-22,0,19.0,106,1.0,1.0,1.0,0.0,0.0,1.0,0.0,0
NC,Durham,4,100,2017-08-30,0,8.0,114,1.0,1.0,1.0,1.0,0.0,1.0,0.0,0
NC,Durham,4,100,2017-09-07,0,8.0,122,1.0,1.0,1.0,0.0,1.0,1.0,0.0,0
NC,Durham,4,100,2017-09-26,0,19.0,141,0.0,1.0,1.0,0.0,0.0,1.0,0.0,0
NC,Durham,4,100,2017-10-03,0,7.0,148,0.0,0.0,1.0,0.0,0.0,0.0,0.0,0
NC,Durham,4,100,2017-10-18,0,15.0,163,1.0,1.0,1.0,0.0,1.0,1.0,0.0,0
NC,Durham,4,100,2017-11-01,0,14.0,177,1.0,1.0,1.0,0.0,1.0,1.0,0.0,0
NC,Durham,4,101,2017-05-10,1,,0,,,,,,,,1
NC,Durham,4,101,2017-05-17,0,7.0,7,1.0,1.0,1.0,1.0,1.0,1.0,1.0,1
NC,Durham,4,101,2017-05-25,0,8.0,15,1.0,1.0,1.0,1.0,1.0,1.0,1.0,1
NC,Durham,4,101,2017-06-07,0,13.0,28,1.0,1.0,1.0,1.0,1.0,1.0,1.0,0
NC,Durham,4,101,2017-07-06,0,29.0,57,0.0,1.0,0.0,0.0,0.0,1.0,0.0,0
NC,Durham,4,101,2017-07-12,0,6.0,63,0.0,1.0,0.0,1.0,0.0,1.0,0.0,0
NC,Durham,4,101,2017-07-18,0,6.0,69,1.0,1.0,1.0,1.0,0.0,1.0,0.0,0
NC,Durham,4,101,2017-07-27,0,9.0,78,0.0,1.0,0.0,1.0,0.0,1.0,0.0,0
NC,Durham,4,101,2017-08-03,0,7.0,85,0.0,1.0,0.0,1.0,1.0,1.0,0.0,0
NC,Durham,4,101,2017-08-22,0,19.0,104,0.0,1.0,0.0,1.0,0.0,1.0,0.0,0
NC,Durham,4,101,2017-08-28,0,6.0,110,0.0,0.0,0.0,1.0,0.0,1.0,0.0,0
NC,Durham,4,101,2017-09-07,0,10.0,120,0.0,0.0,0.0,0.0,0.0,1.0,0.0,0
NC,Durham,4,102,2017-05-10,1,,0,,,,,,,,1
NC,Durham,4,102,2017-05-17,0,7.0,7,1.0,1.0,1.0,1.0,1.0,1.0,1.0,0
NC,Durham,4,102,2017-05-25,0,8.0,15,1.0,1.0,1.0,0.0,1.0,1.0,0.0,1
NC,Durham,4,102,2017-06-07,0,13.0,28,1.0,1.0,1.0,1.0,1.0,1.0,1.0,0
NC,Durham,4,102,2017-06-13,0,6.0,34,1.0,1.0,1.0,1.0,0.0,1.0,0.0,0
NC,Durham,4,102,2017-06-29,0,16.0,50,1.0,1.0,1.0,0.0,1.0,1.0,0.0,0
NC,Durham,4,102,2017-07-06,0,7.0,57,0.0,1.0,1.0,1.0,1.0,1.0,0.0,0
NC,Durham,4,102,2017-07-12,0,6.0,63,0.0,1.0,0.0,1.0,0.0,1.0,0.0,0
NC,Durham,4,102,2017-07-18,0,6.0,69,0.0,1.0,0.0,1.0,1.0,1.0,0.0,0
NC,Durham,4,103,2017-05-10,1,,0,,,,,,,,1
NC,Durham,4,103,2017-05-17,0,7.0,7,1.0,1.0,1.0,1.0,1.0,1.0,1.0,1
NC,Durham,4,103,2017-06-07,0,21.0,28,1.0,1.0,1.0,1.0,1.0,1.0,1.0,1
NC,Durham,4,103,2017-07-06,0,29.0,57,1.0,1.0,1.0,1.0,1.0,1.0,1.0,1
NC,Durham,4,103,2017-07-18,0,12.0,69,1.0,1.0,1.0,1.0,1.0,1.0,1.0,0
NC,Durham,4,103,2017-07-25,0,7.0,76,1.0,1.0,1.0,1.0,0.0,1.0,0.0,1
NC,Durham,4,103,2017-08-03,0,9.0,85,1.0,1.0,1.0,1.0,1.0,1.0,1.0,0
NC,Durham,4,103,2017-08-22,0,19.0,104,1.0,1.0,1.0,1.0,0.0,1.0,0.0,0
NC,Durham,4,103,2017-08-28,0,6.0,110,1.0,1.0,1.0,0.0,0.0,1.0,0.0,0
NC,Durham,4,103,2017-09-07,0,10.0,120,1.0,1.0,1.0,1.0,0.0,1.0,0.0,0
NC,Durham,4,103,2017-09-26,0,19.0,139,1.0,1.0,1.0,1.0,0.0,1.0,0.0,0
NC,Durham,4,103,2017-10-04,0,8.0,147,1.0,1.0,1.0,1.0,0.0,1.0,0.0,1
NC,Durham,4,103,2017-10-18,0,14.0,161,1.0,1.0,1.0,1.0,1.0,1.0,1.0,1
NC,Durham,4,103,2017-11-01,0,14.0,175,1.0,1.0,1.0,1.0,1.0,1.0,1.0,1
NC,Durham,4,104,2017-05-10,1,,0,,,,,,,,1
NC,Durham,4,104,2017-05-17,0,7.0,7,1.0,1.0,1.0,1.0,1.0,1.0,1.0,1
NC,Durham,4,104,2017-06-07,0,21.0,28,1.0,1.0,1.0,1.0,1.0,1.0,1.0,1
NC,Durham,4,104,2017-07-06,0,29.0,57,1.0,1.0,1.0,1.0,1.0,1.0,1.0,0
NC,Durham,4,104,2017-07-18,0,12.0,69,1.0,1.0,1.0,1.0,0.0,1.0,0.0,1
NC,Durham,4,104,2017-07-27,0,9.0,78,1.0,1.0,1.0,1.0,1.0,1.0,1.0,1
NC,Durham,4,104,2017-08-03,0,7.0,85,1.0,1.0,1.0,1.0,1.0,1.0,1.0,0
NC,Durham,4,104,2017-08-22,0,19.0,104,1.0,1.0,1.0,1.0,0.0,1.0,0.0,0
NC,Durham,4,104,2017-08-30,0,8.0,112,1.0,1.0,1.0,1.0,0.0,1.0,0.0,0
NC,Durham,4,104,2017-09-07,0,8.0,120,1.0,1.0,1.0,0.0,0.0,1.0,0.0,0
NC,Durham,4,104,2017-09-26,0,19.0,139,1.0,1.0,1.0,1.0,0.0,1.0,0.0,0
NC,Durham,4,104,2017-10-03,0,7.0,146,0.0,1.0,1.0,1.0,0.0,1.0,0.0,0
NC,Durham,4,104,2017-10-18,0,15.0,161,1.0,1.0,1.0,1.0,0.0,1.0,0.0,0
NC,Durham,4,104,2017-11-02,0,15.0,176,1.0,1.0,1.0,1.0,0.0,1.0,0.0,0
NC,Durham,4,105,2017-08-30,1,,0,,,,,,,,1
NC,Durham,4,105,2017-09-12,0,13.0,13,1.0,1.0,1.0,1.0,1.0,1.0,1.0,0
NC,Durham,4,105,2017-10-02,0,20.0,33,1.0,1.0,1.0,0.0,0.0,1.0,0.0,0
NC,Durham,4,106,2017-05-10,1,,0,,,,,,,,0
NC,Durham,4,106,2017-05-17,0,7.0,7,0.0,1.0,0.0,1.0,1.0,1.0,0.0,1
NC,Durham,4,106,2017-06-07,0,21.0,28,1.0,1.0,1.0,1.0,1.0,1.0,1.0,0
NC,Durham,4,106,2017-07-06,0,29.0,57,1.0,1.0,1.0,1.0,0.0,1.0,0.0,0
NC,Durham,4,106,2017-07-18,0,12.0,69,1.0,1.0,1.0,1.0,0.0,1.0,0.0,0
NC,Durham,4,106,2017-07-27,0,9.0,78,1.0,1.0,0.0,1.0,0.0,1.0,0.0,0
NC,Durham,4,106,2017-08-03,0,7.0,85,1.0,1.0,1.0,1.0,0.0,1.0,0.0,0
NC,Durham,4,106,2017-08-22,0,19.0,104,1.0,1.0,1.0,1.0,0.0,1.0,0.0,0
NC,Durham,4,106,2017-08-28,0,6.0,110,1.0,1.0,1.0,1.0,0.0,1.0,0.0,0
NC,Durham,4,106,2017-08-30,0,2.0,112,1.0,1.0,1.0,1.0,0.0,1.0,0.0,0
NC,Durham,4,106,2017-09-07,0,8.0,120,1.0,1.0,1.0,1.0,0.0,1.0,0.0,0
NC,Durham,4,106,2017-09-26,0,19.0,139,1.0,1.0,1.0,1.0,0.0,1.0,0.0,0
NC,Durham,4,106,2017-10-05,0,9.0,148,1.0,1.0,1.0,1.0,0.0,0.0,0.0,0
NC,Durham,4,106,2017-10-18,0,13.0,161,1.0,1.0,1.0,1.0,0.0,1.0,0.0,0
NC,Durham,4,106,2017-11-02,0,15.0,176,1.0,1.0,1.0,1.0,0.0,1.0,0.0,0
NC,Durham,4,107,2017-10-18,1,,0,,,,,,,,0
NC,Durham,4,108,2017-05-10,1,,0,,,,,,,,0
NC,Durham,4,108,2017-05-17,0,7.0,7,1.0,1.0,1.0,1.0,0.0,1.0,0.0,1
NC,Durham,4,108,2017-06-07,0,21.0,28,1.0,1.0,1.0,1.0,1.0,1.0,1.0,0
NC,Durham,4,108,2017-07-06,0,29.0,57,1.0,1.0,1.0,1.0,1.0,0.0,0.0,0
NC,Durham,4,108,2017-07-18,0,12.0,69,0.0,1.0,1.0,1.0,1.0,1.0,0.0,0
NC,Durham,4,108,2017-07-27,0,9.0,78,0.0,1.0,1.0,1.0,0.0,1.0,0.0,0
NC,Durham,4,108,2017-08-03,0,7.0,85,1.0,1.0,1.0,1.0,0.0,1.0,0.0,0
NC,Durham,4,108,2017-08-22,0,19.0,104,1.0,1.0,1.0,1.0,0.0,0.5,0.0,0
NC,Durham,4,108,2017-08-28,0,6.0,110,1.0,1.0,1.0,1.0,0.0,1.0,0.0,1
NC,Durham,4,108,2017-08-30,0,2.0,112,1.0,1.0,1.0,1.0,1.0,1.0,1.0,0
NC,Durham,4,108,2017-09-07,0,8.0,120,1.0,1.0,1.0,1.0,0.0,1.0,0.0,0
NC,Durham,4,108,2017-09-26,0,19.0,139,1.0,1.0,1.0,1.0,0.0,0.0,0.0,0
NC,Durham,4,108,2017-10-03,0,7.0,146,1.0,1.0,1.0,1.0,0.0,0.0,0.0,1
NC,Durham,4,108,2017-11-02,0,30.0,176,1.0,1.0,1.0,1.0,1.0,1.0,1.0,0
NC,Durham,4,109,2017-05-01,1,,0,,,,,,,,1
NC,Durham,4,109,2017-05-08,0,7.0,7,1.0,1.0,1.0,1.0,1.0,1.0,1.0,0
NC,Durham,4,109,2017-06-07,0,30.0,37,0.0,1.0,0.0,1.0,1.0,1.0,0.0,0
NC,Durham,4,109,2017-07-07,0,30.0,67,1.0,1.0,1.0,1.0,0.0,1.0,0.0,0
NC,Durham,4,109,2017-07-12,0,5.0,72,1.0,1.0,1.0,0.0,0.0,1.0,0.0,1
NC,Durham,4,109,2017-07-18,0,6.0,78,1.0,1.0,1.0,1.0,1.0,1.0,1.0,0
NC,Durham,4,109,2017-07-27,0,9.0,87,1.0,1.0,1.0,0.0,0.0,1.0,0.0,0
NC,Durham,4,109,2017-08-03,0,7.0,94,1.0,1.0,1.0,1.0,0.0,1.0,0.0,0
NC,Durham,4,109,2017-08-22,0,19.0,113,1.0,1.0,1.0,0.0,0.0,1.0,0.0,0
NC,Durham,4,109,2017-08-28,0,6.0,119,1.0,1.0,1.0,1.0,0.0,1.0,0.0,0
NC,Durham,4,109,2017-08-31,0,3.0,122,1.0,1.0,1.0,1.0,0.0,1.0,0.0,0
NC,Durham,4,109,2017-09-07,0,7.0,129,1.0,1.0,1.0,1.0,0.0,1.0,0.0,0
NC,Durham,4,109,2017-09-26,0,19.0,148,1.0,1.0,1.0,0.0,0.0,1.0,0.0,0
NC,Durham,4,109,2017-10-04,0,8.0,156,1.0,1.0,1.0,1.0,0.0,0.0,0.0,0
NC,Durham,4,109,2017-10-19,0,15.0,171,1.0,1.0,1.0,1.0,0.0,1.0,0.0,0
NC,Durham,4,109,2017-11-01,0,13.0,184,1.0,1.0,1.0,1.0,0.0,1.0,0.0,0
NC,Durham,4,110,2017-05-01,1,,0,,,,,,,,1
NC,Durham,4,110,2017-05-08,0,7.0,7,1.0,1.0,1.0,1.0,1.0,1.0,1.0,1
NC,Durham,4,110,2017-06-07,0,30.0,37,1.0,1.0,1.0,1.0,1.0,1.0,1.0,0
NC,Durham,4,110,2017-07-07,0,30.0,67,1.0,1.0,1.0,1.0,1.0,0.0,0.0,0
NC,Durham,4,110,2017-07-18,0,11.0,78,1.0,1.0,1.0,0.0,0.0,1.0,0.0,0
NC,Durham,4,110,2017-07-27,0,9.0,87,1.0,1.0,1.0,1.0,0.0,1.0,0.0,0
NC,Durham,4,110,2017-08-03,0,7.0,94,1.0,1.0,1.0,1.0,0.0,1.0,0.0,0
NC,Durham,4,110,2017-08-22,0,19.0,113,1.0,1.0,1.0,1.0,0.0,1.0,0.0,0
NC,Durham,4,110,2017-08-30,0,8.0,121,1.0,1.0,1.0,1.0,0.0,1.0,0.0,0
NC,Durham,4,110,2017-09-07,0,8.0,129,1.0,1.0,0.0,1.0,0.0,1.0,0.0,0
NC,Durham,4,110,2017-09-26,0,19.0,148,1.0,1.0,1.0,0.0,0.0,1.0,0.0,0
NC,Durham,4,110,2017-10-04,0,8.0,156,0.0,0.0,1.0,1.0,0.0,0.0,0.0,0
NC,Durham,4,110,2017-10-19,0,15.0,171,0.0,1.0,0.0,1.0,0.0,1.0,0.0,0
NC,Durham,4,110,2017-11-01,0,13.0,184,1.0,1.0,1.0,0.0,0.0,1.0,0.0,0
NC,Durham,4,111,2017-05-01,1,,0,,,,,,,,0
NC,Durham,4,111,2017-06-07,0,37.0,37,0.0,1.0,0.0,1.0,1.0,1.0,0.0,0
NC,Durham,4,111,2017-07-06,0,29.0,66,0.0,0.0,0.0,1.0,0.0,1.0,0.0,0
NC,Durham,4,112,2017-05-04,1,,0,,,,,,,,1
NC,Durham,4,112,2017-06-07,0,34.0,34,1.0,1.0,1.0,1.0,1.0,1.0,1.0,0
NC,Durham,4,112,2017-07-07,0,30.0,64,1.0,1.0,1.0,1.0,0.0,1.0,0.0,0
NC,Durham,4,112,2017-07-18,0,11.0,75,1.0,1.0,1.0,0.0,1.0,0.0,0.0,0
NC,Durham,4,112,2017-07-27,0,9.0,84,0.0,1.0,1.0,0.0,0.0,0.0,0.0,0
NC,Durham,4,112,2017-08-03,0,7.0,91,1.0,1.0,1.0,1.0,0.0,1.0,0.0,0
NC,Durham,4,112,2017-08-22,0,19.0,110,0.0,1.0,0.0,0.0,0.0,1.0,0.0,0
NC,Durham,4,112,2017-08-25,0,3.0,113,1.0,1.0,1.0,1.0,0.0,1.0,0.0,0
NC,Durham,4,112,2017-08-30,0,5.0,118,1.0,1.0,1.0,1.0,0.0,1.0,0.0,0
NC,Durham,4,112,2017-09-07,0,8.0,126,1.0,1.0,1.0,1.0,0.0,1.0,0.0,0
NC,Durham,4,112,2017-09-26,0,19.0,145,1.0,1.0,1.0,0.0,0.0,1.0,0.0,0
NC,Durham,4,112,2017-10-04,0,8.0,153,0.0,1.0,0.0,1.0,0.0,0.0,0.0,0
NC,Durham,4,112,2017-10-11,0,7.0,160,0.0,1.0,0.0,1.0,0.0,1.0,0.0,0
NC,Durham,4,112,2017-10-19,0,8.0,168,0.0,0.0,1.0,1.0,0.0,1.0,0.0,0
NC,Durham,4,112,2017-11-01,0,13.0,181,0.0,0.0,0.0,1.0,0.0,1.0,0.0,0
NC,Durham,4,112,2017-11-06,0,5.0,186,0.0,0.0,1.0,1.0,1.0,1.0,0.0,0
NC,Durham,4,112,2017-11-16,0,10.0,196,0.0,1.0,0.0,1.0,1.0,1.0,0.0,1
NC,Durham,4,113,2017-05-04,1,,0,,,,,,,,0
NC,Durham,4,114,2017-05-04,1,,0,,,,,,,,0
NC,Durham,4,114,2017-07-18,0,75.0,75,0.0,1.0,0.0,1.0,1.0,1.0,0.0,0
NC,Durham,5,115,2017-02-15,1,,0,,,,,,,,0
NC,Durham,5,116,2017-02-15,1,,0,,,,,,,,0
NC,Durham,5,117,2017-02-15,1,,0,,,,,,,,0
NC,Durham,6,118,2018-07-09,1,,0,,,,,,,,0
NC,Durham,6,118,2018-07-31,0,22.0,22,1.0,1.0,1.0,0.0,1.0,0.0,0.0,1
NC,Durham,6,118,2018-08-07,0,7.0,29,1.0,1.0,1.0,1.0,1.0,1.0,1.0,0
NC,Durham,6,118,2018-08-15,0,8.0,37,1.0,1.0,0.0,1.0,0.0,1.0,0.0,0
NC,Durham,6,118,2018-08-16,0,1.0,38,1.0,1.0,1.0,1.0,1.0,0.0,0.0,1
NC,Durham,6,118,2018-09-04,0,19.0,57,1.0,1.0,1.0,1.0,1.0,1.0,1.0,1
NC,Durham,6,118,2018-09-26,0,22.0,79,1.0,1.0,1.0,1.0,1.0,1.0,1.0,0
NC,Durham,6,118,2018-10-02,0,6.0,85,1.0,1.0,1.0,0.0,1.0,1.0,0.0,0
NC,Durham,6,118,2018-10-09,0,7.0,92,1.0,1.0,1.0,1.0,0.0,1.0,0.0,1
NC,Durham,6,118,2018-10-18,0,9.0,101,1.0,1.0,1.0,1.0,1.0,1.0,1.0,1
NC,Durham,6,119,2017-09-28,1,,0,,,,,,,,0
NC,Durham,6,119,2017-10-02,0,4.0,4,1.0,1.0,1.0,1.0,0.0,1.0,0.0,0
NC,Durham,6,119,2017-10-05,0,3.0,7,0.0,1.0,1.0,0.0,0.0,1.0,0.0,0
NC,Durham,6,119,2017-10-23,0,18.0,25,1.0,1.0,1.0,1.0,0.0,1.0,0.0,0
NC,Durham,6,119,2017-11-01,0,9.0,34,1.0,1.0,1.0,1.0,0.0,1.0,0.0,0
NC,Durham,6,119,2018-01-22,0,82.0,116,1.0,1.0,1.0,1.0,0.0,1.0,0.0,1
NC,Durham,6,119,2018-03-16,0,53.0,169,1.0,1.0,1.0,1.0,1.0,1.0,1.0,0
NC,Durham,6,119,2018-03-28,0,12.0,181,1.0,1.0,1.0,0.0,1.0,1.0,0.0,0
NC,Durham,6,119,2018-04-19,0,22.0,203,1.0,1.0,0.0,1.0,0.0,1.0,0.0,0
NC,Durham,6,119,2018-04-25,0,6.0,209,0.0,1.0,0.0,1.0,0.0,1.0,0.0,0
NC,Durham,6,119,2018-04-26,0,1.0,210,0.0,0.0,0.0,1.0,0.0,1.0,0.0,0
NC,Durham,6,119,2018-05-08,0,12.0,222,0.0,1.0,0.0,1.0,1.0,1.0,0.0,0
NC,Durham,6,119,2018-05-21,0,13.0,235,0.0,1.0,0.0,1.0,0.0,1.0,0.0,0
NC,Durham,6,119,2018-06-04,0,14.0,249,0.0,0.0,0.0,1.0,0.0,1.0,0.0,0
NC,Durham,6,119,2018-06-18,0,14.0,263,0.0,0.0,0.0,1.0,1.0,1.0,0.0,0
NC,Durham,6,120,2018-01-22,1,,0,,,,,,,,0
NC,Durham,6,120,2018-03-16,0,53.0,53,1.0,1.0,1.0,1.0,0.0,1.0,0.0,0
NC,Durham,6,120,2018-03-28,0,12.0,65,1.0,1.0,1.0,0.0,1.0,1.0,0.0,0
NC,Durham,6,120,2018-04-19,0,22.0,87,1.0,1.0,1.0,1.0,0.0,1.0,0.0,0
NC,Durham,6,120,2018-04-25,0,6.0,93,1.0,1.0,1.0,1.0,0.0,1.0,0.0,1
NC,Durham,6,120,2018-05-08,0,13.0,106,1.0,1.0,1.0,1.0,1.0,1.0,1.0,1
NC,Durham,6,120,2018-05-21,0,13.0,119,1.0,1.0,1.0,1.0,1.0,1.0,1.0,0
NC,Durham,6,120,2018-06-04,0,14.0,133,0.0,1.0,1.0,1.0,1.0,1.0,0.0,1
NC,Durham,6,120,2018-06-18,0,14.0,147,1.0,1.0,1.0,1.0,1.0,1.0,1.0,1
NC,Durham,6,120,2018-07-05,0,17.0,164,1.0,1.0,1.0,1.0,1.0,1.0,1.0,0
NC,Durham,6,120,2018-07-31,0,26.0,190,1.0,1.0,0.0,1.0,1.0,1.0,0.0,0
NC,Durham,6,120,2018-08-07,0,7.0,197,1.0,1.0,1.0,0.0,1.0,1.0,0.0,0
NC,Durham,6,120,2018-08-15,0,8.0,205,1.0,1.0,0.0,1.0,1.0,1.0,0.0,0
NC,Durham,6,120,2018-09-04,0,20.0,225,1.0,1.0,1.0,1.0,1.0,0.0,0.0,1
NC,Durham,6,120,2018-09-26,0,22.0,247,1.0,1.0,1.0,1.0,1.0,1.0,1.0,0
NC,Durham,6,120,2018-10-02,0,6.0,253,1.0,1.0,1.0,0.0,1.0,0.0,0.0,0
NC,Durham,6,120,2018-10-09,0,7.0,260,1.0,1.0,1.0,1.0,1.0,0.0,0.0,0
NC,Durham,6,120,2018-10-18,0,9.0,269,1.0,1.0,1.0,1.0,0.0,1.0,0.0,1
NC,Durham,6,120,2018-11-12,0,25.0,294,1.0,1.0,1.0,1.0,1.0,1.0,1.0,1
NC,Durham,6,121,2018-08-15,1,,0,,,,,,,,0
NC,Durham,6,122,2017-11-01,1,,0,,,,,,,,0
NC,Durham,6,122,2018-01-22,0,82.0,82,1.0,1.0,1.0,1.0,0.0,1.0,0.0,1
NC,Durham,6,122,2018-03-28,0,65.0,147,1.0,1.0,1.0,1.0,1.0,1.0,1.0,0
NC,Durham,6,122,2018-04-19,0,22.0,169,1.0,1.0,1.0,1.0,0.0,1.0,0.0,0
NC,Durham,6,122,2018-05-16,0,27.0,196,1.0,1.0,1.0,1.0,0.0,1.0,0.0,1
NC,Durham,6,123,2018-06-06,1,,0,,,,,,,,0
NC,Durham,6,123,2018-06-18,0,12.0,12,0.0,1.0,1.0,1.0,1.0,1.0,0.0,1
NC,Durham,6,123,2018-07-05,0,17.0,29,1.0,1.0,1.0,1.0,1.0,1.0,1.0,1
NC,Durham,6,123,2018-07-31,0,26.0,55,1.0,1.0,1.0,1.0,1.0,1.0,1.0,0
NC,Durham,6,123,2018-08-07,0,7.0,62,1.0,1.0,1.0,0.0,1.0,1.0,0.0,1
NC,Durham,6,123,2018-09-04,0,28.0,90,1.0,1.0,1.0,1.0,1.0,1.0,1.0,1
NC,Durham,6,123,2018-09-26,0,22.0,112,1.0,1.0,1.0,1.0,1.0,1.0,1.0,0
NC,Durham,6,123,2018-10-02,0,6.0,118,1.0,1.0,1.0,0.0,0.0,0.0,0.0,0
NC,Durham,6,123,2018-10-09,0,7.0,125,1.0,1.0,1.0,1.0,0.0,1.0,0.0,0
NC,Durham,6,123,2018-10-18,0,9.0,134,1.0,1.0,1.0,1.0,0.0,1.0,0.0,1
NC,Durham,6,124,2016-02-29,1,,0,,,,,,,,0
NC,Durham,6,124,2016-03-10,0,10.0,10,1.0,1.0,0.0,1.0,1.0,1.0,0.0,0
NC,Durham,6,124,2016-03-14,0,4.0,14,1.0,1.0,0.0,1.0,1.0,0.0,0.0,0
NC,Durham,6,124,2016-04-25,0,42.0,56,1.0,1.0,0.0,1.0,1.0,1.0,0.0,0
NC,Durham,6,125,2016-02-29,1,,0,,,,,,,,1
NC,Durham,6,125,2016-03-10,0,10.0,10,1.0,1.0,1.0,1.0,1.0,1.0,1.0,1
NC,Durham,6,125,2016-03-14,0,4.0,14,1.0,1.0,1.0,1.0,1.0,1.0,1.0,1
NC,Durham,6,125,2016-03-23,0,9.0,23,1.0,1.0,1.0,1.0,1.0,1.0,1.0,0
NC,Durham,6,125,2016-04-04,0,12.0,35,0.0,1.0,0.0,1.0,1.0,0.0,0.0,0
NC,Durham,6,125,2016-04-18,0,14.0,49,0.0,1.0,0.0,1.0,1.0,1.0,0.0,0
NC,Durham,6,125,2016-04-25,0,7.0,56,0.0,1.0,0.0,1.0,0.0,1.0,0.0,0
NC,Durham,6,125,2016-06-02,0,38.0,94,0.0,1.0,0.0,1.0,1.0,1.0,0.0,0
NC,Durham,6,125,2016-06-20,0,18.0,112,0.0,0.0,0.0,1.0,0.0,1.0,0.0,0
NC,Durham,6,125,2016-06-29,0,9.0,121,1.0,0.0,0.0,1.0,0.0,1.0,0.0,0
NC,Durham,6,125,2016-08-04,0,36.0,157,0.0,0.0,0.0,1.0,0.0,1.0,0.0,0
NC,Durham,6,125,2016-08-20,0,16.0,173,0.0,0.0,0.0,1.0,0.0,1.0,0.0,0
NC,Durham,6,125,2017-04-11,0,234.0,407,0.0,0.0,0.0,0.0,0.0,0.0,0.0,1
NC,Durham,6,126,2016-03-23,1,,0,,,,,,,,0
NC,Durham,6,126,2016-04-04,0,12.0,12,0.0,1.0,0.0,1.0,1.0,0.0,0.0,1
NC,Durham,6,126,2016-04-18,0,14.0,26,1.0,1.0,1.0,1.0,1.0,1.0,1.0,0
NC,Durham,6,126,2016-04-25,0,7.0,33,0.0,1.0,0.0,1.0,0.0,1.0,0.0,1
NC,Durham,6,126,2016-06-02,0,38.0,71,1.0,1.0,1.0,1.0,1.0,1.0,1.0,0
NC,Durham,6,126,2016-06-20,0,18.0,89,0.0,1.0,1.0,1.0,0.0,1.0,0.0,0
NC,Durham,6,126,2016-06-29,0,9.0,98,0.0,1.0,0.0,1.0,0.0,1.0,0.0,1
NC,Durham,6,126,2016-08-04,0,36.0,134,1.0,1.0,1.0,1.0,1.0,1.0,1.0,0
NC,Durham,6,126,2016-08-29,0,25.0,159,1.0,1.0,1.0,1.0,0.0,1.0,0.0,1
NC,Durham,6,126,2016-09-15,0,17.0,176,1.0,1.0,1.0,1.0,1.0,1.0,1.0,1
NC,Durham,6,126,2016-10-12,0,27.0,203,1.0,1.0,1.0,1.0,1.0,1.0,1.0,0
NC,Durham,6,126,2016-10-27,0,15.0,218,1.0,1.0,1.0,0.0,0.0,1.0,0.0,1
NC,Durham,6,126,2017-02-28,0,124.0,342,1.0,1.0,1.0,1.0,1.0,1.0,1.0,1
NC,Durham,6,126,2017-04-11,0,42.0,384,1.0,1.0,1.0,1.0,1.0,1.0,1.0,0
NC,Durham,6,126,2017-04-17,0,6.0,390,0.0,0.0,0.0,0.0,1.0,1.0,0.0,0
NC,Durham,6,127,2016-02-29,1,,0,,,,,,,,1
NC,Durham,6,127,2016-03-10,0,10.0,10,1.0,1.0,1.0,1.0,1.0,1.0,1.0,1
NC,Durham,6,127,2016-03-14,0,4.0,14,1.0,1.0,1.0,1.0,1.0,1.0,1.0,1
NC,Durham,6,127,2016-03-23,0,9.0,23,1.0,1.0,1.0,1.0,1.0,1.0,1.0,1
NC,Durham,6,127,2016-04-04,0,12.0,35,1.0,1.0,1.0,1.0,1.0,1.0,1.0,0
NC,Durham,6,127,2016-04-18,0,14.0,49,0.0,1.0,0.0,1.0,1.0,1.0,0.0,0
NC,Durham,6,127,2016-04-25,0,7.0,56,1.0,1.0,1.0,1.0,0.0,1.0,0.0,0
NC,Durham,6,127,2016-06-02,0,38.0,94,1.0,1.0,1.0,1.0,0.0,1.0,0.0,1
NC,Durham,6,127,2016-06-20,0,18.0,112,1.0,1.0,1.0,1.0,1.0,1.0,1.0,1
NC,Durham,6,127,2016-08-04,0,45.0,157,1.0,1.0,1.0,1.0,1.0,1.0,1.0,0
NC,Durham,6,127,2016-08-29,0,25.0,182,1.0,1.0,1.0,1.0,0.0,1.0,0.0,1
NC,Durham,6,127,2016-09-01,0,3.0,185,1.0,1.0,1.0,1.0,1.0,1.0,1.0,1
NC,Durham,6,127,2016-09-15,0,14.0,199,1.0,1.0,1.0,1.0,1.0,1.0,1.0,1
NC,Durham,6,127,2016-10-12,0,27.0,226,1.0,1.0,1.0,1.0,1.0,1.0,1.0,0
NC,Durham,6,127,2016-10-27,0,15.0,241,1.0,1.0,1.0,0.0,0.0,1.0,0.0,0
NC,Durham,6,127,2017-02-28,0,124.0,365,1.0,1.0,1.0,1.0,0.0,1.0,0.0,0
NC,Durham,6,127,2017-04-11,0,42.0,407,1.0,1.0,1.0,1.0,0.0,0.0,0.0,1
NC,Durham,6,128,2016-03-23,1,,0,,,,,,,,0
NC,Durham,6,128,2016-04-04,0,12.0,12,0.0,1.0,0.0,1.0,1.0,1.0,0.0,1
NC,Durham,6,128,2016-04-18,0,14.0,26,1.0,1.0,1.0,1.0,1.0,1.0,1.0,0
NC,Durham,6,128,2016-04-25,0,7.0,33,0.0,1.0,0.0,1.0,0.0,1.0,0.0,0
NC,Durham,6,128,2016-06-02,0,38.0,71,0.0,1.0,1.0,1.0,1.0,1.0,0.0,0
NC,Durham,6,128,2016-06-20,0,18.0,89,0.0,1.0,0.0,1.0,0.0,1.0,0.0,0
NC,Durham,6,128,2016-06-29,0,9.0,98,1.0,1.0,0.0,1.0,0.0,1.0,0.0,1
NC,Durham,6,129,2016-04-04,1,,0,,,,,,,,0
NC,Durham,6,129,2016-04-18,0,14.0,14,0.0,0.0,0.0,1.0,1.0,1.0,0.0,1
NC,Durham,6,129,2016-04-25,0,7.0,21,1.0,1.0,1.0,1.0,1.0,1.0,1.0,1
NC,Durham,6,129,2016-06-02,0,38.0,59,1.0,1.0,1.0,1.0,1.0,1.0,1.0,1
NC,Durham,6,129,2016-06-20,0,18.0,77,1.0,1.0,1.0,1.0,1.0,1.0,1.0,1
NC,Durham,6,129,2016-06-29,0,9.0,86,1.0,1.0,1.0,1.0,1.0,1.0,1.0,1
NC,Durham,6,130,2016-03-28,1,,0,,,,,,,,0
NC,Durham,6,130,2016-04-04,0,7.0,7,0.0,0.0,0.0,0.0,0.0,0.0,0.0,0
NC,Durham,6,130,2016-04-18,0,14.0,21,0.0,1.0,0.0,1.0,1.0,1.0,0.0,1
NC,Durham,6,130,2016-04-27,0,9.0,30,1.0,1.0,1.0,1.0,1.0,1.0,1.0,0
NC,Durham,6,130,2016-06-02,0,36.0,66,0.5,1.0,0.5,1.0,0.5,1.0,0.0,1
NC,Durham,6,130,2016-06-20,0,18.0,84,1.0,1.0,1.0,1.0,1.0,1.0,1.0,1
NC,Durham,6,130,2016-06-29,0,9.0,93,1.0,1.0,1.0,1.0,1.0,1.0,1.0,1
NC,Durham,6,130,2016-08-04,0,36.0,129,1.0,1.0,1.0,1.0,1.0,1.0,1.0,0
NC,Durham,6,130,2016-08-29,0,25.0,154,1.0,1.0,1.0,1.0,0.0,1.0,0.0,0
NC,Durham,6,130,2016-09-01,0,3.0,157,1.0,1.0,1.0,0.0,1.0,1.0,0.0,1
NC,Durham,6,130,2016-09-15,0,14.0,171,1.0,1.0,1.0,1.0,1.0,1.0,1.0,1
NC,Durham,6,130,2016-10-12,0,27.0,198,1.0,1.0,1.0,1.0,1.0,1.0,1.0,0
NC,Durham,6,130,2016-10-27,0,15.0,213,1.0,1.0,1.0,0.0,0.0,1.0,0.0,0
NC,Durham,6,130,2017-02-28,0,124.0,337,1.0,1.0,1.0,1.0,0.0,1.0,0.0,0
NC,Durham,6,131,2017-05-03,1,,0,,,,,,,,0
NC,Durham,6,131,2017-06-07,0,35.0,35,0.0,1.0,0.0,1.0,0.0,0.0,0.0,0
NC,Durham,6,131,2017-06-13,0,6.0,41,0.0,0.0,0.0,1.0,0.0,0.0,0.0,0
NC,Durham,6,131,2017-06-22,0,9.0,50,0.0,0.0,0.0,1.0,0.0,1.0,0.0,0
NC,Durham,6,131,2017-07-31,0,39.0,89,1.0,1.0,1.0,1.0,0.0,0.0,0.0,0
NC,Durham,6,131,2017-09-07,0,38.0,127,0.0,0.0,0.0,0.0,0.0,0.0,0.0,0
NC,Durham,6,131,2017-09-21,0,14.0,141,1.0,1.0,1.0,1.0,0.0,0.0,0.0,0
NC,Durham,6,131,2017-09-28,0,7.0,148,1.0,1.0,1.0,0.0,0.0,0.0,0.0,0
NC,Durham,6,131,2017-10-23,0,25.0,173,1.0,1.0,1.0,1.0,0.0,1.0,0.0,1
NC,Durham,6,131,2017-11-01,0,9.0,182,1.0,1.0,1.0,1.0,1.0,1.0,1.0,1
NC,Durham,6,132,2017-05-03,1,,0,,,,,,,,0
NC,Durham,6,132,2017-06-07,0,35.0,35,0.0,0.0,0.0,1.0,0.0,0.0,0.0,0
NC,Durham,6,132,2017-06-13,0,6.0,41,1.0,1.0,1.0,1.0,1.0,0.0,0.0,1
NC,Durham,6,132,2017-06-22,0,9.0,50,1.0,1.0,1.0,1.0,1.0,1.0,1.0,0
NC,Durham,6,132,2017-07-31,0,39.0,89,1.0,1.0,1.0,1.0,0.0,1.0,0.0,0
NC,Durham,6,132,2017-08-25,0,25.0,114,0.0,0.0,0.0,0.0,0.0,0.0,0.0,0
NC,Durham,6,132,2017-09-07,0,13.0,127,1.0,1.0,0.0,1.0,0.0,1.0,0.0,0
NC,Durham,6,132,2017-09-21,0,14.0,141,0.0,1.0,1.0,1.0,0.0,1.0,0.0,0
NC,Durham,6,132,2017-09-28,0,7.0,148,1.0,0.0,1.0,1.0,0.0,0.0,0.0,0
NC,Durham,6,132,2017-10-23,0,25.0,173,1.0,1.0,1.0,1.0,0.0,1.0,0.0,1
NC,Durham,6,133,2017-05-03,1,,0,,,,,,,,0
NC,Durham,6,133,2017-06-07,0,35.0,35,1.0,1.0,0.0,0.0,1.0,1.0,0.0,0
NC,Durham,6,133,2017-06-13,0,6.0,41,1.0,0.0,1.0,0.0,1.0,0.0,0.0,1
NC,Durham,6,133,2017-06-22,0,9.0,50,1.0,1.0,1.0,1.0,1.0,1.0,1.0,0
NC,Durham,6,133,2017-07-31,0,39.0,89,1.0,0.0,1.0,1.0,0.0,0.0,0.0,0
NC,Durham,6,133,2017-09-07,0,38.0,127,0.0,0.0,0.0,0.0,0.0,0.0,0.0,0
NC,Durham,6,133,2017-09-21,0,14.0,141,1.0,1.0,1.0,1.0,0.0,0.0,0.0,0
NC,Durham,6,133,2017-09-28,0,7.0,148,1.0,1.0,1.0,1.0,0.0,0.0,0.0,0
NC,Durham,6,133,2017-10-23,0,25.0,173,1.0,1.0,1.0,1.0,0.0,1.0,0.0,0
NC,Durham,6,133,2017-11-01,0,9.0,182,1.0,1.0,1.0,1.0,0.0,1.0,0.0,0
UT,Salt Lake City,7,134,2019-04-01,1,,0,,,,,,,,1
UT,Salt Lake City,7,135,2019-04-01,1,,0,,,,,,,,1
UT,Salt Lake City,7,136,2019-04-01,1,,0,,,,,,,,0
UT,Salt Lake City,7,137,2018-04-02,1,,0,,,,,,,,1
UT,Salt Lake City,7,137,2018-04-09,0,7.0,7,1.0,1.0,1.0,1.0,1.0,1.0,1.0,1
UT,Salt Lake City,7,137,2018-04-16,0,7.0,14,1.0,1.0,1.0,1.0,1.0,1.0,1.0,0
UT,Salt Lake City,7,137,2018-04-23,0,7.0,21,1.0,1.0,0.0,1.0,1.0,1.0,0.0,0
UT,Salt Lake City,7,137,2018-05-01,0,8.0,29,1.0,1.0,0.0,1.0,1.0,1.0,0.0,0
UT,Salt Lake City,7,137,2018-05-07,0,6.0,35,1.0,1.0,0.0,1.0,1.0,1.0,0.0,0
UT,Salt Lake City,7,137,2018-05-15,0,8.0,43,1.0,1.0,0.0,1.0,1.0,1.0,0.0,0
UT,Salt Lake City,7,137,2018-05-25,0,10.0,53,1.0,1.0,0.0,1.0,1.0,1.0,0.0,0
UT,Salt Lake City,7,137,2018-06-04,0,10.0,63,1.0,1.0,0.0,1.0,1.0,1.0,0.0,0
UT,Salt Lake City,7,137,2018-06-11,0,7.0,70,1.0,1.0,0.0,1.0,1.0,1.0,0.0,0
UT,Salt Lake City,7,137,2018-06-26,0,15.0,85,1.0,1.0,0.0,1.0,1.0,1.0,0.0,0
UT,Salt Lake City,7,137,2018-07-02,0,6.0,91,0.0,1.0,0.0,1.0,0.0,1.0,0.0,0
UT,Salt Lake City,7,137,2018-07-10,0,8.0,99,0.0,1.0,0.0,1.0,1.0,1.0,0.0,0
UT,Salt Lake City,7,137,2018-07-16,0,6.0,105,0.0,1.0,1.0,1.0,1.0,1.0,0.0,0
UT,Salt Lake City,7,137,2018-07-23,0,7.0,112,1.0,1.0,0.0,1.0,1.0,1.0,0.0,1
UT,Salt Lake City,7,137,2018-07-30,0,7.0,119,1.0,1.0,1.0,1.0,1.0,1.0,1.0,1
UT,Salt Lake City,7,137,2018-08-27,0,28.0,147,1.0,1.0,1.0,1.0,1.0,1.0,1.0,1
UT,Salt Lake City,7,137,2018-09-03,0,7.0,154,1.0,1.0,1.0,1.0,1.0,1.0,1.0,1
UT,Salt Lake City,7,137,2018-09-10,0,7.0,161,1.0,1.0,1.0,1.0,1.0,1.0,1.0,1
UT,Salt Lake City,7,137,2018-09-18,0,8.0,169,1.0,1.0,1.0,1.0,1.0,1.0,1.0,1
UT,Salt Lake City,7,137,2018-09-24,0,6.0,175,1.0,1.0,1.0,1.0,1.0,1.0,1.0,1
UT,Salt Lake City,7,137,2018-10-01,0,7.0,182,1.0,1.0,1.0,1.0,1.0,1.0,1.0,1
UT,Salt Lake City,7,137,2018-10-08,0,7.0,189,1.0,1.0,1.0,1.0,1.0,1.0,1.0,1
UT,Salt Lake City,7,138,2018-04-02,1,,0,,,,,,,,0
UT,Salt Lake City,7,138,2018-04-09,0,7.0,7,1.0,0.0,1.0,1.0,1.0,1.0,0.0,0
UT,Salt Lake City,7,138,2018-04-16,0,7.0,14,1.0,1.0,0.0,1.0,1.0,1.0,0.0,0
UT,Salt Lake City,7,138,2018-04-23,0,7.0,21,1.0,1.0,0.0,1.0,1.0,1.0,0.0,0
UT,Salt Lake City,7,138,2018-05-01,0,8.0,29,1.0,1.0,0.0,1.0,1.0,1.0,0.0,0
UT,Salt Lake City,7,138,2018-05-07,0,6.0,35,1.0,1.0,0.0,1.0,1.0,1.0,0.0,0
UT,Salt Lake City,7,138,2018-05-15,0,8.0,43,1.0,1.0,0.0,1.0,1.0,1.0,0.0,0
UT,Salt Lake City,7,138,2018-05-25,0,10.0,53,1.0,1.0,0.0,1.0,1.0,1.0,0.0,0
UT,Salt Lake City,7,138,2018-06-04,0,10.0,63,1.0,1.0,0.0,1.0,1.0,1.0,0.0,0
UT,Salt Lake City,7,138,2018-06-11,0,7.0,70,1.0,1.0,0.0,1.0,1.0,1.0,0.0,0
UT,Salt Lake City,7,138,2018-06-26,0,15.0,85,1.0,1.0,0.0,1.0,1.0,1.0,0.0,0
UT,Salt Lake City,7,138,2018-07-02,0,6.0,91,1.0,1.0,0.0,1.0,1.0,1.0,0.0,0
UT,Salt Lake City,7,138,2018-07-10,0,8.0,99,1.0,1.0,0.0,1.0,1.0,1.0,0.0,0
UT,Salt Lake City,7,138,2018-07-16,0,6.0,105,1.0,0.0,1.0,1.0,1.0,1.0,0.0,0
UT,Salt Lake City,7,138,2018-07-23,0,7.0,112,1.0,1.0,0.0,1.0,1.0,1.0,0.0,0
UT,Salt Lake City,7,138,2018-07-30,0,7.0,119,1.0,1.0,0.0,1.0,1.0,1.0,0.0,0
UT,Salt Lake City,7,138,2018-08-27,0,28.0,147,1.0,1.0,0.0,1.0,1.0,1.0,0.0,0
UT,Salt Lake City,7,138,2018-09-03,0,7.0,154,1.0,1.0,0.0,1.0,1.0,1.0,0.0,0
UT,Salt Lake City,7,138,2018-09-10,0,7.0,161,1.0,1.0,0.0,1.0,1.0,1.0,0.0,0
UT,Salt Lake City,7,138,2018-09-18,0,8.0,169,1.0,1.0,0.0,1.0,1.0,1.0,0.0,0
UT,Salt Lake City,7,138,2018-09-24,0,6.0,175,1.0,1.0,0.0,1.0,1.0,1.0,0.0,0
UT,Salt Lake City,7,138,2018-10-01,0,7.0,182,1.0,1.0,0.0,1.0,1.0,1.0,0.0,0
UT,Salt Lake City,7,138,2018-10-08,0,7.0,189,1.0,1.0,0.0,1.0,1.0,1.0,0.0,0
UT,Salt Lake City,7,139,2018-04-02,1,,0,,,,,,,,0
UT,Salt Lake City,7,139,2018-04-09,0,7.0,7,1.0,1.0,0.0,1.0,1.0,1.0,0.0,0
UT,Salt Lake City,7,139,2018-04-16,0,7.0,14,1.0,1.0,0.0,1.0,1.0,1.0,0.0,0
UT,Salt Lake City,7,139,2018-04-23,0,7.0,21,1.0,1.0,0.0,1.0,1.0,1.0,0.0,0
UT,Salt Lake City,7,139,2018-05-01,0,8.0,29,1.0,1.0,0.0,1.0,1.0,1.0,0.0,0
UT,Salt Lake City,7,139,2018-05-07,0,6.0,35,1.0,1.0,0.0,1.0,1.0,1.0,0.0,0
UT,Salt Lake City,7,139,2018-05-15,0,8.0,43,1.0,1.0,0.0,1.0,1.0,1.0,0.0,0
UT,Salt Lake City,7,139,2018-05-25,0,10.0,53,1.0,1.0,0.0,1.0,1.0,1.0,0.0,0
UT,Salt Lake City,7,139,2018-06-04,0,10.0,63,1.0,1.0,0.0,1.0,1.0,1.0,0.0,0
UT,Salt Lake City,7,139,2018-06-11,0,7.0,70,1.0,1.0,0.0,1.0,1.0,1.0,0.0,0
UT,Salt Lake City,7,139,2018-06-26,0,15.0,85,1.0,1.0,0.0,1.0,1.0,1.0,0.0,1
UT,Salt Lake City,7,139,2018-07-02,0,6.0,91,1.0,1.0,1.0,1.0,1.0,1.0,1.0,1
UT,Salt Lake City,7,139,2018-07-10,0,8.0,99,1.0,1.0,1.0,1.0,1.0,1.0,1.0,1
UT,Salt Lake City,7,139,2018-07-16,0,6.0,105,1.0,1.0,1.0,1.0,1.0,1.0,1.0,1
UT,Salt Lake City,7,139,2018-07-23,0,7.0,112,1.0,1.0,1.0,1.0,1.0,1.0,1.0,1
UT,Salt Lake City,7,139,2018-07-30,0,7.0,119,1.0,1.0,1.0,1.0,1.0,1.0,1.0,1
UT,Salt Lake City,7,139,2018-08-27,0,28.0,147,1.0,1.0,1.0,1.0,1.0,1.0,1.0,1
UT,Salt Lake City,7,139,2018-09-03,0,7.0,154,1.0,1.0,1.0,1.0,1.0,1.0,1.0,1
UT,Salt Lake City,7,139,2018-09-10,0,7.0,161,1.0,1.0,1.0,1.0,1.0,1.0,1.0,1
UT,Salt Lake City,7,139,2018-09-18,0,8.0,169,1.0,1.0,1.0,1.0,1.0,1.0,1.0,1
UT,Salt Lake City,7,139,2018-09-24,0,6.0,175,1.0,1.0,1.0,1.0,1.0,1.0,1.0,1
UT,Salt Lake City,7,139,2018-10-01,0,7.0,182,1.0,1.0,1.0,1.0,1.0,1.0,1.0,0
UT,Salt Lake City,7,139,2018-10-08,0,7.0,189,1.0,0.0,1.0,1.0,1.0,1.0,0.0,0
UT,Salt Lake City,7,140,2018-04-02,1,,0,,,,,,,,0
UT,Salt Lake City,7,140,2018-04-09,0,7.0,7,1.0,1.0,0.0,1.0,1.0,1.0,0.0,0
UT,Salt Lake City,7,140,2018-04-16,0,7.0,14,1.0,1.0,0.0,1.0,1.0,1.0,0.0,0
UT,Salt Lake City,7,140,2018-04-23,0,7.0,21,1.0,1.0,0.0,1.0,1.0,1.0,0.0,0
UT,Salt Lake City,7,140,2018-05-01,0,8.0,29,1.0,1.0,0.0,1.0,1.0,1.0,0.0,0
UT,Salt Lake City,7,140,2018-05-07,0,6.0,35,1.0,1.0,0.0,1.0,1.0,1.0,0.0,1
UT,Salt Lake City,7,140,2018-05-15,0,8.0,43,1.0,1.0,1.0,1.0,1.0,1.0,1.0,0
UT,Salt Lake City,7,140,2018-05-26,0,11.0,54,1.0,1.0,0.0,1.0,1.0,1.0,0.0,0
UT,Salt Lake City,7,140,2018-06-04,0,9.0,63,1.0,1.0,0.0,1.0,1.0,1.0,0.0,0
UT,Salt Lake City,7,140,2018-06-11,0,7.0,70,1.0,1.0,0.0,1.0,1.0,1.0,0.0,0
UT,Salt Lake City,7,140,2018-06-26,0,15.0,85,1.0,1.0,0.0,1.0,1.0,1.0,0.0,0
UT,Salt Lake City,7,140,2018-07-02,0,6.0,91,1.0,1.0,0.0,1.0,1.0,1.0,0.0,0
UT,Salt Lake City,7,140,2018-07-10,0,8.0,99,0.0,1.0,0.0,1.0,1.0,1.0,0.0,1
UT,Salt Lake City,7,140,2018-07-16,0,6.0,105,1.0,1.0,1.0,1.0,1.0,1.0,1.0,1
UT,Salt Lake City,7,140,2018-07-23,0,7.0,112,1.0,1.0,1.0,1.0,1.0,1.0,1.0,1
UT,Salt Lake City,7,140,2018-07-30,0,7.0,119,1.0,1.0,1.0,1.0,1.0,1.0,1.0,1
UT,Salt Lake City,7,140,2018-08-27,0,28.0,147,1.0,1.0,1.0,1.0,1.0,1.0,1.0,1
UT,Salt Lake City,7,140,2018-09-03,0,7.0,154,1.0,1.0,1.0,1.0,1.0,1.0,1.0,1
UT,Salt Lake City,7,140,2018-09-10,0,7.0,161,1.0,1.0,1.0,1.0,1.0,1.0,1.0,1
UT,Salt Lake City,7,140,2018-09-18,0,8.0,169,1.0,1.0,1.0,1.0,1.0,1.0,1.0,1
UT,Salt Lake City,7,140,2018-09-24,0,6.0,175,1.0,1.0,1.0,1.0,1.0,1.0,1.0,1
UT,Salt Lake City,7,140,2018-10-01,0,7.0,182,1.0,1.0,1.0,1.0,1.0,1.0,1.0,1
UT,Salt Lake City,7,140,2018-10-08,0,7.0,189,1.0,1.0,1.0,1.0,1.0,1.0,1.0,1
UT,Salt Lake City,7,141,2016-10-26,1,,0,,,,,,,,1
UT,Salt Lake City,7,141,2016-10-31,0,5.0,5,1.0,1.0,1.0,1.0,1.0,1.0,1.0,1
UT,Salt Lake City,7,141,2016-11-10,0,10.0,15,1.0,1.0,1.0,1.0,1.0,1.0,1.0,1
UT,Salt Lake City,7,141,2016-11-16,0,6.0,21,1.0,1.0,1.0,1.0,1.0,1.0,1.0,0
UT,Salt Lake City,7,141,2017-08-14,0,271.0,292,1.0,1.0,1.0,0.0,1.0,1.0,0.0,1
UT,Salt Lake City,7,142,2017-08-14,1,,0,,,,,,,,1
UT,Salt Lake City,7,143,2016-10-10,1,,0,,,,,,,,0
UT,Salt Lake City,7,143,2017-08-14,0,308.0,308,1.0,1.0,0.0,1.0,0.0,1.0,0.0,0
UT,Salt Lake City,7,144,2017-08-14,1,,0,,,,,,,,1
UT,Salt Lake City,7,145,2017-08-14,1,,0,,,,,,,,1
UT,Salt Lake City,7,146,2017-08-14,1,,0,,,,,,,,1
UT,Salt Lake City,7,147,2017-08-14,1,,0,,,,,,,,1
UT,Salt Lake City,7,148,2017-08-14,1,,0,,,,,,,,0
UT,Salt Lake City,7,149,2017-05-08,1,,0,,,,,,,,0
UT,Salt Lake City,7,149,2017-05-15,0,7.0,7,1.0,1.0,0.0,1.0,0.0,1.0,0.0,0
UT,Salt Lake City,7,149,2017-05-22,0,7.0,14,0.0,1.0,0.0,1.0,1.0,1.0,0.0,0
UT,Salt Lake City,7,149,2017-05-29,0,7.0,21,0.0,1.0,1.0,1.0,0.0,1.0,0.0,1
UT,Salt Lake City,7,149,2017-06-05,0,7.0,28,1.0,1.0,1.0,1.0,1.0,1.0,1.0,1
UT,Salt Lake City,7,149,2017-06-19,0,14.0,42,1.0,1.0,1.0,1.0,1.0,1.0,1.0,1
UT,Salt Lake City,7,149,2017-06-26,0,7.0,49,1.0,1.0,1.0,1.0,1.0,1.0,1.0,1
UT,Salt Lake City,7,149,2017-07-03,0,7.0,56,1.0,1.0,1.0,1.0,1.0,1.0,1.0,1
UT,Salt Lake City,7,149,2017-07-10,0,7.0,63,1.0,1.0,1.0,1.0,1.0,1.0,1.0,1
UT,Salt Lake City,7,149,2017-07-17,0,7.0,70,1.0,1.0,1.0,1.0,1.0,1.0,1.0,1
UT,Salt Lake City,7,149,2017-07-24,0,7.0,77,1.0,1.0,1.0,1.0,1.0,1.0,1.0,1
UT,Salt Lake City,7,149,2017-08-07,0,14.0,91,1.0,1.0,1.0,1.0,1.0,1.0,1.0,1
UT,Salt Lake City,7,149,2017-09-04,0,28.0,119,1.0,1.0,1.0,1.0,1.0,1.0,1.0,1
UT,Salt Lake City,7,149,2017-09-11,0,7.0,126,1.0,1.0,1.0,1.0,1.0,1.0,1.0,1
UT,Salt Lake City,7,149,2017-09-18,0,7.0,133,1.0,1.0,1.0,1.0,1.0,1.0,1.0,1
UT,Salt Lake City,7,149,2017-09-25,0,7.0,140,1.0,1.0,1.0,1.0,1.0,1.0,1.0,1
UT,Salt Lake City,7,149,2017-10-03,0,8.0,148,1.0,1.0,1.0,1.0,1.0,1.0,1.0,1
UT,Salt Lake City,7,149,2017-10-09,0,6.0,154,1.0,1.0,1.0,1.0,1.0,1.0,1.0,1
UT,Salt Lake City,7,149,2017-10-16,0,7.0,161,1.0,1.0,1.0,1.0,1.0,1.0,1.0,1
UT,Salt Lake City,7,149,2017-10-23,0,7.0,168,1.0,1.0,1.0,1.0,1.0,1.0,1.0,1
UT,Salt Lake City,7,149,2017-11-09,0,17.0,185,1.0,1.0,1.0,1.0,1.0,1.0,1.0,1
UT,Salt Lake City,7,149,2017-11-13,0,4.0,189,1.0,1.0,1.0,1.0,1.0,1.0,1.0,1
UT,Salt Lake City,7,150,2016-09-04,1,,0,,,,,,,,0
UT,Salt Lake City,7,150,2016-09-12,0,8.0,8,0.0,1.0,1.0,1.0,1.0,1.0,0.0,1
UT,Salt Lake City,7,150,2016-09-29,0,17.0,25,1.0,1.0,1.0,1.0,1.0,1.0,1.0,1
UT,Salt Lake City,7,150,2016-10-04,0,5.0,30,1.0,1.0,1.0,1.0,1.0,1.0,1.0,0
UT,Salt Lake City,7,150,2016-10-10,0,6.0,36,1.0,1.0,1.0,0.0,1.0,1.0,0.0,0
UT,Salt Lake City,7,150,2016-10-17,0,7.0,43,0.0,1.0,0.0,1.0,0.0,1.0,0.0,0
UT,Salt Lake City,7,150,2017-04-03,0,168.0,211,0.0,0.0,0.0,1.0,1.0,1.0,0.0,0
UT,Salt Lake City,7,150,2017-04-10,0,7.0,218,0.0,1.0,0.0,1.0,0.0,1.0,0.0,0
UT,Salt Lake City,7,150,2017-04-17,0,7.0,225,0.0,1.0,0.0,1.0,1.0,1.0,0.0,0
UT,Salt Lake City,7,150,2017-05-01,0,14.0,239,0.0,1.0,1.0,1.0,1.0,1.0,0.0,1
UT,Salt Lake City,7,150,2017-05-09,0,8.0,247,1.0,1.0,1.0,1.0,1.0,1.0,1.0,1
UT,Salt Lake City,7,150,2017-05-15,0,6.0,253,1.0,1.0,1.0,1.0,1.0,1.0,1.0,1
UT,Salt Lake City,7,150,2017-05-22,0,7.0,260,1.0,1.0,1.0,1.0,1.0,1.0,1.0,0
UT,Salt Lake City,7,150,2017-05-30,0,8.0,268,0.0,1.0,0.0,1.0,0.0,1.0,0.0,0
UT,Salt Lake City,7,150,2017-06-05,0,6.0,274,0.0,1.0,0.0,1.0,0.0,1.0,0.0,0
UT,Salt Lake City,7,150,2017-06-19,0,14.0,288,0.0,1.0,0.0,1.0,0.0,1.0,0.0,1
UT,Salt Lake City,7,150,2017-06-26,0,7.0,295,1.0,1.0,1.0,1.0,1.0,1.0,1.0,0
UT,Salt Lake City,7,150,2017-07-03,0,7.0,302,0.0,1.0,0.0,1.0,1.0,1.0,0.0,1
UT,Salt Lake City,7,150,2017-07-10,0,7.0,309,1.0,1.0,1.0,1.0,1.0,1.0,1.0,1
UT,Salt Lake City,7,150,2017-07-17,0,7.0,316,1.0,1.0,1.0,1.0,1.0,1.0,1.0,1
UT,Salt Lake City,7,150,2017-07-24,0,7.0,323,1.0,1.0,1.0,1.0,1.0,1.0,1.0,1
UT,Salt Lake City,7,150,2017-08-07,0,14.0,337,1.0,1.0,1.0,1.0,1.0,1.0,1.0,1
UT,Salt Lake City,7,150,2017-08-14,0,7.0,344,1.0,1.0,1.0,1.0,1.0,1.0,1.0,1
UT,Salt Lake City,7,150,2017-09-04,0,21.0,365,1.0,1.0,1.0,1.0,1.0,1.0,1.0,1
UT,Salt Lake City,7,150,2017-09-11,0,7.0,372,1.0,1.0,1.0,1.0,1.0,1.0,1.0,1
UT,Salt Lake City,7,150,2017-09-18,0,7.0,379,1.0,1.0,1.0,1.0,1.0,1.0,1.0,1
UT,Salt Lake City,7,150,2017-09-25,0,7.0,386,1.0,1.0,1.0,1.0,1.0,1.0,1.0,1
UT,Salt Lake City,7,150,2017-10-04,0,9.0,395,1.0,1.0,1.0,1.0,1.0,1.0,1.0,1
UT,Salt Lake City,7,150,2017-10-09,0,5.0,400,1.0,1.0,1.0,1.0,1.0,1.0,1.0,1
UT,Salt Lake City,7,150,2017-10-16,0,7.0,407,1.0,1.0,1.0,1.0,1.0,1.0,1.0,1
UT,Salt Lake City,7,150,2017-10-23,0,7.0,414,1.0,1.0,1.0,1.0,1.0,1.0,1.0,1
UT,Salt Lake City,7,150,2017-11-09,0,17.0,431,1.0,1.0,1.0,1.0,1.0,1.0,1.0,1
UT,Salt Lake City,7,150,2017-11-13,0,4.0,435,1.0,1.0,1.0,1.0,1.0,1.0,1.0,1
UT,Salt Lake City,7,150,2019-08-29,0,654.0,1089,1.0,1.0,1.0,1.0,1.0,1.0,1.0,0
UT,Salt Lake City,7,151,2017-03-27,1,,0,,,,,,,,0
UT,Salt Lake City,7,151,2017-04-03,0,7.0,7,1.0,1.0,0.0,1.0,1.0,1.0,0.0,1
UT,Salt Lake City,7,151,2017-04-10,0,7.0,14,1.0,1.0,1.0,1.0,1.0,1.0,1.0,1
UT,Salt Lake City,7,151,2017-04-17,0,7.0,21,1.0,1.0,1.0,1.0,1.0,1.0,1.0,1
UT,Salt Lake City,7,151,2017-05-01,0,14.0,35,1.0,1.0,1.0,1.0,1.0,1.0,1.0,0
UT,Salt Lake City,7,151,2017-05-08,0,7.0,42,1.0,1.0,1.0,1.0,0.0,1.0,0.0,1
UT,Salt Lake City,7,151,2017-05-15,0,7.0,49,1.0,1.0,1.0,1.0,1.0,1.0,1.0,1
UT,Salt Lake City,7,151,2017-05-22,0,7.0,56,1.0,1.0,1.0,1.0,1.0,1.0,1.0,1
UT,Salt Lake City,7,151,2017-05-30,0,8.0,64,1.0,1.0,1.0,1.0,1.0,1.0,1.0,1
UT,Salt Lake City,7,151,2017-06-05,0,6.0,70,1.0,1.0,1.0,1.0,1.0,1.0,1.0,1
UT,Salt Lake City,7,151,2017-06-19,0,14.0,84,1.0,1.0,1.0,1.0,1.0,1.0,1.0,1
UT,Salt Lake City,7,151,2017-06-26,0,7.0,91,1.0,1.0,1.0,1.0,1.0,1.0,1.0,1
UT,Salt Lake City,7,151,2017-07-03,0,7.0,98,1.0,1.0,1.0,1.0,1.0,1.0,1.0,1
UT,Salt Lake City,7,151,2017-07-10,0,7.0,105,1.0,1.0,1.0,1.0,1.0,1.0,1.0,1
UT,Salt Lake City,7,151,2017-07-17,0,7.0,112,1.0,1.0,1.0,1.0,1.0,1.0,1.0,1
UT,Salt Lake City,7,151,2017-07-24,0,7.0,119,1.0,1.0,1.0,1.0,1.0,1.0,1.0,1
UT,Salt Lake City,7,151,2017-08-07,0,14.0,133,1.0,1.0,1.0,1.0,1.0,1.0,1.0,1
UT,Salt Lake City,7,151,2017-08-14,0,7.0,140,1.0,1.0,1.0,1.0,1.0,1.0,1.0,0
UT,Salt Lake City,7,151,2017-09-04,0,21.0,161,0.0,1.0,0.0,1.0,0.0,1.0,0.0,1
UT,Salt Lake City,7,151,2017-09-11,0,7.0,168,1.0,1.0,1.0,1.0,1.0,1.0,1.0,1
UT,Salt Lake City,7,151,2017-09-18,0,7.0,175,1.0,1.0,1.0,1.0,1.0,1.0,1.0,1
UT,Salt Lake City,7,151,2017-09-25,0,7.0,182,1.0,1.0,1.0,1.0,1.0,1.0,1.0,1
UT,Salt Lake City,7,151,2017-10-03,0,8.0,190,1.0,1.0,1.0,1.0,1.0,1.0,1.0,1
UT,Salt Lake City,7,151,2017-10-09,0,6.0,196,1.0,1.0,1.0,1.0,1.0,1.0,1.0,1
UT,Salt Lake City,7,151,2017-10-16,0,7.0,203,1.0,1.0,1.0,1.0,1.0,1.0,1.0,1
UT,Salt Lake City,7,151,2017-10-23,0,7.0,210,1.0,1.0,1.0,1.0,1.0,1.0,1.0,1
UT,Salt Lake City,7,151,2017-11-09,0,17.0,227,1.0,1.0,1.0,1.0,1.0,1.0,1.0,1
UT,Salt Lake City,7,151,2017-11-13,0,4.0,231,1.0,1.0,1.0,1.0,1.0,1.0,1.0,1
UT,Salt Lake City,7,152,2017-03-28,1,,0,,,,,,,,1
UT,Salt Lake City,7,152,2017-04-03,0,6.0,6,1.0,1.0,1.0,1.0,1.0,1.0,1.0,1
UT,Salt Lake City,7,152,2017-04-10,0,7.0,13,1.0,1.0,1.0,1.0,1.0,1.0,1.0,1
UT,Salt Lake City,7,152,2017-04-17,0,7.0,20,1.0,1.0,1.0,1.0,1.0,1.0,1.0,1
UT,Salt Lake City,7,152,2017-05-01,0,14.0,34,1.0,1.0,1.0,1.0,1.0,1.0,1.0,1
UT,Salt Lake City,7,152,2017-05-09,0,8.0,42,1.0,1.0,1.0,1.0,1.0,1.0,1.0,1
UT,Salt Lake City,7,152,2017-05-15,0,6.0,48,1.0,1.0,1.0,1.0,1.0,1.0,1.0,1
UT,Salt Lake City,7,152,2017-05-22,0,7.0,55,1.0,1.0,1.0,1.0,1.0,1.0,1.0,1
UT,Salt Lake City,7,152,2017-05-30,0,8.0,63,1.0,1.0,1.0,1.0,1.0,1.0,1.0,1
UT,Salt Lake City,7,152,2017-06-05,0,6.0,69,1.0,1.0,1.0,1.0,1.0,1.0,1.0,1
UT,Salt Lake City,7,152,2017-06-19,0,14.0,83,1.0,1.0,1.0,1.0,1.0,1.0,1.0,1
UT,Salt Lake City,7,152,2017-06-26,0,7.0,90,1.0,1.0,1.0,1.0,1.0,1.0,1.0,1
UT,Salt Lake City,7,152,2017-07-03,0,7.0,97,1.0,1.0,1.0,1.0,1.0,1.0,1.0,1
UT,Salt Lake City,7,152,2017-07-10,0,7.0,104,1.0,1.0,1.0,1.0,1.0,1.0,1.0,1
UT,Salt Lake City,7,152,2017-07-17,0,7.0,111,1.0,1.0,1.0,1.0,1.0,1.0,1.0,1
UT,Salt Lake City,7,152,2017-07-24,0,7.0,118,1.0,1.0,1.0,1.0,1.0,1.0,1.0,1
UT,Salt Lake City,7,152,2017-08-07,0,14.0,132,1.0,1.0,1.0,1.0,1.0,1.0,1.0,1
UT,Salt Lake City,7,152,2017-09-04,0,28.0,160,1.0,1.0,1.0,1.0,1.0,1.0,1.0,1
UT,Salt Lake City,7,152,2017-09-11,0,7.0,167,1.0,1.0,1.0,1.0,1.0,1.0,1.0,1
UT,Salt Lake City,7,152,2017-09-18,0,7.0,174,1.0,1.0,1.0,1.0,1.0,1.0,1.0,1
UT,Salt Lake City,7,152,2017-09-25,0,7.0,181,1.0,1.0,1.0,1.0,1.0,1.0,1.0,1
UT,Salt Lake City,7,152,2017-10-04,0,9.0,190,1.0,1.0,1.0,1.0,1.0,1.0,1.0,1
UT,Salt Lake City,7,152,2017-10-09,0,5.0,195,1.0,1.0,1.0,1.0,1.0,1.0,1.0,1
UT,Salt Lake City,7,152,2017-10-16,0,7.0,202,1.0,1.0,1.0,1.0,1.0,1.0,1.0,1
UT,Salt Lake City,7,152,2017-10-23,0,7.0,209,1.0,1.0,1.0,1.0,1.0,1.0,1.0,1
UT,Salt Lake City,7,152,2017-11-09,0,17.0,226,1.0,1.0,1.0,1.0,1.0,1.0,1.0,1
UT,Salt Lake City,7,152,2017-11-13,0,4.0,230,1.0,1.0,1.0,1.0,1.0,1.0,1.0,1
UT,Salt Lake City,7,153,2017-07-03,1,,0,,,,,,,,0
UT,Salt Lake City,7,154,2017-03-13,1,,0,,,,,,,,0
UT,Salt Lake City,7,154,2017-03-27,0,14.0,14,1.0,1.0,0.0,1.0,1.0,1.0,0.0,0
UT,Salt Lake City,7,154,2017-04-03,0,7.0,21,1.0,1.0,0.0,1.0,1.0,1.0,0.0,0
UT,Salt Lake City,7,154,2017-04-10,0,7.0,28,1.0,1.0,0.0,1.0,1.0,1.0,0.0,0
UT,Salt Lake City,7,154,2017-04-17,0,7.0,35,1.0,1.0,0.0,1.0,1.0,1.0,0.0,0
UT,Salt Lake City,7,154,2017-05-01,0,14.0,49,1.0,1.0,0.0,1.0,1.0,1.0,0.0,0
UT,Salt Lake City,7,154,2017-05-08,0,7.0,56,1.0,1.0,0.0,1.0,1.0,1.0,0.0,0
UT,Salt Lake City,7,154,2017-05-15,0,7.0,63,1.0,1.0,0.0,1.0,0.0,0.0,0.0,0
UT,Salt Lake City,7,154,2017-05-22,0,7.0,70,1.0,1.0,0.0,1.0,1.0,1.0,0.0,0
UT,Salt Lake City,7,154,2017-05-30,0,8.0,78,1.0,1.0,0.0,1.0,1.0,1.0,0.0,0
UT,Salt Lake City,7,154,2017-06-05,0,6.0,84,1.0,1.0,0.0,1.0,1.0,1.0,0.0,0
UT,Salt Lake City,7,154,2017-06-19,0,14.0,98,1.0,1.0,0.0,1.0,1.0,1.0,0.0,0
UT,Salt Lake City,7,154,2017-06-26,0,7.0,105,1.0,1.0,0.0,1.0,1.0,1.0,0.0,0
UT,Salt Lake City,7,154,2017-07-10,0,14.0,119,1.0,1.0,0.0,1.0,1.0,1.0,0.0,0
UT,Salt Lake City,7,154,2017-07-17,0,7.0,126,1.0,1.0,0.0,1.0,1.0,1.0,0.0,0
UT,Salt Lake City,7,154,2017-07-24,0,7.0,133,1.0,1.0,0.0,1.0,1.0,1.0,0.0,0
UT,Salt Lake City,7,154,2017-08-07,0,14.0,147,1.0,1.0,0.0,1.0,1.0,1.0,0.0,0
UT,Salt Lake City,7,154,2017-09-04,0,28.0,175,1.0,1.0,0.0,1.0,1.0,1.0,0.0,0
UT,Salt Lake City,7,154,2017-09-11,0,7.0,182,1.0,1.0,0.0,1.0,1.0,1.0,0.0,0
UT,Salt Lake City,7,154,2017-09-18,0,7.0,189,1.0,1.0,0.0,1.0,1.0,1.0,0.0,0
UT,Salt Lake City,7,154,2017-09-25,0,7.0,196,1.0,1.0,0.0,1.0,1.0,1.0,0.0,0
UT,Salt Lake City,7,154,2017-10-04,0,9.0,205,1.0,1.0,0.0,1.0,1.0,1.0,0.0,0
UT,Salt Lake City,7,154,2017-10-09,0,5.0,210,1.0,1.0,0.0,1.0,1.0,1.0,0.0,0
UT,Salt Lake City,7,154,2017-10-16,0,7.0,217,1.0,1.0,0.0,1.0,1.0,1.0,0.0,0
UT,Salt Lake City,7,154,2017-10-23,0,7.0,224,1.0,1.0,0.0,1.0,1.0,1.0,0.0,0
UT,Salt Lake City,7,154,2017-11-09,0,17.0,241,1.0,1.0,0.0,1.0,1.0,1.0,0.0,0
UT,Salt Lake City,7,154,2017-11-13,0,4.0,245,1.0,1.0,0.0,1.0,1.0,1.0,0.0,0
UT,Salt Lake City,7,155,2017-03-13,1,,0,,,,,,,,1
UT,Salt Lake City,7,155,2017-03-20,0,7.0,7,1.0,1.0,1.0,1.0,1.0,1.0,1.0,1
UT,Salt Lake City,7,155,2017-03-27,0,7.0,14,1.0,1.0,1.0,1.0,1.0,1.0,1.0,1
UT,Salt Lake City,7,155,2017-04-03,0,7.0,21,1.0,1.0,1.0,1.0,1.0,1.0,1.0,1
UT,Salt Lake City,7,155,2017-04-10,0,7.0,28,1.0,1.0,1.0,1.0,1.0,1.0,1.0,1
UT,Salt Lake City,7,155,2017-04-17,0,7.0,35,1.0,1.0,1.0,1.0,1.0,1.0,1.0,1
UT,Salt Lake City,7,155,2017-05-01,0,14.0,49,1.0,1.0,1.0,1.0,1.0,1.0,1.0,1
UT,Salt Lake City,7,155,2017-05-08,0,7.0,56,1.0,1.0,1.0,1.0,1.0,1.0,1.0,1
UT,Salt Lake City,7,155,2017-05-15,0,7.0,63,1.0,1.0,1.0,1.0,1.0,1.0,1.0,1
UT,Salt Lake City,7,155,2017-05-22,0,7.0,70,1.0,1.0,1.0,1.0,1.0,1.0,1.0,1
UT,Salt Lake City,7,155,2017-05-30,0,8.0,78,1.0,1.0,1.0,1.0,1.0,1.0,1.0,1
UT,Salt Lake City,7,155,2017-06-05,0,6.0,84,1.0,1.0,1.0,1.0,1.0,1.0,1.0,1
UT,Salt Lake City,7,155,2017-06-19,0,14.0,98,1.0,1.0,1.0,1.0,1.0,1.0,1.0,1
UT,Salt Lake City,7,155,2017-06-26,0,7.0,105,1.0,1.0,1.0,1.0,1.0,1.0,1.0,1
UT,Salt Lake City,7,155,2017-07-03,0,7.0,112,1.0,1.0,1.0,1.0,1.0,1.0,1.0,1
UT,Salt Lake City,7,155,2017-07-10,0,7.0,119,1.0,1.0,1.0,1.0,1.0,1.0,1.0,1
UT,Salt Lake City,7,155,2017-07-17,0,7.0,126,1.0,1.0,1.0,1.0,1.0,1.0,1.0,1
UT,Salt Lake City,7,155,2017-07-24,0,7.0,133,1.0,1.0,1.0,1.0,1.0,1.0,1.0,1
UT,Salt Lake City,7,155,2017-08-07,0,14.0,147,1.0,1.0,1.0,1.0,1.0,1.0,1.0,1
UT,Salt Lake City,7,155,2017-09-04,0,28.0,175,1.0,1.0,1.0,1.0,1.0,1.0,1.0,0
UT,Salt Lake City,7,155,2017-09-11,0,7.0,182,1.0,1.0,1.0,1.0,0.0,1.0,0.0,1
UT,Salt Lake City,7,155,2017-09-18,0,7.0,189,1.0,1.0,1.0,1.0,1.0,1.0,1.0,1
UT,Salt Lake City,7,155,2017-09-25,0,7.0,196,1.0,1.0,1.0,1.0,1.0,1.0,1.0,1
UT,Salt Lake City,7,155,2017-10-03,0,8.0,204,1.0,1.0,1.0,1.0,1.0,1.0,1.0,1
UT,Salt Lake City,7,155,2017-10-09,0,6.0,210,1.0,1.0,1.0,1.0,1.0,1.0,1.0,1
UT,Salt Lake City,7,155,2017-10-16,0,7.0,217,1.0,1.0,1.0,1.0,1.0,1.0,1.0,1
UT,Salt Lake City,7,155,2017-10-23,0,7.0,224,1.0,1.0,1.0,1.0,1.0,1.0,1.0,1
UT,Salt Lake City,7,155,2017-11-09,0,17.0,241,1.0,1.0,1.0,1.0,1.0,1.0,1.0,1
UT,Salt Lake City,7,155,2017-11-13,0,4.0,245,1.0,1.0,1.0,1.0,1.0,1.0,1.0,1
UT,Salt Lake City,7,156,2017-03-28,1,,0,,,,,,,,1
UT,Salt Lake City,7,156,2017-04-03,0,6.0,6,1.0,1.0,1.0,1.0,1.0,1.0,1.0,1
UT,Salt Lake City,7,156,2017-04-10,0,7.0,13,1.0,1.0,1.0,1.0,1.0,1.0,1.0,1
UT,Salt Lake City,7,156,2017-04-17,0,7.0,20,1.0,1.0,1.0,1.0,1.0,1.0,1.0,1
UT,Salt Lake City,7,156,2017-05-01,0,14.0,34,1.0,1.0,1.0,1.0,1.0,1.0,1.0,1
UT,Salt Lake City,7,156,2017-05-09,0,8.0,42,1.0,1.0,1.0,1.0,1.0,1.0,1.0,1
UT,Salt Lake City,7,156,2017-05-15,0,6.0,48,1.0,1.0,1.0,1.0,1.0,1.0,1.0,1
UT,Salt Lake City,7,156,2017-05-22,0,7.0,55,1.0,1.0,1.0,1.0,1.0,1.0,1.0,1
UT,Salt Lake City,7,156,2017-05-30,0,8.0,63,1.0,1.0,1.0,1.0,1.0,1.0,1.0,1
UT,Salt Lake City,7,156,2017-06-05,0,6.0,69,1.0,1.0,1.0,1.0,1.0,1.0,1.0,1
UT,Salt Lake City,7,156,2017-06-19,0,14.0,83,1.0,1.0,1.0,1.0,1.0,1.0,1.0,0
UT,Salt Lake City,7,156,2017-06-26,0,7.0,90,1.0,1.0,1.0,1.0,1.0,0.0,0.0,1
UT,Salt Lake City,7,156,2017-07-03,0,7.0,97,1.0,1.0,1.0,1.0,1.0,1.0,1.0,1
UT,Salt Lake City,7,156,2017-07-10,0,7.0,104,1.0,1.0,1.0,1.0,1.0,1.0,1.0,1
UT,Salt Lake City,7,156,2017-07-17,0,7.0,111,1.0,1.0,1.0,1.0,1.0,1.0,1.0,1
UT,Salt Lake City,7,156,2017-07-24,0,7.0,118,1.0,1.0,1.0,1.0,1.0,1.0,1.0,1
UT,Salt Lake City,7,156,2017-08-07,0,14.0,132,1.0,1.0,1.0,1.0,1.0,1.0,1.0,1
UT,Salt Lake City,7,156,2017-09-04,0,28.0,160,1.0,1.0,1.0,1.0,1.0,1.0,1.0,1
UT,Salt Lake City,7,156,2017-09-11,0,7.0,167,1.0,1.0,1.0,1.0,1.0,1.0,1.0,1
UT,Salt Lake City,7,156,2017-09-18,0,7.0,174,1.0,1.0,1.0,1.0,1.0,1.0,1.0,1
UT,Salt Lake City,7,156,2017-09-25,0,7.0,181,1.0,1.0,1.0,1.0,1.0,1.0,1.0,1
UT,Salt Lake City,7,156,2017-10-04,0,9.0,190,1.0,1.0,1.0,1.0,1.0,1.0,1.0,1
UT,Salt Lake City,7,156,2017-10-09,0,5.0,195,1.0,1.0,1.0,1.0,1.0,1.0,1.0,1
UT,Salt Lake City,7,156,2017-10-16,0,7.0,202,1.0,1.0,1.0,1.0,1.0,1.0,1.0,1
UT,Salt Lake City,7,156,2017-10-23,0,7.0,209,1.0,1.0,1.0,1.0,1.0,1.0,1.0,1
UT,Salt Lake City,7,156,2017-11-09,0,17.0,226,1.0,1.0,1.0,1.0,1.0,1.0,1.0,1
UT,Salt Lake City,7,156,2017-11-13,0,4.0,230,1.0,1.0,1.0,1.0,1.0,1.0,1.0,1
UT,Salt Lake City,7,157,2017-03-27,1,,0,,,,,,,,0
UT,Salt Lake City,7,157,2017-04-03,0,7.0,7,1.0,0.5,0.0,1.0,1.0,1.0,0.0,1
UT,Salt Lake City,7,157,2017-04-10,0,7.0,14,1.0,1.0,1.0,1.0,1.0,1.0,1.0,0
UT,Salt Lake City,7,157,2017-05-01,0,21.0,35,0.0,1.0,0.0,1.0,1.0,1.0,0.0,1
UT,Salt Lake City,7,157,2017-05-09,0,8.0,43,1.0,1.0,1.0,1.0,1.0,1.0,1.0,1
UT,Salt Lake City,7,157,2017-05-15,0,6.0,49,1.0,1.0,1.0,1.0,1.0,1.0,1.0,0
UT,Salt Lake City,7,157,2017-05-22,0,7.0,56,0.0,1.0,0.0,1.0,1.0,1.0,0.0,0
UT,Salt Lake City,7,157,2017-05-30,0,8.0,64,0.0,1.0,0.0,1.0,0.0,1.0,0.0,1
UT,Salt Lake City,7,157,2017-06-05,0,6.0,70,1.0,1.0,1.0,1.0,1.0,1.0,1.0,0
UT,Salt Lake City,7,157,2017-06-19,0,14.0,84,0.0,1.0,0.0,1.0,1.0,1.0,0.0,0
UT,Salt Lake City,7,157,2017-06-26,0,7.0,91,0.0,1.0,0.0,1.0,1.0,1.0,0.0,1
UT,Salt Lake City,7,157,2017-07-03,0,7.0,98,1.0,1.0,1.0,1.0,1.0,1.0,1.0,1
UT,Salt Lake City,7,157,2017-07-10,0,7.0,105,1.0,1.0,1.0,1.0,1.0,1.0,1.0,1
UT,Salt Lake City,7,157,2017-07-17,0,7.0,112,1.0,1.0,1.0,1.0,1.0,1.0,1.0,1
UT,Salt Lake City,7,157,2017-07-24,0,7.0,119,1.0,1.0,1.0,1.0,1.0,1.0,1.0,1
UT,Salt Lake City,7,157,2017-08-07,0,14.0,133,1.0,1.0,1.0,1.0,1.0,1.0,1.0,1
UT,Salt Lake City,7,157,2017-09-04,0,28.0,161,1.0,1.0,1.0,1.0,1.0,1.0,1.0,1
UT,Salt Lake City,7,157,2017-09-11,0,7.0,168,1.0,1.0,1.0,1.0,1.0,1.0,1.0,1
UT,Salt Lake City,7,157,2017-09-18,0,7.0,175,1.0,1.0,1.0,1.0,1.0,1.0,1.0,1
UT,Salt Lake City,7,157,2017-09-25,0,7.0,182,1.0,1.0,1.0,1.0,1.0,1.0,1.0,1
UT,Salt Lake City,7,157,2017-10-04,0,9.0,191,1.0,1.0,1.0,1.0,1.0,1.0,1.0,1
UT,Salt Lake City,7,157,2017-10-09,0,5.0,196,1.0,1.0,1.0,1.0,1.0,1.0,1.0,1
UT,Salt Lake City,7,157,2017-10-16,0,7.0,203,1.0,1.0,1.0,1.0,1.0,1.0,1.0,1
UT,Salt Lake City,7,157,2017-10-23,0,7.0,210,1.0,1.0,1.0,1.0,1.0,1.0,1.0,1
UT,Salt Lake City,7,157,2017-11-09,0,17.0,227,1.0,1.0,1.0,1.0,1.0,1.0,1.0,1
UT,Salt Lake City,7,157,2017-11-13,0,4.0,231,1.0,1.0,1.0,1.0,1.0,1.0,1.0,1
UT,Salt Lake City,7,158,2017-05-15,1,,0,,,,,,,,0
UT,Salt Lake City,7,158,2017-05-22,0,7.0,7,0.0,1.0,0.0,1.0,0.0,1.0,0.0,0
UT,Salt Lake City,7,158,2017-05-30,0,8.0,15,0.0,1.0,1.0,1.0,0.0,1.0,0.0,1
UT,Salt Lake City,7,158,2017-06-05,0,6.0,21,1.0,1.0,1.0,1.0,1.0,1.0,1.0,1
UT,Salt Lake City,7,158,2017-06-19,0,14.0,35,1.0,1.0,1.0,1.0,1.0,1.0,1.0,1
UT,Salt Lake City,7,158,2017-06-26,0,7.0,42,1.0,1.0,1.0,1.0,1.0,1.0,1.0,1
UT,Salt Lake City,7,158,2017-07-03,0,7.0,49,1.0,1.0,1.0,1.0,1.0,1.0,1.0,1
UT,Salt Lake City,7,158,2017-07-10,0,7.0,56,1.0,1.0,1.0,1.0,1.0,1.0,1.0,1
UT,Salt Lake City,7,158,2017-07-17,0,7.0,63,1.0,1.0,1.0,1.0,1.0,1.0,1.0,1
UT,Salt Lake City,7,158,2017-07-24,0,7.0,70,1.0,1.0,1.0,1.0,1.0,1.0,1.0,1
UT,Salt Lake City,7,158,2017-08-07,0,14.0,84,1.0,1.0,1.0,1.0,1.0,1.0,1.0,1
UT,Salt Lake City,7,158,2017-09-04,0,28.0,112,1.0,1.0,1.0,1.0,1.0,1.0,1.0,1
UT,Salt Lake City,7,158,2017-09-11,0,7.0,119,1.0,1.0,1.0,1.0,1.0,1.0,1.0,1
UT,Salt Lake City,7,158,2017-09-18,0,7.0,126,1.0,1.0,1.0,1.0,1.0,1.0,1.0,1
UT,Salt Lake City,7,158,2017-09-25,0,7.0,133,1.0,1.0,1.0,1.0,1.0,1.0,1.0,1
UT,Salt Lake City,7,158,2017-10-04,0,9.0,142,1.0,1.0,1.0,1.0,1.0,1.0,1.0,1
UT,Salt Lake City,7,158,2017-10-09,0,5.0,147,1.0,1.0,1.0,1.0,1.0,1.0,1.0,1
UT,Salt Lake City,7,158,2017-10-16,0,7.0,154,1.0,1.0,1.0,1.0,1.0,1.0,1.0,1
UT,Salt Lake City,7,158,2017-10-23,0,7.0,161,1.0,1.0,1.0,1.0,1.0,1.0,1.0,1
UT,Salt Lake City,7,158,2017-11-09,0,17.0,178,1.0,1.0,1.0,1.0,1.0,1.0,1.0,1
UT,Salt Lake City,7,158,2017-11-13,0,4.0,182,1.0,1.0,1.0,1.0,1.0,1.0,1.0,1
UT,Salt Lake City,7,159,2017-04-03,1,,0,,,,,,,,0
UT,Salt Lake City,7,159,2017-04-10,0,7.0,7,0.0,1.0,0.0,1.0,0.0,1.0,0.0,0
UT,Salt Lake City,7,159,2017-04-17,0,7.0,14,0.0,1.0,0.0,1.0,1.0,1.0,0.0,0
UT,Salt Lake City,7,159,2017-05-01,0,14.0,28,0.0,1.0,1.0,1.0,1.0,1.0,0.0,1
UT,Salt Lake City,7,159,2017-05-09,0,8.0,36,1.0,1.0,1.0,1.0,1.0,1.0,1.0,1
UT,Salt Lake City,7,159,2017-05-15,0,6.0,42,1.0,1.0,1.0,1.0,1.0,1.0,1.0,1
UT,Salt Lake City,7,159,2017-05-22,0,7.0,49,1.0,1.0,1.0,1.0,1.0,1.0,1.0,1
UT,Salt Lake City,7,159,2017-05-30,0,8.0,57,1.0,1.0,1.0,1.0,1.0,1.0,1.0,1
UT,Salt Lake City,7,159,2017-06-05,0,6.0,63,1.0,1.0,1.0,1.0,1.0,1.0,1.0,1
UT,Salt Lake City,7,159,2017-06-19,0,14.0,77,1.0,1.0,1.0,1.0,1.0,1.0,1.0,1
UT,Salt Lake City,7,159,2017-06-26,0,7.0,84,1.0,1.0,1.0,1.0,1.0,1.0,1.0,0
UT,Salt Lake City,7,159,2017-07-03,0,7.0,91,0.0,1.0,0.0,1.0,0.0,0.0,0.0,0
UT,Salt Lake City,7,159,2017-07-10,0,7.0,98,0.0,1.0,1.0,1.0,1.0,1.0,0.0,1
UT,Salt Lake City,7,159,2017-07-17,0,7.0,105,1.0,1.0,1.0,1.0,1.0,1.0,1.0,1
UT,Salt Lake City,7,159,2017-07-24,0,7.0,112,1.0,1.0,1.0,1.0,1.0,1.0,1.0,0
UT,Salt Lake City,7,159,2017-08-07,0,14.0,126,0.0,1.0,0.0,1.0,1.0,1.0,0.0,0
UT,Salt Lake City,7,159,2017-09-04,0,28.0,154,0.0,1.0,0.0,1.0,0.0,1.0,0.0,0
UT,Salt Lake City,7,159,2017-09-11,0,7.0,161,1.0,1.0,0.0,1.0,0.0,1.0,0.0,1
UT,Salt Lake City,7,159,2017-09-18,0,7.0,168,1.0,1.0,1.0,1.0,1.0,1.0,1.0,1
UT,Salt Lake City,7,159,2017-09-25,0,7.0,175,1.0,1.0,1.0,1.0,1.0,1.0,1.0,1
UT,Salt Lake City,7,159,2017-10-04,0,9.0,184,1.0,1.0,1.0,1.0,1.0,1.0,1.0,1
UT,Salt Lake City,7,159,2017-10-09,0,5.0,189,1.0,1.0,1.0,1.0,1.0,1.0,1.0,1
UT,Salt Lake City,7,159,2017-10-16,0,7.0,196,1.0,1.0,1.0,1.0,1.0,1.0,1.0,1
UT,Salt Lake City,7,159,2017-10-23,0,7.0,203,1.0,1.0,1.0,1.0,1.0,1.0,1.0,1
UT,Salt Lake City,7,159,2017-11-09,0,17.0,220,1.0,1.0,1.0,1.0,1.0,1.0,1.0,1
UT,Salt Lake City,7,159,2017-11-13,0,4.0,224,1.0,1.0,1.0,1.0,1.0,1.0,1.0,1
UT,Salt Lake City,7,160,2019-04-29,1,,0,,,,,,,,1
UT,Salt Lake City,7,160,2019-05-06,0,7.0,7,1.0,1.0,1.0,1.0,1.0,1.0,1.0,1
UT,Salt Lake City,7,160,2019-05-13,0,7.0,14,1.0,1.0,1.0,1.0,1.0,1.0,1.0,1
UT,Salt Lake City,7,161,2019-04-08,1,,0,,,,,,,,1
UT,Salt Lake City,7,161,2019-04-15,0,7.0,7,1.0,1.0,1.0,1.0,1.0,1.0,1.0,1
UT,Salt Lake City,7,161,2019-04-29,0,14.0,21,1.0,1.0,1.0,1.0,1.0,1.0,1.0,1
UT,Salt Lake City,7,161,2019-05-06,0,7.0,28,1.0,1.0,1.0,1.0,1.0,1.0,1.0,1
UT,Salt Lake City,7,161,2019-05-13,0,7.0,35,1.0,1.0,1.0,1.0,1.0,1.0,1.0,1
UT,Salt Lake City,7,162,2019-05-20,1,,0,,,,,,,,0
UT,Salt Lake City,7,162,2019-05-27,0,7.0,7,0.0,1.0,0.0,1.0,0.0,1.0,0.0,0
UT,Salt Lake City,7,163,2019-04-08,1,,0,,,,,,,,1
UT,Salt Lake City,7,163,2019-04-15,0,7.0,7,1.0,1.0,1.0,1.0,1.0,1.0,1.0,1
UT,Salt Lake City,7,163,2019-04-29,0,14.0,21,1.0,1.0,1.0,1.0,1.0,1.0,1.0,0
UT,Salt Lake City,7,163,2019-05-06,0,7.0,28,1.0,1.0,0.0,1.0,0.0,1.0,0.0,0
UT,Salt Lake City,7,163,2019-05-13,0,7.0,35,0.0,0.0,0.0,1.0,0.0,1.0,0.0,0
UT,Salt Lake City,7,163,2019-05-20,0,7.0,42,0.0,0.0,0.0,1.0,0.0,1.0,0.0,0
UT,Salt Lake City,7,164,2019-04-29,1,,0,,,,,,,,0
UT,Salt Lake City,7,164,2019-05-06,0,7.0,7,0.0,1.0,1.0,1.0,0.0,1.0,0.0,1
UT,Salt Lake City,7,164,2019-05-13,0,7.0,14,1.0,1.0,1.0,1.0,1.0,1.0,1.0,1
UT,Salt Lake City,7,165,2019-04-29,1,,0,,,,,,,,0
UT,Salt Lake City,7,165,2019-04-29,0,0.0,0,0.0,1.0,1.0,1.0,1.0,1.0,0.0,0
UT,Salt Lake City,7,165,2019-05-06,0,7.0,7,0.0,1.0,1.0,1.0,0.0,1.0,0.0,0
UT,Salt Lake City,7,165,2019-05-13,0,7.0,14,0.0,1.0,0.0,1.0,0.0,1.0,0.0,0
UT,Salt Lake City,7,165,2019-05-20,0,7.0,21,0.0,1.0,0.0,1.0,0.0,1.0,0.0,0
UT,Salt Lake City,7,165,2019-05-27,0,7.0,28,0.0,1.0,0.0,1.0,0.0,1.0,0.0,0
UT,Salt Lake City,7,166,2019-05-06,1,,0,,,,,,,,0
UT,Salt Lake City,7,166,2019-05-13,0,7.0,7,0.0,1.0,1.0,1.0,1.0,1.0,0.0,1
UT,Salt Lake City,7,166,2019-05-20,0,7.0,14,1.0,1.0,1.0,1.0,1.0,1.0,1.0,1
UT,Salt Lake City,7,167,2019-04-08,1,,0,,,,,,,,0
UT,Salt Lake City,7,167,2019-04-15,0,7.0,7,1.0,1.0,0.0,1.0,1.0,1.0,0.0,0
UT,Salt Lake City,7,167,2019-04-29,0,14.0,21,0.0,1.0,0.0,1.0,0.0,1.0,0.0,0
UT,Salt Lake City,7,167,2019-05-06,0,7.0,28,0.0,1.0,1.0,1.0,1.0,1.0,0.0,1
UT,Salt Lake City,7,167,2019-05-13,0,7.0,35,1.0,1.0,1.0,1.0,1.0,1.0,1.0,1
UT,Salt Lake City,7,168,2019-05-27,1,,0,,,,,,,,0
NC,Durham,8,169,2018-06-28,1,,0,,,,,,,,0
NC,Durham,8,170,2018-06-28,1,,0,,,,,,,,0
UT,Salt Lake City,9,171,2018-05-15,1,,0,,,,,,,,0
UT,Salt Lake City,9,171,2018-05-28,0,13.0,13,0.0,1.0,0.0,1.0,0.0,1.0,0.0,1
UT,Salt Lake City,9,171,2018-06-04,0,7.0,20,1.0,1.0,1.0,1.0,1.0,1.0,1.0,1
UT,Salt Lake City,9,171,2018-06-11,0,7.0,27,1.0,1.0,1.0,1.0,1.0,1.0,1.0,1
UT,Salt Lake City,9,171,2018-06-26,0,15.0,42,1.0,1.0,1.0,1.0,1.0,1.0,1.0,1
UT,Salt Lake City,9,171,2018-07-02,0,6.0,48,1.0,1.0,1.0,1.0,1.0,1.0,1.0,1
UT,Salt Lake City,9,171,2018-07-10,0,8.0,56,1.0,1.0,1.0,1.0,1.0,1.0,1.0,1
UT,Salt Lake City,9,171,2018-07-16,0,6.0,62,1.0,1.0,1.0,1.0,1.0,1.0,1.0,1
UT,Salt Lake City,9,171,2018-07-23,0,7.0,69,1.0,1.0,1.0,1.0,1.0,1.0,1.0,1
UT,Salt Lake City,9,171,2018-07-30,0,7.0,76,1.0,1.0,1.0,1.0,1.0,1.0,1.0,1
UT,Salt Lake City,9,171,2018-08-27,0,28.0,104,1.0,1.0,1.0,1.0,1.0,1.0,1.0,1
UT,Salt Lake City,9,171,2018-09-03,0,7.0,111,1.0,1.0,1.0,1.0,1.0,1.0,1.0,1
UT,Salt Lake City,9,171,2018-09-10,0,7.0,118,1.0,1.0,1.0,1.0,1.0,1.0,1.0,1
UT,Salt Lake City,9,171,2018-09-18,0,8.0,126,1.0,1.0,1.0,1.0,1.0,1.0,1.0,1
UT,Salt Lake City,9,171,2018-09-24,0,6.0,132,1.0,1.0,1.0,1.0,1.0,1.0,1.0,0
UT,Salt Lake City,9,171,2018-10-01,0,7.0,139,1.0,1.0,1.0,1.0,0.0,1.0,0.0,0
UT,Salt Lake City,9,171,2018-10-08,0,7.0,146,1.0,0.0,1.0,1.0,0.0,1.0,0.0,0
UT,Salt Lake City,9,172,2018-04-02,1,,0,,,,,,,,0
UT,Salt Lake City,9,172,2018-04-09,0,7.0,7,1.0,1.0,0.0,1.0,1.0,1.0,0.0,0
UT,Salt Lake City,9,172,2018-04-16,0,7.0,14,1.0,1.0,0.0,1.0,1.0,1.0,0.0,0
UT,Salt Lake City,9,173,2019-05-20,1,,0,,,,,,,,1
UT,Salt Lake City,9,173,2019-05-27,0,7.0,7,1.0,1.0,1.0,1.0,1.0,1.0,1.0,0
UT,Salt Lake City,10,174,2018-04-02,1,,0,,,,,,,,0
UT,Salt Lake City,10,174,2018-04-09,0,7.0,7,1.0,1.0,0.0,1.0,1.0,1.0,0.0,0
UT,Salt Lake City,10,174,2018-04-16,0,7.0,14,1.0,1.0,0.0,1.0,1.0,1.0,0.0,0
UT,Salt Lake City,10,175,2018-04-23,1,,0,,,,,,,,0
UT,Salt Lake City,10,175,2018-05-01,0,8.0,8,1.0,1.0,0.0,1.0,1.0,1.0,0.0,0
UT,Salt Lake City,10,175,2018-05-07,0,6.0,14,1.0,1.0,0.0,1.0,1.0,1.0,0.0,0
UT,Salt Lake City,10,175,2018-05-15,0,8.0,22,1.0,1.0,0.0,1.0,1.0,1.0,0.0,0
UT,Salt Lake City,10,175,2018-05-25,0,10.0,32,1.0,1.0,0.0,1.0,1.0,1.0,0.0,0
UT,Salt Lake City,10,175,2018-06-04,0,10.0,42,1.0,1.0,0.0,1.0,1.0,1.0,0.0,0
UT,Salt Lake City,10,175,2018-06-11,0,7.0,49,1.0,1.0,0.0,1.0,1.0,1.0,0.0,0
UT,Salt Lake City,10,175,2018-06-26,0,15.0,64,1.0,1.0,0.0,1.0,1.0,1.0,0.0,0
UT,Salt Lake City,10,175,2018-07-02,0,6.0,70,1.0,1.0,0.0,1.0,1.0,1.0,0.0,0
UT,Salt Lake City,10,175,2018-07-10,0,8.0,78,1.0,1.0,0.0,1.0,1.0,1.0,0.0,0
UT,Salt Lake City,10,175,2018-07-16,0,6.0,84,1.0,0.0,1.0,1.0,1.0,1.0,0.0,0
UT,Salt Lake City,10,175,2018-07-23,0,7.0,91,1.0,1.0,0.0,1.0,1.0,1.0,0.0,0
UT,Salt Lake City,10,175,2018-07-30,0,7.0,98,1.0,1.0,0.0,1.0,1.0,1.0,0.0,0
UT,Salt Lake City,10,175,2018-08-27,0,28.0,126,1.0,1.0,0.0,1.0,1.0,1.0,0.0,0
UT,Salt Lake City,10,175,2018-09-03,0,7.0,133,1.0,1.0,0.0,1.0,1.0,1.0,0.0,0
UT,Salt Lake City,10,175,2018-09-10,0,7.0,140,1.0,1.0,0.0,1.0,1.0,1.0,0.0,0
UT,Salt Lake City,10,175,2018-09-18,0,8.0,148,1.0,1.0,0.0,1.0,1.0,1.0,0.0,1
UT,Salt Lake City,10,175,2018-09-24,0,6.0,154,1.0,1.0,1.0,1.0,1.0,1.0,1.0,0
UT,Salt Lake City,10,175,2018-10-01,0,7.0,161,1.0,1.0,0.0,1.0,1.0,1.0,0.0,0
UT,Salt Lake City,10,175,2018-10-08,0,7.0,168,1.0,1.0,0.0,1.0,1.0,1.0,0.0,0
UT,Salt Lake City,10,176,2019-05-20,1,,0,,,,,,,,1
UT,Salt Lake City,10,176,2019-05-27,0,7.0,7,1.0,1.0,1.0,1.0,1.0,1.0,1.0,0
NC,Clayton,11,177,2016-09-09,1,,0,,,,,,,,1
NC,Clayton,11,177,2016-09-16,0,7.0,7,1.0,1.0,1.0,1.0,1.0,1.0,1.0,1
NC,Clayton,11,177,2016-09-22,0,6.0,13,1.0,1.0,1.0,1.0,1.0,1.0,1.0,1
NC,Clayton,11,177,2016-09-28,0,6.0,19,1.0,1.0,1.0,1.0,1.0,1.0,1.0,1
NC,Clayton,11,177,2016-10-14,0,16.0,35,1.0,1.0,1.0,1.0,1.0,1.0,1.0,1
NC,Clayton,11,177,2016-10-21,0,7.0,42,1.0,1.0,1.0,1.0,1.0,1.0,1.0,0
NC,Clayton,11,177,2017-04-26,0,187.0,229,1.0,1.0,1.0,0.0,1.0,1.0,0.0,1
NC,Clayton,11,177,2017-05-10,0,14.0,243,1.0,1.0,1.0,1.0,1.0,1.0,1.0,1
NC,Clayton,11,177,2017-05-17,0,7.0,250,1.0,1.0,1.0,1.0,1.0,1.0,1.0,1
NC,Clayton,11,177,2017-05-26,0,9.0,259,1.0,1.0,1.0,1.0,1.0,1.0,1.0,1
NC,Clayton,11,177,2017-05-31,0,5.0,264,1.0,1.0,1.0,1.0,1.0,1.0,1.0,1
NC,Clayton,11,177,2017-06-07,0,7.0,271,1.0,1.0,1.0,1.0,1.0,1.0,1.0,1
NC,Clayton,11,177,2017-06-16,0,9.0,280,1.0,1.0,1.0,1.0,1.0,1.0,1.0,1
NC,Clayton,11,177,2017-06-21,0,5.0,285,1.0,1.0,1.0,1.0,1.0,1.0,1.0,1
NC,Clayton,11,177,2017-06-30,0,9.0,294,1.0,1.0,1.0,1.0,1.0,1.0,1.0,1
NC,Clayton,11,177,2017-07-07,0,7.0,301,1.0,1.0,1.0,1.0,1.0,1.0,1.0,1
NC,Clayton,11,177,2017-07-14,0,7.0,308,1.0,1.0,1.0,1.0,1.0,1.0,1.0,1
NC,Clayton,11,177,2017-07-21,0,7.0,315,1.0,1.0,1.0,1.0,1.0,1.0,1.0,1
NC,Clayton,11,177,2017-07-28,0,7.0,322,1.0,1.0,1.0,1.0,1.0,1.0,1.0,1
NC,Clayton,11,177,2017-08-03,0,6.0,328,1.0,1.0,1.0,1.0,1.0,1.0,1.0,1
NC,Clayton,11,177,2017-08-25,0,22.0,350,1.0,1.0,1.0,1.0,1.0,1.0,1.0,1
NC,Clayton,11,177,2017-10-13,0,49.0,399,1.0,1.0,1.0,1.0,1.0,1.0,1.0,1
NC,Clayton,11,178,2016-07-22,1,,0,,,,,,,,0
NC,Clayton,11,178,2016-07-29,0,7.0,7,1.0,1.0,0.0,1.0,1.0,1.0,0.0,1
NC,Clayton,11,179,2016-09-09,1,,0,,,,,,,,0
NC,Clayton,11,179,2016-09-16,0,7.0,7,1.0,1.0,0.0,1.0,1.0,1.0,0.0,0
NC,Clayton,11,179,2016-09-22,0,6.0,13,1.0,1.0,0.0,1.0,1.0,1.0,0.0,0
NC,Clayton,11,179,2016-09-28,0,6.0,19,1.0,1.0,0.0,1.0,1.0,1.0,0.0,0
NC,Clayton,11,179,2016-10-14,0,16.0,35,1.0,1.0,0.0,1.0,1.0,1.0,0.0,0
NC,Clayton,11,179,2016-10-21,0,7.0,42,1.0,1.0,0.0,1.0,1.0,1.0,0.0,0
NC,Clayton,11,179,2017-04-26,0,187.0,229,1.0,1.0,0.0,1.0,1.0,1.0,0.0,1
NC,Clayton,11,179,2017-05-10,0,14.0,243,1.0,1.0,1.0,1.0,1.0,1.0,1.0,0
NC,Clayton,11,179,2017-05-17,0,7.0,250,0.0,1.0,0.0,1.0,1.0,1.0,0.0,1
NC,Clayton,11,179,2017-05-26,0,9.0,259,1.0,1.0,1.0,1.0,1.0,1.0,1.0,1
NC,Clayton,11,179,2017-05-31,0,5.0,264,1.0,1.0,1.0,1.0,1.0,1.0,1.0,1
NC,Clayton,11,179,2017-06-07,0,7.0,271,1.0,1.0,1.0,1.0,1.0,1.0,1.0,1
NC,Clayton,11,179,2017-06-16,0,9.0,280,1.0,1.0,1.0,1.0,1.0,1.0,1.0,0
NC,Clayton,11,179,2017-06-21,0,5.0,285,0.0,1.0,0.0,1.0,0.0,1.0,0.0,0
NC,Clayton,11,179,2017-06-21,0,0.0,285,0.0,1.0,0.0,1.0,0.0,1.0,0.0,1
NC,Clayton,11,179,2017-06-30,0,9.0,294,1.0,1.0,1.0,1.0,1.0,1.0,1.0,0
NC,Clayton,11,179,2017-07-07,0,7.0,301,0.0,1.0,0.0,1.0,0.0,1.0,0.0,0
NC,Clayton,11,179,2017-07-14,0,7.0,308,0.0,1.0,0.0,1.0,0.0,1.0,0.0,0
NC,Clayton,11,179,2017-07-21,0,7.0,315,0.0,1.0,0.0,1.0,1.0,1.0,0.0,1
NC,Clayton,11,179,2017-07-28,0,7.0,322,1.0,1.0,1.0,1.0,1.0,1.0,1.0,1
NC,Clayton,11,179,2017-08-03,0,6.0,328,1.0,1.0,1.0,1.0,1.0,1.0,1.0,1
NC,Clayton,11,179,2017-08-25,0,22.0,350,1.0,1.0,1.0,1.0,1.0,1.0,1.0,1
NC,Clayton,11,179,2017-10-13,0,49.0,399,1.0,1.0,1.0,1.0,1.0,1.0,1.0,1
NC,Clayton,11,180,2016-07-22,1,,0,,,,,,,,0
NC,Clayton,11,180,2016-07-29,0,7.0,7,1.0,1.0,1.0,1.0,1.0,0.0,0.0,1
NC,Clayton,11,181,2016-09-09,1,,0,,,,,,,,1
NC,Clayton,11,181,2016-09-16,0,7.0,7,1.0,1.0,1.0,1.0,1.0,1.0,1.0,1
NC,Clayton,11,181,2016-09-22,0,6.0,13,1.0,1.0,1.0,1.0,1.0,1.0,1.0,1
NC,Clayton,11,181,2016-09-28,0,6.0,19,1.0,1.0,1.0,1.0,1.0,1.0,1.0,0
NC,Clayton,11,181,2016-10-14,0,16.0,35,1.0,1.0,1.0,1.0,1.0,0.0,0.0,1
NC,Clayton,11,181,2016-10-21,0,7.0,42,1.0,1.0,1.0,1.0,1.0,1.0,1.0,0
NC,Clayton,11,181,2017-04-26,0,187.0,229,1.0,1.0,1.0,0.0,1.0,1.0,0.0,1
NC,Clayton,11,181,2017-05-10,0,14.0,243,1.0,1.0,1.0,1.0,1.0,1.0,1.0,0
NC,Clayton,11,181,2017-05-17,0,7.0,250,1.0,0.0,1.0,0.0,1.0,0.0,0.0,1
NC,Clayton,11,181,2017-05-26,0,9.0,259,1.0,1.0,1.0,1.0,1.0,1.0,1.0,0
NC,Clayton,11,181,2017-05-31,0,5.0,264,1.0,0.0,0.0,0.0,1.0,1.0,0.0,0
NC,Clayton,11,181,2017-06-07,0,7.0,271,1.0,0.0,0.0,0.0,1.0,1.0,0.0,1
NC,Clayton,11,181,2017-06-16,0,9.0,280,1.0,1.0,1.0,1.0,1.0,1.0,1.0,1
NC,Clayton,11,181,2017-06-21,0,5.0,285,1.0,1.0,1.0,1.0,1.0,1.0,1.0,1
NC,Clayton,11,181,2017-06-30,0,9.0,294,1.0,1.0,1.0,1.0,1.0,1.0,1.0,1
NC,Clayton,11,181,2017-07-07,0,7.0,301,1.0,1.0,1.0,1.0,1.0,1.0,1.0,1
NC,Clayton,11,181,2017-07-14,0,7.0,308,1.0,1.0,1.0,1.0,1.0,1.0,1.0,0
NC,Clayton,11,181,2017-07-21,0,7.0,315,1.0,1.0,1.0,1.0,0.0,1.0,0.0,1
NC,Clayton,11,181,2017-07-28,0,7.0,322,1.0,1.0,1.0,1.0,1.0,1.0,1.0,1
NC,Clayton,11,181,2017-08-03,0,6.0,328,1.0,1.0,1.0,1.0,1.0,1.0,1.0,1
NC,Clayton,11,181,2017-08-25,0,22.0,350,1.0,1.0,1.0,1.0,1.0,1.0,1.0,1
NC,Clayton,11,181,2017-10-13,0,49.0,399,1.0,1.0,1.0,1.0,1.0,1.0,1.0,1
NC,Clayton,11,182,2016-07-22,1,,0,,,,,,,,1
NC,Clayton,11,182,2016-07-29,0,7.0,7,1.0,1.0,1.0,1.0,1.0,1.0,1.0,1
NC,Clayton,11,183,2016-09-09,1,,0,,,,,,,,0
NC,Clayton,11,183,2016-09-16,0,7.0,7,1.0,1.0,1.0,0.0,1.0,1.0,0.0,0
NC,Clayton,11,183,2016-09-22,0,6.0,13,1.0,1.0,1.0,0.0,1.0,1.0,0.0,0
NC,Clayton,11,183,2016-09-28,0,6.0,19,1.0,1.0,0.0,1.0,1.0,1.0,0.0,0
NC,Clayton,11,183,2016-10-14,0,16.0,35,1.0,1.0,1.0,0.0,1.0,1.0,0.0,0
NC,Clayton,11,183,2016-10-21,0,7.0,42,1.0,0.0,1.0,1.0,1.0,1.0,0.0,0
NC,Clayton,11,183,2017-04-26,0,187.0,229,1.0,0.0,1.0,0.0,1.0,1.0,0.0,0
NC,Clayton,11,183,2017-05-10,0,14.0,243,0.0,1.0,0.0,1.0,0.0,1.0,0.0,1
NC,Clayton,11,183,2017-05-17,0,7.0,250,1.0,1.0,1.0,1.0,1.0,1.0,1.0,1
NC,Clayton,11,183,2017-05-26,0,9.0,259,1.0,1.0,1.0,1.0,1.0,1.0,1.0,0
NC,Clayton,11,183,2017-05-31,0,5.0,264,1.0,1.0,1.0,1.0,1.0,0.0,0.0,1
NC,Clayton,11,183,2017-06-07,0,7.0,271,1.0,1.0,1.0,1.0,1.0,1.0,1.0,1
NC,Clayton,11,183,2017-06-16,0,9.0,280,1.0,1.0,1.0,1.0,1.0,1.0,1.0,1
NC,Clayton,11,183,2017-06-30,0,14.0,294,1.0,1.0,1.0,1.0,1.0,1.0,1.0,1
NC,Clayton,11,183,2017-07-07,0,7.0,301,1.0,1.0,1.0,1.0,1.0,1.0,1.0,0
NC,Clayton,11,183,2017-07-14,0,7.0,308,1.0,1.0,1.0,1.0,0.0,1.0,0.0,1
NC,Clayton,11,183,2017-07-21,0,7.0,315,1.0,1.0,1.0,1.0,1.0,1.0,1.0,1
NC,Clayton,11,183,2017-07-28,0,7.0,322,1.0,1.0,1.0,1.0,1.0,1.0,1.0,1
NC,Clayton,11,183,2017-08-03,0,6.0,328,1.0,1.0,1.0,1.0,1.0,1.0,1.0,1
NC,Clayton,11,183,2017-08-25,0,22.0,350,1.0,1.0,1.0,1.0,1.0,1.0,1.0,1
NC,Clayton,11,183,2017-10-13,0,49.0,399,1.0,1.0,1.0,1.0,1.0,1.0,1.0,1
NC,Clayton,11,184,2016-07-22,1,,0,,,,,,,,0
NC,Clayton,11,184,2016-07-29,0,7.0,7,0.0,0.0,0.0,1.0,0.0,1.0,0.0,0
UT,Salt Lake City,12,185,2018-04-02,1,,0,,,,,,,,0
UT,Salt Lake City,12,185,2018-04-09,0,7.0,7,0.0,1.0,0.0,1.0,0.0,1.0,0.0,0
UT,Salt Lake City,12,185,2018-04-16,0,7.0,14,0.0,1.0,0.0,1.0,0.0,1.0,0.0,0
UT,Salt Lake City,12,185,2018-05-07,0,21.0,35,0.0,1.0,0.0,1.0,0.0,1.0,0.0,0
UT,Salt Lake City,12,185,2018-05-15,0,8.0,43,1.0,1.0,0.0,1.0,1.0,1.0,0.0,0
UT,Salt Lake City,12,185,2018-05-25,0,10.0,53,1.0,1.0,0.0,1.0,1.0,1.0,0.0,0
UT,Salt Lake City,12,185,2018-06-04,0,10.0,63,1.0,1.0,0.0,1.0,1.0,1.0,0.0,0
UT,Salt Lake City,12,185,2018-06-11,0,7.0,70,1.0,1.0,0.0,1.0,1.0,1.0,0.0,0
UT,Salt Lake City,12,185,2018-06-26,0,15.0,85,1.0,1.0,0.0,1.0,1.0,1.0,0.0,0
UT,Salt Lake City,12,185,2018-07-02,0,6.0,91,1.0,1.0,0.0,1.0,1.0,1.0,0.0,0
UT,Salt Lake City,12,185,2018-07-10,0,8.0,99,1.0,1.0,0.0,1.0,1.0,1.0,0.0,1
UT,Salt Lake City,12,185,2018-07-23,0,13.0,112,1.0,1.0,1.0,1.0,1.0,1.0,1.0,1
UT,Salt Lake City,12,185,2018-07-30,0,7.0,119,1.0,1.0,1.0,1.0,1.0,1.0,1.0,1
UT,Salt Lake City,12,185,2018-08-27,0,28.0,147,1.0,1.0,1.0,1.0,1.0,1.0,1.0,0
UT,Salt Lake City,12,185,2018-09-03,0,7.0,154,1.0,1.0,0.0,1.0,1.0,1.0,0.0,0
UT,Salt Lake City,12,185,2018-09-10,0,7.0,161,1.0,1.0,0.0,1.0,1.0,1.0,0.0,0
UT,Salt Lake City,12,185,2018-09-18,0,8.0,169,1.0,1.0,0.0,1.0,1.0,1.0,0.0,0
UT,Salt Lake City,12,185,2018-09-24,0,6.0,175,1.0,1.0,0.0,1.0,1.0,1.0,0.0,0
UT,Salt Lake City,12,185,2018-10-01,0,7.0,182,1.0,1.0,0.0,1.0,1.0,1.0,0.0,0
UT,Salt Lake City,12,185,2018-10-08,0,7.0,189,1.0,1.0,0.0,1.0,1.0,1.0,0.0,0
UT,Salt Lake City,12,186,2019-05-20,1,,0,,,,,,,,1
UT,Salt Lake City,12,186,2019-05-27,0,7.0,7,1.0,1.0,1.0,1.0,1.0,1.0,1.0,1
UT,Salt Lake City,13,187,2018-04-23,1,,0,,,,,,,,0
UT,Salt Lake City,13,187,2018-05-01,0,8.0,8,1.0,1.0,0.0,1.0,1.0,1.0,0.0,0
UT,Salt Lake City,13,187,2018-07-16,0,76.0,84,1.0,1.0,0.0,1.0,1.0,1.0,0.0,1
UT,Salt Lake City,13,188,2018-04-02,1,,0,,,,,,,,0
UT,Salt Lake City,13,188,2018-04-09,0,7.0,7,1.0,1.0,0.0,1.0,1.0,1.0,0.0,0
UT,Salt Lake City,13,188,2018-04-16,0,7.0,14,1.0,1.0,0.0,1.0,1.0,1.0,0.0,0
UT,Salt Lake City,13,188,2018-04-23,0,7.0,21,1.0,1.0,0.0,1.0,1.0,1.0,0.0,0
UT,Salt Lake City,13,188,2018-05-01,0,8.0,29,1.0,1.0,0.0,1.0,1.0,1.0,0.0,0
UT,Salt Lake City,13,188,2018-05-07,0,6.0,35,1.0,1.0,0.0,1.0,1.0,1.0,0.0,0
UT,Salt Lake City,13,188,2018-05-15,0,8.0,43,1.0,1.0,0.0,1.0,1.0,1.0,0.0,0
UT,Salt Lake City,13,188,2018-05-25,0,10.0,53,1.0,1.0,0.0,1.0,1.0,1.0,0.0,0
UT,Salt Lake City,13,188,2018-06-04,0,10.0,63,1.0,1.0,0.0,1.0,1.0,1.0,0.0,0
UT,Salt Lake City,13,188,2018-06-11,0,7.0,70,1.0,1.0,0.0,1.0,1.0,1.0,0.0,0
UT,Salt Lake City,13,188,2018-06-26,0,15.0,85,1.0,1.0,0.0,1.0,1.0,1.0,0.0,0
UT,Salt Lake City,13,188,2018-07-02,0,6.0,91,1.0,1.0,0.0,1.0,1.0,1.0,0.0,0
UT,Salt Lake City,13,188,2018-07-10,0,8.0,99,1.0,1.0,0.0,1.0,1.0,1.0,0.0,0
UT,Salt Lake City,13,188,2018-07-16,0,6.0,105,1.0,0.0,1.0,1.0,1.0,1.0,0.0,0
UT,Salt Lake City,13,188,2018-07-23,0,7.0,112,1.0,1.0,0.0,1.0,1.0,1.0,0.0,0
UT,Salt Lake City,13,188,2018-07-30,0,7.0,119,1.0,1.0,0.0,1.0,1.0,1.0,0.0,0
UT,Salt Lake City,13,188,2018-08-27,0,28.0,147,1.0,1.0,0.0,1.0,1.0,1.0,0.0,0
UT,Salt Lake City,13,188,2018-09-03,0,7.0,154,1.0,1.0,0.0,1.0,1.0,1.0,0.0,0
UT,Salt Lake City,13,188,2018-09-10,0,7.0,161,1.0,1.0,0.0,1.0,1.0,1.0,0.0,0
UT,Salt Lake City,13,188,2018-09-18,0,8.0,169,1.0,1.0,0.0,1.0,1.0,1.0,0.0,0
UT,Salt Lake City,13,188,2018-09-24,0,6.0,175,1.0,1.0,0.0,1.0,1.0,1.0,0.0,0
UT,Salt Lake City,13,188,2018-10-01,0,7.0,182,1.0,1.0,0.0,1.0,1.0,1.0,0.0,0
UT,Salt Lake City,13,188,2018-10-08,0,7.0,189,1.0,1.0,0.0,1.0,1.0,1.0,0.0,0
